http://dbpedia.org/ontology/Athlete,Athlete,http://dbpedia.org/ontology/draftYear
http://dbpedia.org/resource/George_Banks_(basketball),George Banks (basketball),2074
http://dbpedia.org/resource/Gary_Payton_II,Gary Payton II,2488
http://dbpedia.org/resource/Ryan_Bach,Ryan Bach,2277
http://dbpedia.org/resource/Tang_Hamilton,Tang Hamilton,2260
http://dbpedia.org/resource/Ronnie_Dixon,Ronnie Dixon,2049
http://dbpedia.org/resource/Riley_Smith_(American_football),Riley Smith (American football),1720
http://dbpedia.org/resource/Tomáš_Hyka,Tomáš Hyka,2202
http://dbpedia.org/resource/Clark_Donatelli,Clark Donatelli,1836
http://dbpedia.org/resource/Kerry_Cooks,Kerry Cooks,1865
http://dbpedia.org/resource/C._J._Reed,C. J. Reed,2197
http://dbpedia.org/resource/Dragoljub_Vidačić,Dragoljub Vidačić,1779
http://dbpedia.org/resource/Dwayne_White,Dwayne White,2257
http://dbpedia.org/resource/Keifer_Sykes,Keifer Sykes,2361
http://dbpedia.org/resource/Beanie_Wells,Beanie Wells,2282
http://dbpedia.org/resource/Bimbo_Coles,Bimbo Coles,2419
http://dbpedia.org/resource/George_Wright_(American_football),George Wright (American football),2110
http://dbpedia.org/resource/Danny_Watkins,Danny Watkins,2112
http://dbpedia.org/resource/Mouhammad_Faye,Mouhammad Faye,1935
http://dbpedia.org/resource/Roy_Schuening,Roy Schuening,1816
http://dbpedia.org/resource/Tyler_Wotherspoon,Tyler Wotherspoon,2266
http://dbpedia.org/resource/Joe_Johnson_(basketball),Joe Johnson (basketball),2034
http://dbpedia.org/resource/K._C._Timmons,K. C. Timmons,1931
http://dbpedia.org/resource/Norman_Black,Norman Black,2256
http://dbpedia.org/resource/Trevin_Wade,Trevin Wade,2321
http://dbpedia.org/resource/Jeremy_Adduono,Jeremy Adduono,1880
http://dbpedia.org/resource/Andrei_Samokhvalov,Andrei Samokhvalov,1734
http://dbpedia.org/resource/Kevin_Bleeker,Kevin Bleeker,1938
http://dbpedia.org/resource/Travis_Knight_(basketball),Travis Knight (basketball),2084
http://dbpedia.org/resource/Craig_Hentrich,Craig Hentrich,1885
http://dbpedia.org/resource/Kostas_Sloukas,Kostas Sloukas,2289
http://dbpedia.org/resource/Courtney_Pigram,Courtney Pigram,1598
http://dbpedia.org/resource/Corey_Raji,Corey Raji,2417
http://dbpedia.org/resource/Harry_Jagielski,Harry Jagielski,1844
http://dbpedia.org/resource/Tavares_Gooden,Tavares Gooden,2084
http://dbpedia.org/resource/Len_Eshmont,Len Eshmont,2258
http://dbpedia.org/resource/William_Howard_(American_football),William Howard (American football),2146
http://dbpedia.org/resource/K._C._Rivers,K. C. Rivers,1938
http://dbpedia.org/resource/Toni_Kukoč,Toni Kukoč,2158
http://dbpedia.org/resource/Sleepy_Floyd,Sleepy Floyd,2327
http://dbpedia.org/resource/Kodi_Augustus,Kodi Augustus,2203
http://dbpedia.org/resource/Kristen_Mann,Kristen Mann,2337
http://dbpedia.org/resource/Dick_Christy,Dick Christy,1755
http://dbpedia.org/resource/Scottie_Wilbekin,Scottie Wilbekin,1805
http://dbpedia.org/resource/Ben_Davis_(American_football),Ben Davis (American football),2167
http://dbpedia.org/resource/Patty_Mills,Patty Mills,2176
http://dbpedia.org/resource/Nat_Berhe,Nat Berhe,1892
http://dbpedia.org/resource/Blair_Walsh,Blair Walsh,1788
http://dbpedia.org/resource/Nenad_Šulović,Nenad Šulović,1930
http://dbpedia.org/resource/Jordan_Mills,Jordan Mills,2356
http://dbpedia.org/resource/Nick_Bonino,Nick Bonino,1854
http://dbpedia.org/resource/Dušan_Jelić,Dušan Jelić,2046
http://dbpedia.org/resource/Len_Elmore,Len Elmore,2137
http://dbpedia.org/resource/Willie_Reed,Willie Reed,2268
http://dbpedia.org/resource/Jack_Campbell_(ice_hockey),Jack Campbell (ice hockey),1776
http://dbpedia.org/resource/Paul_Stoll,Paul Stoll,1850
http://dbpedia.org/resource/Craig_Smith_(ice_hockey),Craig Smith (ice hockey),2027
http://dbpedia.org/resource/Ondřej_Roman,Ondřej Roman,2318
http://dbpedia.org/resource/Sean_Dawkins,Sean Dawkins,2170
http://dbpedia.org/resource/Brian_Grant,Brian Grant,1869
http://dbpedia.org/resource/Wojtek_Wolski,Wojtek Wolski,2378
http://dbpedia.org/resource/Angelo_Tsagarakis,Angelo Tsagarakis,2077
http://dbpedia.org/resource/Jamie_Feick,Jamie Feick,1905
http://dbpedia.org/resource/Shavonte_Zellous,Shavonte Zellous,2120
http://dbpedia.org/resource/Craig_Hillier,Craig Hillier,1801
http://dbpedia.org/resource/Yannick_Ngakoue,Yannick Ngakoue,2385
http://dbpedia.org/resource/Carl_Hagelin,Carl Hagelin,2097
http://dbpedia.org/resource/Jeff_Allan,Jeff Allan,1622
http://dbpedia.org/resource/Ken_Dallafior,Ken Dallafior,2291
http://dbpedia.org/resource/Taylor_Pyatt,Taylor Pyatt,1767
http://dbpedia.org/resource/Don_Shy,Don Shy,2106
http://dbpedia.org/resource/Anthony_Cook_(basketball),Anthony Cook (basketball),1557
http://dbpedia.org/resource/Mika_Välilä,Mika Välilä,1844
http://dbpedia.org/resource/Ryan_Fitzpatrick,Ryan Fitzpatrick,1931
http://dbpedia.org/resource/Facundo_Campazzo,Facundo Campazzo,1647
http://dbpedia.org/resource/Terry_Hanratty,Terry Hanratty,2255
http://dbpedia.org/resource/Niklas_Lundström,Niklas Lundström,1887
http://dbpedia.org/resource/Jordan_Nolan,Jordan Nolan,2326
http://dbpedia.org/resource/Bo_Ellis,Bo Ellis,1946
http://dbpedia.org/resource/Albert_Connell,Albert Connell,1861
http://dbpedia.org/resource/Steve_Rogers_(basketball),Steve Rogers (basketball),2190
http://dbpedia.org/resource/Bo_Jackson,Bo Jackson,2192
http://dbpedia.org/resource/Stephen_McGee,Stephen McGee,1854
http://dbpedia.org/resource/Eddie_Owens,Eddie Owens,1859
http://dbpedia.org/resource/Dainius_Šalenga,Dainius Šalenga,2446
http://dbpedia.org/resource/Jeff_Skinner,Jeff Skinner,2037
http://dbpedia.org/resource/Reggie_Bullock,Reggie Bullock,1998
http://dbpedia.org/resource/Leeland_McElroy,Leeland McElroy,2016
http://dbpedia.org/resource/Tiago_Splitter,Tiago Splitter,1683
http://dbpedia.org/resource/John_McFarland_(ice_hockey),John McFarland (ice hockey),1724
http://dbpedia.org/resource/Rodney_Hudson,Rodney Hudson,2138
http://dbpedia.org/resource/Alfred_Williams,Alfred Williams,1777
http://dbpedia.org/resource/Mark_Smith_(American_football),Mark Smith (American football),1783
http://dbpedia.org/resource/Oscar_Lua,Oscar Lua,2206
http://dbpedia.org/resource/John_Tresvant,John Tresvant,2061
http://dbpedia.org/resource/John_Quenneville,John Quenneville,1815
http://dbpedia.org/resource/Rowland_Garrett,Rowland Garrett,2040
http://dbpedia.org/resource/John_Bagley_(basketball),John Bagley (basketball),2023
http://dbpedia.org/resource/Will_Felder,Will Felder,2408
http://dbpedia.org/resource/Ben_Pepper,Ben Pepper,1758
http://dbpedia.org/resource/Braden_Holtby,Braden Holtby,1603
http://dbpedia.org/resource/Robert_Ferguson_(American_football),Robert Ferguson (American football),2230
http://dbpedia.org/resource/Amos_Bullocks,Amos Bullocks,2024
http://dbpedia.org/resource/Pablo_Prigioni,Pablo Prigioni,2576
http://dbpedia.org/resource/Ville_Nieminen,Ville Nieminen,2051
http://dbpedia.org/resource/Sergei_Pryakhin,Sergei Pryakhin,1577
http://dbpedia.org/resource/Anton_Krysanov,Anton Krysanov,1845
http://dbpedia.org/resource/Tyler_Johnson_(basketball),Tyler Johnson (basketball),1974
http://dbpedia.org/resource/Wayne_Chapman,Wayne Chapman,1887
http://dbpedia.org/resource/Maxie_Baughan,Maxie Baughan,1745
http://dbpedia.org/resource/George_Goeddeke,George Goeddeke,1679
"http://dbpedia.org/resource/Mike_Jones_(basketball,_born_1967)","Mike Jones (basketball, born 1967)",2360
http://dbpedia.org/resource/Bob_Lloyd,Bob Lloyd,1908
http://dbpedia.org/resource/Mohamed_Sanu,Mohamed Sanu,1983
http://dbpedia.org/resource/Je'Rod_Cherry,Je'Rod Cherry,1828
http://dbpedia.org/resource/Brian_Ferlin,Brian Ferlin,1797
http://dbpedia.org/resource/Marissa_Coleman,Marissa Coleman,2227
http://dbpedia.org/resource/Peter_Morris_(ice_hockey),Peter Morris (ice hockey),2150
http://dbpedia.org/resource/Jamie_McGinn,Jamie McGinn,2068
http://dbpedia.org/resource/Zemgus_Girgensons,Zemgus Girgensons,1835
http://dbpedia.org/resource/Sharif_Fajardo,Sharif Fajardo,2056
http://dbpedia.org/resource/Leroy_Wright,Leroy Wright,2069
http://dbpedia.org/resource/Marvin_Mitchell,Marvin Mitchell,1753
http://dbpedia.org/resource/Harry_Hamilton,Harry Hamilton,1906
http://dbpedia.org/resource/Mathiang_Muo,Mathiang Muo,2302
"http://dbpedia.org/resource/Maxim_Mamin_(ice_hockey,_born_1995)","Maxim Mamin (ice hockey, born 1995)",2096
http://dbpedia.org/resource/Dwayne_Collins,Dwayne Collins,2142
http://dbpedia.org/resource/Damien_Inglis,Damien Inglis,2118
http://dbpedia.org/resource/Billy_Baron,Billy Baron,2426
http://dbpedia.org/resource/Kristian_Antila,Kristian Antila,1911
http://dbpedia.org/resource/Isaac_Bruce,Isaac Bruce,1907
"http://dbpedia.org/resource/Greg_Jones_(linebacker,_born_1988)","Greg Jones (linebacker, born 1988)",1828
http://dbpedia.org/resource/Jon_Alston,Jon Alston,2055
http://dbpedia.org/resource/Vincent_Grier,Vincent Grier,1948
http://dbpedia.org/resource/Dmitri_Pestunov,Dmitri Pestunov,1933
http://dbpedia.org/resource/P._A._Parenteau,P. A. Parenteau,2022
http://dbpedia.org/resource/Malcolm_Floyd,Malcolm Floyd,2101
http://dbpedia.org/resource/Jan-Mikael_Juutilainen,Jan-Mikael Juutilainen,1982
http://dbpedia.org/resource/Kendall_Gray,Kendall Gray,2396
http://dbpedia.org/resource/Ahren_Spylo,Ahren Spylo,2097
http://dbpedia.org/resource/Justin_Greene,Justin Greene,1892
http://dbpedia.org/resource/Lu_Gambino,Lu Gambino,2248
http://dbpedia.org/resource/Bryan_Warrick,Bryan Warrick,1851
http://dbpedia.org/resource/Corey_Swinson,Corey Swinson,1937
"http://dbpedia.org/resource/Corey_Williams_(basketball,_born_1970)","Corey Williams (basketball, born 1970)",1708
http://dbpedia.org/resource/Bill_Elko,Bill Elko,2200
http://dbpedia.org/resource/Owen_Schmitt,Owen Schmitt,1898
http://dbpedia.org/resource/Drake_Nevis,Drake Nevis,1788
http://dbpedia.org/resource/Corey_Chavous,Corey Chavous,2303
http://dbpedia.org/resource/Cardale_Jones,Cardale Jones,1702
http://dbpedia.org/resource/Natasha_Lacy,Natasha Lacy,1960
http://dbpedia.org/resource/Nate_Huffman,Nate Huffman,2197
http://dbpedia.org/resource/Scott_Fankhouser,Scott Fankhouser,2309
http://dbpedia.org/resource/Jerry_DeLucca,Jerry DeLucca,1704
http://dbpedia.org/resource/Derrick_Hoskins,Derrick Hoskins,1704
http://dbpedia.org/resource/Bill_Chipley,Bill Chipley,2138
http://dbpedia.org/resource/Abner_Wimberly,Abner Wimberly,2282
http://dbpedia.org/resource/Rick_Brunson,Rick Brunson,1577
http://dbpedia.org/resource/Mackenzie_Skapski,Mackenzie Skapski,1795
http://dbpedia.org/resource/Adrian_Young_(American_football),Adrian Young (American football),2242
http://dbpedia.org/resource/Bern_Brostek,Bern Brostek,1985
http://dbpedia.org/resource/Polina_Tzekova,Polina Tzekova,1965
http://dbpedia.org/resource/Radoje_Vujošević,Radoje Vujošević,1779
http://dbpedia.org/resource/Cullen_Rogers,Cullen Rogers,1895
http://dbpedia.org/resource/Brian_Savage,Brian Savage,2237
http://dbpedia.org/resource/Jeremy_Evans,Jeremy Evans,2230
http://dbpedia.org/resource/Eric_Fernsten,Eric Fernsten,2253
http://dbpedia.org/resource/Telvin_Smith,Telvin Smith,1620
http://dbpedia.org/resource/Gary_Bugenhagen,Gary Bugenhagen,1935
http://dbpedia.org/resource/Tim_Fox_(American_football),Tim Fox (American football),2126
http://dbpedia.org/resource/Sergei_Fedorov,Sergei Fedorov,2007
http://dbpedia.org/resource/Jordan_Adams,Jordan Adams,2039
http://dbpedia.org/resource/Jan_Ingman,Jan Ingman,1821
http://dbpedia.org/resource/Billy_Joe_DuPree,Billy Joe DuPree,2110
http://dbpedia.org/resource/Scott_Thomas_(ice_hockey),Scott Thomas (ice hockey),2068
http://dbpedia.org/resource/Joey_Kent,Joey Kent,2057
http://dbpedia.org/resource/Gennaro_DiNapoli,Gennaro DiNapoli,1926
http://dbpedia.org/resource/Roy_Sommer,Roy Sommer,1644
http://dbpedia.org/resource/Vince_Evans,Vince Evans,2084
http://dbpedia.org/resource/Johnny_Jolly,Johnny Jolly,2269
http://dbpedia.org/resource/Taurean_Green,Taurean Green,2065
http://dbpedia.org/resource/Jake_Hansen_(ice_hockey),Jake Hansen (ice hockey),1856
http://dbpedia.org/resource/Nic_Moore,Nic Moore,2331
http://dbpedia.org/resource/David_Pittman_(American_football),David Pittman (American football),1895
http://dbpedia.org/resource/Marko_Daňo,Marko Daňo,2374
http://dbpedia.org/resource/Anthony_Jones_(basketball),Anthony Jones (basketball),2300
http://dbpedia.org/resource/William_Carr_(Arena_football),William Carr (Arena football),2024
http://dbpedia.org/resource/James_Maness,James Maness,1994
http://dbpedia.org/resource/Jerry_Badiuk,Jerry Badiuk,2107
http://dbpedia.org/resource/Monte_Robbins,Monte Robbins,1588
http://dbpedia.org/resource/David_Hawkins_(basketball),David Hawkins (basketball),1881
"http://dbpedia.org/resource/Dave_Butler_(basketball,_born_1964/1965)","Dave Butler (basketball, born 1964/1965)",2110
http://dbpedia.org/resource/Robin_Kovacs,Robin Kovacs,2304
http://dbpedia.org/resource/Kiki_DeAyala,Kiki DeAyala,1955
http://dbpedia.org/resource/Damien_Richardson_(American_football),Damien Richardson (American football),2286
http://dbpedia.org/resource/Emeka_Okafor,Emeka Okafor,2309
http://dbpedia.org/resource/Andre_Dawkins,Andre Dawkins,1838
http://dbpedia.org/resource/LaToya_Thomas,LaToya Thomas,1844
http://dbpedia.org/resource/Bobby_Myers_(American_football),Bobby Myers (American football),2044
http://dbpedia.org/resource/Carter_Trevisani,Carter Trevisani,1922
http://dbpedia.org/resource/Jason_Sasser,Jason Sasser,2218
http://dbpedia.org/resource/Dwayne_Gratz,Dwayne Gratz,1962
http://dbpedia.org/resource/Matt_Hodgson_(basketball),Matt Hodgson (basketball),1947
http://dbpedia.org/resource/Jamie_Lawson_(American_football),Jamie Lawson (American football),1588
http://dbpedia.org/resource/Ted_Connolly,Ted Connolly,1852
http://dbpedia.org/resource/Madison_Bowey,Madison Bowey,2158
http://dbpedia.org/resource/Ray_Donaldson,Ray Donaldson,2118
"http://dbpedia.org/resource/George_Sullivan_(American_football,_born_1926)","George Sullivan (American football, born 1926)",2064
http://dbpedia.org/resource/Vladan_Vukosavljević,Vladan Vukosavljević,1918
http://dbpedia.org/resource/Quincy_Miller,Quincy Miller,1748
http://dbpedia.org/resource/Erik_Černák,Erik Černák,1838
"http://dbpedia.org/resource/Derek_Grant_(ice_hockey,_born_1990)","Derek Grant (ice hockey, born 1990)",2102
http://dbpedia.org/resource/Marty_McInnis,Marty McInnis,2204
http://dbpedia.org/resource/Corey_Fisher,Corey Fisher,1885
http://dbpedia.org/resource/Petter_Granberg,Petter Granberg,1994
http://dbpedia.org/resource/Larry_Jeffries,Larry Jeffries,2295
http://dbpedia.org/resource/Bill_Willoughby,Bill Willoughby,1787
http://dbpedia.org/resource/Stacy_McGee,Stacy McGee,2013
http://dbpedia.org/resource/Tomáš_Tatar,Tomáš Tatar,1956
http://dbpedia.org/resource/Dave_Puzzuoli,Dave Puzzuoli,1975
http://dbpedia.org/resource/Martrez_Milner,Martrez Milner,1625
http://dbpedia.org/resource/B._J._Daniels_(American_football),B. J. Daniels (American football),1855
http://dbpedia.org/resource/Mark_Alt,Mark Alt,1608
http://dbpedia.org/resource/Dante_Hall,Dante Hall,1779
http://dbpedia.org/resource/Kevin_Braswell,Kevin Braswell,2032
http://dbpedia.org/resource/Fletcher_Cox,Fletcher Cox,1978
http://dbpedia.org/resource/Pete_Chilcutt,Pete Chilcutt,1999
http://dbpedia.org/resource/Connor_Brickley,Connor Brickley,1952
http://dbpedia.org/resource/Brad_William_Henke,Brad William Henke,2111
http://dbpedia.org/resource/Jack_Dugger,Jack Dugger,1913
http://dbpedia.org/resource/Peter_Helander,Peter Helander,1601
http://dbpedia.org/resource/Dwayne_Washington_(American_football),Dwayne Washington (American football),1835
http://dbpedia.org/resource/Kevin_Romy,Kevin Romy,1968
http://dbpedia.org/resource/Bob_Carney,Bob Carney,2094
"http://dbpedia.org/resource/Ken_Johnson_(basketball,_born_1962)","Ken Johnson (basketball, born 1962)",2008
http://dbpedia.org/resource/Alexei_Krivchenkov,Alexei Krivchenkov,1677
http://dbpedia.org/resource/Jon_Harris_(American_football),Jon Harris (American football),1841
http://dbpedia.org/resource/Dennis_Schröder,Dennis Schröder,2008
http://dbpedia.org/resource/Prince_Shembo,Prince Shembo,1752
http://dbpedia.org/resource/Cory_Joseph,Cory Joseph,2003
http://dbpedia.org/resource/Rene_LeClerc,Rene LeClerc,1940
http://dbpedia.org/resource/Miloš_Vujanić,Miloš Vujanić,1812
"http://dbpedia.org/resource/Jimmy_Smith_(basketball,_born_1934)","Jimmy Smith (basketball, born 1934)",1959
http://dbpedia.org/resource/Harold_Bailey_(gridiron_football),Harold Bailey (gridiron football),1976
http://dbpedia.org/resource/K._C._Jones,K. C. Jones,2095
http://dbpedia.org/resource/Keith_Ellison_(American_football),Keith Ellison (American football),1978
http://dbpedia.org/resource/Brett_Sonne,Brett Sonne,2144
http://dbpedia.org/resource/Charles_Bradley_(basketball),Charles Bradley (basketball),1820
http://dbpedia.org/resource/Lonnie_Loach,Lonnie Loach,1943
http://dbpedia.org/resource/Drew_Barry,Drew Barry,2027
http://dbpedia.org/resource/Pervis_Atkins,Pervis Atkins,2031
http://dbpedia.org/resource/Roy_Hall_(American_football),Roy Hall (American football),1893
http://dbpedia.org/resource/Serhiy_Lishchuk,Serhiy Lishchuk,1683
http://dbpedia.org/resource/Jeff_Christensen,Jeff Christensen,1787
http://dbpedia.org/resource/Andrija_Bojić,Andrija Bojić,1732
http://dbpedia.org/resource/Jeff_Dugan,Jeff Dugan,1896
http://dbpedia.org/resource/Patrice_Brisebois,Patrice Brisebois,1815
http://dbpedia.org/resource/Rashid_Atkins,Rashid Atkins,1704
http://dbpedia.org/resource/Curt_Marsh,Curt Marsh,1677
http://dbpedia.org/resource/Earl_Wolff,Earl Wolff,1963
http://dbpedia.org/resource/Dez_Bryant,Dez Bryant,1924
http://dbpedia.org/resource/C._J._Fiedorowicz,C. J. Fiedorowicz,1890
http://dbpedia.org/resource/Roger_Staubach,Roger Staubach,2099
http://dbpedia.org/resource/Reggie_Tongue,Reggie Tongue,1553
http://dbpedia.org/resource/Geordie_Kinnear,Geordie Kinnear,2102
http://dbpedia.org/resource/Vinnie_Sunseri,Vinnie Sunseri,1803
http://dbpedia.org/resource/Ben_Grubbs,Ben Grubbs,1829
http://dbpedia.org/resource/Carl_Garrett,Carl Garrett,2311
http://dbpedia.org/resource/Pierre-Luc_Létourneau-Leblond,Pierre-Luc Létourneau-Leblond,2221
http://dbpedia.org/resource/Tom_Goode,Tom Goode,1743
http://dbpedia.org/resource/Johnnie_Lynn,Johnnie Lynn,1695
http://dbpedia.org/resource/Marius_Holtet,Marius Holtet,2089
http://dbpedia.org/resource/Wayne_Blackshear,Wayne Blackshear,1813
http://dbpedia.org/resource/Rusty_LaRue,Rusty LaRue,1947
http://dbpedia.org/resource/Augustine_Rubit,Augustine Rubit,2019
"http://dbpedia.org/resource/Mike_Murphy_(ice_hockey,_born_1950)","Mike Murphy (ice hockey, born 1950)",2120
http://dbpedia.org/resource/Corey_Brewer,Corey Brewer,1906
http://dbpedia.org/resource/Allie_McGuire,Allie McGuire,1577
http://dbpedia.org/resource/Steve_Wallace_(American_football),Steve Wallace (American football),1926
http://dbpedia.org/resource/Jack_Leasure,Jack Leasure,1837
http://dbpedia.org/resource/Don_Ashby,Don Ashby,2151
http://dbpedia.org/resource/Bryn_Forbes,Bryn Forbes,1907
http://dbpedia.org/resource/Anthony_Castonzo,Anthony Castonzo,2116
http://dbpedia.org/resource/Martin_Frk,Martin Frk,1885
http://dbpedia.org/resource/Cam_Russell,Cam Russell,2139
http://dbpedia.org/resource/Larry_Bowie_(guard),Larry Bowie (guard),2169
http://dbpedia.org/resource/George_Thompson_(basketball),George Thompson (basketball),2117
http://dbpedia.org/resource/Garrett_Temple,Garrett Temple,1833
http://dbpedia.org/resource/Luka_Žorić,Luka Žorić,1642
http://dbpedia.org/resource/Tim_Bassett,Tim Bassett,2146
http://dbpedia.org/resource/Butch_Booker,Butch Booker,2074
http://dbpedia.org/resource/Matt_Costello,Matt Costello,2437
"http://dbpedia.org/resource/Chris_Walker_(basketball,_born_1994)","Chris Walker (basketball, born 1994)",1638
http://dbpedia.org/resource/Maurice_Stokes,Maurice Stokes,1638
http://dbpedia.org/resource/Pete_Mitchell_(American_football),Pete Mitchell (American football),2021
http://dbpedia.org/resource/Michael_Cox_(running_back),Michael Cox (running back),2176
http://dbpedia.org/resource/Derek_Hood_(basketball),Derek Hood (basketball),1936
http://dbpedia.org/resource/Frank_Youso,Frank Youso,2055
http://dbpedia.org/resource/Davin_White,Davin White,2159
http://dbpedia.org/resource/Dave_Meggyesy,Dave Meggyesy,1851
http://dbpedia.org/resource/Keith_Jackson_(tight_end),Keith Jackson (tight end),2389
http://dbpedia.org/resource/George_Little_(defensive_lineman),George Little (defensive lineman),1937
http://dbpedia.org/resource/Mark_Minor,Mark Minor,2316
http://dbpedia.org/resource/Edo_Murić,Edo Murić,2129
http://dbpedia.org/resource/Don_Alley,Don Alley,1664
http://dbpedia.org/resource/Phil_DeSimone,Phil DeSimone,1972
"http://dbpedia.org/resource/Cedric_Henderson_(basketball,_born_1975)","Cedric Henderson (basketball, born 1975)",2032
http://dbpedia.org/resource/Matt_Bowen_(American_football),Matt Bowen (American football),2148
http://dbpedia.org/resource/Trevor_Wilson_(basketball),Trevor Wilson (basketball),2333
http://dbpedia.org/resource/Mark_Barberio,Mark Barberio,2093
http://dbpedia.org/resource/Eric_Johnson_(tight_end),Eric Johnson (tight end),2009
http://dbpedia.org/resource/Austin_Freeman,Austin Freeman,2091
http://dbpedia.org/resource/Warren_Bankston,Warren Bankston,1803
http://dbpedia.org/resource/Sean_Singletary,Sean Singletary,2037
http://dbpedia.org/resource/Chris_Luongo,Chris Luongo,2241
http://dbpedia.org/resource/Paul_Salata,Paul Salata,2390
http://dbpedia.org/resource/Mikko_Koivisto,Mikko Koivisto,1989
http://dbpedia.org/resource/Connie_Forey,Connie Forey,2117
http://dbpedia.org/resource/Damien_Wilson,Damien Wilson,1891
http://dbpedia.org/resource/Mark_Bavaro,Mark Bavaro,1941
http://dbpedia.org/resource/Rob_DiMaio,Rob DiMaio,2255
http://dbpedia.org/resource/Darrell_Shropshire,Darrell Shropshire,1987
http://dbpedia.org/resource/Al_Ferrari,Al Ferrari,1957
"http://dbpedia.org/resource/Mike_Williams_(wide_receiver,_born_1984)","Mike Williams (wide receiver, born 1984)",1893
http://dbpedia.org/resource/Jiří_Hrdina,Jiří Hrdina,1895
http://dbpedia.org/resource/Claude_Crabb,Claude Crabb,2390
http://dbpedia.org/resource/Patric_Hörnqvist,Patric Hörnqvist,1634
http://dbpedia.org/resource/Ike_Charlton,Ike Charlton,1949
http://dbpedia.org/resource/George_Teague,George Teague,2268
http://dbpedia.org/resource/Johnny_Musso,Johnny Musso,1639
http://dbpedia.org/resource/Yotam_Halperin,Yotam Halperin,2159
http://dbpedia.org/resource/David_Nash_(basketball),David Nash (basketball),1811
http://dbpedia.org/resource/Odyssey_Sims,Odyssey Sims,2071
http://dbpedia.org/resource/Devin_Aromashodu,Devin Aromashodu,1875
http://dbpedia.org/resource/Julius_Jenkins,Julius Jenkins,1635
http://dbpedia.org/resource/Jason_Winrow,Jason Winrow,2219
http://dbpedia.org/resource/Dexter_McCluster,Dexter McCluster,2155
http://dbpedia.org/resource/Jim_Youngblood,Jim Youngblood,2212
http://dbpedia.org/resource/Nate_Ilaoa,Nate Ilaoa,2552
http://dbpedia.org/resource/Yann_Sauvé,Yann Sauvé,1713
http://dbpedia.org/resource/John_Mellekas,John Mellekas,2035
http://dbpedia.org/resource/Rychard_Campeau,Rychard Campeau,2034
http://dbpedia.org/resource/Ricky_Proehl,Ricky Proehl,1637
http://dbpedia.org/resource/Ed_Marinaro,Ed Marinaro,2214
http://dbpedia.org/resource/Gerardo_Suero,Gerardo Suero,1637
http://dbpedia.org/resource/Sami_Whitcomb,Sami Whitcomb,1727
http://dbpedia.org/resource/Jamar_Diggs,Jamar Diggs,1783
http://dbpedia.org/resource/Titus_Young,Titus Young,2243
http://dbpedia.org/resource/Jeff_Paulk,Jeff Paulk,1958
http://dbpedia.org/resource/Luke_Witte,Luke Witte,2034
http://dbpedia.org/resource/Jerrel_Jernigan,Jerrel Jernigan,2263
http://dbpedia.org/resource/Rickard_Wallin,Rickard Wallin,1814
http://dbpedia.org/resource/Gene_Trosch,Gene Trosch,1932
http://dbpedia.org/resource/Julius_Nättinen,Julius Nättinen,1840
http://dbpedia.org/resource/Donald_Audette,Donald Audette,2027
http://dbpedia.org/resource/Hoby_Brenner,Hoby Brenner,2063
http://dbpedia.org/resource/Greg_Oden,Greg Oden,2140
http://dbpedia.org/resource/Paul_Shirley,Paul Shirley,2420
http://dbpedia.org/resource/Maxim_Afinogenov,Maxim Afinogenov,1596
http://dbpedia.org/resource/Bill_Cody_(American_football),Bill Cody (American football),1640
http://dbpedia.org/resource/Mike_Holston,Mike Holston,1821
http://dbpedia.org/resource/Milan_Kytnár,Milan Kytnár,1673
http://dbpedia.org/resource/Miro_Aaltonen,Miro Aaltonen,1840
http://dbpedia.org/resource/Dan_O'Sullivan,Dan O'Sullivan,1760
http://dbpedia.org/resource/Vladimir_Zharkov,Vladimir Zharkov,1987
http://dbpedia.org/resource/Dimitar_Mirakovski,Dimitar Mirakovski,1800
http://dbpedia.org/resource/Jack_Cooley,Jack Cooley,1901
http://dbpedia.org/resource/Steve_Beuerlein,Steve Beuerlein,1813
http://dbpedia.org/resource/Walt_Szot,Walt Szot,1874
http://dbpedia.org/resource/Jason_Richardson,Jason Richardson,1935
http://dbpedia.org/resource/Dexter_Daniels,Dexter Daniels,1846
http://dbpedia.org/resource/Terrell_Fletcher,Terrell Fletcher,2221
http://dbpedia.org/resource/Alex_Smith_(tight_end),Alex Smith (tight end),1914
http://dbpedia.org/resource/Jack_Christiansen,Jack Christiansen,1846
http://dbpedia.org/resource/Brent_Hawkins,Brent Hawkins,2035
http://dbpedia.org/resource/Dave_Merritt,Dave Merritt,2074
http://dbpedia.org/resource/Josh_Gasser,Josh Gasser,1854
http://dbpedia.org/resource/Ilya_Bryzgalov,Ilya Bryzgalov,2144
http://dbpedia.org/resource/Marcelo_Nicola,Marcelo Nicola,1896
http://dbpedia.org/resource/Mike_Kenn,Mike Kenn,2155
http://dbpedia.org/resource/Mike_Moller,Mike Moller,2260
http://dbpedia.org/resource/Ian_Scott_(American_football),Ian Scott (American football),2208
http://dbpedia.org/resource/Ryan_Humphrey,Ryan Humphrey,2311
http://dbpedia.org/resource/Michael_Efevberha,Michael Efevberha,2032
http://dbpedia.org/resource/Roy_Mitchell_(ice_hockey),Roy Mitchell (ice hockey),2454
http://dbpedia.org/resource/Michael_Waddell,Michael Waddell,2199
http://dbpedia.org/resource/Alvin_Snow,Alvin Snow,1969
http://dbpedia.org/resource/Jerry_Shipp,Jerry Shipp,1693
http://dbpedia.org/resource/Steve_Bernier,Steve Bernier,1797
http://dbpedia.org/resource/H._B._Blades,H. B. Blades,1882
http://dbpedia.org/resource/Ken_Daneyko,Ken Daneyko,2352
http://dbpedia.org/resource/Jordan_Weal,Jordan Weal,2127
http://dbpedia.org/resource/Josh_Hull,Josh Hull,1958
http://dbpedia.org/resource/Terquin_Mott,Terquin Mott,1835
http://dbpedia.org/resource/Rich_Gosselin,Rich Gosselin,1739
http://dbpedia.org/resource/Jérémy_Nzeulie,Jérémy Nzeulie,1883
http://dbpedia.org/resource/Tyson_Barrie,Tyson Barrie,2024
http://dbpedia.org/resource/Aleksandar_Ćapin,Aleksandar Ćapin,2425
http://dbpedia.org/resource/Barry_Gardner,Barry Gardner,1884
http://dbpedia.org/resource/Morgan_Burnett,Morgan Burnett,2194
http://dbpedia.org/resource/Tyler_Griffey,Tyler Griffey,2348
http://dbpedia.org/resource/Terry_Dischinger,Terry Dischinger,1960
http://dbpedia.org/resource/Orlando_Pace,Orlando Pace,1762
http://dbpedia.org/resource/Majok_Deng,Majok Deng,1773
http://dbpedia.org/resource/Troy_Daniels,Troy Daniels,2083
http://dbpedia.org/resource/Roland_Cloutier,Roland Cloutier,1670
http://dbpedia.org/resource/Leo_Nomellini,Leo Nomellini,1974
http://dbpedia.org/resource/Devontae_Booker,Devontae Booker,2004
"http://dbpedia.org/resource/Henry_Hynoski,_Sr.","Henry Hynoski, Sr.",1610
"http://dbpedia.org/resource/Reggie_White_(defensive_lineman,_born_1970)","Reggie White (defensive lineman, born 1970)",1871
http://dbpedia.org/resource/Jakob_Pöltl,Jakob Pöltl,2084
"http://dbpedia.org/resource/Michael_Thomas_(wide_receiver,_born_1993)","Michael Thomas (wide receiver, born 1993)",1838
http://dbpedia.org/resource/Paul_Mulvey,Paul Mulvey,2397
http://dbpedia.org/resource/Vander_Blue,Vander Blue,1996
http://dbpedia.org/resource/Bruce_Hamilton_(ice_hockey),Bruce Hamilton (ice hockey),2595
http://dbpedia.org/resource/Robert_Thomson_(basketball),Robert Thomson (basketball),2418
http://dbpedia.org/resource/Wayne_Molis,Wayne Molis,1841
http://dbpedia.org/resource/Jamie_Storr,Jamie Storr,1994
http://dbpedia.org/resource/Quincy_Armstrong,Quincy Armstrong,2106
http://dbpedia.org/resource/Brett_Hull,Brett Hull,2150
http://dbpedia.org/resource/Don_Hardeman,Don Hardeman,1949
http://dbpedia.org/resource/Ricardo_Marsh,Ricardo Marsh,1930
http://dbpedia.org/resource/Knowshon_Moreno,Knowshon Moreno,1881
http://dbpedia.org/resource/Angelo_Bertelli,Angelo Bertelli,1616
http://dbpedia.org/resource/Kevin_Lynch_(ice_hockey),Kevin Lynch (ice hockey),2102
http://dbpedia.org/resource/Nemanja_Protić,Nemanja Protić,1908
http://dbpedia.org/resource/Kevan_Barlow,Kevan Barlow,2111
http://dbpedia.org/resource/Glen_Dandridge,Glen Dandridge,1825
http://dbpedia.org/resource/Lovell_Pinkney,Lovell Pinkney,2206
http://dbpedia.org/resource/Jaroslav_Kristek,Jaroslav Kristek,2328
http://dbpedia.org/resource/Ernest_Jones_(defensive_lineman),Ernest Jones (defensive lineman),1721
http://dbpedia.org/resource/Chansi_Stuckey,Chansi Stuckey,2233
http://dbpedia.org/resource/Henry_Toczylowski,Henry Toczylowski,2168
http://dbpedia.org/resource/Mark_Eaton_(basketball),Mark Eaton (basketball),1951
http://dbpedia.org/resource/Cory_Higgins,Cory Higgins,1936
http://dbpedia.org/resource/Owen_Daniels,Owen Daniels,1594
http://dbpedia.org/resource/Sara_Krnjić,Sara Krnjić,1642
http://dbpedia.org/resource/Darrell_Tully,Darrell Tully,1973
http://dbpedia.org/resource/Shelley_Smith_(American_football),Shelley Smith (American football),2201
http://dbpedia.org/resource/Robert_Parish,Robert Parish,1693
http://dbpedia.org/resource/Arrelious_Benn,Arrelious Benn,2225
http://dbpedia.org/resource/Robert_Cobb_(American_football),Robert Cobb (American football),1940
http://dbpedia.org/resource/Joseph_Blair,Joseph Blair,2412
http://dbpedia.org/resource/Anthony_Watson_(basketball),Anthony Watson (basketball),2435
http://dbpedia.org/resource/Brad_Leggett,Brad Leggett,2352
http://dbpedia.org/resource/Johnny_Moore_(basketball),Johnny Moore (basketball),2153
"http://dbpedia.org/resource/Bob_Pifferini,_Sr.","Bob Pifferini, Sr.",2498
http://dbpedia.org/resource/Duane_Starks,Duane Starks,1810
http://dbpedia.org/resource/Jure_Lalić,Jure Lalić,2123
http://dbpedia.org/resource/Vesa_Viitakoski,Vesa Viitakoski,2078
http://dbpedia.org/resource/Sundiata_Gaines,Sundiata Gaines,1955
http://dbpedia.org/resource/John_Spagnola,John Spagnola,1971
http://dbpedia.org/resource/Daniel_Fernholm,Daniel Fernholm,1906
http://dbpedia.org/resource/Jason_Sehorn,Jason Sehorn,1950
http://dbpedia.org/resource/Luca_Lechthaler,Luca Lechthaler,2086
http://dbpedia.org/resource/Gabriel_Carlsson,Gabriel Carlsson,2543
http://dbpedia.org/resource/Shamar_Stephen,Shamar Stephen,2327
http://dbpedia.org/resource/Corbin_Lacina,Corbin Lacina,1912
http://dbpedia.org/resource/John_Rokisky,John Rokisky,1899
http://dbpedia.org/resource/Leo_Wisniewski,Leo Wisniewski,2090
http://dbpedia.org/resource/Tom_Cichowski,Tom Cichowski,1893
http://dbpedia.org/resource/Bruce_Thornton_(cornerback),Bruce Thornton (cornerback),1886
http://dbpedia.org/resource/Alexander_Wright_(American_football),Alexander Wright (American football),2246
http://dbpedia.org/resource/Rob_Laird_(ice_hockey),Rob Laird (ice hockey),2174
http://dbpedia.org/resource/Ave_Daniell,Ave Daniell,1709
http://dbpedia.org/resource/John_Crotty,John Crotty,1788
http://dbpedia.org/resource/Ray_Martynuik,Ray Martynuik,1935
http://dbpedia.org/resource/Jay_Pandolfo,Jay Pandolfo,1781
"http://dbpedia.org/resource/Paul_Evans_(ice_hockey,_born_1954)","Paul Evans (ice hockey, born 1954)",2048
http://dbpedia.org/resource/Roy_Rogers_(basketball),Roy Rogers (basketball),1924
http://dbpedia.org/resource/Braden_Birch,Braden Birch,1701
http://dbpedia.org/resource/Terry_Rand,Terry Rand,1966
http://dbpedia.org/resource/Parys_Haralson,Parys Haralson,1852
http://dbpedia.org/resource/Milan_Milošević,Milan Milošević,1983
http://dbpedia.org/resource/Raja_Bell,Raja Bell,1647
http://dbpedia.org/resource/David_Kircus,David Kircus,2003
http://dbpedia.org/resource/Don_Hay,Don Hay,1741
http://dbpedia.org/resource/Tommy_Hodson,Tommy Hodson,1942
http://dbpedia.org/resource/Ashton_Rome,Ashton Rome,2102
http://dbpedia.org/resource/Don_Corbitt,Don Corbitt,1907
http://dbpedia.org/resource/Kia_Vaughn,Kia Vaughn,2060
http://dbpedia.org/resource/Brandon_Bowman,Brandon Bowman,2069
http://dbpedia.org/resource/Art_Powell_(wide_receiver),Art Powell (wide receiver),2089
http://dbpedia.org/resource/Brian_Griese,Brian Griese,1958
http://dbpedia.org/resource/Chet_Anderson,Chet Anderson,1667
"http://dbpedia.org/resource/Malcolm_Thomas_(basketball,_born_1988)","Malcolm Thomas (basketball, born 1988)",1609
http://dbpedia.org/resource/Roko_Ukić,Roko Ukić,2210
http://dbpedia.org/resource/Erik_Hämäläinen,Erik Hämäläinen,1801
http://dbpedia.org/resource/Nate_Linhart,Nate Linhart,1956
http://dbpedia.org/resource/Joe_Cooper_(basketball),Joe Cooper (basketball),1896
http://dbpedia.org/resource/Mike_Sullivan_(offensive_lineman),Mike Sullivan (offensive lineman),1843
http://dbpedia.org/resource/Torin_Francis,Torin Francis,1683
http://dbpedia.org/resource/Lloyd_Wickett,Lloyd Wickett,2117
http://dbpedia.org/resource/Henry_Waechter,Henry Waechter,1672
http://dbpedia.org/resource/Nick_Williams_(defensive_lineman),Nick Williams (defensive lineman),2306
http://dbpedia.org/resource/Pavel_Zacha,Pavel Zacha,1717
http://dbpedia.org/resource/Greg_Allen_(American_football),Greg Allen (American football),1874
http://dbpedia.org/resource/Cory_Jefferson,Cory Jefferson,2077
http://dbpedia.org/resource/Aundray_Bruce,Aundray Bruce,1825
http://dbpedia.org/resource/Olli_Määttä,Olli Määttä,2091
http://dbpedia.org/resource/Al_Attles,Al Attles,2179
http://dbpedia.org/resource/Jason_Keep,Jason Keep,1828
http://dbpedia.org/resource/Doug_Williams_(offensive_lineman),Doug Williams (offensive lineman),2208
http://dbpedia.org/resource/Kristiāns_Pelšs,Kristiāns Pelšs,1985
http://dbpedia.org/resource/Harvey_Hardy,Harvey Hardy,1988
http://dbpedia.org/resource/LaRue_Martin,LaRue Martin,2003
http://dbpedia.org/resource/Janne_Ojanen,Janne Ojanen,1775
http://dbpedia.org/resource/Wes_Walz,Wes Walz,1949
http://dbpedia.org/resource/Justin_Blalock,Justin Blalock,2278
http://dbpedia.org/resource/Jeremy_Mincey,Jeremy Mincey,2101
http://dbpedia.org/resource/Steve_DeOssie,Steve DeOssie,2040
http://dbpedia.org/resource/Anthony_Barber_(basketball),Anthony Barber (basketball),2163
http://dbpedia.org/resource/Jay_Larrañaga,Jay Larrañaga,2124
http://dbpedia.org/resource/Andrey_Pedan,Andrey Pedan,2086
http://dbpedia.org/resource/Marc_Woodard,Marc Woodard,1980
http://dbpedia.org/resource/Jim_Davis_(basketball),Jim Davis (basketball),2042
http://dbpedia.org/resource/Gene_Atkins,Gene Atkins,2073
http://dbpedia.org/resource/Steve_Zabel,Steve Zabel,2039
http://dbpedia.org/resource/Jim_Jodat,Jim Jodat,2018
http://dbpedia.org/resource/Pierre_Valmera,Pierre Valmera,2022
http://dbpedia.org/resource/Robert_Brooks,Robert Brooks,2241
http://dbpedia.org/resource/Walker_Banks,Walker Banks,1588
http://dbpedia.org/resource/Mario_Monds,Mario Monds,1920
http://dbpedia.org/resource/Cameron_Ayers,Cameron Ayers,1908
http://dbpedia.org/resource/Monta_McGhee,Monta McGhee,2033
http://dbpedia.org/resource/R._W._McQuarters,R. W. McQuarters,2032
http://dbpedia.org/resource/Mike_Strachan,Mike Strachan,1783
http://dbpedia.org/resource/Ralph_Anderson_(American_football),Ralph Anderson (American football),2063
http://dbpedia.org/resource/Harri_Ilvonen,Harri Ilvonen,2003
http://dbpedia.org/resource/Ernie_Jones_(wide_receiver),Ernie Jones (wide receiver),1774
http://dbpedia.org/resource/Luke_Loucks,Luke Loucks,1852
http://dbpedia.org/resource/O._J._Santiago,O. J. Santiago,2199
http://dbpedia.org/resource/Hogan_Wharton,Hogan Wharton,1724
http://dbpedia.org/resource/Guy_Lash,Guy Lash,1637
http://dbpedia.org/resource/Kevin_Williams_(running_back),Kevin Williams (running back),1876
http://dbpedia.org/resource/Daniel_Gauthier,Daniel Gauthier,1658
http://dbpedia.org/resource/Rory_Fitzpatrick,Rory Fitzpatrick,1849
http://dbpedia.org/resource/Norm_Swanson,Norm Swanson,1728
http://dbpedia.org/resource/D._J._Humphries,D. J. Humphries,2269
http://dbpedia.org/resource/Petr_Nedvěd,Petr Nedvěd,2249
http://dbpedia.org/resource/Michael_Snaer,Michael Snaer,1918
http://dbpedia.org/resource/Andre_Roberts_(American_football),Andre Roberts (American football),1946
http://dbpedia.org/resource/Dave_Ames,Dave Ames,2069
http://dbpedia.org/resource/Corey_Robinson_(offensive_tackle),Corey Robinson (offensive tackle),1746
http://dbpedia.org/resource/J._Bob_Kelly,J. Bob Kelly,2360
http://dbpedia.org/resource/Tony_Scheffler,Tony Scheffler,2055
http://dbpedia.org/resource/Marcus_Taylor,Marcus Taylor,1628
http://dbpedia.org/resource/Neil_Smith_(American_football),Neil Smith (American football),1665
http://dbpedia.org/resource/Chuck_Gelatka,Chuck Gelatka,1671
http://dbpedia.org/resource/Ryan_Broekhoff,Ryan Broekhoff,1959
http://dbpedia.org/resource/Bambale_Osby,Bambale Osby,2110
http://dbpedia.org/resource/John_Henderson_(wide_receiver),John Henderson (wide receiver),1989
http://dbpedia.org/resource/Darren_McCarty,Darren McCarty,2291
http://dbpedia.org/resource/Jerome_Harrison,Jerome Harrison,1741
http://dbpedia.org/resource/Rob_Murray,Rob Murray,1734
http://dbpedia.org/resource/Bobby_Carpenter_(American_football),Bobby Carpenter (American football),2259
http://dbpedia.org/resource/Reggie_Pinkney,Reggie Pinkney,1935
http://dbpedia.org/resource/Sammie_Coates,Sammie Coates,2113
http://dbpedia.org/resource/Bobby_Engram,Bobby Engram,1855
http://dbpedia.org/resource/Sam_Montgomery,Sam Montgomery,1676
http://dbpedia.org/resource/Reggie_McKenzie_(linebacker),Reggie McKenzie (linebacker),2043
http://dbpedia.org/resource/Justin_Dentmon,Justin Dentmon,1756
http://dbpedia.org/resource/Dickey_Simpkins,Dickey Simpkins,1951
http://dbpedia.org/resource/Melvin_Johnson_III,Melvin Johnson III,2109
http://dbpedia.org/resource/William_Njoku,William Njoku,2474
http://dbpedia.org/resource/Sebastian_Vollmer,Sebastian Vollmer,2017
http://dbpedia.org/resource/Phil_Clark_(American_football),Phil Clark (American football),1826
"http://dbpedia.org/resource/Bill_Armstrong_(ice_hockey,_born_1970)","Bill Armstrong (ice hockey, born 1970)",2366
http://dbpedia.org/resource/Andrew_Luck,Andrew Luck,2019
http://dbpedia.org/resource/Cameron_Erving,Cameron Erving,2048
http://dbpedia.org/resource/Dan_Fritsche,Dan Fritsche,2049
http://dbpedia.org/resource/Mike_Champion_(basketball),Mike Champion (basketball),1581
http://dbpedia.org/resource/Justin_Strzelczyk,Justin Strzelczyk,1949
http://dbpedia.org/resource/Joe_Fortunato_(ice_hockey),Joe Fortunato (ice hockey),2011
http://dbpedia.org/resource/Jerome_Allen_(basketball),Jerome Allen (basketball),1730
http://dbpedia.org/resource/Maleye_N'Doye,Maleye N'Doye,2324
http://dbpedia.org/resource/Byron_Dinkins,Byron Dinkins,1835
http://dbpedia.org/resource/Derrick_Hamilton_(basketball),Derrick Hamilton (basketball),2183
http://dbpedia.org/resource/Eric_Ravotti,Eric Ravotti,1778
http://dbpedia.org/resource/Erik_Lewerström,Erik Lewerström,2321
http://dbpedia.org/resource/Jason_Daisy,Jason Daisy,1579
http://dbpedia.org/resource/Hakeem_Olajuwon,Hakeem Olajuwon,2110
http://dbpedia.org/resource/Brandon_Stokley,Brandon Stokley,2069
http://dbpedia.org/resource/Dwayne_Allen,Dwayne Allen,1752
http://dbpedia.org/resource/Ryan_Mouton,Ryan Mouton,2439
http://dbpedia.org/resource/Kiesha_Brown,Kiesha Brown,1675
http://dbpedia.org/resource/Jaroslav_Janus,Jaroslav Janus,1735
http://dbpedia.org/resource/Charles_White_(American_football),Charles White (American football),2127
http://dbpedia.org/resource/Charlie_Babb,Charlie Babb,1888
http://dbpedia.org/resource/Marcus_Cotton,Marcus Cotton,1902
http://dbpedia.org/resource/Chris_Bourque,Chris Bourque,1976
http://dbpedia.org/resource/Larry_Jones_(basketball),Larry Jones (basketball),2216
http://dbpedia.org/resource/Mike_Riordan,Mike Riordan,2005
http://dbpedia.org/resource/Furkan_Korkmaz,Furkan Korkmaz,1652
http://dbpedia.org/resource/Vojdan_Stojanovski,Vojdan Stojanovski,2405
http://dbpedia.org/resource/Jim_Taylor_(American_football),Jim Taylor (American football),2261
http://dbpedia.org/resource/Zoran_Planinić,Zoran Planinić,2182
http://dbpedia.org/resource/Dalton_Thrower,Dalton Thrower,1765
http://dbpedia.org/resource/Fred_Thomas_(American_football),Fred Thomas (American football),2033
http://dbpedia.org/resource/Don_Shula,Don Shula,1883
http://dbpedia.org/resource/Trent_Murphy,Trent Murphy,2060
"http://dbpedia.org/resource/Jim_Jones_(American_football,_born_1920)","Jim Jones (American football, born 1920)",1689
http://dbpedia.org/resource/Frank_Hassell,Frank Hassell,2142
http://dbpedia.org/resource/Kirk_Penney,Kirk Penney,1953
http://dbpedia.org/resource/Billy_McKinney_(basketball),Billy McKinney (basketball),1649
http://dbpedia.org/resource/Freddie_Brown_(American_football),Freddie Brown (American football),2043
http://dbpedia.org/resource/Courtney_Brown_(defensive_back),Courtney Brown (defensive back),1673
http://dbpedia.org/resource/Jimmy_Gunn,Jimmy Gunn,1620
http://dbpedia.org/resource/DeMarco_Johnson,DeMarco Johnson,2034
http://dbpedia.org/resource/Jamierra_Faulkner,Jamierra Faulkner,2296
http://dbpedia.org/resource/Kony_Ealy,Kony Ealy,2189
http://dbpedia.org/resource/Don_Chandler,Don Chandler,1798
http://dbpedia.org/resource/Gene_Moore_(basketball),Gene Moore (basketball),1836
http://dbpedia.org/resource/Lee_Johnson_(punter),Lee Johnson (punter),2008
http://dbpedia.org/resource/Lou_Allen,Lou Allen,1573
http://dbpedia.org/resource/Vontae_Davis,Vontae Davis,1890
http://dbpedia.org/resource/Greg_Toler,Greg Toler,1832
http://dbpedia.org/resource/Larry_Romanchych,Larry Romanchych,1993
http://dbpedia.org/resource/Raymond_Sawada,Raymond Sawada,1905
http://dbpedia.org/resource/C._J._Fair,C. J. Fair,2321
http://dbpedia.org/resource/James_Crawford_(basketball),James Crawford (basketball),2189
http://dbpedia.org/resource/D'Angelo_Russell,D'Angelo Russell,2128
http://dbpedia.org/resource/Ivan_Fedotov,Ivan Fedotov,2110
http://dbpedia.org/resource/James_Brown_(offensive_tackle),James Brown (offensive tackle),2117
http://dbpedia.org/resource/Jack_Jenkins_(American_football),Jack Jenkins (American football),1980
http://dbpedia.org/resource/O'Brien_Alston,O'Brien Alston,2006
http://dbpedia.org/resource/Pete_Barnes,Pete Barnes,2224
http://dbpedia.org/resource/Jori_Lehterä,Jori Lehterä,2352
http://dbpedia.org/resource/Nikos_Papanikolaou,Nikos Papanikolaou,2502
http://dbpedia.org/resource/Nate_Wayne,Nate Wayne,1739
http://dbpedia.org/resource/Terry_Orr,Terry Orr,1956
http://dbpedia.org/resource/Aubrey_Beavers,Aubrey Beavers,2168
http://dbpedia.org/resource/Giuseppe_Poeta,Giuseppe Poeta,1743
http://dbpedia.org/resource/Patrick_McCaw,Patrick McCaw,1756
http://dbpedia.org/resource/Trumaine_Johnson,Trumaine Johnson,2215
http://dbpedia.org/resource/Terran_Petteway,Terran Petteway,1939
http://dbpedia.org/resource/Glen_Holloway,Glen Holloway,1901
http://dbpedia.org/resource/Alexander_Karpovtsev,Alexander Karpovtsev,2153
http://dbpedia.org/resource/Curtis_Hunt,Curtis Hunt,1992
http://dbpedia.org/resource/Chris_Washington,Chris Washington,1815
http://dbpedia.org/resource/Mario_Manningham,Mario Manningham,1928
http://dbpedia.org/resource/Dale_Schlueter,Dale Schlueter,2234
http://dbpedia.org/resource/Jerry_Baskerville,Jerry Baskerville,2106
http://dbpedia.org/resource/Joël_Bouchard,Joël Bouchard,1750
http://dbpedia.org/resource/Domenic_Pittis,Domenic Pittis,2064
http://dbpedia.org/resource/Johnny_Allen_(American_football),Johnny Allen (American football),1708
http://dbpedia.org/resource/Chris_Engler,Chris Engler,1828
http://dbpedia.org/resource/Seth_Doliboa,Seth Doliboa,2309
http://dbpedia.org/resource/David_Pope_(basketball),David Pope (basketball),2162
http://dbpedia.org/resource/Ramone_Moore,Ramone Moore,2294
http://dbpedia.org/resource/Daniel_Winnik,Daniel Winnik,1870
http://dbpedia.org/resource/Dale_McCourt,Dale McCourt,1607
http://dbpedia.org/resource/Joe_Lavender,Joe Lavender,2190
http://dbpedia.org/resource/Xavier_Henry,Xavier Henry,2230
http://dbpedia.org/resource/Marquis_Johnson,Marquis Johnson,2047
http://dbpedia.org/resource/Wally_Dreyer,Wally Dreyer,2173
http://dbpedia.org/resource/Stanley_Robinson,Stanley Robinson,1821
http://dbpedia.org/resource/Ken_Grandberry,Ken Grandberry,1918
http://dbpedia.org/resource/Obinna_Ekezie,Obinna Ekezie,2235
http://dbpedia.org/resource/Nate_Blackwell,Nate Blackwell,2039
http://dbpedia.org/resource/Tanel_Sokk,Tanel Sokk,1874
http://dbpedia.org/resource/Pete_McMahon,Pete McMahon,2269
http://dbpedia.org/resource/Ater_Majok,Ater Majok,1852
http://dbpedia.org/resource/Corey_Williams_(American_football),Corey Williams (American football),1899
http://dbpedia.org/resource/Langston_Moore,Langston Moore,1831
http://dbpedia.org/resource/Robert_Hicks_(American_football),Robert Hicks (American football),1967
http://dbpedia.org/resource/Jeremiah_Trotter,Jeremiah Trotter,1838
http://dbpedia.org/resource/Chucky_Atkins,Chucky Atkins,1998
http://dbpedia.org/resource/Paul_Palmer_(American_football),Paul Palmer (American football),1656
"http://dbpedia.org/resource/Jim_Jones_(American_football,_born_1935)","Jim Jones (American football, born 1935)",1563
http://dbpedia.org/resource/Chris_Holt_(ice_hockey),Chris Holt (ice hockey),1759
http://dbpedia.org/resource/Tony_Williams_(American_football),Tony Williams (American football),1884
http://dbpedia.org/resource/Claude_Hipps,Claude Hipps,1861
http://dbpedia.org/resource/Randy_Woods,Randy Woods,1772
http://dbpedia.org/resource/Tom_Calvin,Tom Calvin,1773
http://dbpedia.org/resource/George_Ferguson_(ice_hockey),George Ferguson (ice hockey),1893
http://dbpedia.org/resource/Bill_Blair_(basketball),Bill Blair (basketball),1739
http://dbpedia.org/resource/Wes_Sims_(American_football),Wes Sims (American football),1876
http://dbpedia.org/resource/Steve_Andrascik,Steve Andrascik,1579
http://dbpedia.org/resource/Andre_Reed,Andre Reed,1839
http://dbpedia.org/resource/Anthony_Taylor_(basketball),Anthony Taylor (basketball),2036
http://dbpedia.org/resource/Nick_Weatherspoon,Nick Weatherspoon,2096
http://dbpedia.org/resource/Brooks_Macek,Brooks Macek,2416
http://dbpedia.org/resource/Calle_Steen,Calle Steen,2133
http://dbpedia.org/resource/Henry_Williams_(basketball),Henry Williams (basketball),1834
http://dbpedia.org/resource/Andy_Schliebener,Andy Schliebener,2003
http://dbpedia.org/resource/Orville_Trask,Orville Trask,2352
http://dbpedia.org/resource/John_Welch_(basketball),John Welch (basketball),1898
http://dbpedia.org/resource/Sean_Gilbert,Sean Gilbert,2046
http://dbpedia.org/resource/Doug_Thomas,Doug Thomas,1893
http://dbpedia.org/resource/Kim_English_(basketball),Kim English (basketball),2019
http://dbpedia.org/resource/Billy_Joe_Tolliver,Billy Joe Tolliver,1646
http://dbpedia.org/resource/Daniele_Magro,Daniele Magro,2008
http://dbpedia.org/resource/Taylor_Coppenrath,Taylor Coppenrath,1853
http://dbpedia.org/resource/Matt_Higgins_(ice_hockey),Matt Higgins (ice hockey),2014
http://dbpedia.org/resource/J._J._Wilcox,J. J. Wilcox,2157
http://dbpedia.org/resource/Rich_Ohrnberger,Rich Ohrnberger,1549
http://dbpedia.org/resource/Bruce_Miller_(American_football),Bruce Miller (American football),2352
http://dbpedia.org/resource/Brian_Cushing,Brian Cushing,2132
http://dbpedia.org/resource/Robert_Bailey_(American_football),Robert Bailey (American football),1945
http://dbpedia.org/resource/Juneric_Baloria,Juneric Baloria,2014
"http://dbpedia.org/resource/Mel_Farr,_Jr.","Mel Farr, Jr.",2100
http://dbpedia.org/resource/Ken_Ireland,Ken Ireland,1852
http://dbpedia.org/resource/Frank_Kalil,Frank Kalil,2340
http://dbpedia.org/resource/Alexander_Krevsun,Alexander Krevsun,1717
http://dbpedia.org/resource/Terry_Kinard,Terry Kinard,1811
http://dbpedia.org/resource/Trevor_Lacey,Trevor Lacey,2103
http://dbpedia.org/resource/Chris_Babb,Chris Babb,2083
http://dbpedia.org/resource/Richard_Anderson_(basketball),Richard Anderson (basketball),1874
http://dbpedia.org/resource/James_Lang_(basketball),James Lang (basketball),1982
http://dbpedia.org/resource/Rico_Gathers,Rico Gathers,2181
http://dbpedia.org/resource/Richaun_Holmes,Richaun Holmes,1908
http://dbpedia.org/resource/Andrew_Campbell_(ice_hockey),Andrew Campbell (ice hockey),2048
http://dbpedia.org/resource/Lionel_Dotson,Lionel Dotson,1982
http://dbpedia.org/resource/Mike_Smith_(linebacker),Mike Smith (linebacker),2013
http://dbpedia.org/resource/Kivuusama_Mays,Kivuusama Mays,1712
http://dbpedia.org/resource/Marcelo_Huertas,Marcelo Huertas,1892
http://dbpedia.org/resource/K._J._McDaniels,K. J. McDaniels,2514
http://dbpedia.org/resource/Paul_Krause,Paul Krause,1661
http://dbpedia.org/resource/Evgeni_Bumagin,Evgeni Bumagin,1890
http://dbpedia.org/resource/Erik_Nyström,Erik Nyström,2469
http://dbpedia.org/resource/Bob_Wallace_(American_football),Bob Wallace (American football),1637
http://dbpedia.org/resource/Josh_Robinson,Josh Robinson,1994
http://dbpedia.org/resource/Troy_Drayton,Troy Drayton,1973
http://dbpedia.org/resource/David_Logan_(American_football),David Logan (American football),1744
http://dbpedia.org/resource/Johnathan_Franklin,Johnathan Franklin,1954
http://dbpedia.org/resource/Jack_Linn,Jack Linn,2041
http://dbpedia.org/resource/Tim_Rattay,Tim Rattay,1646
http://dbpedia.org/resource/Ellis_Gardner,Ellis Gardner,2318
http://dbpedia.org/resource/Mikko_Rantanen,Mikko Rantanen,2236
http://dbpedia.org/resource/Bob_Whitfield,Bob Whitfield,1974
http://dbpedia.org/resource/Jonas_Wohlfarth-Bottermann,Jonas Wohlfarth-Bottermann,2191
http://dbpedia.org/resource/Roman_Oben,Roman Oben,1559
http://dbpedia.org/resource/Alexander_Nikulin_(ice_hockey),Alexander Nikulin (ice hockey),1732
http://dbpedia.org/resource/Torrance_Small,Torrance Small,2033
http://dbpedia.org/resource/Rodrique_Wright,Rodrique Wright,2061
http://dbpedia.org/resource/Antoine_Carr,Antoine Carr,1928
http://dbpedia.org/resource/Paul_Robinson_(American_football),Paul Robinson (American football),2421
http://dbpedia.org/resource/Joe_Spinks,Joe Spinks,2047
http://dbpedia.org/resource/John_Bryant_(basketball),John Bryant (basketball),1926
http://dbpedia.org/resource/Terry_Caulley,Terry Caulley,2206
http://dbpedia.org/resource/Rob_Sims,Rob Sims,1974
http://dbpedia.org/resource/Scottie_Graham,Scottie Graham,2005
http://dbpedia.org/resource/Charles_Arbuckle,Charles Arbuckle,2149
http://dbpedia.org/resource/Reggie_Holmes,Reggie Holmes,1731
http://dbpedia.org/resource/Nikola_Dragović,Nikola Dragović,2032
http://dbpedia.org/resource/Gerry_Minor,Gerry Minor,1969
http://dbpedia.org/resource/David_Hale_(ice_hockey),David Hale (ice hockey),1946
http://dbpedia.org/resource/Josh_Robinson_(running_back),Josh Robinson (running back),1793
http://dbpedia.org/resource/Rashad_McCants,Rashad McCants,1572
http://dbpedia.org/resource/Edi_Sinadinović,Edi Sinadinović,1760
http://dbpedia.org/resource/Stéphane_Yelle,Stéphane Yelle,2000
http://dbpedia.org/resource/Meyers_Leonard,Meyers Leonard,1996
http://dbpedia.org/resource/Don_Lofgran,Don Lofgran,2183
http://dbpedia.org/resource/Jeff_Serowik,Jeff Serowik,2240
http://dbpedia.org/resource/Carl_Eller,Carl Eller,2192
http://dbpedia.org/resource/Steve_Payne_(ice_hockey),Steve Payne (ice hockey),2288
http://dbpedia.org/resource/Kerron_Johnson,Kerron Johnson,2124
http://dbpedia.org/resource/Norm_Grekin,Norm Grekin,1494
http://dbpedia.org/resource/Bryan_Pitton,Bryan Pitton,1589
http://dbpedia.org/resource/Vernon_Martin,Vernon Martin,2030
http://dbpedia.org/resource/Gary_Walker_(defensive_end),Gary Walker (defensive end),1921
http://dbpedia.org/resource/Jules_Alfonse,Jules Alfonse,2236
http://dbpedia.org/resource/Kedric_Golston,Kedric Golston,1696
http://dbpedia.org/resource/Ike_Nwankwo,Ike Nwankwo,1964
http://dbpedia.org/resource/Ted_Manakas,Ted Manakas,2284
http://dbpedia.org/resource/Al_Nelson,Al Nelson,1864
http://dbpedia.org/resource/Cheryl_Ford,Cheryl Ford,2128
http://dbpedia.org/resource/Brian_Gaffaney,Brian Gaffaney,2469
http://dbpedia.org/resource/Weldon_Edwards,Weldon Edwards,1962
http://dbpedia.org/resource/Howie_Janotta,Howie Janotta,2114
http://dbpedia.org/resource/Holden_Greiner,Holden Greiner,2152
http://dbpedia.org/resource/Mike_Dunleavy_Jr.,Mike Dunleavy Jr.,1752
http://dbpedia.org/resource/Alex_Okafor,Alex Okafor,1886
http://dbpedia.org/resource/Antonio_Perkins,Antonio Perkins,2326
http://dbpedia.org/resource/Juan_Dixon,Juan Dixon,1726
http://dbpedia.org/resource/Jim_Bundren,Jim Bundren,1764
http://dbpedia.org/resource/Greg_Stiemsma,Greg Stiemsma,2202
http://dbpedia.org/resource/Bob_Morse,Bob Morse,2115
http://dbpedia.org/resource/Kevin_Pittsnogle,Kevin Pittsnogle,1982
http://dbpedia.org/resource/Hugh_Douglas_(American_football),Hugh Douglas (American football),1887
http://dbpedia.org/resource/Ryan_Flinn_(ice_hockey),Ryan Flinn (ice hockey),1812
http://dbpedia.org/resource/Joni_Ortio,Joni Ortio,1566
http://dbpedia.org/resource/Brandon_Mebane,Brandon Mebane,1867
http://dbpedia.org/resource/Jarrod_Bunch,Jarrod Bunch,1914
http://dbpedia.org/resource/Rob_Morris_(American_football),Rob Morris (American football),1811
http://dbpedia.org/resource/Jiří_Tlustý,Jiří Tlustý,2285
http://dbpedia.org/resource/Heath_Miller,Heath Miller,2243
http://dbpedia.org/resource/Pace_Mannion,Pace Mannion,2443
http://dbpedia.org/resource/E._J._Junior,E. J. Junior,1994
http://dbpedia.org/resource/Alex_Gynes,Alex Gynes,1860
http://dbpedia.org/resource/Terrell_Suggs,Terrell Suggs,1538
http://dbpedia.org/resource/Gal_Mekel,Gal Mekel,1993
http://dbpedia.org/resource/Dale_Tallon,Dale Tallon,1858
http://dbpedia.org/resource/Randy_Boyd_(ice_hockey),Randy Boyd (ice hockey),1711
http://dbpedia.org/resource/Mike_McGee_(basketball),Mike McGee (basketball),2035
http://dbpedia.org/resource/Kelly_Miller_(basketball),Kelly Miller (basketball),1914
http://dbpedia.org/resource/Milovan_Raković,Milovan Raković,1956
http://dbpedia.org/resource/Tony_Eason,Tony Eason,2471
http://dbpedia.org/resource/Nicolas_Deslauriers,Nicolas Deslauriers,2061
http://dbpedia.org/resource/Liz_Cambage,Liz Cambage,1809
http://dbpedia.org/resource/John_McGeever,John McGeever,1806
"http://dbpedia.org/resource/Jim_Thomson_(ice_hockey,_born_1965)","Jim Thomson (ice hockey, born 1965)",2351
"http://dbpedia.org/resource/Gene_Washington_(American_football,_born_1944)","Gene Washington (American football, born 1944)",2304
http://dbpedia.org/resource/Anthony_McDowell,Anthony McDowell,2072
http://dbpedia.org/resource/Joe_Pace,Joe Pace,1986
http://dbpedia.org/resource/Justin_Bailey_(basketball),Justin Bailey (basketball),1688
http://dbpedia.org/resource/Adam_Haayer,Adam Haayer,1881
http://dbpedia.org/resource/Daleroy_Stewart,Daleroy Stewart,1862
http://dbpedia.org/resource/Ender_Arslan,Ender Arslan,2073
http://dbpedia.org/resource/Antwan_Odom,Antwan Odom,2259
http://dbpedia.org/resource/Victor_Rudd,Victor Rudd,2113
http://dbpedia.org/resource/Nik_Cochran,Nik Cochran,1777
http://dbpedia.org/resource/Mike_Sensibaugh,Mike Sensibaugh,1666
http://dbpedia.org/resource/Derrick_Nix,Derrick Nix,1836
http://dbpedia.org/resource/Elbie_Nickel,Elbie Nickel,1999
http://dbpedia.org/resource/Goran_Ćakić,Goran Ćakić,1829
http://dbpedia.org/resource/Dan_Jancevski,Dan Jancevski,1669
http://dbpedia.org/resource/Mike_McPhee,Mike McPhee,1873
http://dbpedia.org/resource/Kyle_Hines,Kyle Hines,1761
http://dbpedia.org/resource/Chris_Myers_(American_football),Chris Myers (American football),1845
http://dbpedia.org/resource/Chris_Childs_(basketball),Chris Childs (basketball),2078
http://dbpedia.org/resource/Devin_Harris,Devin Harris,1786
http://dbpedia.org/resource/Jan_Barrett,Jan Barrett,2028
http://dbpedia.org/resource/Darcy_Werenka,Darcy Werenka,2180
http://dbpedia.org/resource/Bamba_Fall,Bamba Fall,2151
http://dbpedia.org/resource/Tomi_Källarsson,Tomi Källarsson,1808
http://dbpedia.org/resource/Kevin_Dillard,Kevin Dillard,2472
http://dbpedia.org/resource/Roman_Polák,Roman Polák,2353
http://dbpedia.org/resource/Andrew_Bogut,Andrew Bogut,1827
http://dbpedia.org/resource/Craig_Levie,Craig Levie,1958
http://dbpedia.org/resource/Jimmy_Bonneau,Jimmy Bonneau,2238
http://dbpedia.org/resource/Doug_Gabriel,Doug Gabriel,2237
http://dbpedia.org/resource/Abdul-Karim_al-Jabbar,Abdul-Karim al-Jabbar,1669
http://dbpedia.org/resource/Dexter_Westbrook,Dexter Westbrook,2223
http://dbpedia.org/resource/George_Herring,George Herring,1899
http://dbpedia.org/resource/Montee_Ball,Montee Ball,2590
http://dbpedia.org/resource/De'Mon_Brooks,De'Mon Brooks,1848
http://dbpedia.org/resource/Chester_Mason,Chester Mason,2334
http://dbpedia.org/resource/Chanel_Mokango,Chanel Mokango,2244
http://dbpedia.org/resource/Tyson_Alualu,Tyson Alualu,2118
http://dbpedia.org/resource/Ádám_Hanga,Ádám Hanga,1877
http://dbpedia.org/resource/Raymond_Clayborn,Raymond Clayborn,1807
http://dbpedia.org/resource/Jonathan_Gibson_(basketball),Jonathan Gibson (basketball),2170
http://dbpedia.org/resource/Tom_Curtis_(American_football),Tom Curtis (American football),1841
http://dbpedia.org/resource/Larry_Robinson,Larry Robinson,1583
http://dbpedia.org/resource/Vince_Buck,Vince Buck,1939
http://dbpedia.org/resource/Quin_Snyder,Quin Snyder,2061
http://dbpedia.org/resource/Angelo_Crowell,Angelo Crowell,1712
http://dbpedia.org/resource/Leonard_Floyd,Leonard Floyd,2203
http://dbpedia.org/resource/Ndamukong_Suh,Ndamukong Suh,1966
http://dbpedia.org/resource/Darryl_Sutter,Darryl Sutter,1806
http://dbpedia.org/resource/Ken_Austin_(basketball),Ken Austin (basketball),2274
http://dbpedia.org/resource/Clifton_Ryan,Clifton Ryan,2360
http://dbpedia.org/resource/Christopher_Heino-Lindberg,Christopher Heino-Lindberg,1674
http://dbpedia.org/resource/T._J._Rushing,T. J. Rushing,2313
http://dbpedia.org/resource/Kenneth_Faried,Kenneth Faried,2303
http://dbpedia.org/resource/Reeves_Nelson,Reeves Nelson,2023
http://dbpedia.org/resource/Paul_McKee_(American_football),Paul McKee (American football),1667
http://dbpedia.org/resource/Cecil_Shorts,Cecil Shorts,2012
http://dbpedia.org/resource/Will_Clyburn,Will Clyburn,1873
http://dbpedia.org/resource/Danny_Colbert,Danny Colbert,2066
http://dbpedia.org/resource/Terence_Newman,Terence Newman,2099
http://dbpedia.org/resource/Mike_Johnson_(offensive_lineman),Mike Johnson (offensive lineman),2024
http://dbpedia.org/resource/Josh_Akognon,Josh Akognon,2001
http://dbpedia.org/resource/Aaron_Brooks_(American_football),Aaron Brooks (American football),1549
http://dbpedia.org/resource/Chris_Long,Chris Long,2022
http://dbpedia.org/resource/Mike_Phelps,Mike Phelps,2237
http://dbpedia.org/resource/Steve_Taylor_(Canadian_football),Steve Taylor (Canadian football),1924
http://dbpedia.org/resource/Dusty_Zeigler,Dusty Zeigler,2064
http://dbpedia.org/resource/Alex_Carter_(American_football),Alex Carter (American football),2224
http://dbpedia.org/resource/Ryan_McBean,Ryan McBean,1843
http://dbpedia.org/resource/Joe_Mays_(American_football),Joe Mays (American football),1843
http://dbpedia.org/resource/Shann_Schillinger,Shann Schillinger,2199
"http://dbpedia.org/resource/Mark_Davis_(basketball,_born_1963)","Mark Davis (basketball, born 1963)",1970
http://dbpedia.org/resource/Michael_Merritt_(American_football),Michael Merritt (American football),1857
http://dbpedia.org/resource/Eric_Buckner,Eric Buckner,1917
http://dbpedia.org/resource/Cody_Hodgson,Cody Hodgson,1778
http://dbpedia.org/resource/Oscar_Roan,Oscar Roan,1879
http://dbpedia.org/resource/Drew_Neitzel,Drew Neitzel,1994
http://dbpedia.org/resource/Victor_Bailey_(American_football),Victor Bailey (American football),1972
http://dbpedia.org/resource/Duke_Fergerson,Duke Fergerson,2043
http://dbpedia.org/resource/Brice_Hunter,Brice Hunter,1754
http://dbpedia.org/resource/Gjorgji_Čekovski,Gjorgji Čekovski,1825
http://dbpedia.org/resource/C._R._Roberts,C. R. Roberts,2238
http://dbpedia.org/resource/John_Barrett_(ice_hockey),John Barrett (ice hockey),1952
http://dbpedia.org/resource/Jarred_Tinordi,Jarred Tinordi,2241
http://dbpedia.org/resource/Jay_Alford,Jay Alford,2118
http://dbpedia.org/resource/Malcolm_Delaney,Malcolm Delaney,1545
http://dbpedia.org/resource/Ron_Johnson_(basketball),Ron Johnson (basketball),1943
http://dbpedia.org/resource/Jerry_Sherk,Jerry Sherk,1944
http://dbpedia.org/resource/Sam_Dower,Sam Dower,2010
http://dbpedia.org/resource/Joel_Dreessen,Joel Dreessen,2103
http://dbpedia.org/resource/Dajana_Butulija,Dajana Butulija,1940
http://dbpedia.org/resource/Ephesians_Bartley,Ephesians Bartley,2337
http://dbpedia.org/resource/Tyler_Newton,Tyler Newton,1946
http://dbpedia.org/resource/Jon_Kalinski,Jon Kalinski,1974
http://dbpedia.org/resource/Brandi_McCain,Brandi McCain,1840
http://dbpedia.org/resource/Frank_Alexander_(American_football),Frank Alexander (American football),1837
http://dbpedia.org/resource/Chante_Black,Chante Black,2454
http://dbpedia.org/resource/Jiří_Hudler,Jiří Hudler,2221
http://dbpedia.org/resource/Boomer_Esiason,Boomer Esiason,2098
http://dbpedia.org/resource/Doug_Miller_(American_football),Doug Miller (American football),2025
http://dbpedia.org/resource/Bobby_Burnett,Bobby Burnett,1976
http://dbpedia.org/resource/Joel_Anthony,Joel Anthony,1749
http://dbpedia.org/resource/Billy_Neighbors,Billy Neighbors,1881
http://dbpedia.org/resource/John_O'Boyle,John O'Boyle,1818
http://dbpedia.org/resource/Calvin_Nicholas,Calvin Nicholas,1567
http://dbpedia.org/resource/Michael_McCarron,Michael McCarron,2019
http://dbpedia.org/resource/Walt_Hazzard,Walt Hazzard,2033
http://dbpedia.org/resource/Mike_Hawkins_(cornerback),Mike Hawkins (cornerback),2189
http://dbpedia.org/resource/Davon_House,Davon House,2413
http://dbpedia.org/resource/Joshua_Moore_(American_football),Joshua Moore (American football),2320
http://dbpedia.org/resource/Frank_Gaines_(basketball),Frank Gaines (basketball),1932
"http://dbpedia.org/resource/Tom_Brennan_(basketball,_born_1930)","Tom Brennan (basketball, born 1930)",1704
http://dbpedia.org/resource/Mark_Recchi,Mark Recchi,1633
http://dbpedia.org/resource/Greg_Mark,Greg Mark,1704
http://dbpedia.org/resource/Anthony_Bennett_(basketball),Anthony Bennett (basketball),1759
http://dbpedia.org/resource/William_Graham_(American_football),William Graham (American football),2048
http://dbpedia.org/resource/Charles_Lombahe-Kahudi,Charles Lombahe-Kahudi,2016
http://dbpedia.org/resource/Bryan_Bickell,Bryan Bickell,1902
http://dbpedia.org/resource/Charles_Johnson_(basketball),Charles Johnson (basketball),1662
http://dbpedia.org/resource/Richard_Nguema,Richard Nguema,1990
http://dbpedia.org/resource/Jim_Turner_(placekicker),Jim Turner (placekicker),1835
http://dbpedia.org/resource/Guido_Grünheid,Guido Grünheid,1973
http://dbpedia.org/resource/Kostas_Tsartsaris,Kostas Tsartsaris,1797
http://dbpedia.org/resource/Vladimir_Tica,Vladimir Tica,2304
http://dbpedia.org/resource/Tony_Delk,Tony Delk,2059
http://dbpedia.org/resource/Jesper_Duus,Jesper Duus,2090
http://dbpedia.org/resource/Paul_Grant_(basketball),Paul Grant (basketball),1718
http://dbpedia.org/resource/Tom_Thacker_(basketball),Tom Thacker (basketball),2149
http://dbpedia.org/resource/Rickard_Rakell,Rickard Rakell,2109
http://dbpedia.org/resource/Brendan_Perlini,Brendan Perlini,1816
http://dbpedia.org/resource/Tommy_Westlund,Tommy Westlund,2219
http://dbpedia.org/resource/Artūras_Gudaitis,Artūras Gudaitis,1977
http://dbpedia.org/resource/Jim_Mooney_(basketball),Jim Mooney (basketball),2016
http://dbpedia.org/resource/Eric_Berry,Eric Berry,2014
http://dbpedia.org/resource/Monica_Lamb-Powell,Monica Lamb-Powell,2271
http://dbpedia.org/resource/Al_Fleming_(basketball),Al Fleming (basketball),1827
http://dbpedia.org/resource/Ed_Flanagan_(American_football),Ed Flanagan (American football),1777
http://dbpedia.org/resource/Dale_Smedsmo,Dale Smedsmo,2133
http://dbpedia.org/resource/John_Alderton_(American_football),John Alderton (American football),1953
http://dbpedia.org/resource/Quinn_Sypniewski,Quinn Sypniewski,2309
http://dbpedia.org/resource/Carrick_Felix,Carrick Felix,2338
http://dbpedia.org/resource/MyCole_Pruitt,MyCole Pruitt,1781
http://dbpedia.org/resource/Aris_Brimanis,Aris Brimanis,1840
http://dbpedia.org/resource/Dan_Lambert,Dan Lambert,2133
http://dbpedia.org/resource/Reggie_Leach,Reggie Leach,1578
http://dbpedia.org/resource/Jerrod_Mustaf,Jerrod Mustaf,1847
http://dbpedia.org/resource/Mohamed_Abukar,Mohamed Abukar,1628
http://dbpedia.org/resource/Jeff_Richardson_(American_football),Jeff Richardson (American football),2052
http://dbpedia.org/resource/Mariusz_Czerkawski,Mariusz Czerkawski,1875
http://dbpedia.org/resource/Earl_Calloway,Earl Calloway,2147
http://dbpedia.org/resource/Kevin_Smith_(cornerback),Kevin Smith (cornerback),1989
http://dbpedia.org/resource/Larry_Owens,Larry Owens,1607
http://dbpedia.org/resource/Cam_Neely,Cam Neely,1701
http://dbpedia.org/resource/Carl_Byrum,Carl Byrum,1951
http://dbpedia.org/resource/Earl_Faison,Earl Faison,2389
http://dbpedia.org/resource/Marcus_Paulsson,Marcus Paulsson,1854
http://dbpedia.org/resource/Matt_Duchene,Matt Duchene,2373
http://dbpedia.org/resource/Vernon_Hatton,Vernon Hatton,1889
http://dbpedia.org/resource/Chris_McCullough,Chris McCullough,1815
http://dbpedia.org/resource/Matt_Smaby,Matt Smaby,2439
http://dbpedia.org/resource/Nigel_Dawes,Nigel Dawes,2218
http://dbpedia.org/resource/Ricky_Hickman,Ricky Hickman,1775
http://dbpedia.org/resource/Damen_Bell-Holter,Damen Bell-Holter,1988
http://dbpedia.org/resource/Bill_Ferrario,Bill Ferrario,2141
http://dbpedia.org/resource/Ryan_Maki,Ryan Maki,1835
http://dbpedia.org/resource/Lawrence_Johnson_(American_football),Lawrence Johnson (American football),2034
http://dbpedia.org/resource/David_Macklin,David Macklin,2107
http://dbpedia.org/resource/Billy_Cannon,Billy Cannon,1599
http://dbpedia.org/resource/Rasmus_Andersson,Rasmus Andersson,1965
http://dbpedia.org/resource/David_Beauregard,David Beauregard,2063
http://dbpedia.org/resource/Nemanja_Krstić,Nemanja Krstić,2316
http://dbpedia.org/resource/Karl-Anthony_Towns,Karl-Anthony Towns,2037
http://dbpedia.org/resource/Eddie_Anderson_(safety),Eddie Anderson (safety),2302
http://dbpedia.org/resource/Tracey_Eaton,Tracey Eaton,2123
http://dbpedia.org/resource/Dave_Karpa,Dave Karpa,1875
http://dbpedia.org/resource/E._J._Whitley,E. J. Whitley,1809
http://dbpedia.org/resource/Michael_Chaput,Michael Chaput,1919
http://dbpedia.org/resource/Carl_Davis_(American_football),Carl Davis (American football),2110
http://dbpedia.org/resource/Dwayne_Bowe,Dwayne Bowe,1930
http://dbpedia.org/resource/Steve_Shields_(ice_hockey),Steve Shields (ice hockey),1900
http://dbpedia.org/resource/Patrick_Rowe,Patrick Rowe,1880
http://dbpedia.org/resource/Mikko_Vainonen,Mikko Vainonen,1677
http://dbpedia.org/resource/Gerald_Coleman,Gerald Coleman,2106
http://dbpedia.org/resource/Otis_Smith_(basketball),Otis Smith (basketball),1753
http://dbpedia.org/resource/Max_Domi,Max Domi,1783
http://dbpedia.org/resource/Dom_Principe,Dom Principe,2153
http://dbpedia.org/resource/Predrag_Savović,Predrag Savović,1639
http://dbpedia.org/resource/Roy_Ebron,Roy Ebron,2043
"http://dbpedia.org/resource/Mike_Richardson_(American_football,_born_1984)","Mike Richardson (American football, born 1984)",2095
http://dbpedia.org/resource/Gary_Anderson_(placekicker),Gary Anderson (placekicker),1854
http://dbpedia.org/resource/Rob_Fredrickson,Rob Fredrickson,2122
http://dbpedia.org/resource/Eric_Rowe,Eric Rowe,2307
http://dbpedia.org/resource/Josh_Thomas_(cornerback),Josh Thomas (cornerback),1768
http://dbpedia.org/resource/Derek_Morris_(ice_hockey),Derek Morris (ice hockey),1901
http://dbpedia.org/resource/John_%22Kayo%22_Dottley,"John ""Kayo"" Dottley",2014
http://dbpedia.org/resource/Darren_Howard,Darren Howard,2105
http://dbpedia.org/resource/Derek_Schouman,Derek Schouman,2253
http://dbpedia.org/resource/Willie_Green,Willie Green,1929
