http://dbpedia.org/ontology/BasketballPlayer,BasketballPlayer,http://dbpedia.org/ontology/draftYear
http://dbpedia.org/resource/Joey_Dorsey,Joey Dorsey,2008
http://dbpedia.org/resource/Tony_Massenburg,Tony Massenburg,1990
http://dbpedia.org/resource/Andrey_Vorontsevich,Andrey Vorontsevich,2009
http://dbpedia.org/resource/Cooper_Land,Cooper Land,2011
http://dbpedia.org/resource/Felicia_Chester,Felicia Chester,2011
http://dbpedia.org/resource/Raimonds_Miglinieks,Raimonds Miglinieks,1996
http://dbpedia.org/resource/Petras_Balocka,Petras Balocka,2010
http://dbpedia.org/resource/Andre_Ingram,Andre Ingram,2007
http://dbpedia.org/resource/Jim_Master,Jim Master,1984
http://dbpedia.org/resource/Mo_Layton,Mo Layton,1971
http://dbpedia.org/resource/Adam_Kemp,Adam Kemp,2014
http://dbpedia.org/resource/Jim_McElroy,Jim McElroy,1975
http://dbpedia.org/resource/David_Hicks_(basketball),David Hicks (basketball),2011
http://dbpedia.org/resource/Kyle_Bailey_(basketball),Kyle Bailey (basketball),2005
http://dbpedia.org/resource/Craig_Bradshaw,Craig Bradshaw,2007
http://dbpedia.org/resource/Tyrone_Hill,Tyrone Hill,1990
http://dbpedia.org/resource/Filiberto_Rivera,Filiberto Rivera,2005
http://dbpedia.org/resource/Jeff_Sheppard,Jeff Sheppard,1998
http://dbpedia.org/resource/Danny_Manning,Danny Manning,1988
http://dbpedia.org/resource/Alonzo_Bradley,Alonzo Bradley,1977
http://dbpedia.org/resource/Stephanie_Raymond,Stephanie Raymond,2007
http://dbpedia.org/resource/Annalise_Pickrel,Annalise Pickrel,2014
http://dbpedia.org/resource/Jake_Layman,Jake Layman,2016
http://dbpedia.org/resource/Andy_Kostecka,Andy Kostecka,1948
http://dbpedia.org/resource/Lukša_Andrić,Lukša Andrić,2007
http://dbpedia.org/resource/Jason_Daisy,Jason Daisy,1997
http://dbpedia.org/resource/Colleen_Planeta,Colleen Planeta,2010
http://dbpedia.org/resource/John_Taylor_(basketball),John Taylor (basketball),2013
http://dbpedia.org/resource/Les_Jepsen,Les Jepsen,1990
http://dbpedia.org/resource/Lennie_Rosenbluth,Lennie Rosenbluth,1957
http://dbpedia.org/resource/Michael_Snaer,Michael Snaer,2013
http://dbpedia.org/resource/Clevin_Hannah,Clevin Hannah,2010
http://dbpedia.org/resource/Craig_Sword,Craig Sword,2016
http://dbpedia.org/resource/Timofey_Mozgov,Timofey Mozgov,2008
http://dbpedia.org/resource/Marko_Djurković,Marko Djurković,2009
http://dbpedia.org/resource/Filip_Dylewicz,Filip Dylewicz,2003
http://dbpedia.org/resource/Maurice_Shaw,Maurice Shaw,2006
http://dbpedia.org/resource/Tim_Smith_(basketball),Tim Smith (basketball),2006
http://dbpedia.org/resource/Jeff_Xavier,Jeff Xavier,2009
http://dbpedia.org/resource/Marcus_Lewis,Marcus Lewis,2009
http://dbpedia.org/resource/Kiesha_Brown,Kiesha Brown,2001
http://dbpedia.org/resource/Keddric_Mays,Keddric Mays,2007
http://dbpedia.org/resource/John_Ecker_(basketball),John Ecker (basketball),1971
"http://dbpedia.org/resource/Mike_James_(basketball,_born_1975)","Mike James (basketball, born 1975)",1998
http://dbpedia.org/resource/Charles_Judson_Wallace,Charles Judson Wallace,2005
http://dbpedia.org/resource/Mike_Bantom,Mike Bantom,1973
http://dbpedia.org/resource/D'Vauntes_Smith-Rivera,D'Vauntes Smith-Rivera,2016
http://dbpedia.org/resource/Trey_Johnson,Trey Johnson,2007
http://dbpedia.org/resource/Jeremy_McNeil,Jeremy McNeil,2004
http://dbpedia.org/resource/Uroš_Lučić,Uroš Lučić,2005
http://dbpedia.org/resource/Earl_Cureton,Earl Cureton,1979
http://dbpedia.org/resource/C._J._Giles,C. J. Giles,2008
http://dbpedia.org/resource/Mickaël_Gelabale,Mickaël Gelabale,2005
http://dbpedia.org/resource/John_Azary,John Azary,1951
http://dbpedia.org/resource/Luke_Hancock,Luke Hancock,2014
http://dbpedia.org/resource/Mike_Gminski,Mike Gminski,1980
http://dbpedia.org/resource/Ivan_Opačak,Ivan Opačak,2002
http://dbpedia.org/resource/Chris_Cooper_(basketball),Chris Cooper (basketball),2012
http://dbpedia.org/resource/Milenko_Tepić,Milenko Tepić,2009
http://dbpedia.org/resource/Andreas_Schreiber,Andreas Schreiber,2011
http://dbpedia.org/resource/Kenyon_Martin,Kenyon Martin,2000
http://dbpedia.org/resource/Philip_Brooks_(basketball),Philip Brooks (basketball),2008
http://dbpedia.org/resource/Nikos_Pappas_(basketball),Nikos Pappas (basketball),2012
http://dbpedia.org/resource/Ruben_Douglas,Ruben Douglas,2003
http://dbpedia.org/resource/Rudy_Macklin,Rudy Macklin,1981
http://dbpedia.org/resource/Mike_Jackson_(basketball),Mike Jackson (basketball),1972
http://dbpedia.org/resource/Nicole_Ohlde,Nicole Ohlde,2004
http://dbpedia.org/resource/Sean_May,Sean May,2005
http://dbpedia.org/resource/Kostas_Vasileiadis,Kostas Vasileiadis,2006
http://dbpedia.org/resource/Ben_Hansbrough,Ben Hansbrough,2011
http://dbpedia.org/resource/Ndudi_Ebi,Ndudi Ebi,2003
http://dbpedia.org/resource/Hristo_Nikolov_(basketball),Hristo Nikolov (basketball),2007
http://dbpedia.org/resource/Dan_Kraus,Dan Kraus,1948
http://dbpedia.org/resource/Ricky_Hickman,Ricky Hickman,2007
http://dbpedia.org/resource/Doug_Moe,Doug Moe,1961
http://dbpedia.org/resource/Zabian_Dowdell,Zabian Dowdell,2007
http://dbpedia.org/resource/DeVon_Hardin,DeVon Hardin,2008
http://dbpedia.org/resource/Monti_Davis,Monti Davis,1980
http://dbpedia.org/resource/Josh_McRoberts,Josh McRoberts,2007
http://dbpedia.org/resource/David_Wingate_(basketball),David Wingate (basketball),1986
http://dbpedia.org/resource/Ryan_Richards,Ryan Richards,2010
http://dbpedia.org/resource/Natasha_Lacy,Natasha Lacy,2008
http://dbpedia.org/resource/Lewis_Lloyd,Lewis Lloyd,1981
http://dbpedia.org/resource/James_Silas,James Silas,1972
http://dbpedia.org/resource/Alex_Loughton,Alex Loughton,2006
http://dbpedia.org/resource/Sean_Higgins_(basketball),Sean Higgins (basketball),1990
http://dbpedia.org/resource/Steve_Gansey,Steve Gansey,2007
http://dbpedia.org/resource/Brandon_Wood_(basketball),Brandon Wood (basketball),2012
http://dbpedia.org/resource/Greg_Lee_(basketball),Greg Lee (basketball),1974
http://dbpedia.org/resource/Terry_Kunze,Terry Kunze,1965
http://dbpedia.org/resource/Tony_Smith_(basketball),Tony Smith (basketball),1990
http://dbpedia.org/resource/Paul_Graham_(basketball),Paul Graham (basketball),1989
http://dbpedia.org/resource/Dmytro_Zabirchenko,Dmytro Zabirchenko,2006
http://dbpedia.org/resource/Warren_Perkins,Warren Perkins,1949
http://dbpedia.org/resource/Leary_Lentz,Leary Lentz,1967
http://dbpedia.org/resource/Samantha_Prahalis,Samantha Prahalis,2012
http://dbpedia.org/resource/Nikola_Janković_(basketball),Nikola Janković (basketball),2016
http://dbpedia.org/resource/Rumeal_Robinson,Rumeal Robinson,1990
http://dbpedia.org/resource/William_Njoku,William Njoku,1994
http://dbpedia.org/resource/Wayne_Hightower,Wayne Hightower,1962
http://dbpedia.org/resource/Brandon_Ashley,Brandon Ashley,2015
http://dbpedia.org/resource/Jason_Killeen,Jason Killeen,2009
http://dbpedia.org/resource/Kendall_Williams,Kendall Williams,2014
http://dbpedia.org/resource/Jim_Thomas_(basketball),Jim Thomas (basketball),1983
http://dbpedia.org/resource/Chris_Taft,Chris Taft,2005
http://dbpedia.org/resource/Gino_Lanisse,Gino Lanisse,2003
http://dbpedia.org/resource/Joe_Spinks,Joe Spinks,1994
http://dbpedia.org/resource/Ryan_Gomes,Ryan Gomes,2005
http://dbpedia.org/resource/Kenan_Bajramović,Kenan Bajramović,2003
http://dbpedia.org/resource/Matt_Santangelo,Matt Santangelo,2000
http://dbpedia.org/resource/MarShon_Brooks,MarShon Brooks,2011
http://dbpedia.org/resource/Lance_Allred,Lance Allred,2005
http://dbpedia.org/resource/Spencer_Haywood,Spencer Haywood,1971
http://dbpedia.org/resource/Jay_Bilas,Jay Bilas,1986
http://dbpedia.org/resource/Ben_McCauley,Ben McCauley,2009
http://dbpedia.org/resource/Travis_Holmes,Travis Holmes,2009
http://dbpedia.org/resource/Carlton_McKinney,Carlton McKinney,1988
http://dbpedia.org/resource/Walt_Wesley,Walt Wesley,1966
http://dbpedia.org/resource/Bob_Carrington,Bob Carrington,1976
http://dbpedia.org/resource/Georgios_Papapetrou,Georgios Papapetrou,2014
http://dbpedia.org/resource/Devin_Booker,Devin Booker,2015
http://dbpedia.org/resource/Antonio_Granger,Antonio Granger,1998
http://dbpedia.org/resource/Dragan_Lukovski,Dragan Lukovski,1997
http://dbpedia.org/resource/Fred_Hetzel,Fred Hetzel,1965
http://dbpedia.org/resource/Clinton_Smith_(basketball),Clinton Smith (basketball),1986
http://dbpedia.org/resource/Damian_Woolfolk,Damian Woolfolk,2000
http://dbpedia.org/resource/Octavia_Blue,Octavia Blue,1998
"http://dbpedia.org/resource/Corey_Williams_(basketball,_born_1970)","Corey Williams (basketball, born 1970)",1992
http://dbpedia.org/resource/Mac_Otten,Mac Otten,1949
http://dbpedia.org/resource/Renaldas_Seibutis,Renaldas Seibutis,2007
http://dbpedia.org/resource/George_Evans_(basketball),George Evans (basketball),2001
http://dbpedia.org/resource/Skippy_Whitaker,Skippy Whitaker,1952
http://dbpedia.org/resource/Dior_Lowhorn,Dior Lowhorn,2010
http://dbpedia.org/resource/Božo_Đumić,Božo Đumić,2014
http://dbpedia.org/resource/Frank_Reddout,Frank Reddout,1953
http://dbpedia.org/resource/Shawn_King_(basketball),Shawn King (basketball),2008
http://dbpedia.org/resource/Lloyd_Batts,Lloyd Batts,1974
http://dbpedia.org/resource/Steve_Bracey,Steve Bracey,1972
http://dbpedia.org/resource/Cavell_Johnson,Cavell Johnson,2008
http://dbpedia.org/resource/Phil_Lumpkin,Phil Lumpkin,1974
http://dbpedia.org/resource/Larry_Brown_(basketball),Larry Brown (basketball),1963
http://dbpedia.org/resource/Swin_Cash,Swin Cash,2002
http://dbpedia.org/resource/Philip_Zwiener,Philip Zwiener,2007
http://dbpedia.org/resource/Jerome_Kersey,Jerome Kersey,1984
http://dbpedia.org/resource/Jermaine_Beal,Jermaine Beal,2010
http://dbpedia.org/resource/Giuseppe_Poeta,Giuseppe Poeta,2007
http://dbpedia.org/resource/Rodney_Stuckey,Rodney Stuckey,2007
http://dbpedia.org/resource/Jérôme_Moïso,Jérôme Moïso,2000
http://dbpedia.org/resource/Tony_Gugino,Tony Gugino,2009
http://dbpedia.org/resource/Joffrey_Lauvergne,Joffrey Lauvergne,2013
http://dbpedia.org/resource/Chamique_Holdsclaw,Chamique Holdsclaw,1999
http://dbpedia.org/resource/Sergei_Bykov,Sergei Bykov,2005
http://dbpedia.org/resource/Larry_Hughes,Larry Hughes,1998
http://dbpedia.org/resource/Doug_Kistler,Doug Kistler,1961
http://dbpedia.org/resource/Joevan_Catron,Joevan Catron,2011
http://dbpedia.org/resource/Daniel_Clark_(basketball),Daniel Clark (basketball),2010
http://dbpedia.org/resource/Reeves_Nelson,Reeves Nelson,2012
http://dbpedia.org/resource/Jim_Lampley_(basketball),Jim Lampley (basketball),1983
http://dbpedia.org/resource/Saša_Čađo,Saša Čađo,2009
http://dbpedia.org/resource/Pierre_Jallow,Pierre Jallow,2004
http://dbpedia.org/resource/Xavi_Rabaseda,Xavi Rabaseda,2011
http://dbpedia.org/resource/Devin_Thomas_(basketball),Devin Thomas (basketball),2016
http://dbpedia.org/resource/Igor_Kudelin,Igor Kudelin,1994
http://dbpedia.org/resource/Michael_Bauer_(basketball),Michael Bauer (basketball),2004
http://dbpedia.org/resource/Chris_Obekpa,Chris Obekpa,2016
http://dbpedia.org/resource/Turner_Battle,Turner Battle,2005
http://dbpedia.org/resource/Ivan_McFarlin,Ivan McFarlin,2005
http://dbpedia.org/resource/Edgaras_Ulanovas,Edgaras Ulanovas,2014
http://dbpedia.org/resource/Drew_Gooden,Drew Gooden,2002
http://dbpedia.org/resource/Jacob_Parker,Jacob Parker,2015
http://dbpedia.org/resource/Willie_Jones_(basketball),Willie Jones (basketball),1960
http://dbpedia.org/resource/Dave_Scholz,Dave Scholz,1969
http://dbpedia.org/resource/Tyler_Cain,Tyler Cain,2010
http://dbpedia.org/resource/Svetlana_Abrosimova,Svetlana Abrosimova,2001
http://dbpedia.org/resource/Adnan_Hodžić,Adnan Hodžić,2011
http://dbpedia.org/resource/Walter_Dukes,Walter Dukes,1953
http://dbpedia.org/resource/Robbie_Hummel,Robbie Hummel,2012
http://dbpedia.org/resource/Adrian_Williams-Strong,Adrian Williams-Strong,2000
"http://dbpedia.org/resource/Eddie_Johnson_(basketball,_born_1955)","Eddie Johnson (basketball, born 1955)",1977
http://dbpedia.org/resource/Kawhi_Leonard,Kawhi Leonard,2011
"http://dbpedia.org/resource/Mike_Mitchell_(basketball,_born_1956)","Mike Mitchell (basketball, born 1956)",1978
http://dbpedia.org/resource/Pat_Connaughton,Pat Connaughton,2015
http://dbpedia.org/resource/Theodoros_Zaras,Theodoros Zaras,2009
http://dbpedia.org/resource/Kenny_Travis,Kenny Travis,1987
http://dbpedia.org/resource/Fred_House,Fred House,2001
"http://dbpedia.org/resource/Bill_Jones_(basketball,_born_1966)","Bill Jones (basketball, born 1966)",1988
http://dbpedia.org/resource/Todor_Gečevski,Todor Gečevski,1999
http://dbpedia.org/resource/Elton_Nesbitt,Elton Nesbitt,2006
http://dbpedia.org/resource/Dani_Díez,Dani Díez,2015
http://dbpedia.org/resource/Arvesta_Kelly,Arvesta Kelly,1967
http://dbpedia.org/resource/Jaka_Brodnik,Jaka Brodnik,2014
http://dbpedia.org/resource/Earl_Dodd,Earl Dodd,1949
http://dbpedia.org/resource/Travis_Best,Travis Best,1995
http://dbpedia.org/resource/Mark_Price,Mark Price,1986
http://dbpedia.org/resource/Otis_Birdsong,Otis Birdsong,1977
http://dbpedia.org/resource/Bevo_Nordmann,Bevo Nordmann,1961
http://dbpedia.org/resource/Billy_Schaeffer,Billy Schaeffer,1973
http://dbpedia.org/resource/Mateen_Cleaves,Mateen Cleaves,2000
http://dbpedia.org/resource/Dejan_Borovnjak,Dejan Borovnjak,2008
http://dbpedia.org/resource/Kevin_Magee_(basketball),Kevin Magee (basketball),1982
http://dbpedia.org/resource/Jason_Hart_(basketball),Jason Hart (basketball),2000
http://dbpedia.org/resource/Aaron_Brooks_(basketball),Aaron Brooks (basketball),2007
http://dbpedia.org/resource/Linas_Kleiza,Linas Kleiza,2005
http://dbpedia.org/resource/Greg_Mangano,Greg Mangano,2012
http://dbpedia.org/resource/Rick_Wilson_(basketball),Rick Wilson (basketball),1978
http://dbpedia.org/resource/Ron_Dunlap,Ron Dunlap,1968
http://dbpedia.org/resource/Luke_Bonner,Luke Bonner,2009
http://dbpedia.org/resource/Murray_Wier,Murray Wier,1948
http://dbpedia.org/resource/Viktor_Sanikidze,Viktor Sanikidze,2004
http://dbpedia.org/resource/Juris_Umbraško,Juris Umbraško,2001
http://dbpedia.org/resource/Tommy_Mason-Griffin,Tommy Mason-Griffin,2010
http://dbpedia.org/resource/Marco_Belinelli,Marco Belinelli,2007
http://dbpedia.org/resource/James_Wade_(basketball),James Wade (basketball),1998
http://dbpedia.org/resource/Cedric_Ball,Cedric Ball,1990
http://dbpedia.org/resource/Nina_Bjedov,Nina Bjedov,1999
http://dbpedia.org/resource/Kenyan_Weaks,Kenyan Weaks,2000
http://dbpedia.org/resource/Korie_Lucious,Korie Lucious,2013
http://dbpedia.org/resource/Bryan_Warrick,Bryan Warrick,1982
http://dbpedia.org/resource/Daniel_Johnson_(basketball),Daniel Johnson (basketball),2008
http://dbpedia.org/resource/T._J._Cummings,T. J. Cummings,2004
http://dbpedia.org/resource/Greg_Somogyi,Greg Somogyi,2012
http://dbpedia.org/resource/Jahii_Carson,Jahii Carson,2014
http://dbpedia.org/resource/Levi_Randolph,Levi Randolph,2015
http://dbpedia.org/resource/Edgar_Lacy,Edgar Lacy,1968
http://dbpedia.org/resource/Damjan_Stojanovski,Damjan Stojanovski,2009
http://dbpedia.org/resource/Terry_Teagle,Terry Teagle,1982
http://dbpedia.org/resource/Toddrick_Gotcher,Toddrick Gotcher,2016
http://dbpedia.org/resource/Nikola_Bulatović,Nikola Bulatović,1993
http://dbpedia.org/resource/Jason_Washburn,Jason Washburn,2013
http://dbpedia.org/resource/Pavel_Ivanov,Pavel Ivanov,2010
"http://dbpedia.org/resource/Ron_Riley_(basketball,_born_1973)","Ron Riley (basketball, born 1973)",1996
http://dbpedia.org/resource/George_Patterson_(basketball),George Patterson (basketball),1961
http://dbpedia.org/resource/Mack_Calvin,Mack Calvin,1969
http://dbpedia.org/resource/Óscar_Torres,Óscar Torres,1998
http://dbpedia.org/resource/Ivan_Radenović,Ivan Radenović,2007
http://dbpedia.org/resource/Duane_Causwell,Duane Causwell,1990
http://dbpedia.org/resource/Anthony_Gill_(basketball),Anthony Gill (basketball),2016
http://dbpedia.org/resource/Nathan_Healy_(basketball),Nathan Healy (basketball),2013
http://dbpedia.org/resource/Whitey_Kachan,Whitey Kachan,1948
http://dbpedia.org/resource/Kateřina_Elhotová,Kateřina Elhotová,2011
http://dbpedia.org/resource/Evan_Conti,Evan Conti,2015
http://dbpedia.org/resource/Chuck_Grigsby,Chuck Grigsby,1952
http://dbpedia.org/resource/Charles_Rhodes,Charles Rhodes,2008
http://dbpedia.org/resource/Earl_Monroe,Earl Monroe,1967
http://dbpedia.org/resource/Crystal_Robinson,Crystal Robinson,1999
http://dbpedia.org/resource/Nebojša_Joksimović_(basketball),Nebojša Joksimović (basketball),2003
http://dbpedia.org/resource/Dan_Roundfield,Dan Roundfield,1975
http://dbpedia.org/resource/Patricio_Garino,Patricio Garino,2016
http://dbpedia.org/resource/Farhiya_Abdi,Farhiya Abdi,2012
http://dbpedia.org/resource/Kyle_Macy,Kyle Macy,1979
http://dbpedia.org/resource/Darius_Theus,Darius Theus,2013
http://dbpedia.org/resource/Austin_Dufault,Austin Dufault,2012
http://dbpedia.org/resource/Torrey_Butler,Torrey Butler,2003
http://dbpedia.org/resource/Semyon_Antonov,Semyon Antonov,2011
http://dbpedia.org/resource/Melvin_Levett,Melvin Levett,1999
http://dbpedia.org/resource/Elliot_Williams,Elliot Williams,2010
http://dbpedia.org/resource/Jamal_Murray,Jamal Murray,2016
http://dbpedia.org/resource/Kelley_Cain,Kelley Cain,2012
http://dbpedia.org/resource/Dick_Grubar,Dick Grubar,1969
http://dbpedia.org/resource/Mario_West,Mario West,2007
http://dbpedia.org/resource/Mustafa_Abdul-Hamid,Mustafa Abdul-Hamid,2010
http://dbpedia.org/resource/Tony_Price_(basketball),Tony Price (basketball),1979
http://dbpedia.org/resource/Desmon_Farmer,Desmon Farmer,2004
http://dbpedia.org/resource/Ovidijus_Galdikas,Ovidijus Galdikas,2010
http://dbpedia.org/resource/Jason_Richards_(basketball),Jason Richards (basketball),2008
http://dbpedia.org/resource/Jerry_Johnson_(basketball),Jerry Johnson (basketball),2005
http://dbpedia.org/resource/Samuel_Dalembert,Samuel Dalembert,2001
http://dbpedia.org/resource/John_Warren_(basketball),John Warren (basketball),1969
http://dbpedia.org/resource/Joe_Crawford_(basketball),Joe Crawford (basketball),2008
http://dbpedia.org/resource/Tomas_Van_Den_Spiegel,Tomas Van Den Spiegel,2000
http://dbpedia.org/resource/Ronnie_Joyner,Ronnie Joyner,1982
http://dbpedia.org/resource/Terrell_Bell_(basketball),Terrell Bell (basketball),1996
http://dbpedia.org/resource/Evgeni_Kisurin,Evgeni Kisurin,1993
http://dbpedia.org/resource/Le'Bryan_Nash,Le'Bryan Nash,2015
http://dbpedia.org/resource/Andrea_Lloyd-Curry,Andrea Lloyd-Curry,1999
http://dbpedia.org/resource/Steven_Adams,Steven Adams,2013
http://dbpedia.org/resource/Pace_Mannion,Pace Mannion,1983
http://dbpedia.org/resource/Kevin_Salvadori,Kevin Salvadori,1994
"http://dbpedia.org/resource/Mark_Davis_(basketball,_born_1973)","Mark Davis (basketball, born 1973)",1995
http://dbpedia.org/resource/Delonte_West,Delonte West,2004
http://dbpedia.org/resource/Tut_Ruach,Tut Ruach,2009
http://dbpedia.org/resource/Amit_Tamir,Amit Tamir,2004
http://dbpedia.org/resource/Guy_Sparrow_(basketball),Guy Sparrow (basketball),1955
http://dbpedia.org/resource/Terence_Dials,Terence Dials,2006
http://dbpedia.org/resource/Jerome_Allen_(basketball),Jerome Allen (basketball),1995
http://dbpedia.org/resource/Anthony_Vroblicky,Anthony Vroblicky,2014
http://dbpedia.org/resource/Tom_Hovasse,Tom Hovasse,1989
http://dbpedia.org/resource/Filip_Adamović,Filip Adamović,2010
http://dbpedia.org/resource/Leo_Rautins,Leo Rautins,1983
http://dbpedia.org/resource/Rod_Higgins,Rod Higgins,1982
http://dbpedia.org/resource/Da'Sean_Butler,Da'Sean Butler,2010
http://dbpedia.org/resource/George_T._Johnson,George T. Johnson,1970
http://dbpedia.org/resource/Robertas_Javtokas,Robertas Javtokas,2001
http://dbpedia.org/resource/Sam_Clancy_Jr.,Sam Clancy Jr.,2002
http://dbpedia.org/resource/Marcus_Haislip,Marcus Haislip,2002
http://dbpedia.org/resource/Kenny_Williams_(basketball),Kenny Williams (basketball),1990
http://dbpedia.org/resource/Jahidi_White,Jahidi White,1998
http://dbpedia.org/resource/Jeremy_Chappell,Jeremy Chappell,2009
http://dbpedia.org/resource/Rex_Chapman,Rex Chapman,1988
http://dbpedia.org/resource/Filip_Krušlin,Filip Krušlin,2011
http://dbpedia.org/resource/Essie_Hollis,Essie Hollis,1977
http://dbpedia.org/resource/Kevin_McHale_(basketball),Kevin McHale (basketball),1980
http://dbpedia.org/resource/LeBron_James,LeBron James,2003
http://dbpedia.org/resource/Sihugo_Green,Sihugo Green,1956
http://dbpedia.org/resource/Slobodan_Božović,Slobodan Božović,2001
http://dbpedia.org/resource/Mike_Silliman,Mike Silliman,1966
http://dbpedia.org/resource/Shavon_Shields,Shavon Shields,2016
http://dbpedia.org/resource/Mark_Alarie,Mark Alarie,1986
http://dbpedia.org/resource/Wendy_Palmer,Wendy Palmer,1997
http://dbpedia.org/resource/Byron_Houston,Byron Houston,1992
http://dbpedia.org/resource/Richard_Hendrix,Richard Hendrix,2008
http://dbpedia.org/resource/Will_Hudson,Will Hudson,2011
http://dbpedia.org/resource/D'Angelo_Russell,D'Angelo Russell,2015
http://dbpedia.org/resource/Hank_Whitney,Hank Whitney,1961
http://dbpedia.org/resource/Mickell_Gladness,Mickell Gladness,2008
http://dbpedia.org/resource/Arsalan_Kazemi,Arsalan Kazemi,2013
http://dbpedia.org/resource/Fedor_Likholitov,Fedor Likholitov,2002
http://dbpedia.org/resource/Matthew_Dellavedova,Matthew Dellavedova,2013
http://dbpedia.org/resource/Miljan_Goljović,Miljan Goljović,1993
http://dbpedia.org/resource/Keith_Askins,Keith Askins,1990
http://dbpedia.org/resource/Valdas_Vasylius,Valdas Vasylius,2007
http://dbpedia.org/resource/Dwayne_Davis,Dwayne Davis,2013
http://dbpedia.org/resource/Daniel_Gibson,Daniel Gibson,2006
http://dbpedia.org/resource/Eric_Anderson_(basketball),Eric Anderson (basketball),1992
http://dbpedia.org/resource/M._L._Carr,M. L. Carr,1973
http://dbpedia.org/resource/Sam_Thompson_(basketball),Sam Thompson (basketball),2015
http://dbpedia.org/resource/Ruthie_Bolton,Ruthie Bolton,1997
http://dbpedia.org/resource/Chris_Jent,Chris Jent,1992
http://dbpedia.org/resource/Cedric_Moodie,Cedric Moodie,2002
http://dbpedia.org/resource/Uwe_Blab,Uwe Blab,1985
http://dbpedia.org/resource/Devyn_Marble,Devyn Marble,2014
http://dbpedia.org/resource/Larry_Spriggs,Larry Spriggs,1981
http://dbpedia.org/resource/Jeffery_Taylor,Jeffery Taylor,2012
http://dbpedia.org/resource/Jacob_Jaacks,Jacob Jaacks,2000
http://dbpedia.org/resource/Devin_Oliver,Devin Oliver,2014
http://dbpedia.org/resource/James_Wilkes_(basketball),James Wilkes (basketball),1980
http://dbpedia.org/resource/Murray_Mitchell,Murray Mitchell,1948
http://dbpedia.org/resource/Jeryl_Sasser,Jeryl Sasser,2001
http://dbpedia.org/resource/Raef_LaFrentz,Raef LaFrentz,1998
http://dbpedia.org/resource/Chris_Robinson_(basketball),Chris Robinson (basketball),1996
http://dbpedia.org/resource/Burdette_Haldorson,Burdette Haldorson,1955
http://dbpedia.org/resource/Travis_Wear,Travis Wear,2014
http://dbpedia.org/resource/James_Worthy,James Worthy,1982
http://dbpedia.org/resource/Matthew_Knight_(basketball),Matthew Knight (basketball),2007
http://dbpedia.org/resource/Mindaugas_Lukauskis,Mindaugas Lukauskis,2001
http://dbpedia.org/resource/Ryan_Harrow,Ryan Harrow,2015
http://dbpedia.org/resource/Ted_McClain,Ted McClain,1971
http://dbpedia.org/resource/Gary_Gregor,Gary Gregor,1968
http://dbpedia.org/resource/Devin_Green,Devin Green,2005
http://dbpedia.org/resource/Justin_Howard,Justin Howard,2003
http://dbpedia.org/resource/Pierre_Valmera,Pierre Valmera,2003
http://dbpedia.org/resource/Bryce_Dejean-Jones,Bryce Dejean-Jones,2015
http://dbpedia.org/resource/Artūras_Karnišovas,Artūras Karnišovas,1994
http://dbpedia.org/resource/Deshawn_Stephens,Deshawn Stephens,2013
http://dbpedia.org/resource/Rodrigue_Beaubois,Rodrigue Beaubois,2009
http://dbpedia.org/resource/Mel_Gibson_(basketball),Mel Gibson (basketball),1963
http://dbpedia.org/resource/Ayana_Walker,Ayana Walker,2002
http://dbpedia.org/resource/Patrick_Eddie,Patrick Eddie,1991
http://dbpedia.org/resource/Bill_Hewitt_(basketball),Bill Hewitt (basketball),1968
http://dbpedia.org/resource/Miroslav_Todić,Miroslav Todić,2007
http://dbpedia.org/resource/Charles_Shackleford,Charles Shackleford,1988
http://dbpedia.org/resource/Heiko_Schaffartzik,Heiko Schaffartzik,2006
http://dbpedia.org/resource/Rodney_Rogers,Rodney Rogers,1993
http://dbpedia.org/resource/David_Burns_(basketball),David Burns (basketball),1981
http://dbpedia.org/resource/Jimmy_Darrow,Jimmy Darrow,1960
http://dbpedia.org/resource/Vince_Kelley,Vince Kelley,1984
http://dbpedia.org/resource/Travis_Bader,Travis Bader,2014
http://dbpedia.org/resource/Melvin_Scott,Melvin Scott,2005
http://dbpedia.org/resource/Levon_Kendall,Levon Kendall,2007
http://dbpedia.org/resource/Charlie_Sitton,Charlie Sitton,1984
http://dbpedia.org/resource/Med_Park,Med Park,1955
http://dbpedia.org/resource/Brad_Miller_(basketball),Brad Miller (basketball),1998
http://dbpedia.org/resource/Ieva_Kubliņa,Ieva Kubliņa,2004
http://dbpedia.org/resource/Chris_Eversley,Chris Eversley,2014
http://dbpedia.org/resource/Rashad_Anderson,Rashad Anderson,2006
http://dbpedia.org/resource/Reggie_Redding,Reggie Redding,2010
http://dbpedia.org/resource/Keith_Starr,Keith Starr,1976
http://dbpedia.org/resource/Kevin_Punter,Kevin Punter,2016
http://dbpedia.org/resource/Odell_Bradley,Odell Bradley,2004
http://dbpedia.org/resource/Wayne_Selden_Jr.,Wayne Selden Jr.,2016
http://dbpedia.org/resource/Ray_Willis_(basketball),Ray Willis (basketball),2013
http://dbpedia.org/resource/Steve_Logan,Steve Logan,2002
http://dbpedia.org/resource/Jason_Brickman,Jason Brickman,2014
http://dbpedia.org/resource/Dimitar_Mirakovski,Dimitar Mirakovski,2003
http://dbpedia.org/resource/Harvey_Grant,Harvey Grant,1988
http://dbpedia.org/resource/Ronald_Blackshear,Ronald Blackshear,2003
http://dbpedia.org/resource/Shammond_Williams,Shammond Williams,1998
http://dbpedia.org/resource/Kimani_Ffriend,Kimani Ffriend,2001
http://dbpedia.org/resource/Roneeka_Hodges,Roneeka Hodges,2005
http://dbpedia.org/resource/Marcus_Capers,Marcus Capers,2012
http://dbpedia.org/resource/Leon_Smith_(basketball),Leon Smith (basketball),1999
http://dbpedia.org/resource/Slaviša_Koprivica,Slaviša Koprivica,1990
http://dbpedia.org/resource/Kasha_Terry,Kasha Terry,2006
http://dbpedia.org/resource/Corey_Benjamin,Corey Benjamin,1998
http://dbpedia.org/resource/Jitim_Young,Jitim Young,2004
http://dbpedia.org/resource/Larry_Demic,Larry Demic,1979
http://dbpedia.org/resource/Keith_Van_Horn,Keith Van Horn,1997
http://dbpedia.org/resource/Gary_Collier_(basketball),Gary Collier (basketball),1994
http://dbpedia.org/resource/Chris_Lofton,Chris Lofton,2008
http://dbpedia.org/resource/Jamar_Howard,Jamar Howard,2005
http://dbpedia.org/resource/Robert_Sherwin,Robert Sherwin,1973
http://dbpedia.org/resource/LaQuanda_Barksdale,LaQuanda Barksdale,2001
http://dbpedia.org/resource/Juan_Palacios_(basketball),Juan Palacios (basketball),2008
http://dbpedia.org/resource/Dennis_Scott_(basketball),Dennis Scott (basketball),1990
http://dbpedia.org/resource/Josh_Akognon,Josh Akognon,2009
http://dbpedia.org/resource/Torgeir_Bryn,Torgeir Bryn,1989
http://dbpedia.org/resource/DaJuan_Summers,DaJuan Summers,2009
http://dbpedia.org/resource/Joe_Ruklick,Joe Ruklick,1959
http://dbpedia.org/resource/Evers_Burns,Evers Burns,1993
http://dbpedia.org/resource/Fanis_Christodoulou,Fanis Christodoulou,1987
http://dbpedia.org/resource/Kenny_Sykes,Kenny Sykes,1995
http://dbpedia.org/resource/Jim_Brewer_(basketball),Jim Brewer (basketball),1973
http://dbpedia.org/resource/Warren_Isaac,Warren Isaac,1965
"http://dbpedia.org/resource/Mike_Davis_(basketball,_born_1956)","Mike Davis (basketball, born 1956)",1978
http://dbpedia.org/resource/DeAndre_Liggins,DeAndre Liggins,2011
http://dbpedia.org/resource/Ricky_Grace,Ricky Grace,1988
http://dbpedia.org/resource/Erron_Maxey,Erron Maxey,2001
http://dbpedia.org/resource/Velimir_Radinović,Velimir Radinović,2004
http://dbpedia.org/resource/Timo_Saarelainen,Timo Saarelainen,1985
http://dbpedia.org/resource/Sean_Kilpatrick,Sean Kilpatrick,2014
http://dbpedia.org/resource/Isaiah_Armwood,Isaiah Armwood,2014
http://dbpedia.org/resource/Joe_McNamee,Joe McNamee,1950
http://dbpedia.org/resource/Dijon_Thompson,Dijon Thompson,2005
http://dbpedia.org/resource/David_Gonzalvez,David Gonzalvez,2010
http://dbpedia.org/resource/Darrell_Williams_(basketball),Darrell Williams (basketball),2015
http://dbpedia.org/resource/Micheal_Eric,Micheal Eric,2012
http://dbpedia.org/resource/Billy_Paultz,Billy Paultz,1970
http://dbpedia.org/resource/Alexander_Volkov_(basketball),Alexander Volkov (basketball),1986
http://dbpedia.org/resource/Lanard_Copeland,Lanard Copeland,1989
http://dbpedia.org/resource/John_Gilchrist_(basketball),John Gilchrist (basketball),2005
http://dbpedia.org/resource/Kia_Vaughn,Kia Vaughn,2009
http://dbpedia.org/resource/Tyler_Hines,Tyler Hines,2012
http://dbpedia.org/resource/Kostas_Ezomo,Kostas Ezomo,2014
http://dbpedia.org/resource/Luis_Montero,Luis Montero,2015
http://dbpedia.org/resource/Mark_Sibley,Mark Sibley,1973
http://dbpedia.org/resource/Michael_Brooks_(basketball),Michael Brooks (basketball),1980
http://dbpedia.org/resource/Krystal_Thomas,Krystal Thomas,2011
http://dbpedia.org/resource/Quincy_Acy,Quincy Acy,2012
http://dbpedia.org/resource/Matt_Barnes,Matt Barnes,2002
http://dbpedia.org/resource/Keith_Erickson,Keith Erickson,1965
http://dbpedia.org/resource/Charlie_Lowery,Charlie Lowery,1971
http://dbpedia.org/resource/Red_Murrell_(basketball),Red Murrell (basketball),1958
http://dbpedia.org/resource/Charlie_Beasley,Charlie Beasley,1967
http://dbpedia.org/resource/Will_Solomon,Will Solomon,2001
http://dbpedia.org/resource/Joe_Wylie,Joe Wylie,1991
http://dbpedia.org/resource/Mark_Workman,Mark Workman,1952
http://dbpedia.org/resource/A._J._Hammons,A. J. Hammons,2016
http://dbpedia.org/resource/Antoine_Diot,Antoine Diot,2011
http://dbpedia.org/resource/Sonja_Petrović,Sonja Petrović,2009
http://dbpedia.org/resource/Matt_Guokas,Matt Guokas,1966
"http://dbpedia.org/resource/Mike_Jones_(basketball,_born_1984)","Mike Jones (basketball, born 1984)",2007
http://dbpedia.org/resource/Lee_Seung-jun_(basketball),Lee Seung-jun (basketball),2002
http://dbpedia.org/resource/Ronnie_Price,Ronnie Price,2005
http://dbpedia.org/resource/Ryan_Wittman,Ryan Wittman,2010
http://dbpedia.org/resource/Shawn_Respert,Shawn Respert,1995
http://dbpedia.org/resource/J._R._Reynolds,J. R. Reynolds,2007
http://dbpedia.org/resource/Horace_Walker_(basketball),Horace Walker (basketball),1960
http://dbpedia.org/resource/Pavel_Antipov,Pavel Antipov,2013
http://dbpedia.org/resource/Bob_Netolicky,Bob Netolicky,1967
http://dbpedia.org/resource/Petar_Jokić_(basketball),Petar Jokić (basketball),2013
http://dbpedia.org/resource/Julius_Randle,Julius Randle,2014
http://dbpedia.org/resource/Brice_Johnson,Brice Johnson,2016
http://dbpedia.org/resource/Jim_Walsh_(basketball),Jim Walsh (basketball),1952
http://dbpedia.org/resource/Bryant_Smith,Bryant Smith,1995
http://dbpedia.org/resource/Nicolò_Melli,Nicolò Melli,2013
"http://dbpedia.org/resource/Marcus_Thornton_(basketball,_born_1992)","Marcus Thornton (basketball, born 1992)",2015
http://dbpedia.org/resource/Willie_Reed,Willie Reed,2011
http://dbpedia.org/resource/Sammy_Mejía,Sammy Mejía,2007
http://dbpedia.org/resource/Jaak_Lipso,Jaak Lipso,1962
http://dbpedia.org/resource/Robbie_Sihota,Robbie Sihota,2010
http://dbpedia.org/resource/Josh_Huestis,Josh Huestis,2014
http://dbpedia.org/resource/Devin_Gray,Devin Gray,1995
http://dbpedia.org/resource/Amir_Johnson,Amir Johnson,2005
http://dbpedia.org/resource/Maximilian_Kleber,Maximilian Kleber,2014
http://dbpedia.org/resource/John_Shurna,John Shurna,2012
http://dbpedia.org/resource/Bill_Uhl,Bill Uhl,1956
http://dbpedia.org/resource/Marcus_Liberty,Marcus Liberty,1990
http://dbpedia.org/resource/Ashton_Pankey,Ashton Pankey,2015
http://dbpedia.org/resource/Cameron_Ayers,Cameron Ayers,2014
http://dbpedia.org/resource/Danuel_House,Danuel House,2016
http://dbpedia.org/resource/Mehmet_Okur,Mehmet Okur,2001
http://dbpedia.org/resource/Brandon_Brooks_(basketball),Brandon Brooks (basketball),2009
http://dbpedia.org/resource/Rain_Veideman,Rain Veideman,2013
http://dbpedia.org/resource/Bob_McIntyre_(basketball),Bob McIntyre (basketball),1966
http://dbpedia.org/resource/Sergio_Kerusch,Sergio Kerusch,2011
http://dbpedia.org/resource/Bonzi_Wells,Bonzi Wells,1998
http://dbpedia.org/resource/Art_Becker,Art Becker,1964
http://dbpedia.org/resource/Rod_Benson,Rod Benson,2006
http://dbpedia.org/resource/Stefan_Pot,Stefan Pot,2016
http://dbpedia.org/resource/Jeff_Slade,Jeff Slade,1962
http://dbpedia.org/resource/Nicole_Levandusky,Nicole Levandusky,2001
http://dbpedia.org/resource/Joe_Hamilton_(basketball),Joe Hamilton (basketball),1970
http://dbpedia.org/resource/Pat_Dunn_(basketball),Pat Dunn (basketball),1956
http://dbpedia.org/resource/E._J._Rowland,E. J. Rowland,2005
http://dbpedia.org/resource/Ryan_Pearson_(basketball),Ryan Pearson (basketball),2012
http://dbpedia.org/resource/Lazaros_Papadopoulos,Lazaros Papadopoulos,2002
http://dbpedia.org/resource/Stephen_Stewart_(basketball),Stephen Stewart (basketball),1995
http://dbpedia.org/resource/Delaney_Rudd,Delaney Rudd,1985
http://dbpedia.org/resource/Steve_Previs,Steve Previs,1972
http://dbpedia.org/resource/Joe_Binion,Joe Binion,1984
http://dbpedia.org/resource/Jeff_Lamp,Jeff Lamp,1981
http://dbpedia.org/resource/Yuki_Togashi,Yuki Togashi,2014
http://dbpedia.org/resource/Clark_Kellogg,Clark Kellogg,1982
http://dbpedia.org/resource/Bernard_Toone,Bernard Toone,1979
http://dbpedia.org/resource/Ron_Harper,Ron Harper,1986
http://dbpedia.org/resource/Vinnie_Johnson,Vinnie Johnson,1979
http://dbpedia.org/resource/Jim_Phelan_(basketball),Jim Phelan (basketball),1951
http://dbpedia.org/resource/Chelsea_Gray,Chelsea Gray,2014
http://dbpedia.org/resource/Ted_Kitchel,Ted Kitchel,1983
http://dbpedia.org/resource/Tanner_Smith_(basketball),Tanner Smith (basketball),2012
http://dbpedia.org/resource/Michael_Wiley_(basketball),Michael Wiley (basketball),1980
http://dbpedia.org/resource/Janel_McCarville,Janel McCarville,2005
http://dbpedia.org/resource/Tony_Windless,Tony Windless,1992
"http://dbpedia.org/resource/Ron_Dorsey_(basketball,_born_1983)","Ron Dorsey (basketball, born 1983)",2005
http://dbpedia.org/resource/Arinze_Onuaku,Arinze Onuaku,2010
http://dbpedia.org/resource/LaceDarius_Dunn,LaceDarius Dunn,2011
http://dbpedia.org/resource/Jason_Keep,Jason Keep,2003
http://dbpedia.org/resource/Brandon_Paul,Brandon Paul,2013
http://dbpedia.org/resource/Isaac_Stallworth,Isaac Stallworth,1972
http://dbpedia.org/resource/Oded_Kattash,Oded Kattash,1996
"http://dbpedia.org/resource/Mike_Morrison_(basketball,_born_1967)","Mike Morrison (basketball, born 1967)",1989
http://dbpedia.org/resource/Mychel_Thompson,Mychel Thompson,2011
http://dbpedia.org/resource/Rashad_Madden,Rashad Madden,2015
http://dbpedia.org/resource/Juan_Carlos_Navarro_(basketball),Juan Carlos Navarro (basketball),2002
http://dbpedia.org/resource/Terry_Duerod,Terry Duerod,1979
http://dbpedia.org/resource/Peter_van_Paassen,Peter van Paassen,2001
http://dbpedia.org/resource/Elton_McGriff,Elton McGriff,1965
http://dbpedia.org/resource/Nik_Stauskas,Nik Stauskas,2014
http://dbpedia.org/resource/Leandro_García_Morales,Leandro García Morales,2004
http://dbpedia.org/resource/Alan_Anderson_(basketball),Alan Anderson (basketball),2005
http://dbpedia.org/resource/Kelsey_Barlow,Kelsey Barlow,2014
http://dbpedia.org/resource/Kareem_Jamar,Kareem Jamar,2014
http://dbpedia.org/resource/Justise_Winslow,Justise Winslow,2015
http://dbpedia.org/resource/Taylor_Rochestie,Taylor Rochestie,2009
http://dbpedia.org/resource/Donnie_Freeman,Donnie Freeman,1966
"http://dbpedia.org/resource/Bob_Armstrong_(basketball,_born_1933)","Bob Armstrong (basketball, born 1933)",1955
http://dbpedia.org/resource/Neal_Walk,Neal Walk,1969
http://dbpedia.org/resource/B._J._Armstrong,B. J. Armstrong,1989
http://dbpedia.org/resource/Brian_Winters,Brian Winters,1974
http://dbpedia.org/resource/Šime_Špralja,Šime Špralja,2005
http://dbpedia.org/resource/Jamar_Wilson,Jamar Wilson,2007
http://dbpedia.org/resource/Phil_Jones_(basketball),Phil Jones (basketball),2011
"http://dbpedia.org/resource/Lorenzo_Williams_(basketball,_born_1984)","Lorenzo Williams (basketball, born 1984)",2007
http://dbpedia.org/resource/Andre_Drummond,Andre Drummond,2012
http://dbpedia.org/resource/David_Moss_(basketball),David Moss (basketball),2006
http://dbpedia.org/resource/Ángel_Rodríguez_(basketball),Ángel Rodríguez (basketball),2016
http://dbpedia.org/resource/Elton_Brand,Elton Brand,1999
http://dbpedia.org/resource/Vladimir_Kuzmanović,Vladimir Kuzmanović,1993
http://dbpedia.org/resource/Howard_Sant-Roos,Howard Sant-Roos,2013
http://dbpedia.org/resource/Jim_Pollard,Jim Pollard,1947
http://dbpedia.org/resource/Danny_Rubin_(basketball),Danny Rubin (basketball),2014
http://dbpedia.org/resource/Demetrius_Calip,Demetrius Calip,1991
http://dbpedia.org/resource/Ken_Durrett,Ken Durrett,1971
http://dbpedia.org/resource/Khris_Middleton,Khris Middleton,2012
http://dbpedia.org/resource/Zach_Graham,Zach Graham,2011
http://dbpedia.org/resource/Bruce_Parkhill,Bruce Parkhill,1971
http://dbpedia.org/resource/Byron_Irvin,Byron Irvin,1989
http://dbpedia.org/resource/Aquille_Carr,Aquille Carr,2014
http://dbpedia.org/resource/Orlando_Méndez-Valdez,Orlando Méndez-Valdez,2009
http://dbpedia.org/resource/Vladimir_Petrović-Stergiou,Vladimir Petrović-Stergiou,1999
http://dbpedia.org/resource/Alex_Stivrins,Alex Stivrins,1985
http://dbpedia.org/resource/Patrick_Mutombo,Patrick Mutombo,2003
http://dbpedia.org/resource/Charlie_Kraak,Charlie Kraak,1954
http://dbpedia.org/resource/Cameron_Echols,Cameron Echols,2004
http://dbpedia.org/resource/Nevena_Jovanović,Nevena Jovanović,2012
http://dbpedia.org/resource/Paul_Harris_(basketball),Paul Harris (basketball),2009
http://dbpedia.org/resource/Lucas_Steijn,Lucas Steijn,2009
http://dbpedia.org/resource/Erik_Daniels,Erik Daniels,2004
http://dbpedia.org/resource/Aleksandar_Gruev,Aleksandar Gruev,2005
http://dbpedia.org/resource/Sam_Vincent,Sam Vincent,1985
http://dbpedia.org/resource/Eddie_Robinson_(basketball),Eddie Robinson (basketball),1999
http://dbpedia.org/resource/Stuart_Gray_(basketball),Stuart Gray (basketball),1984
http://dbpedia.org/resource/Nick_Anderson,Nick Anderson,1989
http://dbpedia.org/resource/Heshimu_Evans,Heshimu Evans,1999
http://dbpedia.org/resource/Jerome_Meyinsse,Jerome Meyinsse,2010
http://dbpedia.org/resource/Andre_Young_(basketball),Andre Young (basketball),2012
http://dbpedia.org/resource/Brevin_Knight,Brevin Knight,1997
http://dbpedia.org/resource/Renee_Montgomery,Renee Montgomery,2009
http://dbpedia.org/resource/Adam_Parada,Adam Parada,2004
http://dbpedia.org/resource/Dennis_Wuycik,Dennis Wuycik,1972
http://dbpedia.org/resource/Keith_Herron,Keith Herron,1978
http://dbpedia.org/resource/Shawn_Bradley,Shawn Bradley,1993
http://dbpedia.org/resource/Breanna_Stewart,Breanna Stewart,2016
http://dbpedia.org/resource/Byron_Mullens,Byron Mullens,2009
http://dbpedia.org/resource/Peter_John_Ramos,Peter John Ramos,2004
http://dbpedia.org/resource/Garret_Siler,Garret Siler,2009
http://dbpedia.org/resource/Jon_Robert_Holden,Jon Robert Holden,1998
http://dbpedia.org/resource/Nebojša_Bogavac,Nebojša Bogavac,1995
http://dbpedia.org/resource/Chris_Engler,Chris Engler,1982
http://dbpedia.org/resource/Kedrick_Brown,Kedrick Brown,2001
http://dbpedia.org/resource/Eric_Burks,Eric Burks,1995
http://dbpedia.org/resource/E._J._Singler,E. J. Singler,2013
http://dbpedia.org/resource/Jack_Marin,Jack Marin,1966
http://dbpedia.org/resource/Oğuz_Savaş,Oğuz Savaş,2009
http://dbpedia.org/resource/Willy_Hernangómez,Willy Hernangómez,2015
http://dbpedia.org/resource/Sten_Sokk,Sten Sokk,2011
http://dbpedia.org/resource/Guy_Pnini,Guy Pnini,2005
"http://dbpedia.org/resource/Marcus_Thornton_(basketball,_born_1987)","Marcus Thornton (basketball, born 1987)",2009
http://dbpedia.org/resource/John_Kuester,John Kuester,1977
http://dbpedia.org/resource/Quentin_Pryor,Quentin Pryor,2007
http://dbpedia.org/resource/Ron_Bonham,Ron Bonham,1964
http://dbpedia.org/resource/Calbert_Cheaney,Calbert Cheaney,1993
http://dbpedia.org/resource/Randy_Culpepper,Randy Culpepper,2011
http://dbpedia.org/resource/Ashley_Paris,Ashley Paris,2009
http://dbpedia.org/resource/Darius_Miles,Darius Miles,2000
http://dbpedia.org/resource/Drake_Diener,Drake Diener,2005
http://dbpedia.org/resource/Jeff_Ferguson_(basketball),Jeff Ferguson (basketball),2008
http://dbpedia.org/resource/John_Turek,John Turek,2005
http://dbpedia.org/resource/Sherwood_Brown,Sherwood Brown,2013
http://dbpedia.org/resource/Sherron_Collins,Sherron Collins,2010
http://dbpedia.org/resource/Pele_Paelay,Pele Paelay,2006
http://dbpedia.org/resource/Terrence_Woods,Terrence Woods,2004
http://dbpedia.org/resource/Alessandro_Gentile,Alessandro Gentile,2014
http://dbpedia.org/resource/Taj_McWilliams-Franklin,Taj McWilliams-Franklin,1999
http://dbpedia.org/resource/Jerime_Anderson,Jerime Anderson,2012
http://dbpedia.org/resource/Brad_Davis_(basketball),Brad Davis (basketball),1977
http://dbpedia.org/resource/Italee_Lucas,Italee Lucas,2011
http://dbpedia.org/resource/Sofoklis_Schortsanitis,Sofoklis Schortsanitis,2003
http://dbpedia.org/resource/Sir'Dominic_Pointer,Sir'Dominic Pointer,2015
http://dbpedia.org/resource/Derrick_Alston,Derrick Alston,1994
http://dbpedia.org/resource/Reggie_Royals,Reggie Royals,1973
http://dbpedia.org/resource/Reece_Gaines,Reece Gaines,2003
http://dbpedia.org/resource/Dante_Cunningham,Dante Cunningham,2009
http://dbpedia.org/resource/Royce_White,Royce White,2012
http://dbpedia.org/resource/Brad_Newley,Brad Newley,2007
http://dbpedia.org/resource/Nemanja_Nedović,Nemanja Nedović,2013
http://dbpedia.org/resource/Tyrone_Nesby,Tyrone Nesby,1998
http://dbpedia.org/resource/Hamady_N'Diaye,Hamady N'Diaye,2010
http://dbpedia.org/resource/Len_Elmore,Len Elmore,1974
http://dbpedia.org/resource/Brett_Blizzard,Brett Blizzard,2003
http://dbpedia.org/resource/Lari_Ketner,Lari Ketner,1999
http://dbpedia.org/resource/Junior_Cadougan,Junior Cadougan,2013
http://dbpedia.org/resource/Keith_Smith_(basketball),Keith Smith (basketball),1986
http://dbpedia.org/resource/Chane_Behanan,Chane Behanan,2014
http://dbpedia.org/resource/Vyacheslav_Motorchuk,Vyacheslav Motorchuk,2014
http://dbpedia.org/resource/Jillian_Alleyne,Jillian Alleyne,2016
http://dbpedia.org/resource/Jason_Cain,Jason Cain,2007
http://dbpedia.org/resource/Aleksandar_Cvetković,Aleksandar Cvetković,2015
http://dbpedia.org/resource/Michael_Curry,Michael Curry,1990
http://dbpedia.org/resource/Anthony_Bennett_(basketball),Anthony Bennett (basketball),2013
http://dbpedia.org/resource/Gary_Neal,Gary Neal,2007
http://dbpedia.org/resource/George_Adams_(basketball),George Adams (basketball),1972
http://dbpedia.org/resource/Sophia_Young,Sophia Young,2006
http://dbpedia.org/resource/Spencer_Dinwiddie,Spencer Dinwiddie,2014
http://dbpedia.org/resource/Al_Jackson_(basketball),Al Jackson (basketball),1967
http://dbpedia.org/resource/Lamar_Patterson,Lamar Patterson,2014
http://dbpedia.org/resource/Tito_Horford,Tito Horford,1988
http://dbpedia.org/resource/Nikola_Vujčić,Nikola Vujčić,2000
http://dbpedia.org/resource/Mike_Glenn,Mike Glenn,1977
"http://dbpedia.org/resource/Ray_McCallum,_Jr.","Ray McCallum, Jr.",2013
http://dbpedia.org/resource/Derek_Cooke,Derek Cooke,2015
http://dbpedia.org/resource/Shanna_Zolman,Shanna Zolman,2006
http://dbpedia.org/resource/Zeke_Zawoluk,Zeke Zawoluk,1952
http://dbpedia.org/resource/Timothé_Luwawu-Cabarrot,Timothé Luwawu-Cabarrot,2016
http://dbpedia.org/resource/Keith_Clanton,Keith Clanton,2013
http://dbpedia.org/resource/LaToya_Sanders,LaToya Sanders,2008
http://dbpedia.org/resource/Steve_Scheffler,Steve Scheffler,1990
http://dbpedia.org/resource/Dick_O'Keefe,Dick O'Keefe,1947
http://dbpedia.org/resource/Darnell_Hinson,Darnell Hinson,2004
http://dbpedia.org/resource/Jayson_Granger,Jayson Granger,2011
http://dbpedia.org/resource/Alvin_Young,Alvin Young,1999
http://dbpedia.org/resource/David_Teague_(basketball),David Teague (basketball),2007
http://dbpedia.org/resource/Jermaine_Taylor_(basketball),Jermaine Taylor (basketball),2009
http://dbpedia.org/resource/Larry_Moore_(basketball),Larry Moore (basketball),1968
http://dbpedia.org/resource/David_Pope_(basketball),David Pope (basketball),1984
http://dbpedia.org/resource/Josh_Shipp_(basketball),Josh Shipp (basketball),2009
http://dbpedia.org/resource/Ade_Dagunduro,Ade Dagunduro,2009
http://dbpedia.org/resource/Rico_Hill,Rico Hill,1999
http://dbpedia.org/resource/Vukašin_Aleksić,Vukašin Aleksić,2007
http://dbpedia.org/resource/Leon_Wood,Leon Wood,1984
http://dbpedia.org/resource/Brian_Cusworth,Brian Cusworth,2007
http://dbpedia.org/resource/Maurice_Carter_(basketball),Maurice Carter (basketball),1999
http://dbpedia.org/resource/Jack_Stephens_(basketball),Jack Stephens (basketball),1955
http://dbpedia.org/resource/Aurimas_Kieža,Aurimas Kieža,2006
http://dbpedia.org/resource/Landry_Fields,Landry Fields,2010
http://dbpedia.org/resource/Steve_Colter,Steve Colter,1984
http://dbpedia.org/resource/John_Little_(basketball),John Little (basketball),2006
http://dbpedia.org/resource/Jimmy_Foster_(basketball),Jimmy Foster (basketball),1974
http://dbpedia.org/resource/Vítor_Faverani,Vítor Faverani,2009
http://dbpedia.org/resource/Derek_Strong,Derek Strong,1990
http://dbpedia.org/resource/Strahinja_Milošević,Strahinja Milošević,2007
http://dbpedia.org/resource/Darrin_Hancock,Darrin Hancock,1994
http://dbpedia.org/resource/Jimmy_Oliver,Jimmy Oliver,1991
http://dbpedia.org/resource/Philipp_Schwethelm,Philipp Schwethelm,2011
http://dbpedia.org/resource/Al_Eberhard,Al Eberhard,1974
http://dbpedia.org/resource/Brook_Steppe,Brook Steppe,1982
http://dbpedia.org/resource/Jeff_Ayres,Jeff Ayres,2009
http://dbpedia.org/resource/Josh_Duncan,Josh Duncan,2008
http://dbpedia.org/resource/Vern_Mikkelsen,Vern Mikkelsen,1949
http://dbpedia.org/resource/Lou_Tsioropoulos,Lou Tsioropoulos,1953
http://dbpedia.org/resource/Dan_Sparks_(basketball),Dan Sparks (basketball),1968
http://dbpedia.org/resource/Denis_Agre,Denis Agre,2011
http://dbpedia.org/resource/Calvin_Natt,Calvin Natt,1979
http://dbpedia.org/resource/Trena_Trice-Hill,Trena Trice-Hill,1997
http://dbpedia.org/resource/Nicole_Powell,Nicole Powell,2004
http://dbpedia.org/resource/Louie_Nelson,Louie Nelson,1973
http://dbpedia.org/resource/John_Morrison_(basketball),John Morrison (basketball),1967
http://dbpedia.org/resource/Ron_Johnson_(basketball),Ron Johnson (basketball),1960
http://dbpedia.org/resource/Manuchar_Markoishvili,Manuchar Markoishvili,2007
http://dbpedia.org/resource/T._R._Dunn,T. R. Dunn,1977
"http://dbpedia.org/resource/Marvin_Williams_(basketball,_born_1993)","Marvin Williams (basketball, born 1993)",2015
http://dbpedia.org/resource/Don_Rehfeldt,Don Rehfeldt,1950
http://dbpedia.org/resource/Guy_Morgan_(basketball),Guy Morgan (basketball),1982
http://dbpedia.org/resource/Leo_Lyons_(basketball),Leo Lyons (basketball),2009
http://dbpedia.org/resource/Mike_Newlin,Mike Newlin,1971
http://dbpedia.org/resource/Bill_Wennington,Bill Wennington,1985
http://dbpedia.org/resource/Joe_Alexander,Joe Alexander,2008
http://dbpedia.org/resource/Blagota_Sekulić,Blagota Sekulić,2004
"http://dbpedia.org/resource/Charles_Jones_(basketball,_born_1962)","Charles Jones (basketball, born 1962)",1984
http://dbpedia.org/resource/Gary_Bradds,Gary Bradds,1964
http://dbpedia.org/resource/Corie_Blount,Corie Blount,1993
http://dbpedia.org/resource/Kendal_Pinder,Kendal Pinder,1979
http://dbpedia.org/resource/Galen_Young,Galen Young,1999
http://dbpedia.org/resource/Ruben_Boumtje-Boumtje,Ruben Boumtje-Boumtje,2001
http://dbpedia.org/resource/Arthur_Lee_(basketball),Arthur Lee (basketball),1999
http://dbpedia.org/resource/Robert_Reid_(basketball),Robert Reid (basketball),1977
http://dbpedia.org/resource/Alex_Galindo,Alex Galindo,2009
http://dbpedia.org/resource/Gerald_Henderson,Gerald Henderson,1978
http://dbpedia.org/resource/Mark_Lyons,Mark Lyons,2013
http://dbpedia.org/resource/Anwar_Ferguson,Anwar Ferguson,2005
http://dbpedia.org/resource/Michael_Young_(basketball),Michael Young (basketball),1984
http://dbpedia.org/resource/Nikola_Ilić,Nikola Ilić,2007
http://dbpedia.org/resource/Andrae_Patterson,Andrae Patterson,1998
http://dbpedia.org/resource/Ed_Davis_(basketball),Ed Davis (basketball),2010
http://dbpedia.org/resource/Tyler_Harvey_(basketball),Tyler Harvey (basketball),2015
http://dbpedia.org/resource/Svetislav_Pešić,Svetislav Pešić,1971
http://dbpedia.org/resource/Kyle_Hill,Kyle Hill,2001
http://dbpedia.org/resource/Mark_Sanford_(basketball),Mark Sanford (basketball),1997
http://dbpedia.org/resource/Velibor_Radović,Velibor Radović,1994
http://dbpedia.org/resource/Jim_Brogan_(basketball),Jim Brogan (basketball),1980
http://dbpedia.org/resource/Velimir_Perasović,Velimir Perasović,1987
http://dbpedia.org/resource/Ty_Nurse,Ty Nurse,2013
http://dbpedia.org/resource/Tom_Riker,Tom Riker,1972
http://dbpedia.org/resource/Robert_Traylor,Robert Traylor,1998
http://dbpedia.org/resource/Torin_Francis,Torin Francis,2006
http://dbpedia.org/resource/Raymar_Morgan,Raymar Morgan,2010
http://dbpedia.org/resource/Jameer_Nelson,Jameer Nelson,2004
http://dbpedia.org/resource/Andrew_Bogut,Andrew Bogut,2005
http://dbpedia.org/resource/Imani_Boyette,Imani Boyette,2016
http://dbpedia.org/resource/Tim_Hardaway_Jr.,Tim Hardaway Jr.,2013
http://dbpedia.org/resource/John_Shasky,John Shasky,1986
http://dbpedia.org/resource/Kenton_Edelin,Kenton Edelin,1984
http://dbpedia.org/resource/Kris_Dunn,Kris Dunn,2016
http://dbpedia.org/resource/Darrin_Govens,Darrin Govens,2010
http://dbpedia.org/resource/Chaz_Williams,Chaz Williams,2014
http://dbpedia.org/resource/Dell_Demps,Dell Demps,1992
http://dbpedia.org/resource/Ben_Pepper,Ben Pepper,1997
http://dbpedia.org/resource/Royce_Parran,Royce Parran,2007
http://dbpedia.org/resource/Vladimir_Filipović,Vladimir Filipović,2007
http://dbpedia.org/resource/Jaren_Jackson,Jaren Jackson,1989
http://dbpedia.org/resource/Blake_Griffin,Blake Griffin,2009
http://dbpedia.org/resource/Jessica_Bibby,Jessica Bibby,2000
http://dbpedia.org/resource/David_Hawkins_(basketball),David Hawkins (basketball),2004
http://dbpedia.org/resource/Juwan_Staten,Juwan Staten,2015
http://dbpedia.org/resource/Doug_Lee_(basketball),Doug Lee (basketball),1987
http://dbpedia.org/resource/Orlando_Woolridge,Orlando Woolridge,1981
http://dbpedia.org/resource/Darvin_Ham,Darvin Ham,1996
http://dbpedia.org/resource/Garrett_Temple,Garrett Temple,2009
http://dbpedia.org/resource/Terrance_Woodbury,Terrance Woodbury,2009
http://dbpedia.org/resource/David_Andersen,David Andersen,2002
http://dbpedia.org/resource/Marques_Whippy,Marques Whippy,2011
http://dbpedia.org/resource/Kris_Joseph,Kris Joseph,2012
http://dbpedia.org/resource/Nemanja_Radović,Nemanja Radović,2013
http://dbpedia.org/resource/Berend_Weijs,Berend Weijs,2012
http://dbpedia.org/resource/Keith_Veney,Keith Veney,1997
http://dbpedia.org/resource/Jason_Lawson,Jason Lawson,1997
http://dbpedia.org/resource/Paul_Mokeski,Paul Mokeski,1979
http://dbpedia.org/resource/Kyle_O'Quinn,Kyle O'Quinn,2012
http://dbpedia.org/resource/Sergei_Monia,Sergei Monia,2004
http://dbpedia.org/resource/Justin_Reed,Justin Reed,2004
http://dbpedia.org/resource/Jeff_Hodge,Jeff Hodge,1989
http://dbpedia.org/resource/Maciej_Lampe,Maciej Lampe,2003
http://dbpedia.org/resource/Dolph_Schayes,Dolph Schayes,1948
http://dbpedia.org/resource/Terrence_Jones,Terrence Jones,2012
http://dbpedia.org/resource/Lenny_Rzeszewski,Lenny Rzeszewski,1950
http://dbpedia.org/resource/Wendell_White_(basketball),Wendell White (basketball),2007
http://dbpedia.org/resource/Kenny_Rollins,Kenny Rollins,1948
http://dbpedia.org/resource/Alexander_Kühl,Alexander Kühl,1997
http://dbpedia.org/resource/Evgeny_Voronov,Evgeny Voronov,2008
http://dbpedia.org/resource/Simas_Jasaitis,Simas Jasaitis,2004
http://dbpedia.org/resource/Jenny_Boucek,Jenny Boucek,1997
http://dbpedia.org/resource/Chase_Tapley,Chase Tapley,2013
http://dbpedia.org/resource/Art_Heyman,Art Heyman,1963
http://dbpedia.org/resource/Larry_Siegfried,Larry Siegfried,1961
http://dbpedia.org/resource/Ante_Delaš,Ante Delaš,2010
http://dbpedia.org/resource/Nikola_Jokić,Nikola Jokić,2014
http://dbpedia.org/resource/DeWanna_Bonner,DeWanna Bonner,2009
http://dbpedia.org/resource/Quinton_Hosley,Quinton Hosley,2007
http://dbpedia.org/resource/Nenad_Mišanović,Nenad Mišanović,2006
http://dbpedia.org/resource/Michael_Beasley,Michael Beasley,2008
http://dbpedia.org/resource/Malcolm_Mackey,Malcolm Mackey,1993
http://dbpedia.org/resource/Damjan_Rudež,Damjan Rudež,2008
http://dbpedia.org/resource/Brian_Cook,Brian Cook,2003
http://dbpedia.org/resource/Bryn_Forbes,Bryn Forbes,2016
http://dbpedia.org/resource/Bill_Bolger,Bill Bolger,1953
http://dbpedia.org/resource/Kevin_Langford,Kevin Langford,2009
http://dbpedia.org/resource/Nenad_Čanak_(basketball),Nenad Čanak (basketball),1998
http://dbpedia.org/resource/Ian_Mahinmi,Ian Mahinmi,2005
http://dbpedia.org/resource/Paul_Shirley,Paul Shirley,2001
http://dbpedia.org/resource/Drew_Neitzel,Drew Neitzel,2008
http://dbpedia.org/resource/Bill_Erickson,Bill Erickson,1950
http://dbpedia.org/resource/Jared_Jordan,Jared Jordan,2007
http://dbpedia.org/resource/Vernon_Maxwell,Vernon Maxwell,1988
http://dbpedia.org/resource/Eric_Turner_(basketball),Eric Turner (basketball),1984
"http://dbpedia.org/resource/Justin_Robinson_(basketball,_born_1987)","Justin Robinson (basketball, born 1987)",2011
http://dbpedia.org/resource/Ivica_Zubac,Ivica Zubac,2016
http://dbpedia.org/resource/Andy_Panko,Andy Panko,1999
http://dbpedia.org/resource/Michael_Efevberha,Michael Efevberha,2006
http://dbpedia.org/resource/Wayne_Robinson_(basketball),Wayne Robinson (basketball),1980
http://dbpedia.org/resource/Luke_Kendall,Luke Kendall,2004
http://dbpedia.org/resource/Jim_Grandholm,Jim Grandholm,1984
http://dbpedia.org/resource/Marko_Kešelj,Marko Kešelj,2010
http://dbpedia.org/resource/Adrian_Dantley,Adrian Dantley,1976
http://dbpedia.org/resource/Anatoliy_Kolesnikov,Anatoliy Kolesnikov,2011
http://dbpedia.org/resource/Sylvester_Gray,Sylvester Gray,1988
http://dbpedia.org/resource/Marvin_Delph,Marvin Delph,1978
http://dbpedia.org/resource/Joe_Harris_(basketball),Joe Harris (basketball),2014
http://dbpedia.org/resource/George_Lee_(basketball),George Lee (basketball),1959
http://dbpedia.org/resource/Ramel_Bradley,Ramel Bradley,2008
http://dbpedia.org/resource/Kendrick_Perkins,Kendrick Perkins,2003
http://dbpedia.org/resource/Lucca_Staiger,Lucca Staiger,2010
http://dbpedia.org/resource/Nemanja_Bešović,Nemanja Bešović,2014
http://dbpedia.org/resource/Zelmo_Beaty,Zelmo Beaty,1962
http://dbpedia.org/resource/Salim_Stoudamire,Salim Stoudamire,2005
http://dbpedia.org/resource/Natasha_Cloud,Natasha Cloud,2015
http://dbpedia.org/resource/Cliff_Hagan,Cliff Hagan,1953
http://dbpedia.org/resource/Stanley_Roberts,Stanley Roberts,1991
http://dbpedia.org/resource/Artem_Butskyy,Artem Butskyy,2003
http://dbpedia.org/resource/Adonis_Thomas,Adonis Thomas,2013
http://dbpedia.org/resource/James_Collins_(basketball),James Collins (basketball),1997
http://dbpedia.org/resource/Dmitry_Kulagin,Dmitry Kulagin,2014
http://dbpedia.org/resource/Amy_Kame,Amy Kame,2014
http://dbpedia.org/resource/Samo_Udrih,Samo Udrih,2001
http://dbpedia.org/resource/Marques_Bragg,Marques Bragg,1992
http://dbpedia.org/resource/Adrian_Oliver,Adrian Oliver,2011
http://dbpedia.org/resource/Antywane_Robinson,Antywane Robinson,2006
http://dbpedia.org/resource/Dean_Oliver_(basketball),Dean Oliver (basketball),2001
http://dbpedia.org/resource/Rastko_Cvetković,Rastko Cvetković,1992
http://dbpedia.org/resource/Jackie_Dinkins,Jackie Dinkins,1971
http://dbpedia.org/resource/Mia_Mašić,Mia Mašić,2015
http://dbpedia.org/resource/Mel_Davis,Mel Davis,1973
http://dbpedia.org/resource/Doug_Sims,Doug Sims,1967
http://dbpedia.org/resource/Brian_Randle,Brian Randle,2008
http://dbpedia.org/resource/Marko_Jarić,Marko Jarić,2000
http://dbpedia.org/resource/Konstantin_Klein,Konstantin Klein,2013
http://dbpedia.org/resource/Mike_Rosario,Mike Rosario,2013
http://dbpedia.org/resource/Larry_Bergh,Larry Bergh,1969
http://dbpedia.org/resource/Justin_Holiday,Justin Holiday,2011
http://dbpedia.org/resource/Khalif_Wyatt,Khalif Wyatt,2013
http://dbpedia.org/resource/Bobby_Plump,Bobby Plump,1958
http://dbpedia.org/resource/Scottie_Wilbekin,Scottie Wilbekin,2014
http://dbpedia.org/resource/Radivoj_Korać,Radivoj Korać,1960
http://dbpedia.org/resource/Anthony_Peeler,Anthony Peeler,1992
http://dbpedia.org/resource/Dexter_Shouse,Dexter Shouse,1985
http://dbpedia.org/resource/Andrea_Riley,Andrea Riley,2010
http://dbpedia.org/resource/Cory_Blackwell,Cory Blackwell,1984
http://dbpedia.org/resource/Dontaye_Draper,Dontaye Draper,2007
"http://dbpedia.org/resource/Jimmy_Smith_(basketball,_born_1934)","Jimmy Smith (basketball, born 1934)",1958
http://dbpedia.org/resource/Howard_Carter_(basketball),Howard Carter (basketball),1983
http://dbpedia.org/resource/Dwayne_McClain,Dwayne McClain,1985
http://dbpedia.org/resource/David_Michineau,David Michineau,2016
http://dbpedia.org/resource/Nick_Collison,Nick Collison,2003
http://dbpedia.org/resource/Rimas_Kurtinaitis,Rimas Kurtinaitis,1982
http://dbpedia.org/resource/Allan_Bristow,Allan Bristow,1973
http://dbpedia.org/resource/Tungalagiin_Sanchir,Tungalagiin Sanchir,2011
http://dbpedia.org/resource/Danny_Doyle_(basketball),Danny Doyle (basketball),1961
http://dbpedia.org/resource/Doug_Thomas,Doug Thomas,2006
http://dbpedia.org/resource/Earl_Lloyd,Earl Lloyd,1950
http://dbpedia.org/resource/Nando_de_Colo,Nando de Colo,2009
http://dbpedia.org/resource/George_Thompson_(basketball),George Thompson (basketball),1969
http://dbpedia.org/resource/Mike_Mercer_(basketball),Mike Mercer (basketball),2010
http://dbpedia.org/resource/Abdel_Nader,Abdel Nader,2016
http://dbpedia.org/resource/Marv_Schatzman,Marv Schatzman,1949
http://dbpedia.org/resource/Bob_Ferry,Bob Ferry,1959
http://dbpedia.org/resource/Jamaal_Magloire,Jamaal Magloire,2000
http://dbpedia.org/resource/Ronnie_Shavlik,Ronnie Shavlik,1956
http://dbpedia.org/resource/Steve_Puidokas,Steve Puidokas,1977
http://dbpedia.org/resource/Andrew_Lawrence_(basketball),Andrew Lawrence (basketball),2013
http://dbpedia.org/resource/Justin_Greene,Justin Greene,2012
http://dbpedia.org/resource/David_Young_(basketball),David Young (basketball),2004
http://dbpedia.org/resource/Matt_Bauscher,Matt Bauscher,2008
http://dbpedia.org/resource/Wayne_Embry,Wayne Embry,1958
http://dbpedia.org/resource/Michael_Holyfield,Michael Holyfield,2015
http://dbpedia.org/resource/Amanda_Zahui_B.,Amanda Zahui B.,2015
http://dbpedia.org/resource/Dominic_Pressley,Dominic Pressley,1986
http://dbpedia.org/resource/Bradford_Burgess,Bradford Burgess,2012
http://dbpedia.org/resource/Andrew_Goudelock,Andrew Goudelock,2011
http://dbpedia.org/resource/Jake_Anderson_(basketball),Jake Anderson (basketball),2011
http://dbpedia.org/resource/Bill_Thieben,Bill Thieben,1956
http://dbpedia.org/resource/Keifer_Sykes,Keifer Sykes,2015
http://dbpedia.org/resource/Joseph_Gomis,Joseph Gomis,2000
http://dbpedia.org/resource/Tyrese_Rice,Tyrese Rice,2009
"http://dbpedia.org/resource/Adrian_Moss_(basketball,_born_1981)","Adrian Moss (basketball, born 1981)",2006
http://dbpedia.org/resource/Reggie_Harding,Reggie Harding,1962
http://dbpedia.org/resource/Kevin_Tiggs,Kevin Tiggs,2009
http://dbpedia.org/resource/Tommy_Smith_(basketball),Tommy Smith (basketball),2003
http://dbpedia.org/resource/Isiah_Thomas,Isiah Thomas,1981
http://dbpedia.org/resource/David_Simon_(basketball),David Simon (basketball),2005
http://dbpedia.org/resource/Reggie_Theus,Reggie Theus,1978
http://dbpedia.org/resource/Lester_Conner,Lester Conner,1982
http://dbpedia.org/resource/Coty_Clarke,Coty Clarke,2014
http://dbpedia.org/resource/Jefimija_Karakašević,Jefimija Karakašević,2011
http://dbpedia.org/resource/Moe_Radovich,Moe Radovich,1952
http://dbpedia.org/resource/Whitney_Boddie,Whitney Boddie,2009
http://dbpedia.org/resource/Howard_Bayne,Howard Bayne,1966
http://dbpedia.org/resource/Zlatko_Bolić,Zlatko Bolić,1996
http://dbpedia.org/resource/Tony_Zeno,Tony Zeno,1979
http://dbpedia.org/resource/Mike_Butler_(basketball),Mike Butler (basketball),1966
http://dbpedia.org/resource/Robert_Whaley,Robert Whaley,2005
http://dbpedia.org/resource/Eddie_Hughes,Eddie Hughes,1982
http://dbpedia.org/resource/Frank_Williams_(basketball),Frank Williams (basketball),2002
http://dbpedia.org/resource/Brian_Chase_(basketball),Brian Chase (basketball),2003
http://dbpedia.org/resource/Dick_Cunningham,Dick Cunningham,1968
http://dbpedia.org/resource/Devin_Durrant,Devin Durrant,1984
http://dbpedia.org/resource/Craig_Ehlo,Craig Ehlo,1983
http://dbpedia.org/resource/Ian_Vougioukas,Ian Vougioukas,2007
http://dbpedia.org/resource/Henk_Norel,Henk Norel,2009
http://dbpedia.org/resource/Geno_Carlisle,Geno Carlisle,1999
http://dbpedia.org/resource/Louis_Rowe,Louis Rowe,1995
http://dbpedia.org/resource/Eric_Atkins,Eric Atkins,2014
http://dbpedia.org/resource/Dave_Lee_(basketball),Dave Lee (basketball),1964
http://dbpedia.org/resource/Rosco_Allen,Rosco Allen,2016
http://dbpedia.org/resource/Micheal_Ray_Richardson,Micheal Ray Richardson,1978
http://dbpedia.org/resource/Ledell_Eackles,Ledell Eackles,1988
http://dbpedia.org/resource/Damir_Krupalija,Damir Krupalija,2002
http://dbpedia.org/resource/Bruce_Douglas_(basketball),Bruce Douglas (basketball),1986
http://dbpedia.org/resource/Jim_McDaniels,Jim McDaniels,1971
http://dbpedia.org/resource/Rory_Sparrow,Rory Sparrow,1980
http://dbpedia.org/resource/Ferdinando_Gentile,Ferdinando Gentile,1989
http://dbpedia.org/resource/Ryan_Toolson,Ryan Toolson,2009
http://dbpedia.org/resource/Paul_Judson,Paul Judson,1956
http://dbpedia.org/resource/Mike_Singletary_(basketball),Mike Singletary (basketball),2011
http://dbpedia.org/resource/Dirk_Nowitzki,Dirk Nowitzki,1998
http://dbpedia.org/resource/Walker_Russell,Walker Russell,1982
http://dbpedia.org/resource/Joe_Johnson_(basketball),Joe Johnson (basketball),2001
http://dbpedia.org/resource/Chanel_Mokango,Chanel Mokango,2010
http://dbpedia.org/resource/Jerry_Rook,Jerry Rook,1965
http://dbpedia.org/resource/Luis_Flores_(basketball),Luis Flores (basketball),2004
http://dbpedia.org/resource/Tyler_Stone_(basketball),Tyler Stone (basketball),2014
http://dbpedia.org/resource/Alec_Kessler,Alec Kessler,1990
http://dbpedia.org/resource/Tyler_Ennis_(basketball),Tyler Ennis (basketball),2014
http://dbpedia.org/resource/Dimitrios_Marmarinos,Dimitrios Marmarinos,1998
http://dbpedia.org/resource/Amanda_Thompson,Amanda Thompson,2010
http://dbpedia.org/resource/Don_Carlos_(basketball),Don Carlos (basketball),1967
http://dbpedia.org/resource/Jeff_Martin_(basketball),Jeff Martin (basketball),1989
http://dbpedia.org/resource/Mantė_Kvederavičiūtė,Mantė Kvederavičiūtė,2012
http://dbpedia.org/resource/Stan_Washington,Stan Washington,1974
http://dbpedia.org/resource/Aleksandar_Đorđević,Aleksandar Đorđević,1989
http://dbpedia.org/resource/Ebi_Ere,Ebi Ere,2003
http://dbpedia.org/resource/Gerald_Lee_(basketball),Gerald Lee (basketball),2010
http://dbpedia.org/resource/Jessica_Breland,Jessica Breland,2011
http://dbpedia.org/resource/Dion_Dixon,Dion Dixon,2012
http://dbpedia.org/resource/Donell_Taylor,Donell Taylor,2005
http://dbpedia.org/resource/Bruce_Seals,Bruce Seals,1975
http://dbpedia.org/resource/Julius_Johnson,Julius Johnson,2004
http://dbpedia.org/resource/Corey_Crowder,Corey Crowder,1991
http://dbpedia.org/resource/David_Blu,David Blu,2002
http://dbpedia.org/resource/Justin_Doellman,Justin Doellman,2007
http://dbpedia.org/resource/Petar_Aranitović,Petar Aranitović,2016
http://dbpedia.org/resource/Martin_Iti,Martin Iti,2008
http://dbpedia.org/resource/Greg_Buckner,Greg Buckner,1998
http://dbpedia.org/resource/Domen_Lorbek,Domen Lorbek,2007
http://dbpedia.org/resource/Robert_Upshaw,Robert Upshaw,2015
http://dbpedia.org/resource/Tim_Parham,Tim Parham,2006
http://dbpedia.org/resource/Nils-Paul_Skåra,Nils-Paul Skåra,2011
http://dbpedia.org/resource/Cliff_Williams_(basketball),Cliff Williams (basketball),1968
http://dbpedia.org/resource/Tamara_Stocks,Tamara Stocks,2001
http://dbpedia.org/resource/Sebastian_Telfair,Sebastian Telfair,2004
http://dbpedia.org/resource/Eddy_Curry,Eddy Curry,2001
http://dbpedia.org/resource/Giannis_Kalampokis,Giannis Kalampokis,2000
http://dbpedia.org/resource/Rodney_Hood,Rodney Hood,2014
http://dbpedia.org/resource/Oliver_Popović,Oliver Popović,1992
http://dbpedia.org/resource/Miloš_Babić,Miloš Babić,1990
"http://dbpedia.org/resource/John_Williamson_(basketball,_born_1951)","John Williamson (basketball, born 1951)",1973
http://dbpedia.org/resource/JJ_Hickson,JJ Hickson,2008
http://dbpedia.org/resource/Billy_Thomas_(basketball),Billy Thomas (basketball),1998
http://dbpedia.org/resource/Allen_Iverson,Allen Iverson,1996
http://dbpedia.org/resource/Allen_Murphy,Allen Murphy,1975
http://dbpedia.org/resource/Chinemelu_Elonu,Chinemelu Elonu,2009
http://dbpedia.org/resource/Keena_Young,Keena Young,2007
http://dbpedia.org/resource/Jorn_Steinbach,Jorn Steinbach,2011
http://dbpedia.org/resource/Michael_Frazier_II,Michael Frazier II,2015
http://dbpedia.org/resource/Marcus_Paige,Marcus Paige,2016
http://dbpedia.org/resource/Nick_Kellogg,Nick Kellogg,2014
http://dbpedia.org/resource/Jamil_Wilson,Jamil Wilson,2014
http://dbpedia.org/resource/Richie_Guerin,Richie Guerin,1954
http://dbpedia.org/resource/Nik_Cochran,Nik Cochran,2013
http://dbpedia.org/resource/Al_Thornton,Al Thornton,2007
http://dbpedia.org/resource/Gil_McGregor,Gil McGregor,1971
http://dbpedia.org/resource/Raulzinho_Neto,Raulzinho Neto,2013
http://dbpedia.org/resource/Ante_Žižić,Ante Žižić,2016
http://dbpedia.org/resource/Cody_Ellis,Cody Ellis,2013
http://dbpedia.org/resource/Nnanna_Egwu,Nnanna Egwu,2015
http://dbpedia.org/resource/Weyinmi_Efejuku,Weyinmi Efejuku,2009
http://dbpedia.org/resource/Tom_Domako,Tom Domako,1988
http://dbpedia.org/resource/Will_Hatcher,Will Hatcher,2006
http://dbpedia.org/resource/Alex_Wilson_(basketball),Alex Wilson (basketball),2016
http://dbpedia.org/resource/Melvin_Johnson_III,Melvin Johnson III,2014
http://dbpedia.org/resource/Dell_Curry,Dell Curry,1986
http://dbpedia.org/resource/Stevan_Nađfeji,Stevan Nađfeji,2001
http://dbpedia.org/resource/Andrés_Nocioni,Andrés Nocioni,2001
"http://dbpedia.org/resource/Ed_Murphy_(basketball,_born_1956)","Ed Murphy (basketball, born 1956)",1978
http://dbpedia.org/resource/Gary_McGhee,Gary McGhee,2011
http://dbpedia.org/resource/Dan_Grunfeld,Dan Grunfeld,2006
http://dbpedia.org/resource/R._J._Hunter,R. J. Hunter,2015
http://dbpedia.org/resource/Damon_Jones,Damon Jones,1997
http://dbpedia.org/resource/Forest_Able,Forest Able,1956
http://dbpedia.org/resource/Tharon_Mayes,Tharon Mayes,1990
"http://dbpedia.org/resource/Mamadou_N'Diaye_(basketball,_born_1993)","Mamadou N'Diaye (basketball, born 1993)",2016
http://dbpedia.org/resource/Isabelle_Harrison,Isabelle Harrison,2015
http://dbpedia.org/resource/Lewis_Brown_(basketball),Lewis Brown (basketball),1977
http://dbpedia.org/resource/Art_Quimby,Art Quimby,1955
http://dbpedia.org/resource/Andre_Riddick,Andre Riddick,1995
http://dbpedia.org/resource/Gary_Freeman_(basketball),Gary Freeman (basketball),1970
http://dbpedia.org/resource/Eugene_Spates,Eugene Spates,2009
http://dbpedia.org/resource/Bobby_Brown_(basketball),Bobby Brown (basketball),2007
http://dbpedia.org/resource/Pops_Mensah-Bonsu,Pops Mensah-Bonsu,2006
http://dbpedia.org/resource/Toby_Kimball,Toby Kimball,1965
http://dbpedia.org/resource/Paul_Silas,Paul Silas,1964
http://dbpedia.org/resource/LaRon_Dendy,LaRon Dendy,2012
http://dbpedia.org/resource/D._C._Wilcutt,D. C. Wilcutt,1948
http://dbpedia.org/resource/Maurice_Bailey,Maurice Bailey,2004
http://dbpedia.org/resource/Steve_Kuberski,Steve Kuberski,1969
http://dbpedia.org/resource/Vann_Williford,Vann Williford,1970
http://dbpedia.org/resource/John_Allen_(basketball),John Allen (basketball),2005
http://dbpedia.org/resource/Solomon_Jones_(basketball),Solomon Jones (basketball),2006
http://dbpedia.org/resource/Jordan_Taylor_(basketball),Jordan Taylor (basketball),2012
http://dbpedia.org/resource/Berkay_Candan,Berkay Candan,2015
http://dbpedia.org/resource/Ivica_Dimčevski,Ivica Dimčevski,2011
http://dbpedia.org/resource/Mantas_Ruikis,Mantas Ruikis,2007
"http://dbpedia.org/resource/John_Brown_(basketball,_born_1992)","John Brown (basketball, born 1992)",2016
http://dbpedia.org/resource/Chris_Morris_(basketball),Chris Morris (basketball),1988
http://dbpedia.org/resource/Kristin_Haynie,Kristin Haynie,2005
http://dbpedia.org/resource/A._J._Slaughter,A. J. Slaughter,2010
http://dbpedia.org/resource/Christian_Standhardinger,Christian Standhardinger,2014
http://dbpedia.org/resource/Fred_Jones_(basketball),Fred Jones (basketball),2002
http://dbpedia.org/resource/Osvaldas_Olisevičius,Osvaldas Olisevičius,2015
http://dbpedia.org/resource/Katelan_Redmon,Katelan Redmon,2012
http://dbpedia.org/resource/Scott_Wedman,Scott Wedman,1974
http://dbpedia.org/resource/Andrew_Sullivan_(basketball),Andrew Sullivan (basketball),2003
http://dbpedia.org/resource/Rick_Weitzman,Rick Weitzman,1967
http://dbpedia.org/resource/Randy_Breuer,Randy Breuer,1983
http://dbpedia.org/resource/Joey_Wright,Joey Wright,1991
http://dbpedia.org/resource/Harry_Gallatin,Harry Gallatin,1948
http://dbpedia.org/resource/Dimitrios_Mavroeidis,Dimitrios Mavroeidis,2005
http://dbpedia.org/resource/Ken_Barlow_(basketball),Ken Barlow (basketball),1986
http://dbpedia.org/resource/Kim_English_(basketball),Kim English (basketball),2012
http://dbpedia.org/resource/Stefan_Birčević,Stefan Birčević,2011
http://dbpedia.org/resource/Sean_Green_(basketball),Sean Green (basketball),1991
http://dbpedia.org/resource/Andrea_Cinciarini,Andrea Cinciarini,2008
http://dbpedia.org/resource/István_Németh,István Németh,2001
http://dbpedia.org/resource/Richard_Jefferson,Richard Jefferson,2001
http://dbpedia.org/resource/Fred_McKinnon,Fred McKinnon,1986
http://dbpedia.org/resource/Harry_Laurie,Harry Laurie,1968
http://dbpedia.org/resource/Gary_Wilkinson_(basketball),Gary Wilkinson (basketball),2009
http://dbpedia.org/resource/Anthony_Ireland_(basketball),Anthony Ireland (basketball),2014
http://dbpedia.org/resource/Bob_Gross,Bob Gross,1975
http://dbpedia.org/resource/Ron_Mercer,Ron Mercer,1997
http://dbpedia.org/resource/Terence_Stansbury,Terence Stansbury,1984
http://dbpedia.org/resource/Denique_Graves,Denique Graves,1997
http://dbpedia.org/resource/Ty_Harris,Ty Harris,2015
http://dbpedia.org/resource/Eric_Maynor,Eric Maynor,2009
http://dbpedia.org/resource/Travis_Walton_(basketball),Travis Walton (basketball),2009
http://dbpedia.org/resource/Pierre_Jackson,Pierre Jackson,2013
http://dbpedia.org/resource/Artūrs_Štālbergs,Artūrs Štālbergs,2007
http://dbpedia.org/resource/Elaine_Powell,Elaine Powell,1999
http://dbpedia.org/resource/Walt_Hazzard,Walt Hazzard,1964
http://dbpedia.org/resource/Jawann_Oldham,Jawann Oldham,1980
http://dbpedia.org/resource/Aleksey_Savrasenko,Aleksey Savrasenko,2001
http://dbpedia.org/resource/Art_Collins_(basketball),Art Collins (basketball),1976
http://dbpedia.org/resource/Brittney_Griner,Brittney Griner,2013
http://dbpedia.org/resource/Levance_Fields,Levance Fields,2009
http://dbpedia.org/resource/Chris_Hunter_(basketball),Chris Hunter (basketball),2006
http://dbpedia.org/resource/Martin_Lewis_(basketball),Martin Lewis (basketball),1995
http://dbpedia.org/resource/Joe_Meriweather,Joe Meriweather,1975
http://dbpedia.org/resource/Tunji_Awojobi,Tunji Awojobi,1997
http://dbpedia.org/resource/George_Montgomery_(basketball),George Montgomery (basketball),1985
http://dbpedia.org/resource/Christopher_Razis,Christopher Razis,2011
http://dbpedia.org/resource/Devon_van_Oostrum,Devon van Oostrum,2015
http://dbpedia.org/resource/Aiysha_Smith,Aiysha Smith,2003
http://dbpedia.org/resource/Roy_Hibbert,Roy Hibbert,2008
http://dbpedia.org/resource/Davellyn_Whyte,Davellyn Whyte,2013
http://dbpedia.org/resource/Ricky_Frazier,Ricky Frazier,1982
http://dbpedia.org/resource/Damion_Lee,Damion Lee,2016
http://dbpedia.org/resource/Bobby_Simmons,Bobby Simmons,2001
http://dbpedia.org/resource/Jeff_Ruland,Jeff Ruland,1980
http://dbpedia.org/resource/Howard_Wood,Howard Wood,1981
http://dbpedia.org/resource/Robert_Dozier,Robert Dozier,2009
http://dbpedia.org/resource/Junior_Burrough,Junior Burrough,1995
http://dbpedia.org/resource/Trevor_Wilson_(basketball),Trevor Wilson (basketball),1990
http://dbpedia.org/resource/Bernard_Thompson,Bernard Thompson,1984
http://dbpedia.org/resource/DeMya_Walker,DeMya Walker,1999
http://dbpedia.org/resource/Tim_McCormick,Tim McCormick,1984
http://dbpedia.org/resource/Nate_Thurmond,Nate Thurmond,1963
http://dbpedia.org/resource/Tim_Duncan,Tim Duncan,1997
http://dbpedia.org/resource/Otto_Porter,Otto Porter,2013
http://dbpedia.org/resource/Mike_Riordan,Mike Riordan,1967
http://dbpedia.org/resource/Anthony_Hickey,Anthony Hickey,2015
http://dbpedia.org/resource/Nenad_Šulović,Nenad Šulović,2007
http://dbpedia.org/resource/Chris_Andersen,Chris Andersen,1999
http://dbpedia.org/resource/Rony_Seikaly,Rony Seikaly,1988
http://dbpedia.org/resource/Emeka_Okafor,Emeka Okafor,2004
http://dbpedia.org/resource/Hank_Finkel,Hank Finkel,1966
http://dbpedia.org/resource/Bill_Mayfield,Bill Mayfield,1979
http://dbpedia.org/resource/Bubba_Wilson,Bubba Wilson,1978
http://dbpedia.org/resource/Tanguy_Ngombo,Tanguy Ngombo,2011
"http://dbpedia.org/resource/Bobby_Wilson_(basketball,_born_1951)","Bobby Wilson (basketball, born 1951)",1974
http://dbpedia.org/resource/Niels_Giffey,Niels Giffey,2014
http://dbpedia.org/resource/Yancy_Gates,Yancy Gates,2012
http://dbpedia.org/resource/Bruce_Bolden,Bruce Bolden,1985
http://dbpedia.org/resource/Tony_Battie,Tony Battie,1997
http://dbpedia.org/resource/Ricardo_Fischer,Ricardo Fischer,2013
http://dbpedia.org/resource/Robert_Carter_(basketball),Robert Carter (basketball),2016
"http://dbpedia.org/resource/Corey_Williams_(basketball,_born_1977)","Corey Williams (basketball, born 1977)",1999
"http://dbpedia.org/resource/Reggie_Williams_(basketball,_born_1986)","Reggie Williams (basketball, born 1986)",2008
http://dbpedia.org/resource/Julian_Vaughn,Julian Vaughn,2011
http://dbpedia.org/resource/Adreian_Payne,Adreian Payne,2014
http://dbpedia.org/resource/Rodney_Monroe,Rodney Monroe,1991
"http://dbpedia.org/resource/Antonio_Burks_(basketball,_born_1980)","Antonio Burks (basketball, born 1980)",2004
http://dbpedia.org/resource/Jamal_Boykin,Jamal Boykin,2010
http://dbpedia.org/resource/Glenn_McDonald,Glenn McDonald,1974
http://dbpedia.org/resource/Jim_Nolan_(basketball),Jim Nolan (basketball),1949
http://dbpedia.org/resource/Roger_Powell_(basketball),Roger Powell (basketball),2005
http://dbpedia.org/resource/Vin_Baker,Vin Baker,1993
http://dbpedia.org/resource/Damon_Stoudamire,Damon Stoudamire,1995
http://dbpedia.org/resource/Henry_Turner_(basketball),Henry Turner (basketball),1988
http://dbpedia.org/resource/Julian_Jacobs_(basketball),Julian Jacobs (basketball),2016
http://dbpedia.org/resource/Walter_Jordan,Walter Jordan,1978
http://dbpedia.org/resource/Ray_Epps,Ray Epps,1977
http://dbpedia.org/resource/Carey_Scurry,Carey Scurry,1985
http://dbpedia.org/resource/Nate_Green,Nate Green,2000
http://dbpedia.org/resource/Terrel_Harris,Terrel Harris,2009
http://dbpedia.org/resource/Keith_Langford,Keith Langford,2005
http://dbpedia.org/resource/Esteban_Batista,Esteban Batista,2005
http://dbpedia.org/resource/Tyreke_Evans,Tyreke Evans,2009
http://dbpedia.org/resource/Travis_Diener,Travis Diener,2005
http://dbpedia.org/resource/Scott_Skiles,Scott Skiles,1986
http://dbpedia.org/resource/Dairese_Gary,Dairese Gary,2011
http://dbpedia.org/resource/Marko_Čakarević,Marko Čakarević,2010
http://dbpedia.org/resource/Víctor_Sada,Víctor Sada,2006
http://dbpedia.org/resource/Todd_Jadlow,Todd Jadlow,1989
http://dbpedia.org/resource/Semih_Erden,Semih Erden,2008
http://dbpedia.org/resource/Dearica_Hamby,Dearica Hamby,2015
http://dbpedia.org/resource/Nikola_Vučurović,Nikola Vučurović,2002
http://dbpedia.org/resource/Glenn_Hansen,Glenn Hansen,1975
http://dbpedia.org/resource/Michael_Wright_(basketball),Michael Wright (basketball),2001
http://dbpedia.org/resource/Andriy_Malysh,Andriy Malysh,2005
http://dbpedia.org/resource/Shannon_Bobbitt,Shannon Bobbitt,2008
http://dbpedia.org/resource/Sam_Cassell,Sam Cassell,1993
http://dbpedia.org/resource/Furkan_Korkmaz,Furkan Korkmaz,2016
http://dbpedia.org/resource/Devin_Smith_(basketball),Devin Smith (basketball),2005
http://dbpedia.org/resource/Ricky_Shields,Ricky Shields,2005
http://dbpedia.org/resource/Quinn_Buckner,Quinn Buckner,1976
http://dbpedia.org/resource/Sean_Cunningham_(basketball),Sean Cunningham (basketball),2010
http://dbpedia.org/resource/Herb_Krautblatt,Herb Krautblatt,1948
http://dbpedia.org/resource/Dario_Šarić,Dario Šarić,2014
http://dbpedia.org/resource/Mouphtaou_Yarou,Mouphtaou Yarou,2013
http://dbpedia.org/resource/Rick_Darnell,Rick Darnell,1975
http://dbpedia.org/resource/Dick_Nemelka,Dick Nemelka,1966
http://dbpedia.org/resource/Micah_Downs,Micah Downs,2009
http://dbpedia.org/resource/Lucius_Allen,Lucius Allen,1969
http://dbpedia.org/resource/Luke_Harangody,Luke Harangody,2010
"http://dbpedia.org/resource/Dan_Anderson_(basketball,_born_1943)","Dan Anderson (basketball, born 1943)",1965
