http://dbpedia.org/ontology/BasketballPlayer,BasketballPlayer,http://dbpedia.org/ontology/draftYear
http://dbpedia.org/resource/Jonathan_Kerner,Jonathan Kerner,1906
http://dbpedia.org/resource/Branko_Mirković,Branko Mirković,1944
http://dbpedia.org/resource/Boštjan_Nachbar,Boštjan Nachbar,2064
http://dbpedia.org/resource/Michael_Scott_(basketball),Michael Scott (basketball),1949
http://dbpedia.org/resource/Seth_Tarver,Seth Tarver,2042
http://dbpedia.org/resource/Kenny_Sykes,Kenny Sykes,1855
http://dbpedia.org/resource/Serge_Zwikker,Serge Zwikker,1920
http://dbpedia.org/resource/Keon_Clark,Keon Clark,2026
http://dbpedia.org/resource/Jayson_Granger,Jayson Granger,2167
http://dbpedia.org/resource/David_Wear,David Wear,2001
http://dbpedia.org/resource/Dan_O'Sullivan,Dan O'Sullivan,2154
http://dbpedia.org/resource/Charde_Houston,Charde Houston,2059
http://dbpedia.org/resource/Lindsey_Yamasaki,Lindsey Yamasaki,2079
http://dbpedia.org/resource/Samir_Shaptahoviç,Samir Shaptahoviç,2087
http://dbpedia.org/resource/Cedi_Osman,Cedi Osman,2120
http://dbpedia.org/resource/Abe_King,Abe King,1996
http://dbpedia.org/resource/Toby_Kimball,Toby Kimball,1986
http://dbpedia.org/resource/Allen_Leavell,Allen Leavell,1947
http://dbpedia.org/resource/Nancy_Lieberman,Nancy Lieberman,1856
http://dbpedia.org/resource/Vashil_Fernandez,Vashil Fernandez,1865
http://dbpedia.org/resource/Dante_Exum,Dante Exum,2196
http://dbpedia.org/resource/Rowan_Barrett,Rowan Barrett,2156
http://dbpedia.org/resource/Rich_Kelley,Rich Kelley,2074
http://dbpedia.org/resource/Ray_Lumpp,Ray Lumpp,2095
http://dbpedia.org/resource/Devin_Booker,Devin Booker,1976
http://dbpedia.org/resource/Brad_Wanamaker,Brad Wanamaker,1983
http://dbpedia.org/resource/Rodrigue_Beaubois,Rodrigue Beaubois,2173
http://dbpedia.org/resource/Ticha_Penicheiro,Ticha Penicheiro,2087
http://dbpedia.org/resource/Andrei_Kirilenko,Andrei Kirilenko,2075
http://dbpedia.org/resource/Emir_Preldžić,Emir Preldžić,2009
http://dbpedia.org/resource/Cory_Alexander,Cory Alexander,1903
"http://dbpedia.org/resource/Jack_Turner_(basketball,_born_1939)","Jack Turner (basketball, born 1939)",2061
http://dbpedia.org/resource/Folarin_Campbell,Folarin Campbell,2095
http://dbpedia.org/resource/Robert_Werdann,Robert Werdann,1796
http://dbpedia.org/resource/Toby_Bailey,Toby Bailey,1906
http://dbpedia.org/resource/Keanau_Post,Keanau Post,1845
"http://dbpedia.org/resource/Reggie_Jackson_(basketball,_born_1990)","Reggie Jackson (basketball, born 1990)",1851
http://dbpedia.org/resource/Dan_Coleman_(basketball),Dan Coleman (basketball),1848
http://dbpedia.org/resource/Jennifer_Rizzotti,Jennifer Rizzotti,1893
http://dbpedia.org/resource/John_Smith_(basketball),John Smith (basketball),1930
http://dbpedia.org/resource/Chris_Harris_(basketball),Chris Harris (basketball),1906
http://dbpedia.org/resource/Corey_Hawkins_(basketball),Corey Hawkins (basketball),2063
http://dbpedia.org/resource/Louie_Dampier,Louie Dampier,1913
http://dbpedia.org/resource/C._J._Williams_(basketball),C. J. Williams (basketball),2077
http://dbpedia.org/resource/Mickaël_Gelabale,Mickaël Gelabale,1996
http://dbpedia.org/resource/Tai_Wesley,Tai Wesley,2020
http://dbpedia.org/resource/Chris_Richard_(basketball),Chris Richard (basketball),2202
http://dbpedia.org/resource/George_Brown_(basketball),George Brown (basketball),1887
http://dbpedia.org/resource/J._R._Bremer,J. R. Bremer,2155
http://dbpedia.org/resource/Wallace_Jones,Wallace Jones,1983
http://dbpedia.org/resource/Markel_Humphrey,Markel Humphrey,1963
http://dbpedia.org/resource/Michael_Anderson_(basketball),Michael Anderson (basketball),1795
http://dbpedia.org/resource/Charles_Rhodes,Charles Rhodes,2053
http://dbpedia.org/resource/Artsiom_Parakhouski,Artsiom Parakhouski,2048
http://dbpedia.org/resource/Ivan_Strebkov,Ivan Strebkov,2136
http://dbpedia.org/resource/Jordi_Trias,Jordi Trias,2098
http://dbpedia.org/resource/Mateen_Cleaves,Mateen Cleaves,1828
http://dbpedia.org/resource/Michael_Hawkins_(basketball),Michael Hawkins (basketball),1876
http://dbpedia.org/resource/Phil_Walker_(basketball),Phil Walker (basketball),1879
http://dbpedia.org/resource/Joe_Holup,Joe Holup,1974
http://dbpedia.org/resource/Malik_Rose,Malik Rose,2161
http://dbpedia.org/resource/Marquise_Simmons,Marquise Simmons,2139
http://dbpedia.org/resource/Walter_Lemon_Jr.,Walter Lemon Jr.,1927
http://dbpedia.org/resource/Gašper_Vidmar,Gašper Vidmar,1900
http://dbpedia.org/resource/Phil_Hankinson,Phil Hankinson,1801
http://dbpedia.org/resource/James_Blackwell,James Blackwell,1837
http://dbpedia.org/resource/Marc_Salyers,Marc Salyers,1949
http://dbpedia.org/resource/Mike_Taylor_(basketball),Mike Taylor (basketball),1810
http://dbpedia.org/resource/Rodney_Blake_(basketball),Rodney Blake (basketball),1799
http://dbpedia.org/resource/David_Laury,David Laury,2121
http://dbpedia.org/resource/Mitch_Taylor,Mitch Taylor,2169
http://dbpedia.org/resource/Patty_Mills,Patty Mills,1869
http://dbpedia.org/resource/Ognjen_Aškrabić,Ognjen Aškrabić,2105
http://dbpedia.org/resource/Larry_Hughes,Larry Hughes,2062
http://dbpedia.org/resource/Andrija_Stipanović,Andrija Stipanović,1809
http://dbpedia.org/resource/Terrence_Jones,Terrence Jones,1876
http://dbpedia.org/resource/George_Montgomery_(basketball),George Montgomery (basketball),1799
http://dbpedia.org/resource/Uwe_Blab,Uwe Blab,2042
http://dbpedia.org/resource/Rudy_Gay,Rudy Gay,1861
http://dbpedia.org/resource/Chuck_Grigsby,Chuck Grigsby,1796
http://dbpedia.org/resource/Philipp_Schwethelm,Philipp Schwethelm,2208
http://dbpedia.org/resource/Becky_Hammon,Becky Hammon,2010
http://dbpedia.org/resource/Eric_Burks,Eric Burks,2018
http://dbpedia.org/resource/Kiki_Vandeweghe,Kiki Vandeweghe,1863
http://dbpedia.org/resource/Sharnee_Zoll-Norman,Sharnee Zoll-Norman,1826
http://dbpedia.org/resource/Miro_Bilan,Miro Bilan,2188
http://dbpedia.org/resource/Gary_Alcorn,Gary Alcorn,1819
http://dbpedia.org/resource/Jimmy_Jones_(basketball),Jimmy Jones (basketball),1987
http://dbpedia.org/resource/Ed_Ratleff,Ed Ratleff,1783
http://dbpedia.org/resource/Ali_Farokhmanesh,Ali Farokhmanesh,2193
http://dbpedia.org/resource/Darrick_Martin,Darrick Martin,2064
http://dbpedia.org/resource/Anthony_Stover,Anthony Stover,2043
http://dbpedia.org/resource/William_Njoku,William Njoku,2040
http://dbpedia.org/resource/Myles_Turner_(basketball),Myles Turner (basketball),2162
http://dbpedia.org/resource/Byron_Beck,Byron Beck,2123
http://dbpedia.org/resource/Bob_Woollard,Bob Woollard,1874
http://dbpedia.org/resource/Jordan_Williams_(basketball),Jordan Williams (basketball),1958
http://dbpedia.org/resource/Gene_Berce,Gene Berce,1861
http://dbpedia.org/resource/Stu_Lantz,Stu Lantz,2004
http://dbpedia.org/resource/Evgeny_Kolesnikov,Evgeny Kolesnikov,2142
http://dbpedia.org/resource/Erik_Daniels,Erik Daniels,2072
http://dbpedia.org/resource/Emeka_Okafor,Emeka Okafor,1855
http://dbpedia.org/resource/Richard_Jefferson,Richard Jefferson,2006
"http://dbpedia.org/resource/Brian_Oliver_(basketball,_born_1990)","Brian Oliver (basketball, born 1990)",1919
http://dbpedia.org/resource/DeSagana_Diop,DeSagana Diop,2118
http://dbpedia.org/resource/Willie_Burton,Willie Burton,1797
http://dbpedia.org/resource/Brian_Evans_(basketball),Brian Evans (basketball),1872
http://dbpedia.org/resource/Jerod_Ward,Jerod Ward,1987
http://dbpedia.org/resource/Rod_Knowles,Rod Knowles,2010
http://dbpedia.org/resource/Rasual_Butler,Rasual Butler,2063
http://dbpedia.org/resource/Tim_Duncan,Tim Duncan,1954
http://dbpedia.org/resource/Chris_McGuthrie,Chris McGuthrie,1916
http://dbpedia.org/resource/Deanna_Jackson,Deanna Jackson,2135
http://dbpedia.org/resource/Craig_Hodges,Craig Hodges,1997
http://dbpedia.org/resource/Bob_Carrington,Bob Carrington,1850
http://dbpedia.org/resource/Galen_Young,Galen Young,1929
http://dbpedia.org/resource/Stan_Albeck,Stan Albeck,2010
http://dbpedia.org/resource/Klemen_Prepelič,Klemen Prepelič,2017
http://dbpedia.org/resource/Jerai_Grant,Jerai Grant,1994
http://dbpedia.org/resource/Billy_Paultz,Billy Paultz,1979
http://dbpedia.org/resource/Cal_Bowdler,Cal Bowdler,1969
http://dbpedia.org/resource/Larry_Mikan,Larry Mikan,2129
http://dbpedia.org/resource/DeShawn_Stevenson,DeShawn Stevenson,1984
http://dbpedia.org/resource/Yogev_Ohayon,Yogev Ohayon,2149
http://dbpedia.org/resource/Gintaras_Einikis,Gintaras Einikis,2146
http://dbpedia.org/resource/Scott_Williams_(basketball),Scott Williams (basketball),1892
http://dbpedia.org/resource/Walt_Frazier,Walt Frazier,1891
http://dbpedia.org/resource/Ralph_Lewis_(basketball),Ralph Lewis (basketball),1807
http://dbpedia.org/resource/Don_Adams_(basketball),Don Adams (basketball),2071
http://dbpedia.org/resource/Patrick_Ewing,Patrick Ewing,2128
http://dbpedia.org/resource/Sam_Dower,Sam Dower,1878
http://dbpedia.org/resource/Jordan_Taylor_(basketball),Jordan Taylor (basketball),2156
http://dbpedia.org/resource/Grant_Gondrezick,Grant Gondrezick,1987
http://dbpedia.org/resource/C._J._Reed,C. J. Reed,2022
http://dbpedia.org/resource/Dragan_Kićanović,Dragan Kićanović,1925
http://dbpedia.org/resource/Mantas_Kalnietis,Mantas Kalnietis,1930
http://dbpedia.org/resource/Alex_Liatsos,Alex Liatsos,2069
http://dbpedia.org/resource/Vytenis_Lipkevičius,Vytenis Lipkevičius,1934
http://dbpedia.org/resource/Larry_Hennessy,Larry Hennessy,1976
http://dbpedia.org/resource/Sergei_Karaulov,Sergei Karaulov,2034
http://dbpedia.org/resource/Barney_Cable,Barney Cable,1974
http://dbpedia.org/resource/Greg_Foster_(basketball),Greg Foster (basketball),2175
http://dbpedia.org/resource/Langston_Galloway,Langston Galloway,2188
http://dbpedia.org/resource/Mirko_Kovač_(basketball),Mirko Kovač (basketball),2121
http://dbpedia.org/resource/Nick_Okorie,Nick Okorie,1887
http://dbpedia.org/resource/Jalen_Jones,Jalen Jones,2000
http://dbpedia.org/resource/Alex_Caruso,Alex Caruso,2032
http://dbpedia.org/resource/Tony_Brown_(basketball),Tony Brown (basketball),1892
http://dbpedia.org/resource/Keaton_Nankivil,Keaton Nankivil,1868
http://dbpedia.org/resource/Dante_Calabria,Dante Calabria,1824
http://dbpedia.org/resource/Jason_Brickman,Jason Brickman,1899
http://dbpedia.org/resource/Anthony_Tucker,Anthony Tucker,2086
http://dbpedia.org/resource/Frank_Ramsey_(basketball),Frank Ramsey (basketball),1861
http://dbpedia.org/resource/Brandon_Triche,Brandon Triche,2114
http://dbpedia.org/resource/Walter_Jordan,Walter Jordan,2049
http://dbpedia.org/resource/Derek_Smith_(basketball),Derek Smith (basketball),2106
http://dbpedia.org/resource/Larry_Gordon_(basketball),Larry Gordon (basketball),1829
http://dbpedia.org/resource/Don_Ray_(basketball),Don Ray (basketball),1989
http://dbpedia.org/resource/Dave_Piontek,Dave Piontek,1880
http://dbpedia.org/resource/Randolph_Morris,Randolph Morris,2186
http://dbpedia.org/resource/Olcay_Çakır,Olcay Çakır,1929
http://dbpedia.org/resource/Brian_Cusworth,Brian Cusworth,1922
http://dbpedia.org/resource/Assem_Marei,Assem Marei,1916
http://dbpedia.org/resource/Jamar_Abrams,Jamar Abrams,1844
http://dbpedia.org/resource/Scott_Padgett,Scott Padgett,2093
http://dbpedia.org/resource/Ken_Spain,Ken Spain,2015
http://dbpedia.org/resource/Milan_Tomić,Milan Tomić,2127
http://dbpedia.org/resource/Clyde_Mayes,Clyde Mayes,1789
http://dbpedia.org/resource/Paul_Griffin_(basketball),Paul Griffin (basketball),2143
http://dbpedia.org/resource/Przemysław_Zamojski,Przemysław Zamojski,1809
http://dbpedia.org/resource/Jerome_Randle,Jerome Randle,2052
http://dbpedia.org/resource/Al_Seiden,Al Seiden,1766
http://dbpedia.org/resource/Dave_Lattin,Dave Lattin,1791
http://dbpedia.org/resource/Kedrick_Brown,Kedrick Brown,1978
http://dbpedia.org/resource/John_Welch_(basketball),John Welch (basketball),2002
http://dbpedia.org/resource/Matt_Bauscher,Matt Bauscher,2114
http://dbpedia.org/resource/Carleton_Scott,Carleton Scott,1908
http://dbpedia.org/resource/Morgan_Lewis_(basketball),Morgan Lewis (basketball),2011
http://dbpedia.org/resource/Ray_Turner_(basketball),Ray Turner (basketball),2006
http://dbpedia.org/resource/Dave_Hoppen,Dave Hoppen,2034
http://dbpedia.org/resource/Cristiano_Felício,Cristiano Felício,1817
http://dbpedia.org/resource/Thon_Maker,Thon Maker,2162
http://dbpedia.org/resource/Cheick_Diallo,Cheick Diallo,1965
http://dbpedia.org/resource/Stanley_Robinson,Stanley Robinson,1903
http://dbpedia.org/resource/Marcos_Delía,Marcos Delía,2131
http://dbpedia.org/resource/Randy_Wittman,Randy Wittman,1977
http://dbpedia.org/resource/Andrea_Traini,Andrea Traini,2016
http://dbpedia.org/resource/Kerem_Gönlüm,Kerem Gönlüm,2170
http://dbpedia.org/resource/Kodi_Augustus,Kodi Augustus,1923
http://dbpedia.org/resource/Cleanthony_Early,Cleanthony Early,1920
http://dbpedia.org/resource/Marcus_Paige,Marcus Paige,2114
http://dbpedia.org/resource/Jim_Holstein,Jim Holstein,1923
http://dbpedia.org/resource/Luis_Flores_(basketball),Luis Flores (basketball),1868
http://dbpedia.org/resource/Chris_Porter_(basketball),Chris Porter (basketball),1963
http://dbpedia.org/resource/Earl_Gardner_(basketball),Earl Gardner (basketball),2121
http://dbpedia.org/resource/Giorgos_Danas,Giorgos Danas,2130
http://dbpedia.org/resource/Jelena_Špirić,Jelena Špirić,1816
http://dbpedia.org/resource/Bob_Weiss,Bob Weiss,2101
http://dbpedia.org/resource/James_Wade_(basketball),James Wade (basketball),1827
http://dbpedia.org/resource/Erica_White_(basketball),Erica White (basketball),1813
http://dbpedia.org/resource/Darius_Adams,Darius Adams,1810
http://dbpedia.org/resource/Dick_McGuire,Dick McGuire,1950
http://dbpedia.org/resource/Ricardo_Greer,Ricardo Greer,1895
http://dbpedia.org/resource/Bill_Mayfield,Bill Mayfield,1877
http://dbpedia.org/resource/Javier_Duren,Javier Duren,2128
http://dbpedia.org/resource/Allan_Bristow,Allan Bristow,2012
http://dbpedia.org/resource/Glen_Rice,Glen Rice,1945
http://dbpedia.org/resource/Jamelle_Cornley,Jamelle Cornley,2157
http://dbpedia.org/resource/Juwan_Howard,Juwan Howard,1884
http://dbpedia.org/resource/David_Wood_(basketball),David Wood (basketball),1960
http://dbpedia.org/resource/Petr_Cornelie,Petr Cornelie,2018
http://dbpedia.org/resource/Sergio_Kerusch,Sergio Kerusch,2109
http://dbpedia.org/resource/Etdrick_Bohannon,Etdrick Bohannon,2088
http://dbpedia.org/resource/Jim_Brogan_(basketball),Jim Brogan (basketball),1787
http://dbpedia.org/resource/Rimas_Kurtinaitis,Rimas Kurtinaitis,2051
http://dbpedia.org/resource/Milan_Gurović,Milan Gurović,2041
http://dbpedia.org/resource/Michael_Fraser_(basketball),Michael Fraser (basketball),1915
http://dbpedia.org/resource/Maurice_Jeffers,Maurice Jeffers,2052
http://dbpedia.org/resource/Keith_Smart,Keith Smart,2118
http://dbpedia.org/resource/Jim_Washington,Jim Washington,2117
http://dbpedia.org/resource/Mike_Kearns,Mike Kearns,1958
http://dbpedia.org/resource/Danilo_Šibalić,Danilo Šibalić,2089
http://dbpedia.org/resource/Zlatko_Jovanović,Zlatko Jovanović,2003
http://dbpedia.org/resource/Ed_Searcy,Ed Searcy,2078
http://dbpedia.org/resource/James_Bailey_(basketball),James Bailey (basketball),2148
http://dbpedia.org/resource/Andrew_Lang_(basketball),Andrew Lang (basketball),1905
http://dbpedia.org/resource/Todd_Lehmann,Todd Lehmann,1910
http://dbpedia.org/resource/Dave_Feitl,Dave Feitl,1828
http://dbpedia.org/resource/Sergei_Bykov,Sergei Bykov,1998
http://dbpedia.org/resource/Mike_Wilkinson,Mike Wilkinson,1901
http://dbpedia.org/resource/Stephen_Curry,Stephen Curry,1829
http://dbpedia.org/resource/Tony_Massenburg,Tony Massenburg,1988
http://dbpedia.org/resource/Johan_Passave-Ducteil,Johan Passave-Ducteil,2168
http://dbpedia.org/resource/Jessie_Hicks,Jessie Hicks,2152
http://dbpedia.org/resource/Michael_Lee_(basketball),Michael Lee (basketball),1936
http://dbpedia.org/resource/Jerry_Greenspan,Jerry Greenspan,2051
http://dbpedia.org/resource/James_Collins_(basketball),James Collins (basketball),1897
http://dbpedia.org/resource/David_Britton_(basketball),David Britton (basketball),2149
http://dbpedia.org/resource/Aleksej_Nešović,Aleksej Nešović,2026
http://dbpedia.org/resource/Marshall_Henderson,Marshall Henderson,2123
http://dbpedia.org/resource/Lynn_Greer,Lynn Greer,1956
http://dbpedia.org/resource/Keith_Tower,Keith Tower,1925
http://dbpedia.org/resource/Maxime_De_Zeeuw,Maxime De Zeeuw,2021
http://dbpedia.org/resource/Don_Dee,Don Dee,1800
http://dbpedia.org/resource/Kelsey_Griffin,Kelsey Griffin,2160
http://dbpedia.org/resource/Jordan_Hooper,Jordan Hooper,1994
http://dbpedia.org/resource/Michael_Doleac,Michael Doleac,2107
http://dbpedia.org/resource/Jamal_Olasewere,Jamal Olasewere,2176
http://dbpedia.org/resource/Anthony_Peeler,Anthony Peeler,1836
http://dbpedia.org/resource/John_DiBartolomeo,John DiBartolomeo,2093
http://dbpedia.org/resource/Greg_Butler,Greg Butler,2169
http://dbpedia.org/resource/Pape_Sy,Pape Sy,2197
http://dbpedia.org/resource/Raja_Bell,Raja Bell,2142
http://dbpedia.org/resource/Richard_Solomon_(basketball),Richard Solomon (basketball),2123
http://dbpedia.org/resource/Tyronn_Lue,Tyronn Lue,1907
http://dbpedia.org/resource/Andy_Duncan_(basketball),Andy Duncan (basketball),2099
http://dbpedia.org/resource/Harvey_Knuckles,Harvey Knuckles,2087
http://dbpedia.org/resource/Adam_Wójcik,Adam Wójcik,2124
http://dbpedia.org/resource/Elgin_Cook,Elgin Cook,2164
http://dbpedia.org/resource/Mykal_Riley,Mykal Riley,1871
http://dbpedia.org/resource/Michael_Cooper,Michael Cooper,1832
http://dbpedia.org/resource/Shawn_Huff,Shawn Huff,1867
http://dbpedia.org/resource/Michael_Holton,Michael Holton,2148
http://dbpedia.org/resource/Nate_Linhart,Nate Linhart,2156
http://dbpedia.org/resource/Jeff_Mullins_(basketball),Jeff Mullins (basketball),2081
http://dbpedia.org/resource/Kenny_Walker,Kenny Walker,2157
http://dbpedia.org/resource/Nate_Reinking,Nate Reinking,2086
"http://dbpedia.org/resource/Charles_Davis_(basketball,_born_1984)","Charles Davis (basketball, born 1984)",2003
http://dbpedia.org/resource/Ryan_Robertson,Ryan Robertson,1878
"http://dbpedia.org/resource/Kevin_Young_(basketball,_born_1990)","Kevin Young (basketball, born 1990)",2028
http://dbpedia.org/resource/D._J._Covington,D. J. Covington,1962
"http://dbpedia.org/resource/Malcolm_Thomas_(basketball,_born_1988)","Malcolm Thomas (basketball, born 1988)",1942
http://dbpedia.org/resource/Karim_Shabazz,Karim Shabazz,1910
http://dbpedia.org/resource/Scott_Fisher_(basketball),Scott Fisher (basketball),2069
http://dbpedia.org/resource/Del_Beshore,Del Beshore,2091
http://dbpedia.org/resource/Leonard_Gray,Leonard Gray,1830
http://dbpedia.org/resource/Wil_Carter,Wil Carter,1900
http://dbpedia.org/resource/Reggie_Theus,Reggie Theus,1979
http://dbpedia.org/resource/Primož_Brezec,Primož Brezec,2141
http://dbpedia.org/resource/Chris_Whitney,Chris Whitney,1994
http://dbpedia.org/resource/Tamika_Williams,Tamika Williams,2112
http://dbpedia.org/resource/Garrett_Temple,Garrett Temple,2077
http://dbpedia.org/resource/Kosta_Perović,Kosta Perović,1918
http://dbpedia.org/resource/Jacque_Vaughn,Jacque Vaughn,2076
http://dbpedia.org/resource/Mason_Plumlee,Mason Plumlee,2086
http://dbpedia.org/resource/Mark_Plansky,Mark Plansky,2122
http://dbpedia.org/resource/Pat_Frink,Pat Frink,2127
http://dbpedia.org/resource/Dragan_Milosavljević,Dragan Milosavljević,2128
"http://dbpedia.org/resource/Mike_James_(basketball,_born_1975)","Mike James (basketball, born 1975)",2070
http://dbpedia.org/resource/Jamal_Crawford,Jamal Crawford,1814
http://dbpedia.org/resource/Steve_Blake,Steve Blake,2081
http://dbpedia.org/resource/Bob_Hansen,Bob Hansen,1944
http://dbpedia.org/resource/Mike_Miller_(basketball_player),Mike Miller (basketball player),2166
http://dbpedia.org/resource/Sead_Šehović,Sead Šehović,1815
http://dbpedia.org/resource/Rašid_Mahalbašić,Rašid Mahalbašić,1840
http://dbpedia.org/resource/John_Dickson_(basketball),John Dickson (basketball),2006
http://dbpedia.org/resource/Chamique_Holdsclaw,Chamique Holdsclaw,1836
http://dbpedia.org/resource/Dick_Grubar,Dick Grubar,1801
http://dbpedia.org/resource/Alex_Harden,Alex Harden,1942
http://dbpedia.org/resource/Larry_Sanders_(basketball),Larry Sanders (basketball),1993
http://dbpedia.org/resource/Richard_Washington,Richard Washington,1927
http://dbpedia.org/resource/Sava_Lešić,Sava Lešić,1866
http://dbpedia.org/resource/Essie_Hollis,Essie Hollis,1975
http://dbpedia.org/resource/Corky_Calhoun,Corky Calhoun,1905
http://dbpedia.org/resource/Jon_McGlocklin,Jon McGlocklin,1999
http://dbpedia.org/resource/Marc_Antonio_Carter,Marc Antonio Carter,2101
http://dbpedia.org/resource/Alexis_Gray-Lawson,Alexis Gray-Lawson,1915
http://dbpedia.org/resource/Jordan_Clarkson,Jordan Clarkson,1967
http://dbpedia.org/resource/Nemanja_Bezbradica,Nemanja Bezbradica,1841
http://dbpedia.org/resource/Tanguy_Ngombo,Tanguy Ngombo,2180
http://dbpedia.org/resource/Roy_Hibbert,Roy Hibbert,2054
http://dbpedia.org/resource/Ronald_Murray,Ronald Murray,2169
http://dbpedia.org/resource/Will_Yeguete,Will Yeguete,2108
http://dbpedia.org/resource/Janel_McCarville,Janel McCarville,1930
http://dbpedia.org/resource/David_Arnold_(basketball),David Arnold (basketball),2207
http://dbpedia.org/resource/Isabelle_Harrison,Isabelle Harrison,2048
http://dbpedia.org/resource/Petar_Jokić_(basketball),Petar Jokić (basketball),2045
http://dbpedia.org/resource/Keith_Smith_(basketball),Keith Smith (basketball),2119
http://dbpedia.org/resource/Nemanja_Gordić,Nemanja Gordić,1972
http://dbpedia.org/resource/Sokratis_Psaropoulos,Sokratis Psaropoulos,2061
http://dbpedia.org/resource/Mickaël_Piétrus,Mickaël Piétrus,2070
http://dbpedia.org/resource/Doneeka_Lewis,Doneeka Lewis,2182
http://dbpedia.org/resource/Jack_Taylor_(basketball),Jack Taylor (basketball),2102
http://dbpedia.org/resource/Robert_Day_(basketball),Robert Day (basketball),2068
http://dbpedia.org/resource/Muggsy_Bogues,Muggsy Bogues,1843
http://dbpedia.org/resource/Shea_Seals,Shea Seals,1894
http://dbpedia.org/resource/Brandon_Heath_(basketball),Brandon Heath (basketball),2155
http://dbpedia.org/resource/Stefan_Živanović,Stefan Živanović,2035
http://dbpedia.org/resource/Dion_Dixon,Dion Dixon,1925
http://dbpedia.org/resource/Matt_Hodgson_(basketball),Matt Hodgson (basketball),2053
http://dbpedia.org/resource/Mickey_Dillard,Mickey Dillard,2007
http://dbpedia.org/resource/Joe_Alexander,Joe Alexander,2026
http://dbpedia.org/resource/Korie_Lucious,Korie Lucious,2086
http://dbpedia.org/resource/Juan_Dixon,Juan Dixon,1815
http://dbpedia.org/resource/Malcolm_Grant_(basketball),Malcolm Grant (basketball),2128
http://dbpedia.org/resource/Johnny_Egan,Johnny Egan,1975
http://dbpedia.org/resource/Vassil_Evtimov,Vassil Evtimov,2125
http://dbpedia.org/resource/Scott_Haffner,Scott Haffner,1819
http://dbpedia.org/resource/Andrea_De_Nicolao,Andrea De Nicolao,2195
http://dbpedia.org/resource/David_Chiotti,David Chiotti,2183
http://dbpedia.org/resource/Sergei_Belov,Sergei Belov,2034
http://dbpedia.org/resource/Jamel_Thomas,Jamel Thomas,1988
http://dbpedia.org/resource/Lance_Allred,Lance Allred,2077
"http://dbpedia.org/resource/Justin_Hamilton_(basketball,_born_1980)","Justin Hamilton (basketball, born 1980)",1943
http://dbpedia.org/resource/Larry_Turner_(basketball),Larry Turner (basketball),2057
http://dbpedia.org/resource/Art_Heyman,Art Heyman,1916
http://dbpedia.org/resource/Cady_Lalanne,Cady Lalanne,2106
http://dbpedia.org/resource/Seth_Doliboa,Seth Doliboa,1974
http://dbpedia.org/resource/Curtis_Rowe,Curtis Rowe,2152
http://dbpedia.org/resource/Carl_English,Carl English,1829
http://dbpedia.org/resource/Brittney_Griner,Brittney Griner,2171
http://dbpedia.org/resource/Corban_Wroe,Corban Wroe,2118
http://dbpedia.org/resource/Michael_Andersen,Michael Andersen,2062
http://dbpedia.org/resource/Randy_White_(basketball),Randy White (basketball),2039
http://dbpedia.org/resource/Tarvis_Williams,Tarvis Williams,1830
http://dbpedia.org/resource/Joe_Barry_Carroll,Joe Barry Carroll,2081
http://dbpedia.org/resource/Jerome_Whitehead,Jerome Whitehead,1990
http://dbpedia.org/resource/Mike_Gminski,Mike Gminski,1936
http://dbpedia.org/resource/Billy_James_(basketball),Billy James (basketball),2002
http://dbpedia.org/resource/Sean_Williams_(basketball),Sean Williams (basketball),2035
http://dbpedia.org/resource/Gintaras_Kadžiulis,Gintaras Kadžiulis,2046
http://dbpedia.org/resource/Rashaun_Freeman,Rashaun Freeman,2177
http://dbpedia.org/resource/Glenn_Mosley_(basketball),Glenn Mosley (basketball),2043
http://dbpedia.org/resource/Jeff_Teague_(basketball),Jeff Teague (basketball),2160
http://dbpedia.org/resource/Kenny_Atkinson,Kenny Atkinson,2187
http://dbpedia.org/resource/Vernon_Goodridge,Vernon Goodridge,1968
http://dbpedia.org/resource/Kenny_Battle,Kenny Battle,2130
http://dbpedia.org/resource/Matt_Othick,Matt Othick,1980
http://dbpedia.org/resource/Larry_Kenon,Larry Kenon,1875
http://dbpedia.org/resource/Joel_Freeland,Joel Freeland,1963
http://dbpedia.org/resource/Ha_Seung-jin,Ha Seung-jin,1821
http://dbpedia.org/resource/Chet_Walker,Chet Walker,2097
http://dbpedia.org/resource/Alvin_Young,Alvin Young,1957
http://dbpedia.org/resource/Bill_Zopf,Bill Zopf,1955
http://dbpedia.org/resource/Lazeric_Jones,Lazeric Jones,1926
http://dbpedia.org/resource/Stefon_Jackson,Stefon Jackson,1867
http://dbpedia.org/resource/Kia_Vaughn,Kia Vaughn,2002
http://dbpedia.org/resource/Dwayne_Broyles,Dwayne Broyles,2179
http://dbpedia.org/resource/Pete_Mickeal,Pete Mickeal,2143
http://dbpedia.org/resource/Pete_Myers,Pete Myers,1992
http://dbpedia.org/resource/Malik_Allen,Malik Allen,1959
http://dbpedia.org/resource/Rodney_Hood,Rodney Hood,2182
http://dbpedia.org/resource/Luke_Jackson_(basketball),Luke Jackson (basketball),1974
http://dbpedia.org/resource/Frederick_Pea,Frederick Pea,1838
http://dbpedia.org/resource/Rita_Williams,Rita Williams,2076
http://dbpedia.org/resource/Frank_Gaines_(basketball),Frank Gaines (basketball),2074
http://dbpedia.org/resource/Sitapha_Savané,Sitapha Savané,2023
