http://dbpedia.org/ontology/SportsTeam,SportsTeam,http://dbpedia.org/ontology/foundingYear
http://dbpedia.org/resource/BC_MIA_Academy,BC MIA Academy,2008
http://dbpedia.org/resource/Uttoxeter_Rugby_Club,Uttoxeter Rugby Club,1982
http://dbpedia.org/resource/Alfta_GIF,Alfta GIF,1900
http://dbpedia.org/resource/Canberra_Vikings,Canberra Vikings,1994
http://dbpedia.org/resource/Nenagh_Ormond,Nenagh Ormond,1884
http://dbpedia.org/resource/San_Gregorio_Catania_Rugby,San Gregorio Catania Rugby,1990
http://dbpedia.org/resource/Morley_R.F.C.,Morley R.F.C.,1878
http://dbpedia.org/resource/Cairns_Taipans,Cairns Taipans,1999
http://dbpedia.org/resource/Salt_Lake_City_Stars,Salt Lake City Stars,1997
http://dbpedia.org/resource/Wingham_Ironmen,Wingham Ironmen,1975
http://dbpedia.org/resource/Tacoma_Trauma,Tacoma Trauma,2011
http://dbpedia.org/resource/BBV_Hagen,BBV Hagen,1905
http://dbpedia.org/resource/Rugby_Club_Krusevac,Rugby Club Krusevac,1992
http://dbpedia.org/resource/Iowa_Crush,Iowa Crush,2004
http://dbpedia.org/resource/Szolnoki_Olaj_KK,Szolnoki Olaj KK,1959
http://dbpedia.org/resource/IK_Sirius,IK Sirius,1907
http://dbpedia.org/resource/Nanterre_92,Nanterre 92,1927
http://dbpedia.org/resource/Saguenay_Fjord_(hockey),Saguenay Fjord (hockey),2002
http://dbpedia.org/resource/Sport_at_the_University_of_Adelaide,Sport at the University of Adelaide,1932
http://dbpedia.org/resource/US_Tours_Rugby,US Tours Rugby,1898
http://dbpedia.org/resource/Fort_McMurray_Oil_Barons,Fort McMurray Oil Barons,1981
http://dbpedia.org/resource/Queensland_Reds,Queensland Reds,1882
http://dbpedia.org/resource/Helvetia_Rugby,Helvetia Rugby,2007
http://dbpedia.org/resource/Young_Munster,Young Munster,1895
http://dbpedia.org/resource/The_Rock_(rugby_team),The Rock (rugby team),1984
http://dbpedia.org/resource/Canton_Cougars,Canton Cougars,2010
http://dbpedia.org/resource/Chow's_Gymnastics_and_Dance_Institute,Chow's Gymnastics and Dance Institute,1998
http://dbpedia.org/resource/Diables_Noirs_de_Tours,Diables Noirs de Tours,1972
http://dbpedia.org/resource/Savannah_Storm,Savannah Storm,2010
http://dbpedia.org/resource/Sokol_Novocheboksarsk,Sokol Novocheboksarsk,1975
http://dbpedia.org/resource/VK_Singidunum,VK Singidunum,2008
http://dbpedia.org/resource/HC_Karlovy_Vary,HC Karlovy Vary,1932
http://dbpedia.org/resource/London_Raiders,London Raiders,1987
http://dbpedia.org/resource/IK_Århus,IK Århus,2008
http://dbpedia.org/resource/HC_Budivelnyk,HC Budivelnyk,2010
http://dbpedia.org/resource/Stahl_Brandenburg_Rugby,Stahl Brandenburg Rugby,1959
http://dbpedia.org/resource/RN_Bogliasco,RN Bogliasco,1951
http://dbpedia.org/resource/BC_Mažeikiai,BC Mažeikiai,2005
http://dbpedia.org/resource/Senghenydd_RFC,Senghenydd RFC,1898
http://dbpedia.org/resource/CSKA_Samara,CSKA Samara,2002
http://dbpedia.org/resource/Büyükçekmece_Basketbol,Büyükçekmece Basketbol,2011
http://dbpedia.org/resource/PEAC-Pécs,PEAC-Pécs,1923
http://dbpedia.org/resource/Brisbane_Bullets,Brisbane Bullets,1979
http://dbpedia.org/resource/Princeton_Rugby,Princeton Rugby,1876
http://dbpedia.org/resource/Maddogs_München,Maddogs München,1994
http://dbpedia.org/resource/Olympique_Lille_Basket,Olympique Lille Basket,1924
http://dbpedia.org/resource/Oakland_Banshees,Oakland Banshees,2001
http://dbpedia.org/resource/Wasps_FC,Wasps FC,1867
http://dbpedia.org/resource/RK_Čelik,RK Čelik,1972
http://dbpedia.org/resource/Launceston_Rugby_Union_Football_Club,Launceston Rugby Union Football Club,1999
http://dbpedia.org/resource/Brandon_Wheat_Kings,Brandon Wheat Kings,1936
http://dbpedia.org/resource/Lafayette_Roughnecks,Lafayette Roughnecks,2000
http://dbpedia.org/resource/Falkenbergs_BTK,Falkenbergs BTK,1925
http://dbpedia.org/resource/Kenmore_Australian_Football_Club,Kenmore Australian Football Club,1997
http://dbpedia.org/resource/Sandringham_Sabres,Sandringham Sabres,1974
http://dbpedia.org/resource/EDward_Gaming,EDward Gaming,2014
http://dbpedia.org/resource/Elements_(League_of_Legends),Elements (League of Legends),2015
http://dbpedia.org/resource/Broadstreet_Rugby_Club,Broadstreet Rugby Club,1929
http://dbpedia.org/resource/Red_Deer_Vipers,Red Deer Vipers,1987
http://dbpedia.org/resource/București_Wolves,București Wolves,2004
http://dbpedia.org/resource/Diablo_Gaels_RFC,Diablo Gaels RFC,1971
http://dbpedia.org/resource/CSM_Baia_Mare_(rugby),CSM Baia Mare (rugby),1977
http://dbpedia.org/resource/Kimberley_Dynamiters_(KIJHL),Kimberley Dynamiters (KIJHL),1972
http://dbpedia.org/resource/St._Louis_Aces,St. Louis Aces,1994
http://dbpedia.org/resource/Victoriaville_Tigres,Victoriaville Tigres,1982
http://dbpedia.org/resource/Evansville_Thunder,Evansville Thunder,1984
http://dbpedia.org/resource/Royal_Navy_Rugby_Union,Royal Navy Rugby Union,1878
http://dbpedia.org/resource/Eastman_Raiders,Eastman Raiders,1991
http://dbpedia.org/resource/Empire_State_Cobras,Empire State Cobras,1994
http://dbpedia.org/resource/Brixham_Rugby_Club,Brixham Rugby Club,1874
http://dbpedia.org/resource/RC_Evko-More,RC Evko-More,1973
http://dbpedia.org/resource/Debreceni_Cívis_Póló_Vízilabda_SE,Debreceni Cívis Póló Vízilabda SE,2006
http://dbpedia.org/resource/RC_TEX-A-C,RC TEX-A-C,2002
http://dbpedia.org/resource/ENAD_Ayiou_Dometiou,ENAD Ayiou Dometiou,1937
http://dbpedia.org/resource/HC_Dinamo_Minsk,HC Dinamo Minsk,2003
http://dbpedia.org/resource/Druid_City_Dragons,Druid City Dragons,2006
http://dbpedia.org/resource/ACS_Sepsi_SIC,ACS Sepsi SIC,2012
http://dbpedia.org/resource/Xinjiang_Flying_Tigers,Xinjiang Flying Tigers,1999
http://dbpedia.org/resource/Crowsnest_Pass_Timberwolves,Crowsnest Pass Timberwolves,1998
http://dbpedia.org/resource/Ducs_de_Dijon,Ducs de Dijon,1969
http://dbpedia.org/resource/Åkers_IF,Åkers IF,1918
http://dbpedia.org/resource/Admiral_Vladivostok,Admiral Vladivostok,2013
http://dbpedia.org/resource/BC_Namur-Capitale,BC Namur-Capitale,2010
http://dbpedia.org/resource/Fairfield_University_Men's_Rugby_Football_Club,Fairfield University Men's Rugby Football Club,1963
http://dbpedia.org/resource/Utah_Saints_(AIFA),Utah Saints (AIFA),2008
http://dbpedia.org/resource/Team_FOG_Næstved,Team FOG Næstved,1962
http://dbpedia.org/resource/North_Vancouver_Wolf_Pack,North Vancouver Wolf Pack,2008
http://dbpedia.org/resource/BCM_U_Pitești,BCM U Pitești,2006
http://dbpedia.org/resource/RC_Jiki_Tbilisi,RC Jiki Tbilisi,2001
http://dbpedia.org/resource/Palencia_Baloncesto,Palencia Baloncesto,1979
http://dbpedia.org/resource/RC_Orléans,RC Orléans,1966
http://dbpedia.org/resource/Ore_Mountain_Club,Ore Mountain Club,1878
http://dbpedia.org/resource/Nintendo_Research_&_Development_2,Nintendo Research & Development 2,1972
http://dbpedia.org/resource/Prince_Albert_Raiders,Prince Albert Raiders,1982
http://dbpedia.org/resource/Kecskeméti_Atlétika_és_Rugby_Club,Kecskeméti Atlétika és Rugby Club,1979
http://dbpedia.org/resource/Rugby_Union_Club_Piešťany,Rugby Union Club Piešťany,2014
http://dbpedia.org/resource/Klosterneuburg_Dukes,Klosterneuburg Dukes,1952
http://dbpedia.org/resource/Niigata_Albirex_BB,Niigata Albirex BB,1954
http://dbpedia.org/resource/Cartha_Queens_Park_RFC,Cartha Queens Park RFC,1906
http://dbpedia.org/resource/Cleveland_Majic,Cleveland Majic,2005
http://dbpedia.org/resource/Yongin_Samsung_Blueminx,Yongin Samsung Blueminx,1977
http://dbpedia.org/resource/Rapla_KK,Rapla KK,1996
http://dbpedia.org/resource/Rubin_Tyumen,Rubin Tyumen,1972
http://dbpedia.org/resource/Launceston_RUFC,Launceston RUFC,1948
http://dbpedia.org/resource/Peninsula_Panthers,Peninsula Panthers,1980
http://dbpedia.org/resource/UP_Pep_Squad,UP Pep Squad,1994
http://dbpedia.org/resource/Vetlanda_BK,Vetlanda BK,1945
http://dbpedia.org/resource/ŽKK_Šabac,ŽKK Šabac,1995
http://dbpedia.org/resource/Buffalo_Wings_(inline_hockey),Buffalo Wings (inline hockey),1994
http://dbpedia.org/resource/TK_Borac,TK Borac,1958
http://dbpedia.org/resource/Charleston_Swamp_Foxes,Charleston Swamp Foxes,2000
http://dbpedia.org/resource/US_Dax,US Dax,1904
http://dbpedia.org/resource/RC_Graz,RC Graz,1995
http://dbpedia.org/resource/Anchorage_Bucs,Anchorage Bucs,1981
http://dbpedia.org/resource/Wisconsin_Wolfpack,Wisconsin Wolfpack,2008
http://dbpedia.org/resource/Shinsegae,Shinsegae,1955
http://dbpedia.org/resource/WPC_Dynamo_Moscow,WPC Dynamo Moscow,1923
http://dbpedia.org/resource/CH_Las_Palmas,CH Las Palmas,1975
http://dbpedia.org/resource/HK_36_Skalica,HK 36 Skalica,1936
http://dbpedia.org/resource/GS_Apollon_Smyrni,GS Apollon Smyrni,1891
http://dbpedia.org/resource/Força_Lleida_CE,Força Lleida CE,2012
http://dbpedia.org/resource/GS_Pétroliers_(basketball),GS Pétroliers (basketball),1921
http://dbpedia.org/resource/Chicago_Rockers,Chicago Rockers,1994
http://dbpedia.org/resource/Union_Sportive_Bressane,Union Sportive Bressane,1902
http://dbpedia.org/resource/Zarautz_RT,Zarautz RT,1977
http://dbpedia.org/resource/Belmont_Shore_RFC,Belmont Shore RFC,1974
http://dbpedia.org/resource/Spokane_Shockers,Spokane Shockers,1967
http://dbpedia.org/resource/Toronto_Amateur_Athletic_Club,Toronto Amateur Athletic Club,1904
http://dbpedia.org/resource/Quebec_City_Monarks,Quebec City Monarks,2003
http://dbpedia.org/resource/USA_Falcons,USA Falcons,2005
http://dbpedia.org/resource/Sydney_Kings,Sydney Kings,1988
http://dbpedia.org/resource/Quezon-Villa_Anita,Quezon-Villa Anita,2007
http://dbpedia.org/resource/ASK_Riga,ASK Riga,1929
http://dbpedia.org/resource/ASC_Denain-Voltaire_PH,ASC Denain-Voltaire PH,1947
http://dbpedia.org/resource/St._Louis_Trotters,St. Louis Trotters,1970
http://dbpedia.org/resource/Rouyn-Noranda_Huskies,Rouyn-Noranda Huskies,1933
http://dbpedia.org/resource/Washington_Justice,Washington Justice,2001
http://dbpedia.org/resource/Quebec_Phenix,Quebec Phenix,2007
http://dbpedia.org/resource/BCM_Gravelines-Dunkerque,BCM Gravelines-Dunkerque,1984
http://dbpedia.org/resource/Politekhnik_Kyiv,Politekhnik Kyiv,1992
http://dbpedia.org/resource/Co-Optimist_Rugby_Club,Co-Optimist Rugby Club,1924
http://dbpedia.org/resource/Naas_RFC,Naas RFC,1922
http://dbpedia.org/resource/BK_Mladá_Boleslav,BK Mladá Boleslav,1908
http://dbpedia.org/resource/Minnesota_Flame,Minnesota Flame,2014
http://dbpedia.org/resource/BK_Prostějov,BK Prostějov,1940
http://dbpedia.org/resource/RC_Polytechnic,RC Polytechnic,1965
http://dbpedia.org/resource/BC_Dynamo_Moscow,BC Dynamo Moscow,1923
http://dbpedia.org/resource/VK_ŽAK,VK ŽAK,1951
http://dbpedia.org/resource/Dorchester_Rugby_Football_Club,Dorchester Rugby Football Club,1871
http://dbpedia.org/resource/Llangennech_RFC,Llangennech RFC,1885
http://dbpedia.org/resource/Plivački_klub_Partizan,Plivački klub Partizan,1945
http://dbpedia.org/resource/BC_Partizani_Tirana,BC Partizani Tirana,1946
http://dbpedia.org/resource/Rhymney_RFC,Rhymney RFC,1882
http://dbpedia.org/resource/AirAsia_Philippine_Patriots,AirAsia Philippine Patriots,2009
http://dbpedia.org/resource/Goulburn_Rugby_Union,Goulburn Rugby Union,1872
http://dbpedia.org/resource/Heriot's_Cricket_Club,Heriot's Cricket Club,1889
http://dbpedia.org/resource/Milwaukee_Does,Milwaukee Does,1978
http://dbpedia.org/resource/Aspac_Jakarta,Aspac Jakarta,1994
http://dbpedia.org/resource/Società_Sportiva_Metanopoli,Società Sportiva Metanopoli,1953
http://dbpedia.org/resource/Minnesota_Havok,Minnesota Havok,2015
http://dbpedia.org/resource/Boston_Brawlers,Boston Brawlers,2014
http://dbpedia.org/resource/Caen_Basket_Calvados,Caen Basket Calvados,1959
http://dbpedia.org/resource/Budapest_Wolves,Budapest Wolves,2004
http://dbpedia.org/resource/Roseto_Sharks,Roseto Sharks,1946
http://dbpedia.org/resource/Curves_International,Curves International,1992
http://dbpedia.org/resource/Real_Sociedad_de_Tenis_de_La_Magdalena,Real Sociedad de Tenis de La Magdalena,1906
http://dbpedia.org/resource/Portland_Winterhawks,Portland Winterhawks,1951
http://dbpedia.org/resource/Uudeküla_Bulldogs_RFC,Uudeküla Bulldogs RFC,2007
http://dbpedia.org/resource/SKA_Saint_Petersburg,SKA Saint Petersburg,1946
http://dbpedia.org/resource/Abbotsford_Flyers,Abbotsford Flyers,1976
http://dbpedia.org/resource/Egaleo_B.C.,Egaleo B.C.,1956
http://dbpedia.org/resource/Yétis_du_Mont-Blanc,Yétis du Mont-Blanc,1986
http://dbpedia.org/resource/AMVJ_Basketball,AMVJ Basketball,1930
http://dbpedia.org/resource/Negros_Slashers,Negros Slashers,1998
http://dbpedia.org/resource/Baloncesto_Fuenlabrada,Baloncesto Fuenlabrada,1983
http://dbpedia.org/resource/BC_Rasai,BC Rasai,2005
http://dbpedia.org/resource/Antwerp_RC,Antwerp RC,1998
http://dbpedia.org/resource/1._Oberösterreichischer_Rugby_Sport_Club,1. Oberösterreichischer Rugby Sport Club,2000
http://dbpedia.org/resource/Jimmy_the_Greek_(restaurant),Jimmy the Greek (restaurant),1985
http://dbpedia.org/resource/HC_Tambov,HC Tambov,1981
http://dbpedia.org/resource/Vestri_(Basketball),Vestri (Basketball),1965
http://dbpedia.org/resource/Sudbury_Wolves,Sudbury Wolves,1962
http://dbpedia.org/resource/Zapotec_Totems,Zapotec Totems,2010
http://dbpedia.org/resource/Glyncorrwg_RFC,Glyncorrwg RFC,1880
http://dbpedia.org/resource/Surfers_Paradise_Dolphins,Surfers Paradise Dolphins,1973
http://dbpedia.org/resource/Cleveland_Patriots,Cleveland Patriots,2014
http://dbpedia.org/resource/West_Torrens_Cricket_Club,West Torrens Cricket Club,1857
http://dbpedia.org/resource/Handsworth_Rugby_Union_Football_Club,Handsworth Rugby Union Football Club,1870
http://dbpedia.org/resource/Deportes_Castro,Deportes Castro,2003
http://dbpedia.org/resource/KK_Parklji_Ljubljana,KK Parklji Ljubljana,1993
http://dbpedia.org/resource/Barcelona_Universitari_Club,Barcelona Universitari Club,1929
http://dbpedia.org/resource/Harvard_rugby,Harvard rugby,1872
http://dbpedia.org/resource/Cumberland_Grads,Cumberland Grads,1974
http://dbpedia.org/resource/San_Antonio_Spurs,San Antonio Spurs,1967
http://dbpedia.org/resource/Houston_Power,Houston Power,2010
http://dbpedia.org/resource/Spartak_Sofia_(ice_hockey),Spartak Sofia (ice hockey),1956
http://dbpedia.org/resource/California_Dream_(tennis),California Dream (tennis),2015
http://dbpedia.org/resource/Indiana_Speed,Indiana Speed,2002
http://dbpedia.org/resource/Wasps_Stabia_Rugby,Wasps Stabia Rugby,2006
http://dbpedia.org/resource/Zob_Ahan_Cultural_and_Sport_Club,Zob Ahan Cultural and Sport Club,1969
http://dbpedia.org/resource/Northside_Rhinos,Northside Rhinos,2000
http://dbpedia.org/resource/Gothiques_d'Amiens,Gothiques d'Amiens,1967
http://dbpedia.org/resource/Pill_Harriers_RFC,Pill Harriers RFC,1882
http://dbpedia.org/resource/Goldfields_Giants,Goldfields Giants,1990
http://dbpedia.org/resource/Prairie_Wolf_Pack,Prairie Wolf Pack,2009
http://dbpedia.org/resource/Otago_Rugby_Football_Union,Otago Rugby Football Union,1881
http://dbpedia.org/resource/G.S._FIAT,G.S. FIAT,1922
http://dbpedia.org/resource/Old_Wesley_R.F.C.,Old Wesley R.F.C.,1891
http://dbpedia.org/resource/Pee_Dee_Vipers,Pee Dee Vipers,2013
http://dbpedia.org/resource/IHC_Písek,IHC Písek,1990
http://dbpedia.org/resource/University_Gardens_Seahawks,University Gardens Seahawks,2015
http://dbpedia.org/resource/Badener_Greifs,Badener Greifs,1982
http://dbpedia.org/resource/Yeşilgiresun_Belediye,Yeşilgiresun Belediye,2006
http://dbpedia.org/resource/Celtic_Warriors,Celtic Warriors,2003
http://dbpedia.org/resource/Ángeles_de_Puebla_(basketball),Ángeles de Puebla (basketball),2007
http://dbpedia.org/resource/JEI_Learning,JEI Learning,1977
http://dbpedia.org/resource/Wollongong_Mustangs,Wollongong Mustangs,1991
http://dbpedia.org/resource/OKK_Sloboda_Tuzla,OKK Sloboda Tuzla,2009
http://dbpedia.org/resource/Bedford_Athletic,Bedford Athletic,1908
http://dbpedia.org/resource/Lone_Star_Mustangs,Lone Star Mustangs,2008
http://dbpedia.org/resource/Newbridge_RFC,Newbridge RFC,1888
http://dbpedia.org/resource/Boston_Junior_Rangers,Boston Junior Rangers,1995
http://dbpedia.org/resource/Iowa_Energy,Iowa Energy,2007
http://dbpedia.org/resource/Yavir_Yavoriv,Yavir Yavoriv,2009
http://dbpedia.org/resource/KK_Zadar,KK Zadar,1945
http://dbpedia.org/resource/Hendy_RFC,Hendy RFC,1893
http://dbpedia.org/resource/Trenton_Freedom,Trenton Freedom,2013
http://dbpedia.org/resource/AAMCO_Transmissions,AAMCO Transmissions,1957
http://dbpedia.org/resource/Georgetown_University_Rugby_Football_Club,Georgetown University Rugby Football Club,1967
http://dbpedia.org/resource/Manchester_Freedom,Manchester Freedom,2001
http://dbpedia.org/resource/Anderson_Heat,Anderson Heat,2005
http://dbpedia.org/resource/Ulster_Rugby,Ulster Rugby,1879
http://dbpedia.org/resource/Basketball_Agia_Paraskevi,Basketball Agia Paraskevi,1986
http://dbpedia.org/resource/Carleton_Place_Canadians,Carleton Place Canadians,1969
http://dbpedia.org/resource/Calgary_Canadian_Irish_Athletic_Club,Calgary Canadian Irish Athletic Club,1971
http://dbpedia.org/resource/Burnage_Rugby,Burnage Rugby,1936
http://dbpedia.org/resource/Minas_Tênis_Clube_(basketball),Minas Tênis Clube (basketball),1935
http://dbpedia.org/resource/Olimpia_Cagliari,Olimpia Cagliari,1953
http://dbpedia.org/resource/TSV_Handschuhsheim,TSV Handschuhsheim,1886
http://dbpedia.org/resource/Kraków_Tigers,Kraków Tigers,2006
http://dbpedia.org/resource/Rodina_Kirov,Rodina Kirov,1934
http://dbpedia.org/resource/Team_23,Team 23,2015
http://dbpedia.org/resource/Delaware_Queen_Bees,Delaware Queen Bees,2009
http://dbpedia.org/resource/Musselburgh_RFC,Musselburgh RFC,1921
http://dbpedia.org/resource/Manitoba_Buffalo,Manitoba Buffalo,1998
http://dbpedia.org/resource/Lauderdale_Football_Club,Lauderdale Football Club,1948
http://dbpedia.org/resource/Mexico_Golden_Aztecs,Mexico Golden Aztecs,1969
http://dbpedia.org/resource/Te_Papapa_Onehunga_RFC,Te Papapa Onehunga RFC,1944
http://dbpedia.org/resource/Logan_Thunder_(WNBL),Logan Thunder (WNBL),2008
http://dbpedia.org/resource/Lirija,Lirija,1977
http://dbpedia.org/resource/Shreveport_Shockhers,Shreveport Shockhers,2006
http://dbpedia.org/resource/Boston_Storm_(inline_hockey),Boston Storm (inline hockey),2001
http://dbpedia.org/resource/HC_Devils_Milano,HC Devils Milano,1989
http://dbpedia.org/resource/Centro_Desportivo_Universitário_de_Lisboa,Centro Desportivo Universitário de Lisboa,1952
http://dbpedia.org/resource/Yankalilla_Football_Club,Yankalilla Football Club,1880
http://dbpedia.org/resource/Cobham_RFC,Cobham RFC,1930
http://dbpedia.org/resource/AONS_Milon,AONS Milon,1928
http://dbpedia.org/resource/Atlanta_Phoenix,Atlanta Phoenix,2011
http://dbpedia.org/resource/Grupo_Desportivo_Direito,Grupo Desportivo Direito,1952
http://dbpedia.org/resource/Düsseldorf_Panther,Düsseldorf Panther,1978
http://dbpedia.org/resource/Ardhmëria_Basket,Ardhmëria Basket,2006
http://dbpedia.org/resource/Pagrati_B.C.,Pagrati B.C.,1938
http://dbpedia.org/resource/Mount_Bold_Football_Club,Mount Bold Football Club,1962
http://dbpedia.org/resource/IF_Saab,IF Saab,1941
http://dbpedia.org/resource/Buffalo_Braves,Buffalo Braves,1970
http://dbpedia.org/resource/Gran_Ducato_Parma_Rugby,Gran Ducato Parma Rugby,2010
http://dbpedia.org/resource/Stade_Dijonnais_Côte_D'Or,Stade Dijonnais Côte D'Or,1923
http://dbpedia.org/resource/MKS_Dąbrowa_Górnicza_(basketball),MKS Dąbrowa Górnicza (basketball),1992
http://dbpedia.org/resource/Villager_Football_Club,Villager Football Club,1876
http://dbpedia.org/resource/Baltimore_Stallions,Baltimore Stallions,1994
http://dbpedia.org/resource/Stephenville_Jets,Stephenville Jets,1975
http://dbpedia.org/resource/Kings_Norton_RFC,Kings Norton RFC,1923
http://dbpedia.org/resource/Old_Wheatleyans_RFC,Old Wheatleyans RFC,1928
http://dbpedia.org/resource/List_of_Championship_Gaming_Series_teams,List of Championship Gaming Series teams,2007
http://dbpedia.org/resource/West_Texas_Wildcatters,West Texas Wildcatters,2013
http://dbpedia.org/resource/Guangzhou_Long-Lions,Guangzhou Long-Lions,2000
http://dbpedia.org/resource/Aberdeen_University_RFC,Aberdeen University RFC,1871
http://dbpedia.org/resource/Tallinna_Kalev_RFC,Tallinna Kalev RFC,2006
http://dbpedia.org/resource/Cognac_Basket_Ball,Cognac Basket Ball,1988
http://dbpedia.org/resource/Waterloo_Hawks,Waterloo Hawks,1948
http://dbpedia.org/resource/VK_Crvena_zvezda,VK Crvena zvezda,1945
http://dbpedia.org/resource/KK_Zlatorog_Laško,KK Zlatorog Laško,1969
http://dbpedia.org/resource/Swansea_University_RFC,Swansea University RFC,1920
http://dbpedia.org/resource/OMG_(eSports),OMG (eSports),2012
http://dbpedia.org/resource/Blackheath_F.C.,Blackheath F.C.,1858
http://dbpedia.org/resource/Cardiff_RFC,Cardiff RFC,1876
http://dbpedia.org/resource/Scafati_Basket,Scafati Basket,1969
http://dbpedia.org/resource/Centro_Desportivo_Universitário_do_Porto,Centro Desportivo Universitário do Porto,1964
http://dbpedia.org/resource/Veslački_Klub_Partizan,Veslački Klub Partizan,1951
http://dbpedia.org/resource/Vorony_Sumy,Vorony Sumy,2002
http://dbpedia.org/resource/EC_Kitzbühel,EC Kitzbühel,1910
http://dbpedia.org/resource/Delhi_Dreams,Delhi Dreams,2014
http://dbpedia.org/resource/Mosman_Rugby_Club,Mosman Rugby Club,1893
http://dbpedia.org/resource/Indian_Aces,Indian Aces,2014
http://dbpedia.org/resource/Mississauga_Tomahawks_Jr._B,Mississauga Tomahawks Jr. B,1989
http://dbpedia.org/resource/Salem_Soldiers,Salem Soldiers,2005
http://dbpedia.org/resource/Atlanta_Renegades,Atlanta Renegades,1971
http://dbpedia.org/resource/Emerald_Coast_Barracudas,Emerald Coast Barracudas,2002
http://dbpedia.org/resource/RSD_Sloboda_Tuzla,RSD Sloboda Tuzla,1927
http://dbpedia.org/resource/Club_Sportiv_Municipal_Târgoviște,Club Sportiv Municipal Târgoviște,1991
http://dbpedia.org/resource/University_of_Tasmania_Rugby_Union_Club,University of Tasmania Rugby Union Club,1933
http://dbpedia.org/resource/Peterborough_Pirates,Peterborough Pirates,1982
http://dbpedia.org/resource/Port_Huron_Clippers,Port Huron Clippers,1987
http://dbpedia.org/resource/Brooks_Bandits,Brooks Bandits,2000
http://dbpedia.org/resource/Kitchener-Waterloo_Dutchmen_(football),Kitchener-Waterloo Dutchmen (football),1953
http://dbpedia.org/resource/Hove_Rugby_Football_Club,Hove Rugby Football Club,1933
http://dbpedia.org/resource/Hermine_de_Nantes_Atlantique,Hermine de Nantes Atlantique,1932
http://dbpedia.org/resource/Texas_Lone_Star_Strikers,Texas Lone Star Strikers,2011
http://dbpedia.org/resource/Hamilton_Wildcats,Hamilton Wildcats,1990
http://dbpedia.org/resource/FC_Mulhouse_Basket,FC Mulhouse Basket,1949
http://dbpedia.org/resource/Rhein-Neckar_Bandits,Rhein-Neckar Bandits,2003
http://dbpedia.org/resource/Klaipėdos_Fortūna,Klaipėdos Fortūna,2001
http://dbpedia.org/resource/TKK_Tallinn,TKK Tallinn,2010
http://dbpedia.org/resource/Mönchengladbach_Mavericks,Mönchengladbach Mavericks,1989
http://dbpedia.org/resource/Hapoel_Gilboa_Galil,Hapoel Gilboa Galil,2008
http://dbpedia.org/resource/Grand_Rapids_Flight,Grand Rapids Flight,2004
http://dbpedia.org/resource/NMKY_Helsinki,NMKY Helsinki,1888
http://dbpedia.org/resource/Al-Arabi_SC_(basketball),Al-Arabi SC (basketball),1952
"http://dbpedia.org/resource/Hamilton_RFC,_Sea_Point","Hamilton RFC, Sea Point",1875
http://dbpedia.org/resource/Pallacanestro_Petrarca_Padova,Pallacanestro Petrarca Padova,1934
http://dbpedia.org/resource/List_of_Championship_Gaming_Series_teams,List of Championship Gaming Series teams,2002
http://dbpedia.org/resource/Newcastle_Falcons_(basketball),Newcastle Falcons (basketball),1979
http://dbpedia.org/resource/Sundsvall_Dragons,Sundsvall Dragons,1939
http://dbpedia.org/resource/BC_Nokia,BC Nokia,1997
http://dbpedia.org/resource/Spokane_Spokes,Spokane Spokes,1958
http://dbpedia.org/resource/CS_Dinamo_București,CS Dinamo București,1923
http://dbpedia.org/resource/Rugby_Roma_Olimpic,Rugby Roma Olimpic,1930
http://dbpedia.org/resource/Noarlunga_Football_Club,Noarlunga Football Club,1897
http://dbpedia.org/resource/Northern_Indiana_Monarchs,Northern Indiana Monarchs,2010
http://dbpedia.org/resource/Calder_Cannons,Calder Cannons,1995
http://dbpedia.org/resource/S.Oliver_Würzburg,S.Oliver Würzburg,2007
http://dbpedia.org/resource/South_East_Queensland_Stars,South East Queensland Stars,2015
http://dbpedia.org/resource/Chicago_Force,Chicago Force,2003
http://dbpedia.org/resource/Turów_Zgorzelec,Turów Zgorzelec,1948
http://dbpedia.org/resource/Glasgow_University_RFC,Glasgow University RFC,1869
http://dbpedia.org/resource/San_Francisco_FlameThrowers,San Francisco FlameThrowers,2014
http://dbpedia.org/resource/Kahnawake_Hunters,Kahnawake Hunters,2009
http://dbpedia.org/resource/ŽKK_Livno,ŽKK Livno,1984
http://dbpedia.org/resource/OKK_Konstantin,OKK Konstantin,2009
http://dbpedia.org/resource/Cleve_RFC,Cleve RFC,1922
http://dbpedia.org/resource/Rochester_Raiders,Rochester Raiders,2006
http://dbpedia.org/resource/Impala_Saracens,Impala Saracens,1956
http://dbpedia.org/resource/Gloucester_Rangers,Gloucester Rangers,1968
http://dbpedia.org/resource/RC_Varna,RC Varna,1964
http://dbpedia.org/resource/Antwerpse_B.C.,Antwerpse B.C.,1910
http://dbpedia.org/resource/KK_Millenium_Strumica,KK Millenium Strumica,1991
http://dbpedia.org/resource/Laredo_Law,Laredo Law,2003
http://dbpedia.org/resource/HK_Spartak_Subotica,HK Spartak Subotica,1947
http://dbpedia.org/resource/Thurrock_Rugby_Football_Club,Thurrock Rugby Football Club,1928
http://dbpedia.org/resource/Calgary_Stampeders,Calgary Stampeders,1945
http://dbpedia.org/resource/Detroit_Thunder,Detroit Thunder,2012
http://dbpedia.org/resource/Chattanooga_Locomotion,Chattanooga Locomotion,2001
http://dbpedia.org/resource/Montreal_Axion,Montreal Axion,1998
http://dbpedia.org/resource/Jerusalem_Lions_RFC,Jerusalem Lions RFC,1970
http://dbpedia.org/resource/Giants_Nördlingen,Giants Nördlingen,1953
http://dbpedia.org/resource/BC_Odessa,BC Odessa,1992
http://dbpedia.org/resource/Montreal_Roadrunners,Montreal Roadrunners,1994
http://dbpedia.org/resource/Battlefords_North_Stars,Battlefords North Stars,1973
http://dbpedia.org/resource/Cologne_Falcons,Cologne Falcons,1994
http://dbpedia.org/resource/Saskatoon_Royals,Saskatoon Royals,1987
http://dbpedia.org/resource/Taibach_RFC,Taibach RFC,1894
http://dbpedia.org/resource/Korihait,Korihait,1898
http://dbpedia.org/resource/EHL_Wolves,EHL Wolves,2005
http://dbpedia.org/resource/Club_Olympique_Creusot_Bourgogne,Club Olympique Creusot Bourgogne,1901
http://dbpedia.org/resource/San_Angelo_Outlaws,San Angelo Outlaws,1997
http://dbpedia.org/resource/San_Diego_Sails,San Diego Sails,1972
http://dbpedia.org/resource/Vermont_Bucks,Vermont Bucks,2016
http://dbpedia.org/resource/London_Knights,London Knights,1965
http://dbpedia.org/resource/Worcester_Ladies,Worcester Ladies,1993
http://dbpedia.org/resource/Dallas_Texans_(Arena),Dallas Texans (Arena),1990
http://dbpedia.org/resource/Cardigan_RFC,Cardigan RFC,1876
http://dbpedia.org/resource/Melbourne_United,Melbourne United,1984
http://dbpedia.org/resource/Loughborough_RFC,Loughborough RFC,1929
http://dbpedia.org/resource/Wichita_Wild,Wichita Wild,2006
http://dbpedia.org/resource/Kingston_Raiders,Kingston Raiders,1988
http://dbpedia.org/resource/Astralis,Astralis,2016
http://dbpedia.org/resource/AZS_Koszalin,AZS Koszalin,1968
http://dbpedia.org/resource/Amsterdam_Crusaders,Amsterdam Crusaders,1984
http://dbpedia.org/resource/Halcones_Rojos_Veracruz,Halcones Rojos Veracruz,2003
http://dbpedia.org/resource/Lowlanders_Białystok,Lowlanders Białystok,2006
http://dbpedia.org/resource/Roller_Derby_France,Roller Derby France,2011
http://dbpedia.org/resource/HC_Ryazan,HC Ryazan,1999
http://dbpedia.org/resource/Tocumwal_Football_Club,Tocumwal Football Club,1891
http://dbpedia.org/resource/Arlan_Kokshetau,Arlan Kokshetau,2009
http://dbpedia.org/resource/Cambridge_University_R.U.F.C.,Cambridge University R.U.F.C.,1872
http://dbpedia.org/resource/DRC_Hannover,DRC Hannover,1905
http://dbpedia.org/resource/Onion_Lake_Border_Chiefs,Onion Lake Border Chiefs,2014
http://dbpedia.org/resource/East_Texas_Saberkats,East Texas Saberkats,2008
http://dbpedia.org/resource/North_Okanagan_Knights,North Okanagan Knights,2009
http://dbpedia.org/resource/Ottawa_Jr._Senators,Ottawa Jr. Senators,1979
http://dbpedia.org/resource/Gilas_Pilipinas,Gilas Pilipinas,2010
http://dbpedia.org/resource/CB_Valls,CB Valls,1952
http://dbpedia.org/resource/Makedonikos_B.C.,Makedonikos B.C.,1928
http://dbpedia.org/resource/Gifa_Palermo,Gifa Palermo,1979
http://dbpedia.org/resource/Trimsaran_RFC,Trimsaran RFC,1927
http://dbpedia.org/resource/RC_Hasselt,RC Hasselt,2010
http://dbpedia.org/resource/Louisiana_Gators,Louisiana Gators,2010
http://dbpedia.org/resource/Vancouver_Griffins,Vancouver Griffins,2000
http://dbpedia.org/resource/Hamilton_Bengals,Hamilton Bengals,2006
http://dbpedia.org/resource/Ammanford_RFC,Ammanford RFC,1887
http://dbpedia.org/resource/HC_Chrudim,HC Chrudim,1931
http://dbpedia.org/resource/CSM_Oradea_(basketball),CSM Oradea (basketball),2003
http://dbpedia.org/resource/Sydney_Rays,Sydney Rays,2007
http://dbpedia.org/resource/Midleton_RFC,Midleton RFC,1927
http://dbpedia.org/resource/Akwesasne_Indians,Akwesasne Indians,1996
http://dbpedia.org/resource/BC_Neptūnas,BC Neptūnas,1964
http://dbpedia.org/resource/Augusta_Groove,Augusta Groove,2005
http://dbpedia.org/resource/Pallacanestro_Trieste,Pallacanestro Trieste,1975
http://dbpedia.org/resource/Duhok_SC_(basketball),Duhok SC (basketball),1972
http://dbpedia.org/resource/Mesquite_Bandits,Mesquite Bandits,2011
http://dbpedia.org/resource/Fayetteville_Crossover,Fayetteville Crossover,2011
http://dbpedia.org/resource/Sydney_University_Football_Club,Sydney University Football Club,1863
http://dbpedia.org/resource/Al_Sadd_Basketball_Team,Al Sadd Basketball Team,1969
http://dbpedia.org/resource/Al-Mina'a_(basketball_club),Al-Mina'a (basketball club),1931
http://dbpedia.org/resource/Mobile_Bay_Tarpons,Mobile Bay Tarpons,2010
http://dbpedia.org/resource/Burnie_Dockers_Football_Club,Burnie Dockers Football Club,1995
http://dbpedia.org/resource/Canterbury_Rugby_Football_Union,Canterbury Rugby Football Union,1879
http://dbpedia.org/resource/AddMix_Transformers,AddMix Transformers,2010
http://dbpedia.org/resource/Jacksonville_Sharks,Jacksonville Sharks,2009
http://dbpedia.org/resource/Annan_RFC,Annan RFC,1969
http://dbpedia.org/resource/Capitanes_de_Arecibo,Capitanes de Arecibo,1946
http://dbpedia.org/resource/Battle_Creek_Crunch,Battle Creek Crunch,2005
http://dbpedia.org/resource/Olney_RFC,Olney RFC,1877
http://dbpedia.org/resource/CS_Bourgoin-Jallieu,CS Bourgoin-Jallieu,1906
http://dbpedia.org/resource/Sporting_Athens_women's_basketball,Sporting Athens women's basketball,1924
http://dbpedia.org/resource/CB_Tartessos,CB Tartessos,1993
http://dbpedia.org/resource/Seattle_Cascades,Seattle Cascades,1973
http://dbpedia.org/resource/Wynyard_Football_Club,Wynyard Football Club,1885
http://dbpedia.org/resource/Hibernia_Basketball,Hibernia Basketball,2015
http://dbpedia.org/resource/Team_City_of_Gods,Team City of Gods,2015
http://dbpedia.org/resource/GSG_Aarschot,GSG Aarschot,1954
http://dbpedia.org/resource/Phoenix_Hagen,Phoenix Hagen,2004
http://dbpedia.org/resource/Yurmaty_Salavat,Yurmaty Salavat,2008
http://dbpedia.org/resource/KK_Žito_Vardar,KK Žito Vardar,1954
http://dbpedia.org/resource/Mumbles_RFC,Mumbles RFC,1887
http://dbpedia.org/resource/Gainesville_Galaxy,Gainesville Galaxy,2011
http://dbpedia.org/resource/Buckeye_Gymnastics,Buckeye Gymnastics,32
http://dbpedia.org/resource/Llandudno_RFC,Llandudno RFC,1952
http://dbpedia.org/resource/OSD_Beograd,OSD Beograd,1945
http://dbpedia.org/resource/Gazprom-OGU_Orenburg,Gazprom-OGU Orenburg,1998
http://dbpedia.org/resource/Ryukyu_Golden_Kings,Ryukyu Golden Kings,2007
http://dbpedia.org/resource/St._Paul_Canadiens,St. Paul Canadiens,1954
http://dbpedia.org/resource/Aspatria_RUFC,Aspatria RUFC,1875
http://dbpedia.org/resource/CC_Ortigia,CC Ortigia,1928
http://dbpedia.org/resource/ANO_Glyfada,ANO Glyfada,1946
http://dbpedia.org/resource/Katunga_Football_Club,Katunga Football Club,1951
http://dbpedia.org/resource/Bristol_Storm,Bristol Storm,2006
http://dbpedia.org/resource/Taffs_Well_RFC,Taffs Well RFC,1887
http://dbpedia.org/resource/Olympiacos_Women's_Basketball,Olympiacos Women's Basketball,1947
http://dbpedia.org/resource/Rochester_Razorsharks,Rochester Razorsharks,2005
http://dbpedia.org/resource/BC_Statyba_(2011),BC Statyba (2011),2011
http://dbpedia.org/resource/Pécsi_VSK_(men's_water_polo),Pécsi VSK (men's water polo),1919
http://dbpedia.org/resource/Findlay_Prep,Findlay Prep,2006
http://dbpedia.org/resource/Dunfermline_RFC,Dunfermline RFC,1893
http://dbpedia.org/resource/Westcombe_Park_RFC,Westcombe Park RFC,1905
http://dbpedia.org/resource/Pocklington_RUFC,Pocklington RUFC,1928
http://dbpedia.org/resource/Bremen_Roosters,Bremen Roosters,2002
http://dbpedia.org/resource/Mob_(slamball_team),Mob (slamball team),2001
http://dbpedia.org/resource/Titan_Klin,Titan Klin,1953
http://dbpedia.org/resource/Team_Sweden_(roller_derby),Team Sweden (roller derby),2011
http://dbpedia.org/resource/Detroit_Motor_City_Mustangs,Detroit Motor City Mustangs,1995
http://dbpedia.org/resource/Torpan_Pojat,Torpan Pojat,1932
http://dbpedia.org/resource/Ordizia_RE,Ordizia RE,1973
http://dbpedia.org/resource/NTT_Docomo_Red_Hurricanes,NTT Docomo Red Hurricanes,1993
http://dbpedia.org/resource/SC_Langenthal,SC Langenthal,1946
http://dbpedia.org/resource/Los_Angeles_Aftershock,Los Angeles Aftershock,2004
http://dbpedia.org/resource/Panthers_Wrocław,Panthers Wrocław,2013
http://dbpedia.org/resource/Sporting_B.C.,Sporting B.C.,1924
http://dbpedia.org/resource/London_Scottish_F.C.,London Scottish F.C.,1878
http://dbpedia.org/resource/Tampa_Bay_Tritons,Tampa Bay Tritons,1994
http://dbpedia.org/resource/RC_Rivne,RC Rivne,1999
http://dbpedia.org/resource/Bluegrass_Stallions,Bluegrass Stallions,2009
http://dbpedia.org/resource/Pantterit,Pantterit,1938
http://dbpedia.org/resource/Aquila_Basket_Trento,Aquila Basket Trento,1995
http://dbpedia.org/resource/Tampa_Bay_Inferno,Tampa Bay Inferno,2010
http://dbpedia.org/resource/Bakken_Bears,Bakken Bears,1954
http://dbpedia.org/resource/KK_Grosuplje,KK Grosuplje,1997
http://dbpedia.org/resource/Triobet/Dalkia,Triobet/Dalkia,1992
http://dbpedia.org/resource/CSKA_Moscow,CSKA Moscow,1911
http://dbpedia.org/resource/Cirencester_RFC,Cirencester RFC,1949
http://dbpedia.org/resource/Bisons_Loimaa,Bisons Loimaa,1964
http://dbpedia.org/resource/HC_Košice,HC Košice,1962
http://dbpedia.org/resource/Amsterdam_Basketball,Amsterdam Basketball,1995
http://dbpedia.org/resource/Espoo_United_(ice_hockey),Espoo United (ice hockey),2016
http://dbpedia.org/resource/Project_Siren,Project Siren,2004
http://dbpedia.org/resource/Melbourne_Rising,Melbourne Rising,2014
http://dbpedia.org/resource/Nashville_Noise,Nashville Noise,1998
http://dbpedia.org/resource/Pallacanestro_Olimpia_Milano,Pallacanestro Olimpia Milano,1930
http://dbpedia.org/resource/Promitheas_Patras_B.C.,Promitheas Patras B.C.,1985
http://dbpedia.org/resource/Carbon_(Halo_team),Carbon (Halo team),2006
http://dbpedia.org/resource/Albacete_Basket,Albacete Basket,2012
http://dbpedia.org/resource/Kings_Cross_Steelers,Kings Cross Steelers,1995
http://dbpedia.org/resource/Jackson_Wildcats,Jackson Wildcats,2002
http://dbpedia.org/resource/CB_Peixefresco,CB Peixefresco,2003
http://dbpedia.org/resource/Sanat_Naft_Abadan_BC,Sanat Naft Abadan BC,2
http://dbpedia.org/resource/Pune_Marathas_(tennis),Pune Marathas (tennis),2014
http://dbpedia.org/resource/Roanoke_Steam,Roanoke Steam,1999
http://dbpedia.org/resource/CE_Lleida_Bàsquet,CE Lleida Bàsquet,1997
http://dbpedia.org/resource/Steaua_Rangers,Steaua Rangers,1951
http://dbpedia.org/resource/Calgary_Mustangs,Calgary Mustangs,1990
http://dbpedia.org/resource/OKK_Spars_Sarajevo,OKK Spars Sarajevo,2005
http://dbpedia.org/resource/Reading_Express,Reading Express,2006
http://dbpedia.org/resource/RK_Livonia,RK Livonia,2007
http://dbpedia.org/resource/Wetherby_RUFC,Wetherby RUFC,1934
http://dbpedia.org/resource/Corpus_Christi_Fury,Corpus Christi Fury,2003
http://dbpedia.org/resource/Phantoms_Deurne,Phantoms Deurne,1972
http://dbpedia.org/resource/IFK_Askersund,IFK Askersund,1895
http://dbpedia.org/resource/Fuerza_Regia,Fuerza Regia,2001
http://dbpedia.org/resource/Griffins_Rugby,Griffins Rugby,2008
http://dbpedia.org/resource/ŽKK_Željezničar_Sarajevo,ŽKK Željezničar Sarajevo,1921
http://dbpedia.org/resource/StockholmsPolisens_IF_VattenpoloFörening,StockholmsPolisens IF VattenpoloFörening,1912
http://dbpedia.org/resource/Sacramento_Capitols,Sacramento Capitols,1967
http://dbpedia.org/resource/Mansfield_Rugby_Club,Mansfield Rugby Club,1956
http://dbpedia.org/resource/Pizza_Corner,Pizza Corner,1996
http://dbpedia.org/resource/Hutt_Old_Boys-Marist,Hutt Old Boys-Marist,1992
http://dbpedia.org/resource/Cherkaski_Mavpy,Cherkaski Mavpy,2003
http://dbpedia.org/resource/Gaiteros_del_Zulia,Gaiteros del Zulia,1983
http://dbpedia.org/resource/Manly_RUFC,Manly RUFC,1906
http://dbpedia.org/resource/St._Louis_Bombers_Rugby_Football_Club,St. Louis Bombers Rugby Football Club,1962
http://dbpedia.org/resource/Rugbyclub_Curtrycke,Rugbyclub Curtrycke,2000
http://dbpedia.org/resource/Spartacus_Rugby_Club,Spartacus Rugby Club,1968
http://dbpedia.org/resource/Llantwit_Major_RFC,Llantwit Major RFC,1889
http://dbpedia.org/resource/Fresno_Frenzy,Fresno Frenzy,2001
http://dbpedia.org/resource/Preston_Grasshoppers_R.F.C.,Preston Grasshoppers R.F.C.,1869
http://dbpedia.org/resource/Pingouins_de_Morzine-Avoriaz,Pingouins de Morzine-Avoriaz,1963
http://dbpedia.org/resource/Woodville_Lacrosse_Club,Woodville Lacrosse Club,1899
http://dbpedia.org/resource/New_England_Intensity,New England Intensity,2004
http://dbpedia.org/resource/Lempäälän_Kisa,Lempäälän Kisa,1904
http://dbpedia.org/resource/Uddingston_RFC,Uddingston RFC,1906
http://dbpedia.org/resource/Latrobe_Football_Club,Latrobe Football Club,1881
http://dbpedia.org/resource/Pontyberem_RFC,Pontyberem RFC,1895
http://dbpedia.org/resource/Longton_Rugby_Club,Longton Rugby Club,1935
http://dbpedia.org/resource/ASPTT_Nancy_(water_polo),ASPTT Nancy (water polo),1985
http://dbpedia.org/resource/BC_Azovmash,BC Azovmash,1990
http://dbpedia.org/resource/BK_Havlíčkův_Brod,BK Havlíčkův Brod,1928
http://dbpedia.org/resource/Óbila_CB,Óbila CB,2001
http://dbpedia.org/resource/Mersin_Büyükşehir_Belediyesi_(women's_basketball),Mersin Büyükşehir Belediyesi (women's basketball),1993
http://dbpedia.org/resource/Boca_Juniors_(basketball),Boca Juniors (basketball),1929
http://dbpedia.org/resource/Lake_Michigan_Admirals,Lake Michigan Admirals,2009
http://dbpedia.org/resource/Horden_Rugby_Club,Horden Rugby Club,1925
http://dbpedia.org/resource/UAE_Royals,UAE Royals,2014
http://dbpedia.org/resource/Kulager_Petropavl,Kulager Petropavl,2015
http://dbpedia.org/resource/Pembroke_RFC,Pembroke RFC,1896
http://dbpedia.org/resource/Rugby_Club_Stade_Phocéen,Rugby Club Stade Phocéen,2007
http://dbpedia.org/resource/Bridgwater_&_Albion,Bridgwater & Albion,1875
http://dbpedia.org/resource/BK_Jēkabpils,BK Jēkabpils,2012
http://dbpedia.org/resource/CH_Valladolid,CH Valladolid,1972
http://dbpedia.org/resource/Everett_Silvertips,Everett Silvertips,2003
http://dbpedia.org/resource/Queensland_Scorchers,Queensland Scorchers,1993
http://dbpedia.org/resource/Kareby_IS,Kareby IS,1945
http://dbpedia.org/resource/Charlotte_Hornets,Charlotte Hornets,1988
http://dbpedia.org/resource/RC_Slovan_Bratislava,RC Slovan Bratislava,2003
http://dbpedia.org/resource/Ässät,Ässät,1967
http://dbpedia.org/resource/Velencei_Kék_Cápák_RK,Velencei Kék Cápák RK,2004
http://dbpedia.org/resource/Elliniko-Sourmena_B.C.,Elliniko-Sourmena B.C.,2012
http://dbpedia.org/resource/EV_Füssen,EV Füssen,1922
http://dbpedia.org/resource/SKA-1946_St._Petersburg,SKA-1946 St. Petersburg,2009
http://dbpedia.org/resource/KK_Kvarner_2010,KK Kvarner 2010,2010
http://dbpedia.org/resource/Gods_of_Plastic,Gods of Plastic,1995
http://dbpedia.org/resource/Avangard_Omsk,Avangard Omsk,1950
http://dbpedia.org/resource/Cheer_Extreme_Allstars,Cheer Extreme Allstars,1993
http://dbpedia.org/resource/Stal_Ostrów_Wielkopolski,Stal Ostrów Wielkopolski,1947
http://dbpedia.org/resource/Liège_Basket,Liège Basket,1967
http://dbpedia.org/resource/Stevnsgade_Basketball,Stevnsgade Basketball,1958
http://dbpedia.org/resource/Telford_Tigers_ENL,Telford Tigers ENL,2007
http://dbpedia.org/resource/Olimpiya_Kirovo-Chepetsk,Olimpiya Kirovo-Chepetsk,1946
http://dbpedia.org/resource/Boston_Renegades_(WFA),Boston Renegades (WFA),2015
http://dbpedia.org/resource/New_South_Wales_Waratahs,New South Wales Waratahs,1996
http://dbpedia.org/resource/Olímpico_RC,Olímpico RC,1964
http://dbpedia.org/resource/2009–10_Cornish_Pirates_season,2009–10 Cornish Pirates season,1945
http://dbpedia.org/resource/Ottawa_Renegades,Ottawa Renegades,2002
http://dbpedia.org/resource/Suntory_Sungoliath,Suntory Sungoliath,1980
http://dbpedia.org/resource/Hapoel_Tel_Aviv_B.C.,Hapoel Tel Aviv B.C.,1935
