http://dbpedia.org/ontology/University,University,http://dbpedia.org/ontology/numberOfStudents
http://dbpedia.org/resource/Academy_of_Art_University,Academy of Art University,15661
http://dbpedia.org/resource/University_of_Texas_at_El_Paso,University of Texas at El Paso,25056
http://dbpedia.org/resource/Guizhou_University,Guizhou University,46762
http://dbpedia.org/resource/Rowan_University_School_of_Osteopathic_Medicine,Rowan University School of Osteopathic Medicine,575
http://dbpedia.org/resource/Herefordshire_and_Ludlow_College,Herefordshire and Ludlow College,1493
http://dbpedia.org/resource/Sathyabama_University,Sathyabama University,12459
http://dbpedia.org/resource/Government_Hazi_Mohammad_Mohshin_College,Government Hazi Mohammad Mohshin College,10669
http://dbpedia.org/resource/University_of_Chester,University of Chester,20454
http://dbpedia.org/resource/City_of_Liverpool_College,City of Liverpool College,26010
http://dbpedia.org/resource/Torcuato_di_Tella_University,Torcuato di Tella University,3824
http://dbpedia.org/resource/Karlsruhe_Institute_of_Technology,Karlsruhe Institute of Technology,29393
"http://dbpedia.org/resource/University_of_Applied_Sciences,_Kaiserslautern","University of Applied Sciences, Kaiserslautern",5380
http://dbpedia.org/resource/University_of_Hohenheim,University of Hohenheim,7219
http://dbpedia.org/resource/EARTH_University,EARTH University,441
http://dbpedia.org/resource/Faulkner_University,Faulkner University,3447
"http://dbpedia.org/resource/School_of_Planning_and_Architecture,_Vijayawada","School of Planning and Architecture, Vijayawada",437
http://dbpedia.org/resource/Elisabeth_University_of_Music,Elisabeth University of Music,709
http://dbpedia.org/resource/School_of_Engineering_of_the_University_of_Minho,School of Engineering of the University of Minho,4
http://dbpedia.org/resource/Turkish_Air_Force_Academy,Turkish Air Force Academy,975
http://dbpedia.org/resource/Korea_University_of_Science_and_Technology,Korea University of Science and Technology,763
http://dbpedia.org/resource/Begum_Rokeya_University,Begum Rokeya University,6301
http://dbpedia.org/resource/Beijing_International_MBA_at_Peking_University,Beijing International MBA at Peking University,145
http://dbpedia.org/resource/North_Highland_College,North Highland College,7906
http://dbpedia.org/resource/University_of_Northwestern_–_St._Paul,University of Northwestern – St. Paul,3057
http://dbpedia.org/resource/Central_University_of_Venezuela,Central University of Venezuela,53835
http://dbpedia.org/resource/Ural_State_Technical_University,Ural State Technical University,19125
http://dbpedia.org/resource/Academy_of_Technology,Academy of Technology,2747
http://dbpedia.org/resource/Siberian_State_Technological_University,Siberian State Technological University,13508
http://dbpedia.org/resource/College_of_Traditional_Chinese_Medicine_of_Xinjiang_Medical_University,College of Traditional Chinese Medicine of Xinjiang Medical University,1010
http://dbpedia.org/resource/Delhi_Technological_University,Delhi Technological University,7941
http://dbpedia.org/resource/Baptist_Missionary_Association_Theological_Seminary,Baptist Missionary Association Theological Seminary,55
http://dbpedia.org/resource/Liverpool_Business_School,Liverpool Business School,2392
"http://dbpedia.org/resource/St._George's_Girls'_School_(Penang,_Malaysia)","St. George's Girls' School (Penang, Malaysia)",1099
http://dbpedia.org/resource/Converse_College,Converse College,1179
http://dbpedia.org/resource/Institut_Supérieur_de_Logistique_Industrielle,Institut Supérieur de Logistique Industrielle,151
http://dbpedia.org/resource/Military_Academy_(Portugal),Military Academy (Portugal),765
http://dbpedia.org/resource/IASSCOM_Fortune_Institute_of_Technology_Bhopal,IASSCOM Fortune Institute of Technology Bhopal,567
http://dbpedia.org/resource/Irkutsk_State_Linguistic_University,Irkutsk State Linguistic University,4558
http://dbpedia.org/resource/Investors_United_(School_of_Real_Estate_Investing),Investors United (School of Real Estate Investing),144
http://dbpedia.org/resource/Louisiana_State_University_at_Eunice,Louisiana State University at Eunice,3063
http://dbpedia.org/resource/Albert_Einstein_College_of_Medicine,Albert Einstein College of Medicine,290
http://dbpedia.org/resource/Lethbridge_College,Lethbridge College,5048
http://dbpedia.org/resource/Jamalpur_Medical_College,Jamalpur Medical College,104
http://dbpedia.org/resource/York_County_Community_College,York County Community College,1452
http://dbpedia.org/resource/Carmel_College_(St_Helens),Carmel College (St Helens),1868
http://dbpedia.org/resource/Kyungpook_National_University_School_of_Medicine,Kyungpook National University School of Medicine,656
http://dbpedia.org/resource/WSB_Universities,WSB Universities,39521
http://dbpedia.org/resource/Liaocheng_University,Liaocheng University,22
http://dbpedia.org/resource/Saint_Joseph_College_Seminary,Saint Joseph College Seminary,35
http://dbpedia.org/resource/University_of_Tennessee_College_of_Medicine,University of Tennessee College of Medicine,548
http://dbpedia.org/resource/Sheridan_College,Sheridan College,16263
http://dbpedia.org/resource/California_Community_Colleges_System,California Community Colleges System,2136090
http://dbpedia.org/resource/Taunggyi_University,Taunggyi University,16402
http://dbpedia.org/resource/Barton_Community_College,Barton Community College,5485
http://dbpedia.org/resource/Shahrekord_University,Shahrekord University,5172
http://dbpedia.org/resource/Lahore_College_of_Arts_and_Sciences,Lahore College of Arts and Sciences,3522
http://dbpedia.org/resource/Ohio_University,Ohio University,40340
http://dbpedia.org/resource/University_of_the_Immaculate_Conception,University of the Immaculate Conception,7302
http://dbpedia.org/resource/École_nationale_supérieure_de_création_industrielle,École nationale supérieure de création industrielle,321
http://dbpedia.org/resource/John_Cabot_University,John Cabot University,1154
http://dbpedia.org/resource/Cumberland_School_District,Cumberland School District,384
http://dbpedia.org/resource/National_University_%22Odessa_Maritime_Academy%22,"National University ""Odessa Maritime Academy""",8893
http://dbpedia.org/resource/TTC_Tychy,TTC Tychy,216
http://dbpedia.org/resource/Charles_III_University_of_Madrid,Charles III University of Madrid,16529
http://dbpedia.org/resource/Pabna_University_of_Science_&_Technology,Pabna University of Science & Technology,2359
http://dbpedia.org/resource/California_State_University_San_Marcos,California State University San Marcos,12258
http://dbpedia.org/resource/Metropolitan_South_Institute_of_TAFE,Metropolitan South Institute of TAFE,29632
http://dbpedia.org/resource/Arnhem_Business_School,Arnhem Business School,806
http://dbpedia.org/resource/Rutgers_University,Rutgers University,53966
http://dbpedia.org/resource/UCL_School_of_Pharmacy,UCL School of Pharmacy,1439
http://dbpedia.org/resource/St._George's_University,St. George's University,5513
http://dbpedia.org/resource/Varsity_College_(South_Africa),Varsity College (South Africa),14986
http://dbpedia.org/resource/University_of_Paris-Sud,University of Paris-Sud,31021
http://dbpedia.org/resource/Chancellor_University,Chancellor University,761
http://dbpedia.org/resource/Chittagong_Collegiate_School_and_College,Chittagong Collegiate School and College,263
http://dbpedia.org/resource/Power_and_Water_University_of_Technology,Power and Water University of Technology,2591
http://dbpedia.org/resource/Vicente_Madrigal_National_High_School,Vicente Madrigal National High School,2920
http://dbpedia.org/resource/Zhejiang_University_of_Media_and_Communications_(ZUMC),Zhejiang University of Media and Communications (ZUMC),9086
http://dbpedia.org/resource/Syracuse_University,Syracuse University,19278
http://dbpedia.org/resource/Cebu_Normal_University,Cebu Normal University,35490
http://dbpedia.org/resource/Al-Baath_University,Al-Baath University,108125
http://dbpedia.org/resource/Centre_for_Macroeconomics,Centre for Macroeconomics,45
http://dbpedia.org/resource/Sanatan_Dharma_College,Sanatan Dharma College,2799
"http://dbpedia.org/resource/École_nationale_supérieure_d’électronique,_informatique,_télécommunications,_mathématique_et_mécanique_de_Bordeaux","École nationale supérieure d’électronique, informatique, télécommunications, mathématique et mécanique de Bordeaux",1279
http://dbpedia.org/resource/Ferenc_Kölcsey_Teacher_Training_College_of_the_Reformed_Church,Ferenc Kölcsey Teacher Training College of the Reformed Church,837
http://dbpedia.org/resource/École_nationale_supérieure_des_télécommunications_de_Bretagne,École nationale supérieure des télécommunications de Bretagne,1205
http://dbpedia.org/resource/Applied_Science_Private_University,Applied Science Private University,10268
http://dbpedia.org/resource/California_State_University,California State University,397326
http://dbpedia.org/resource/Lourdes_University,Lourdes University,1380
http://dbpedia.org/resource/Amsterdam_University_College,Amsterdam University College,1025
http://dbpedia.org/resource/University_of_Franche-Comté,University of Franche-Comté,5524
"http://dbpedia.org/resource/School_of_Dental_Medicine,_University_of_Zagreb","School of Dental Medicine, University of Zagreb",899
http://dbpedia.org/resource/Mary_Matha_Major_Seminary,Mary Matha Major Seminary,172
http://dbpedia.org/resource/Central_South_University_of_Forestry_and_Technology,Central South University of Forestry and Technology,45430
http://dbpedia.org/resource/Jnana-Deepa_Vidyapeeth,Jnana-Deepa Vidyapeeth,855
http://dbpedia.org/resource/Amazonas_State_University,Amazonas State University,18767
http://dbpedia.org/resource/Technical_College_of_the_Lowcountry,Technical College of the Lowcountry,3173
http://dbpedia.org/resource/Games_Academy,Games Academy,221
http://dbpedia.org/resource/State_University_of_Makassar,State University of Makassar,34671
http://dbpedia.org/resource/Shaheed_Tajuddin_Ahmad_Medical_College,Shaheed Tajuddin Ahmad Medical College,50
http://dbpedia.org/resource/Bristol_Law_School,Bristol Law School,2119
http://dbpedia.org/resource/Northwestern_Oklahoma_State_University,Northwestern Oklahoma State University,2270
http://dbpedia.org/resource/Grigore_T._Popa_University_of_Medicine_and_Pharmacy,Grigore T. Popa University of Medicine and Pharmacy,11040
http://dbpedia.org/resource/Manas_University,Manas University,6261
http://dbpedia.org/resource/Dhaka_Commerce_College,Dhaka Commerce College,5278
http://dbpedia.org/resource/Tarlac_Agricultural_University,Tarlac Agricultural University,4071
http://dbpedia.org/resource/Bukovinian_State_Medical_University,Bukovinian State Medical University,5080
http://dbpedia.org/resource/University_of_Cantabria,University of Cantabria,12090
http://dbpedia.org/resource/Republic_Bashkir_Boarding_School,Republic Bashkir Boarding School,370
http://dbpedia.org/resource/Sevastopol_National_University_of_Nuclear_Energy_and_Industry,Sevastopol National University of Nuclear Energy and Industry,2451
http://dbpedia.org/resource/State_University_of_New_York_at_New_Paltz,State University of New York at New Paltz,7088
http://dbpedia.org/resource/St._Cloud_State_University,St. Cloud State University,13236
http://dbpedia.org/resource/LSU_School_of_Music,LSU School of Music,494
http://dbpedia.org/resource/Lamar_University,Lamar University,17011
http://dbpedia.org/resource/LIM_College,LIM College,1484
http://dbpedia.org/resource/National_Polytechnic_University_of_Armenia,National Polytechnic University of Armenia,11249
http://dbpedia.org/resource/Stamford_University_Bangladesh,Stamford University Bangladesh,26713
http://dbpedia.org/resource/Pokhara_University,Pokhara University,25798
http://dbpedia.org/resource/Bryn_Mawr_College,Bryn Mawr College,1706
"http://dbpedia.org/resource/School_of_Computer_Science,_University_of_Manchester","School of Computer Science, University of Manchester",632
http://dbpedia.org/resource/Sapienza_University_of_Rome,Sapienza University of Rome,102514
http://dbpedia.org/resource/University_of_Kentucky_College_of_Communication_&_Information,University of Kentucky College of Communication & Information,908
http://dbpedia.org/resource/University_of_North_Alabama,University of North Alabama,7107
http://dbpedia.org/resource/Lorain_County_Community_College,Lorain County Community College,13901
http://dbpedia.org/resource/Télécom_ParisTech,Télécom ParisTech,1398
http://dbpedia.org/resource/University_of_Nicosia,University of Nicosia,7982
http://dbpedia.org/resource/Jenderal_Soedirman_University,Jenderal Soedirman University,10615
http://dbpedia.org/resource/Al_Akhawayn_University,Al Akhawayn University,2101
http://dbpedia.org/resource/Stetson_School,Stetson School,121
http://dbpedia.org/resource/Chongqing_University_of_Posts_and_Telecommunications,Chongqing University of Posts and Telecommunications,20264
http://dbpedia.org/resource/Vytautas_Magnus_University,Vytautas Magnus University,9951
http://dbpedia.org/resource/Mohawk_College,Mohawk College,11087
http://dbpedia.org/resource/Capitol_Technology_University,Capitol Technology University,798
http://dbpedia.org/resource/Terbuka_University,Terbuka University,609831
"http://dbpedia.org/resource/Al-Qadeer_Higher_Secondary_School,_Sambhal","Al-Qadeer Higher Secondary School, Sambhal",1294
http://dbpedia.org/resource/Fiji_College_of_Theology_&_Evangelism,Fiji College of Theology & Evangelism,901
http://dbpedia.org/resource/Islamic_Azad_University_of_Anzali,Islamic Azad University of Anzali,96757
http://dbpedia.org/resource/A._Philip_Randolph_Academies_of_Technology,A. Philip Randolph Academies of Technology,943
http://dbpedia.org/resource/Dongbei_University_of_Finance_and_Economics,Dongbei University of Finance and Economics,17343
http://dbpedia.org/resource/Chemnitz_University_of_Technology,Chemnitz University of Technology,9593
http://dbpedia.org/resource/Université_du_Québec_en_Outaouais,Université du Québec en Outaouais,5874
http://dbpedia.org/resource/City_College_Coventry,City College Coventry,5888
http://dbpedia.org/resource/Osaka_University,Osaka University,26508
http://dbpedia.org/resource/Bruce_Hall_(Australian_National_University),Bruce Hall (Australian National University),334
http://dbpedia.org/resource/Grove_City_College,Grove City College,2326
http://dbpedia.org/resource/Broward_College,Broward College,71925
http://dbpedia.org/resource/European_University_of_Brittany,European University of Brittany,71928
http://dbpedia.org/resource/Ewha_Womans_University,Ewha Womans University,19892
http://dbpedia.org/resource/Art_Institute_of_Pittsburgh,Art Institute of Pittsburgh,7022
http://dbpedia.org/resource/Doane_University,Doane University,3141
http://dbpedia.org/resource/Midpeninsula_Free_University,Midpeninsula Free University,1268
http://dbpedia.org/resource/TC_Beirne_School_of_Law,TC Beirne School of Law,2077
http://dbpedia.org/resource/Long_Beach_City_College,Long Beach City College,24507
http://dbpedia.org/resource/Presbyterian_Boys'_Senior_High_School,Presbyterian Boys' Senior High School,2932
http://dbpedia.org/resource/Matej_Bel_University,Matej Bel University,14595
"http://dbpedia.org/resource/California_State_University,_Fresno","California State University, Fresno",24463
http://dbpedia.org/resource/Stradford_International_College,Stradford International College,7767
http://dbpedia.org/resource/Pacific_Union_College,Pacific Union College,1357
http://dbpedia.org/resource/Busitema_University,Busitema University,1280
http://dbpedia.org/resource/Indian_Institute_of_Management_Bangalore,Indian Institute of Management Bangalore,1166
http://dbpedia.org/resource/Eastview_High_School,Eastview High School,1700
http://dbpedia.org/resource/Institute_of_Business_Management,Institute of Business Management,4722
http://dbpedia.org/resource/Chernivtsi_University,Chernivtsi University,16579
http://dbpedia.org/resource/Huaqiao_University,Huaqiao University,23075
http://dbpedia.org/resource/Ross_University_School_of_Medicine,Ross University School of Medicine,4080
http://dbpedia.org/resource/Gimhae_Foreign_Language_High_School,Gimhae Foreign Language High School,433
http://dbpedia.org/resource/University_of_Oviedo,University of Oviedo,26346
http://dbpedia.org/resource/University_of_Malakand,University of Malakand,2899
http://dbpedia.org/resource/ANU_College_of_Physical_and_Mathematical_Sciences,ANU College of Physical and Mathematical Sciences,1954
"http://dbpedia.org/resource/St._Angela's_College,_Sligo","St. Angela's College, Sligo",1444
http://dbpedia.org/resource/MIT_School_of_Architecture_and_Planning,MIT School of Architecture and Planning,135
http://dbpedia.org/resource/Hampton_Park_Secondary_College,Hampton Park Secondary College,1452
http://dbpedia.org/resource/Centre_for_Christian_Studies,Centre for Christian Studies,61
http://dbpedia.org/resource/Batangas_State_University_Jose_P._Laurel_Polytechnic_College,Batangas State University Jose P. Laurel Polytechnic College,5281
http://dbpedia.org/resource/Midpeninsula_Free_University,Midpeninsula Free University,787
http://dbpedia.org/resource/University_of_Somalia,University of Somalia,8908
http://dbpedia.org/resource/UIC_College_of_Pharmacy,UIC College of Pharmacy,30
http://dbpedia.org/resource/Union_Theological_Seminary_(Philippines),Union Theological Seminary (Philippines),102
http://dbpedia.org/resource/Vilnius_Academy_of_Arts,Vilnius Academy of Arts,2121
http://dbpedia.org/resource/Monticello_High_School_(Illinois),Monticello High School (Illinois),574
http://dbpedia.org/resource/ESIEE,ESIEE,440
http://dbpedia.org/resource/National_Agrarian_University,National Agrarian University,4
http://dbpedia.org/resource/Sant_Gadge_Baba_Amravati_University,Sant Gadge Baba Amravati University,111070
http://dbpedia.org/resource/Goris_State_University,Goris State University,2068
http://dbpedia.org/resource/Assam_Don_Bosco_University,Assam Don Bosco University,1862
http://dbpedia.org/resource/Kabul_Medical_University,Kabul Medical University,2686
http://dbpedia.org/resource/Barton_Peveril_Sixth_Form_College,Barton Peveril Sixth Form College,3769
http://dbpedia.org/resource/De_La_Salle_Andres_Soriano_Memorial_College,De La Salle Andres Soriano Memorial College,6333
http://dbpedia.org/resource/Wor–Wic_Community_College,Wor–Wic Community College,13373
http://dbpedia.org/resource/Collège_Gérald-Godin,Collège Gérald-Godin,1277
http://dbpedia.org/resource/Bethel_College_(Indiana),Bethel College (Indiana),2380
http://dbpedia.org/resource/University_of_Insubria,University of Insubria,9
http://dbpedia.org/resource/Kathmandu_University,Kathmandu University,13117
"http://dbpedia.org/resource/University_of_California,_Los_Angeles","University of California, Los Angeles",42265
http://dbpedia.org/resource/Mandalay_Technological_University,Mandalay Technological University,3468
http://dbpedia.org/resource/Texas_Tech_University_College_of_Media_&_Communication,Texas Tech University College of Media & Communication,1295
http://dbpedia.org/resource/Penn_State_Brandywine,Penn State Brandywine,1634
http://dbpedia.org/resource/Undergraduate_Colleges_of_Stony_Brook_University,Undergraduate Colleges of Stony Brook University,16581
http://dbpedia.org/resource/African_Institute_for_Mathematical_Sciences,African Institute for Mathematical Sciences,84
http://dbpedia.org/resource/Syarif_Hidayatullah_State_Islamic_University_Jakarta,Syarif Hidayatullah State Islamic University Jakarta,23
http://dbpedia.org/resource/Capital_Normal_University,Capital Normal University,29440
http://dbpedia.org/resource/Columbia_Theological_Seminary,Columbia Theological Seminary,362
http://dbpedia.org/resource/École_supérieure_d'art_et_design_Le_Havre-Rouen,École supérieure d'art et design Le Havre-Rouen,422
http://dbpedia.org/resource/University_of_Flensburg,University of Flensburg,4842
http://dbpedia.org/resource/Clovis_Community_College_(New_Mexico),Clovis Community College (New Mexico),2989
http://dbpedia.org/resource/UNC_School_of_Information_and_Library_Science,UNC School of Information and Library Science,399
http://dbpedia.org/resource/Federal_University_of_Pernambuco,Federal University of Pernambuco,47655
http://dbpedia.org/resource/Adam_Mickiewicz_University_in_Poznań,Adam Mickiewicz University in Poznań,40942
http://dbpedia.org/resource/Southwestern_Christian_University,Southwestern Christian University,945
http://dbpedia.org/resource/Federal_University_of_Rio_de_Janeiro,Federal University of Rio de Janeiro,62375
http://dbpedia.org/resource/Shri_Krishan_Institute_Of_Engineering_&_Technology,Shri Krishan Institute Of Engineering & Technology,2145
http://dbpedia.org/resource/Carroll_University,Carroll University,3503
http://dbpedia.org/resource/University_of_Al-Qadisiyah,University of Al-Qadisiyah,17675
"http://dbpedia.org/resource/National_Institute_of_Technology,_Warangal","National Institute of Technology, Warangal",5548
"http://dbpedia.org/resource/Aarhus_University,_School_of_Business_and_Social_Sciences","Aarhus University, School of Business and Social Sciences",16538
http://dbpedia.org/resource/Scuola_Politecnica_di_Design,Scuola Politecnica di Design,212
http://dbpedia.org/resource/New_Shah_Faiz_Public_School,New Shah Faiz Public School,3360
http://dbpedia.org/resource/Bangabandhu_Sheikh_Mujibur_Rahman_Agricultural_University,Bangabandhu Sheikh Mujibur Rahman Agricultural University,1371
http://dbpedia.org/resource/Ithaca_College_School_of_Humanities_and_Sciences,Ithaca College School of Humanities and Sciences,2034
"http://dbpedia.org/resource/The_College_at_Brockport,_State_University_of_New_York","The College at Brockport, State University of New York",9276
http://dbpedia.org/resource/University_Institute_of_Technology_of_Vélizy,University Institute of Technology of Vélizy,1124
http://dbpedia.org/resource/Angelo_State_University_College_of_Nursing_and_Allied_Health,Angelo State University College of Nursing and Allied Health,518
http://dbpedia.org/resource/Marquette_University,Marquette University,10562
http://dbpedia.org/resource/Samrat_Ashok_Technological_Institute,Samrat Ashok Technological Institute,2913
http://dbpedia.org/resource/Texas_A&M_College_of_Architecture,Texas A&M College of Architecture,2167
http://dbpedia.org/resource/Northeast_Ohio_Medical_University,Northeast Ohio Medical University,941
http://dbpedia.org/resource/University_of_Jos,University of Jos,11825
http://dbpedia.org/resource/Indian_Institute_of_Science,Indian Institute of Science,4332
http://dbpedia.org/resource/University_of_Nova_Gorica,University of Nova Gorica,807
http://dbpedia.org/resource/St_Aloysius'_College_(Malta),St Aloysius' College (Malta),874
http://dbpedia.org/resource/Indiana_University_South_Bend,Indiana University South Bend,7886
http://dbpedia.org/resource/The_Art_Institute_of_California_–_Orange_County,The Art Institute of California – Orange County,1609
http://dbpedia.org/resource/National_Law_Institute_University,National Law Institute University,505
http://dbpedia.org/resource/Rhodes_University,Rhodes University,6136
http://dbpedia.org/resource/Panjab_University,Panjab University,15235
http://dbpedia.org/resource/Henan_University_of_Science_and_Technology,Henan University of Science and Technology,32011
http://dbpedia.org/resource/East_African_Civil_Aviation_Academy,East African Civil Aviation Academy,95
http://dbpedia.org/resource/African_Methodist_Episcopal_University,African Methodist Episcopal University,3987
http://dbpedia.org/resource/Anand_Bhawan_School,Anand Bhawan School,1672
http://dbpedia.org/resource/Dakota_Wesleyan_University,Dakota Wesleyan University,610
http://dbpedia.org/resource/Community_College_of_Allegheny_County,Community College of Allegheny County,56352
http://dbpedia.org/resource/Pontifical_Catholic_University_of_Peru,Pontifical Catholic University of Peru,15971
http://dbpedia.org/resource/University_of_Ibagué,University of Ibagué,5314
http://dbpedia.org/resource/University_of_the_Philippines_Diliman,University of the Philippines Diliman,27058
"http://dbpedia.org/resource/National_Institute_of_Technology,_Jamshedpur","National Institute of Technology, Jamshedpur",12847
http://dbpedia.org/resource/University_of_Santa_Monica,University of Santa Monica,520
http://dbpedia.org/resource/Šiauliai_University,Šiauliai University,4670
http://dbpedia.org/resource/Kigumba_Petroleum_Institute,Kigumba Petroleum Institute,84
http://dbpedia.org/resource/Federal_University_of_Uberlândia,Federal University of Uberlândia,22801
http://dbpedia.org/resource/Riverview_High_School_(Pennsylvania),Riverview High School (Pennsylvania),767
http://dbpedia.org/resource/State_University_of_New_York,State University of New York,577032
http://dbpedia.org/resource/Esslingen_University_of_Applied_Sciences,Esslingen University of Applied Sciences,7001
http://dbpedia.org/resource/Chittagong_University_College,Chittagong University College,1404
http://dbpedia.org/resource/University_of_Kassel,University of Kassel,18218
http://dbpedia.org/resource/National_Technological_University,National Technological University,75366
http://dbpedia.org/resource/Augusta_University,Augusta University,10936
"http://dbpedia.org/resource/Palacký_University,_Olomouc","Palacký University, Olomouc",5
http://dbpedia.org/resource/Ibn_Sina_Medical_College,Ibn Sina Medical College,314
http://dbpedia.org/resource/Kalamazoo_Valley_Community_College,Kalamazoo Valley Community College,11587
http://dbpedia.org/resource/Kalinga_Polytechnic,Kalinga Polytechnic,1215
http://dbpedia.org/resource/Notre_Dame_of_Maryland_University,Notre Dame of Maryland University,2853
http://dbpedia.org/resource/West_Lothian_College,West Lothian College,7539
http://dbpedia.org/resource/Oxford_High_School_(Michigan),Oxford High School (Michigan),1797
http://dbpedia.org/resource/Universidad_de_Oriente,Universidad de Oriente,51163
http://dbpedia.org/resource/University_of_Dubuque,University of Dubuque,1672
http://dbpedia.org/resource/Kafkas_University,Kafkas University,36132
http://dbpedia.org/resource/University_of_Oradea,University of Oradea,22626
http://dbpedia.org/resource/George_Mason_University,George Mason University,40117
http://dbpedia.org/resource/Robert_E._Lee_High_School_(Jacksonville),Robert E. Lee High School (Jacksonville),1818
http://dbpedia.org/resource/Northrise_University,Northrise University,389
http://dbpedia.org/resource/Universiteti_i_Prishtinës_Faculty_of_Arts,Universiteti i Prishtinës Faculty of Arts,902
"http://dbpedia.org/resource/Government_Medical_College,_Azamgarh","Government Medical College, Azamgarh",282
http://dbpedia.org/resource/Wenatchee_Valley_College,Wenatchee Valley College,4153
http://dbpedia.org/resource/Higher_Colleges_of_Technology,Higher Colleges of Technology,23758
http://dbpedia.org/resource/National_Institute_of_Applied_Science_and_Technology,National Institute of Applied Science and Technology,3904
http://dbpedia.org/resource/Lyceum_of_the_Philippines_University,Lyceum of the Philippines University,15220
"http://dbpedia.org/resource/Government_Brennen_College,_Thalassery","Government Brennen College, Thalassery",1825
http://dbpedia.org/resource/Penn_State_DuBois,Penn State DuBois,888
http://dbpedia.org/resource/Coggin_College_of_Business,Coggin College of Business,2823
http://dbpedia.org/resource/École_supérieure_de_chimie_physique_électronique_de_Lyon,École supérieure de chimie physique électronique de Lyon,1567
http://dbpedia.org/resource/Transcona_Collegiate_Institute,Transcona Collegiate Institute,623
http://dbpedia.org/resource/Fisk_University,Fisk University,674
http://dbpedia.org/resource/North_China_University_of_Technology,North China University of Technology,17986
http://dbpedia.org/resource/Jeonju_University,Jeonju University,10948
http://dbpedia.org/resource/Kyoto_University,Kyoto University,21086
http://dbpedia.org/resource/Sargodha_Institute_of_Health_Sciences,Sargodha Institute of Health Sciences,131
http://dbpedia.org/resource/Syrian_Private_University,Syrian Private University,2432
http://dbpedia.org/resource/Campuses_of_Arellano_University,Campuses of Arellano University,1923
http://dbpedia.org/resource/University_of_Education_Lahore_(Multan_Campus),University of Education Lahore (Multan Campus),4562
http://dbpedia.org/resource/Università_degli_studi_di_Foggia,Università degli studi di Foggia,13749
http://dbpedia.org/resource/St._Edward's_High_School,St. Edward's High School,431
http://dbpedia.org/resource/Athens_Technical_College,Athens Technical College,3656
http://dbpedia.org/resource/College_of_Management_Academic_Studies,College of Management Academic Studies,12798
http://dbpedia.org/resource/Shannon_College_of_Hotel_Management,Shannon College of Hotel Management,422
http://dbpedia.org/resource/Andrean_High_School,Andrean High School,591
http://dbpedia.org/resource/Misr_University_for_Science_and_Technology,Misr University for Science and Technology,14529
http://dbpedia.org/resource/Al-Watania_Poultry_Institute_of_Technology_(WIT),Al-Watania Poultry Institute of Technology (WIT),819
http://dbpedia.org/resource/Florida_State_University_College_of_Arts_and_Sciences,Florida State University College of Arts and Sciences,9722
http://dbpedia.org/resource/University_of_Molise,University of Molise,8492
http://dbpedia.org/resource/National_University_of_La_Plata,National University of La Plata,76081
http://dbpedia.org/resource/University_College_South_Denmark,University College South Denmark,6186
http://dbpedia.org/resource/Saheed_Nurul_Islam_Mahavidyalaya,Saheed Nurul Islam Mahavidyalaya,4328
http://dbpedia.org/resource/Wisconsin_School_of_Professional_Psychology,Wisconsin School of Professional Psychology,74
http://dbpedia.org/resource/National_University_of_Comahue,National University of Comahue,26300
http://dbpedia.org/resource/UAMS_College_of_Medicine,UAMS College of Medicine,697
http://dbpedia.org/resource/Dramatiska_Institutet,Dramatiska Institutet,152
http://dbpedia.org/resource/University_of_North_Florida,University of North Florida,15486
http://dbpedia.org/resource/Kangwon_National_University,Kangwon National University,33612
http://dbpedia.org/resource/Blackburn_College_(Blackburn_with_Darwen),Blackburn College (Blackburn with Darwen),2976
http://dbpedia.org/resource/Chandpur_Polytechnic_Institute,Chandpur Polytechnic Institute,1647
http://dbpedia.org/resource/Penn_State_New_Kensington,Penn State New Kensington,809
http://dbpedia.org/resource/Bundeswehr_University_Munich,Bundeswehr University Munich,3168
"http://dbpedia.org/resource/N.C._Autonomous_College,_Jajpur","N.C. Autonomous College, Jajpur",3706
http://dbpedia.org/resource/Kanak_Manjari_Institute_of_Pharmaceutical_Sciences,Kanak Manjari Institute of Pharmaceutical Sciences,595
http://dbpedia.org/resource/Skidmore_College,Skidmore College,3056
http://dbpedia.org/resource/Bethany_Lutheran_College,Bethany Lutheran College,578
http://dbpedia.org/resource/Red_Lake_Nation_College,Red Lake Nation College,74
http://dbpedia.org/resource/École_Mohammadia_d'ingénieurs,École Mohammadia d'ingénieurs,549
http://dbpedia.org/resource/RVR_&_JC_College_of_Engineering,RVR & JC College of Engineering,4643
http://dbpedia.org/resource/Hamburg_University_of_Applied_Sciences,Hamburg University of Applied Sciences,15607
http://dbpedia.org/resource/Makerere_University_Business_School,Makerere University Business School,4727
http://dbpedia.org/resource/State_University_of_Novi_Pazar,State University of Novi Pazar,2109
http://dbpedia.org/resource/Cadet_College_Pishin,Cadet College Pishin,284
http://dbpedia.org/resource/Kyungpook_National_University_School_of_Medicine,Kyungpook National University School of Medicine,418
http://dbpedia.org/resource/Vaal_University_of_Technology,Vaal University of Technology,14314
http://dbpedia.org/resource/Tuvalu_Maritime_Training_Institute,Tuvalu Maritime Training Institute,116
http://dbpedia.org/resource/Frankfurt_School_of_Finance_&_Management,Frankfurt School of Finance & Management,1307
http://dbpedia.org/resource/Regis_College_(Massachusetts),Regis College (Massachusetts),2362
http://dbpedia.org/resource/Comilla_Government_College,Comilla Government College,7227
http://dbpedia.org/resource/University_of_Technology_Sydney,University of Technology Sydney,35720
http://dbpedia.org/resource/Sungkyunkwan_University,Sungkyunkwan University,25763
http://dbpedia.org/resource/De_Anza_College,De Anza College,18123
http://dbpedia.org/resource/Indus_University,Indus University,4929
http://dbpedia.org/resource/Sylhet_Women's_Medical_College,Sylhet Women's Medical College,521
http://dbpedia.org/resource/Hillsborough_Community_College,Hillsborough Community College,40490
http://dbpedia.org/resource/University_of_Lorraine,University of Lorraine,46735
http://dbpedia.org/resource/Tyumen_State_University,Tyumen State University,32116
http://dbpedia.org/resource/Jacobs_School_of_Music,Jacobs School of Music,1632
http://dbpedia.org/resource/Columbia_College_(Virginia),Columbia College (Virginia),559
http://dbpedia.org/resource/Zurich_University_of_Applied_Sciences/ZHAW,Zurich University of Applied Sciences/ZHAW,12491
http://dbpedia.org/resource/Michigan_State_University_College_of_Human_Medicine,Michigan State University College of Human Medicine,985
http://dbpedia.org/resource/Carmel_College_Sixth_Form,Carmel College Sixth Form,171
http://dbpedia.org/resource/Amguri_College,Amguri College,1488
http://dbpedia.org/resource/Poltava_National_Technical_University,Poltava National Technical University,10119
http://dbpedia.org/resource/Earlham_School_of_Religion,Earlham School of Religion,0
http://dbpedia.org/resource/Lewis_&_Clark_College,Lewis & Clark College,3401
http://dbpedia.org/resource/Hamburg_University_of_Technology,Hamburg University of Technology,6879
http://dbpedia.org/resource/Clear_Creek_High_School_(Colorado),Clear Creek High School (Colorado),289
http://dbpedia.org/resource/National_University_of_Austral_Patagonia,National University of Austral Patagonia,7124
http://dbpedia.org/resource/O._P._Jindal_Global_University,O. P. Jindal Global University,1498
http://dbpedia.org/resource/Hope_Christian_School,Hope Christian School,1569
http://dbpedia.org/resource/Victoria_College_(Texas),Victoria College (Texas),3583
http://dbpedia.org/resource/Harbin_Normal_University,Harbin Normal University,40946
http://dbpedia.org/resource/Roger_Williams_University,Roger Williams University,5198
http://dbpedia.org/resource/University_of_Nebraska_system,University of Nebraska system,52359
http://dbpedia.org/resource/Norwegian_University_of_Life_Sciences,Norwegian University of Life Sciences,5676
http://dbpedia.org/resource/Grizzly_College_of_Education,Grizzly College of Education,103
http://dbpedia.org/resource/New_York_University_Institute_of_Fine_Arts,New York University Institute of Fine Arts,361
http://dbpedia.org/resource/Tower_Hamlets_College,Tower Hamlets College,6701
http://dbpedia.org/resource/Great_Basin_College,Great Basin College,3773
http://dbpedia.org/resource/Central_Christian_College_of_the_Bible,Central Christian College of the Bible,369
http://dbpedia.org/resource/Muskegon_Community_College,Muskegon Community College,4363
http://dbpedia.org/resource/Manipal_Institute_of_Technology,Manipal Institute of Technology,10307
http://dbpedia.org/resource/University_of_San_Francisco,University of San Francisco,9553
http://dbpedia.org/resource/Fanshawe_College,Fanshawe College,24010
http://dbpedia.org/resource/Bordeaux_Segalen_University,Bordeaux Segalen University,22715
http://dbpedia.org/resource/Ghent_University,Ghent University,46012
http://dbpedia.org/resource/ASA_University_Bangladesh,ASA University Bangladesh,3625
http://dbpedia.org/resource/Interamerican_University_of_Puerto_Rico_at_Ponce,Interamerican University of Puerto Rico at Ponce,5837
http://dbpedia.org/resource/Southern_Taiwan_University_of_Science_and_Technology,Southern Taiwan University of Science and Technology,19004
http://dbpedia.org/resource/Petroleum_Institute,Petroleum Institute,964
http://dbpedia.org/resource/Turkmen_State_University,Turkmen State University,4420
http://dbpedia.org/resource/Navotas_Polytechnic_College,Navotas Polytechnic College,3291
http://dbpedia.org/resource/University_of_Bern,University of Bern,18331
http://dbpedia.org/resource/Longwood_University,Longwood University,4784
http://dbpedia.org/resource/Western_Technical_College,Western Technical College,14753
http://dbpedia.org/resource/Sri_Sairam_Institute_of_Technology,Sri Sairam Institute of Technology,1698
http://dbpedia.org/resource/Charles_Sturt_University,Charles Sturt University,20878
http://dbpedia.org/resource/Università_degli_Studi_Niccolò_Cusano,Università degli Studi Niccolò Cusano,11019
http://dbpedia.org/resource/Texas_A&M_University–Commerce,Texas A&M University–Commerce,10205
http://dbpedia.org/resource/Mymensingh_Medical_College,Mymensingh Medical College,964
http://dbpedia.org/resource/Indian_Institute_of_Management_Ahmedabad,Indian Institute of Management Ahmedabad,78
http://dbpedia.org/resource/Al-Jamiah_Al-Islamiah_Obaidia_Nanupur,Al-Jamiah Al-Islamiah Obaidia Nanupur,5109
http://dbpedia.org/resource/Pablo_de_Olavide_University,Pablo de Olavide University,11698
http://dbpedia.org/resource/Center_of_Excellence_in_Nanotechnology,Center of Excellence in Nanotechnology,19
http://dbpedia.org/resource/University_of_Music_and_Theatre_Leipzig,University of Music and Theatre Leipzig,722
http://dbpedia.org/resource/Parker_University,Parker University,943
"http://dbpedia.org/resource/University_of_California,_San_Diego","University of California, San Diego",28598
http://dbpedia.org/resource/St._Patrick's_Institute_of_Science_&_Technology,St. Patrick's Institute of Science & Technology,323
http://dbpedia.org/resource/University_of_Mainz,University of Mainz,39348
http://dbpedia.org/resource/Antioch_University_New_England,Antioch University New England,1063
http://dbpedia.org/resource/Northeast_Institute_of_Biblical_and_Theological_Studies,Northeast Institute of Biblical and Theological Studies,3
http://dbpedia.org/resource/Chongqing_Medical_University,Chongqing Medical University,27367
http://dbpedia.org/resource/Tabor_College_(Kansas),Tabor College (Kansas),773
http://dbpedia.org/resource/Army_Public_Schools_&_Colleges_System,Army Public Schools & Colleges System,8805
http://dbpedia.org/resource/Liberties_College,Liberties College,573
http://dbpedia.org/resource/Antrim_Grammar_School,Antrim Grammar School,677
http://dbpedia.org/resource/University_of_Macerata,University of Macerata,11649
http://dbpedia.org/resource/Fanshawe_College,Fanshawe College,20821
"http://dbpedia.org/resource/Monterrey_Institute_of_Technology_and_Higher_Education,_Santa_Catarina","Monterrey Institute of Technology and Higher Education, Santa Catarina",1168
http://dbpedia.org/resource/Rosemont_College,Rosemont College,1209
http://dbpedia.org/resource/Albright_College,Albright College,1762
http://dbpedia.org/resource/Asian_Institute_of_Tourism,Asian Institute of Tourism,368
http://dbpedia.org/resource/Omer_Halisdemir_University,Omer Halisdemir University,18742
http://dbpedia.org/resource/Presbyterian_College,Presbyterian College,1083
"http://dbpedia.org/resource/University_of_Maryland,_Baltimore_County","University of Maryland, Baltimore County",15163
http://dbpedia.org/resource/University_of_Oldenburg,University of Oldenburg,12126
http://dbpedia.org/resource/NorQuest_College,NorQuest College,5363
http://dbpedia.org/resource/Business_Academy_Aarhus,Business Academy Aarhus,3034
http://dbpedia.org/resource/Mindanao_State_University_–_Iligan_Institute_of_Technology,Mindanao State University – Iligan Institute of Technology,11093
http://dbpedia.org/resource/Pará_State_University,Pará State University,13903
http://dbpedia.org/resource/Texas_Tech_University_Health_Sciences_Center_School_of_Medicine,Texas Tech University Health Sciences Center School of Medicine,627
http://dbpedia.org/resource/Jadavpur_University,Jadavpur University,11818
http://dbpedia.org/resource/IBAT_College_(Swords),IBAT College (Swords),2202
http://dbpedia.org/resource/Bangladesh_University_of_Engineering_and_Technology,Bangladesh University of Engineering and Technology,10523
http://dbpedia.org/resource/Kentucky_Mountain_Bible_College,Kentucky Mountain Bible College,99
http://dbpedia.org/resource/Blinn_College,Blinn College,20020
http://dbpedia.org/resource/Manarat_International_University,Manarat International University,3454
http://dbpedia.org/resource/The_American_University_of_Iraq_–_Sulaimani,The American University of Iraq – Sulaimani,1647
http://dbpedia.org/resource/Inter-American_Adventist_Theological_Seminary,Inter-American Adventist Theological Seminary,350
http://dbpedia.org/resource/Wheeling_Jesuit_University,Wheeling Jesuit University,1339
http://dbpedia.org/resource/Yale_University,Yale University,11314
http://dbpedia.org/resource/Dr._Babasaheb_Ambedkar_Marathwada_University,Dr. Babasaheb Ambedkar Marathwada University,382419
http://dbpedia.org/resource/Oglala_Lakota_College,Oglala Lakota College,1409
http://dbpedia.org/resource/University_of_Nebraska–Lincoln,University of Nebraska–Lincoln,23161
http://dbpedia.org/resource/St._Mary's_University_(Addis_Ababa),St. Mary's University (Addis Ababa),32083
http://dbpedia.org/resource/Morningside_College_(Hong_Kong),Morningside College (Hong Kong),126
http://dbpedia.org/resource/Jessore_University_of_Science_&_Technology,Jessore University of Science & Technology,3070
http://dbpedia.org/resource/LDS_Business_College,LDS Business College,2082
http://dbpedia.org/resource/Brooklyn_Law_School,Brooklyn Law School,1142
http://dbpedia.org/resource/Ningxia_University,Ningxia University,12591
http://dbpedia.org/resource/University_of_the_Americas_(Chile),University of the Americas (Chile),34064
"http://dbpedia.org/resource/State_Council_for_Technical_Education_&_Vocational_Training,Orissa","State Council for Technical Education & Vocational Training,Orissa",68755
http://dbpedia.org/resource/Muzaffarpur_Institute_of_Technology,Muzaffarpur Institute of Technology,1414
http://dbpedia.org/resource/Mildred_Elley,Mildred Elley,1259
http://dbpedia.org/resource/Kunstakademiets_Arkitektskole,Kunstakademiets Arkitektskole,616
http://dbpedia.org/resource/Open_University_of_Catalonia,Open University of Catalonia,56013
http://dbpedia.org/resource/Tianjin_Medical_University,Tianjin Medical University,7451
http://dbpedia.org/resource/Nicolet_Area_Technical_College,Nicolet Area Technical College,2375
http://dbpedia.org/resource/Paris_Descartes_University,Paris Descartes University,31582
http://dbpedia.org/resource/University_of_Warmia_and_Mazury_in_Olsztyn,University of Warmia and Mazury in Olsztyn,45204
http://dbpedia.org/resource/Appalachian_State_University,Appalachian State University,19533
http://dbpedia.org/resource/Central_China_Normal_University,Central China Normal University,23229
http://dbpedia.org/resource/Solex_College,Solex College,1986
http://dbpedia.org/resource/Sahatu_Ayagi,Sahatu Ayagi,4822
http://dbpedia.org/resource/University_of_New_York_in_Prague,University of New York in Prague,585
http://dbpedia.org/resource/Chin_Christian_College,Chin Christian College,298
http://dbpedia.org/resource/University_of_Turku,University of Turku,18348
http://dbpedia.org/resource/Missouri_Southern_State_University,Missouri Southern State University,6171
http://dbpedia.org/resource/University_of_Siena,University of Siena,22289
http://dbpedia.org/resource/Kentucky_State_University,Kentucky State University,2404
"http://dbpedia.org/resource/Government_Medical_College,_Kannauj","Government Medical College, Kannauj",419
http://dbpedia.org/resource/Professionals'_Academy_of_Commerce,Professionals' Academy of Commerce,4435
http://dbpedia.org/resource/University_of_Mary,University of Mary,3427
http://dbpedia.org/resource/Higher_Education_Institute_of_Brasilia,Higher Education Institute of Brasilia,17706
http://dbpedia.org/resource/University_of_Pennsylvania,University of Pennsylvania,28569
http://dbpedia.org/resource/Mie_University,Mie University,7511
http://dbpedia.org/resource/Gheorghe_Asachi_Technical_University_of_Iași,Gheorghe Asachi Technical University of Iași,14152
http://dbpedia.org/resource/Iqra_University,Iqra University,8908
http://dbpedia.org/resource/Southwest_College_of_Naturopathic_Medicine,Southwest College of Naturopathic Medicine,424
http://dbpedia.org/resource/Humboldt_University_of_Berlin,Humboldt University of Berlin,30857
http://dbpedia.org/resource/East_Tennessee_State_University_James_H._Quillen_College_of_Medicine,East Tennessee State University James H. Quillen College of Medicine,291
http://dbpedia.org/resource/Lindenwood_University,Lindenwood University,10252
http://dbpedia.org/resource/Wesley_Biblical_Seminary,Wesley Biblical Seminary,118
"http://dbpedia.org/resource/St._Joseph's_College_of_Engineering_and_Technology,_Palai","St. Joseph's College of Engineering and Technology, Palai",1884
"http://dbpedia.org/resource/Jamia_Shariyyah_Malibagh,_Dhaka","Jamia Shariyyah Malibagh, Dhaka",806
http://dbpedia.org/resource/Houston_Community_College,Houston Community College,69299
http://dbpedia.org/resource/Kharkiv_National_Academy_of_Municipal_Economy,Kharkiv National Academy of Municipal Economy,14485
http://dbpedia.org/resource/Jinan_University_Lebanon,Jinan University Lebanon,2493
http://dbpedia.org/resource/Notre_Dame_College,Notre Dame College,2722
http://dbpedia.org/resource/University_of_Papua_New_Guinea,University of Papua New Guinea,15409
http://dbpedia.org/resource/Trisakti_University,Trisakti University,20293
http://dbpedia.org/resource/Vancouver_Community_College,Vancouver Community College,25618
http://dbpedia.org/resource/Kamala_Nehru_Inter_College,Kamala Nehru Inter College,940
http://dbpedia.org/resource/DIT_School_of_Electrical_&_Electronic_Engineering,DIT School of Electrical & Electronic Engineering,1370
http://dbpedia.org/resource/Indiana_University_Northwest,Indiana University Northwest,6748
http://dbpedia.org/resource/Our_Lady_of_Good_Counsel_(Albania),Our Lady of Good Counsel (Albania),1610
http://dbpedia.org/resource/Bethany_College_(Kansas),Bethany College (Kansas),857
http://dbpedia.org/resource/West_Virginia_University,West Virginia University,30627
"http://dbpedia.org/resource/Faculty_of_Geodesy,_University_of_Zagreb","Faculty of Geodesy, University of Zagreb",645
http://dbpedia.org/resource/École_supérieure_des_sciences_commerciales_d'Angers,École supérieure des sciences commerciales d'Angers,3381
http://dbpedia.org/resource/Grenoble_Institute_of_Technology,Grenoble Institute of Technology,4792
http://dbpedia.org/resource/University_of_Santo_Tomas_College_of_Nursing,University of Santo Tomas College of Nursing,2039
http://dbpedia.org/resource/Hochschule_für_Gestaltung_Schwäbisch_Gmünd,Hochschule für Gestaltung Schwäbisch Gmünd,597
http://dbpedia.org/resource/University_of_Miami,University of Miami,17230
http://dbpedia.org/resource/Foreign_Language_Centre_of_Lodz_University_of_Technology,Foreign Language Centre of Lodz University of Technology,6625
http://dbpedia.org/resource/Royal_College_of_Surgeons_in_Ireland,Royal College of Surgeons in Ireland,4696
http://dbpedia.org/resource/University_of_Alaska_system,University of Alaska system,32344
http://dbpedia.org/resource/Binghamton_University,Binghamton University,18710
http://dbpedia.org/resource/Johns_Hopkins_School_of_Medicine,Johns Hopkins School of Medicine,460
"http://dbpedia.org/resource/Begumgonj_Textile_Engineering_College,_Noakhali","Begumgonj Textile Engineering College, Noakhali",511
http://dbpedia.org/resource/University_of_Marne-la-Vallée,University of Marne-la-Vallée,12287
http://dbpedia.org/resource/I-Shou_University,I-Shou University,15302
http://dbpedia.org/resource/Mount_Marty_College,Mount Marty College,856
http://dbpedia.org/resource/Cetana_PSB_International_College-English_Business_Tourism_Hospitality,Cetana PSB International College-English Business Tourism Hospitality,260
http://dbpedia.org/resource/Monash_University_Faculty_of_Business_and_Economics,Monash University Faculty of Business and Economics,19459
http://dbpedia.org/resource/Université_libre_de_Bruxelles,Université libre de Bruxelles,25661
http://dbpedia.org/resource/University_of_Liberal_Arts_Bangladesh,University of Liberal Arts Bangladesh,3713
http://dbpedia.org/resource/University_of_Pittsburgh,University of Pittsburgh,28722
http://dbpedia.org/resource/Polk_State_College,Polk State College,23824
http://dbpedia.org/resource/Federal_Rural_University_of_Rio_de_Janeiro,Federal Rural University of Rio de Janeiro,10866
http://dbpedia.org/resource/Myanmar_International_School,Myanmar International School,683
http://dbpedia.org/resource/Faculdade_de_Engenharia_da_Universidade_do_Porto,Faculdade de Engenharia da Universidade do Porto,6889
http://dbpedia.org/resource/Sanjiang_University,Sanjiang University,17332
http://dbpedia.org/resource/Indeg.iul.iscte,Indeg.iul.iscte,1748
http://dbpedia.org/resource/Yangon_Institute_of_Education,Yangon Institute of Education,26707
http://dbpedia.org/resource/Virginia_International_University,Virginia International University,1902
http://dbpedia.org/resource/Institut_national_des_langues_et_civilisations_orientales,Institut national des langues et civilisations orientales,9951
http://dbpedia.org/resource/Jamia_Binoria,Jamia Binoria,8289
http://dbpedia.org/resource/Vaishnavi_Institute_of_Technology,Vaishnavi Institute of Technology,1227
http://dbpedia.org/resource/Northern_Kentucky_University,Northern Kentucky University,17930
http://dbpedia.org/resource/Open_University_of_Kaohsiung,Open University of Kaohsiung,15962
"http://dbpedia.org/resource/University_of_Wales,_Newport","University of Wales, Newport",10247
http://dbpedia.org/resource/University_of_the_Littoral_Opal_Coast,University of the Littoral Opal Coast,8047
http://dbpedia.org/resource/Molloy_College,Molloy College,4317
http://dbpedia.org/resource/Detroit_Windsor_Dance_Academy,Detroit Windsor Dance Academy,543
http://dbpedia.org/resource/King_Daniel_of_Galicia_Ivano-Frankivsk_University_of_Law,King Daniel of Galicia Ivano-Frankivsk University of Law,2353
http://dbpedia.org/resource/Southern_Arkansas_University,Southern Arkansas University,4111
http://dbpedia.org/resource/California_State_University_Channel_Islands,California State University Channel Islands,5516
http://dbpedia.org/resource/Ashworth_College,Ashworth College,53739
http://dbpedia.org/resource/University_of_Bergen,University of Bergen,18095
http://dbpedia.org/resource/Malayan_High_School_of_Science,Malayan High School of Science,407
"http://dbpedia.org/resource/University_of_Economics,_Prague","University of Economics, Prague",22551
http://dbpedia.org/resource/Oulton_College,Oulton College,609
http://dbpedia.org/resource/Hood_College,Hood College,2820
"http://dbpedia.org/resource/Ohio_State_University,_Marion_Campus","Ohio State University, Marion Campus",1521
http://dbpedia.org/resource/Beijing_Institute_of_Petrochemical_Technology,Beijing Institute of Petrochemical Technology,7315
http://dbpedia.org/resource/Herefordshire_and_Ludlow_College,Herefordshire and Ludlow College,4737
http://dbpedia.org/resource/Creighton_University_School_of_Law,Creighton University School of Law,420
http://dbpedia.org/resource/The_Young_Americans_College_of_the_Performing_Arts,The Young Americans College of the Performing Arts,221
http://dbpedia.org/resource/Polytech_Group_(France),Polytech Group (France),13619
"http://dbpedia.org/resource/Babasaheb_Naik_College_of_Engineering,_Pusad","Babasaheb Naik College of Engineering, Pusad",2328
http://dbpedia.org/resource/Montgomery_County_Community_College,Montgomery County Community College,11358
http://dbpedia.org/resource/Karlsruhe_University_of_Applied_Sciences,Karlsruhe University of Applied Sciences,8517
http://dbpedia.org/resource/Adamson_University,Adamson University,15909
http://dbpedia.org/resource/Collegium_Civitas,Collegium Civitas,1777
http://dbpedia.org/resource/Nürtingen-Geislingen_University_of_Applied_Science,Nürtingen-Geislingen University of Applied Science,4551
http://dbpedia.org/resource/University_of_Milan,University of Milan,65322
http://dbpedia.org/resource/Bentley_University,Bentley University,4856
http://dbpedia.org/resource/Franklin_Pierce_University,Franklin Pierce University,2114
http://dbpedia.org/resource/Lindenwood_University_–_Belleville,Lindenwood University – Belleville,1270
http://dbpedia.org/resource/Englewood_High_School_(Jacksonville),Englewood High School (Jacksonville),2352
http://dbpedia.org/resource/University_of_KwaZulu-Natal,University of KwaZulu-Natal,38545
http://dbpedia.org/resource/Alaska_Bible_College,Alaska Bible College,60
http://dbpedia.org/resource/Icahn_School_of_Medicine_at_Mount_Sinai,Icahn School of Medicine at Mount Sinai,457
http://dbpedia.org/resource/University_of_Auckland,University of Auckland,35447
http://dbpedia.org/resource/Ibrahim_Sultan_Polytechnic,Ibrahim Sultan Polytechnic,5713
http://dbpedia.org/resource/College_of_the_Ozarks,College of the Ozarks,1469
http://dbpedia.org/resource/University_of_Agder,University of Agder,12996
http://dbpedia.org/resource/Saimaa_University_of_Applied_Sciences,Saimaa University of Applied Sciences,2405
http://dbpedia.org/resource/East_West_University,East West University,9980
http://dbpedia.org/resource/University_of_Santo_Tomas_Faculty_of_Arts_and_Letters,University of Santo Tomas Faculty of Arts and Letters,3657
http://dbpedia.org/resource/Bay_Path_University,Bay Path University,2801
http://dbpedia.org/resource/Indian_Institute_of_Management_Kozhikode,Indian Institute of Management Kozhikode,734
http://dbpedia.org/resource/Chanakya_National_Law_University,Chanakya National Law University,692
"http://dbpedia.org/resource/Faculty_of_Administration,_Ljubljana","Faculty of Administration, Ljubljana",1415
http://dbpedia.org/resource/Indiana_University_School_of_Public_and_Environmental_Affairs,Indiana University School of Public and Environmental Affairs,2576
http://dbpedia.org/resource/Prometeu-Prim_Lyceum,Prometeu-Prim Lyceum,1097
http://dbpedia.org/resource/New_York_Law_School,New York Law School,996
http://dbpedia.org/resource/North_Park_University,North Park University,2935
http://dbpedia.org/resource/The_Commonwealth_Medical_College,The Commonwealth Medical College,390
http://dbpedia.org/resource/Mills_College,Mills College,1270
http://dbpedia.org/resource/Taras_Shevchenko_National_University_of_Kyiv,Taras Shevchenko National University of Kyiv,17154
http://dbpedia.org/resource/Fayoum_University,Fayoum University,19866
http://dbpedia.org/resource/Russian-Tajik_Slavonic_University,Russian-Tajik Slavonic University,3238
http://dbpedia.org/resource/University_College_Roosevelt,University College Roosevelt,532
http://dbpedia.org/resource/Mindanao_State_University-Buug_Campus,Mindanao State University-Buug Campus,1417
http://dbpedia.org/resource/Stanford_University,Stanford University,17919
"http://dbpedia.org/resource/Dún_Laoghaire_Institute_of_Art,_Design_and_Technology","Dún Laoghaire Institute of Art, Design and Technology",1646
http://dbpedia.org/resource/Govt._Polytechnic_Nilokheri,Govt. Polytechnic Nilokheri,308
http://dbpedia.org/resource/Sterling_College_(Kansas),Sterling College (Kansas),805
http://dbpedia.org/resource/Virginia_Tech_College_of_Natural_Resources_and_Environment,Virginia Tech College of Natural Resources and Environment,1221
http://dbpedia.org/resource/LNM_Institute_of_Information_Technology,LNM Institute of Information Technology,1567
http://dbpedia.org/resource/Polytechnic_University_of_Milan,Polytechnic University of Milan,47985
http://dbpedia.org/resource/Wiley_College,Wiley College,1615
http://dbpedia.org/resource/University_of_North_Dakota_School_of_Law,University of North Dakota School of Law,215
http://dbpedia.org/resource/Södra_Vätterbygdens_folkhögskola,Södra Vätterbygdens folkhögskola,316
http://dbpedia.org/resource/Trinity_University_of_Asia,Trinity University of Asia,6032
http://dbpedia.org/resource/University_of_Ontario_Institute_of_Technology,University of Ontario Institute of Technology,9112
http://dbpedia.org/resource/Asian_Theological_Seminary,Asian Theological Seminary,1000
http://dbpedia.org/resource/Singapore_Polytechnic,Singapore Polytechnic,952
http://dbpedia.org/resource/Western_Kentucky_University-Owensboro,Western Kentucky University-Owensboro,1112
http://dbpedia.org/resource/University_of_Agricultural_Sciences_and_Veterinary_Medicine_of_Cluj-Napoca,University of Agricultural Sciences and Veterinary Medicine of Cluj-Napoca,5167
http://dbpedia.org/resource/QSI_International_School_of_Phuket,QSI International School of Phuket,120
http://dbpedia.org/resource/Institute_of_Business_Studies,Institute of Business Studies,804
http://dbpedia.org/resource/University_of_San_Andrés,University of San Andrés,870
http://dbpedia.org/resource/Ovidius_University,Ovidius University,18590
http://dbpedia.org/resource/Seemanta_Engineering_College,Seemanta Engineering College,16711
http://dbpedia.org/resource/North_Carolina_Wesleyan_College,North Carolina Wesleyan College,1392
http://dbpedia.org/resource/Klaipėda_University,Klaipėda University,5959
http://dbpedia.org/resource/Olivet_Nazarene_University,Olivet Nazarene University,5923
http://dbpedia.org/resource/Mutah_University,Mutah University,18085
http://dbpedia.org/resource/Khazar_University,Khazar University,2536
http://dbpedia.org/resource/Loyola_University_New_Orleans_College_of_Law,Loyola University New Orleans College of Law,979
http://dbpedia.org/resource/NUST_School_of_Civil_and_Environmental_Engineering,NUST School of Civil and Environmental Engineering,557
http://dbpedia.org/resource/Athens_University_of_Economics_and_Business,Athens University of Economics and Business,2889
http://dbpedia.org/resource/Erasmushogeschool_Brussel,Erasmushogeschool Brussel,4649
http://dbpedia.org/resource/Indiana_University_Southeast,Indiana University Southeast,7385
http://dbpedia.org/resource/Kyoto_Sangyo_University,Kyoto Sangyo University,13599
"http://dbpedia.org/resource/University_of_Applied_Sciences,_Mainz","University of Applied Sciences, Mainz",3666
"http://dbpedia.org/resource/Oregon_Institute_of_Technology,_Wilsonville","Oregon Institute of Technology, Wilsonville",1052
http://dbpedia.org/resource/Roxbury_Community_College,Roxbury Community College,2482
http://dbpedia.org/resource/Government_Azizul_Haque_College,Government Azizul Haque College,42335
http://dbpedia.org/resource/Sardar_Patel_Institute_of_Technology,Sardar Patel Institute of Technology,1361
http://dbpedia.org/resource/Saba_University_School_of_Medicine,Saba University School of Medicine,477
http://dbpedia.org/resource/University_of_Zielona_Góra,University of Zielona Góra,20184
http://dbpedia.org/resource/Christchurch_Polytechnic_Institute_of_Technology,Christchurch Polytechnic Institute of Technology,5273
http://dbpedia.org/resource/Mohamed_Sathak_Engineering_College,Mohamed Sathak Engineering College,3720
http://dbpedia.org/resource/ENSAE_ParisTech,ENSAE ParisTech,373
http://dbpedia.org/resource/Blackfeet_Community_College,Blackfeet Community College,448
http://dbpedia.org/resource/Norwegian_School_of_Veterinary_Science,Norwegian School of Veterinary Science,580
http://dbpedia.org/resource/Clydebank_College,Clydebank College,11097
http://dbpedia.org/resource/Averett_University,Averett University,2357
http://dbpedia.org/resource/Magnitogorsk_State_University,Magnitogorsk State University,15857
http://dbpedia.org/resource/Hubei_Institute_of_Fine_Arts,Hubei Institute of Fine Arts,6215
http://dbpedia.org/resource/Hasso_Plattner_Institute,Hasso Plattner Institute,382
http://dbpedia.org/resource/École_nationale_d'ingénieurs_du_Val_de_Loire,École nationale d'ingénieurs du Val de Loire,471
http://dbpedia.org/resource/Erinbank_Secondary_College,Erinbank Secondary College,444
http://dbpedia.org/resource/Cebu_Doctors'_University,Cebu Doctors' University,18505
http://dbpedia.org/resource/Andrés_Bello_National_University,Andrés Bello National University,28574
http://dbpedia.org/resource/University_of_Messina,University of Messina,21064
http://dbpedia.org/resource/Archbishop_M.C._O'Neill_High_School,Archbishop M.C. O'Neill High School,735
http://dbpedia.org/resource/Nilakantheswar_Mahavidyalaya,Nilakantheswar Mahavidyalaya,508
http://dbpedia.org/resource/Lebanese_American_University,Lebanese American University,9091
http://dbpedia.org/resource/Business_School_Lausanne,Business School Lausanne,230
http://dbpedia.org/resource/Limerick_Institute_of_Technology,Limerick Institute of Technology,8258
http://dbpedia.org/resource/St._Jerome's_University,St. Jerome's University,1296
http://dbpedia.org/resource/Comillas_Pontifical_University,Comillas Pontifical University,12324
http://dbpedia.org/resource/Xinyang_Agricultural_College,Xinyang Agricultural College,8846
http://dbpedia.org/resource/Virginia_Tech_College_of_Engineering,Virginia Tech College of Engineering,9843
http://dbpedia.org/resource/Lyme_Academy_College_of_Fine_Arts,Lyme Academy College of Fine Arts,84
http://dbpedia.org/resource/Qingdao_University_of_Science_and_Technology,Qingdao University of Science and Technology,33297
http://dbpedia.org/resource/Western_Nebraska_Community_College,Western Nebraska Community College,2352
http://dbpedia.org/resource/Ohio_University_Southern_Campus,Ohio University Southern Campus,2083
http://dbpedia.org/resource/University_of_Bologna,University of Bologna,91129
http://dbpedia.org/resource/University_of_Maribor,University of Maribor,17825
http://dbpedia.org/resource/Wyoming_Catholic_College,Wyoming Catholic College,159
http://dbpedia.org/resource/Jamia_Tawakkulia_Renga_Madrasah,Jamia Tawakkulia Renga Madrasah,1304
http://dbpedia.org/resource/Freed–Hardeman_University,Freed–Hardeman University,2022
http://dbpedia.org/resource/Universiti_Teknologi_MARA_System,Universiti Teknologi MARA System,36403
http://dbpedia.org/resource/Columbia_Southern_University,Columbia Southern University,17994
http://dbpedia.org/resource/University_of_Miskolc,University of Miskolc,17288
http://dbpedia.org/resource/Karlstad_University,Karlstad University,6988
http://dbpedia.org/resource/College_of_Saint_Rose,College of Saint Rose,5477
http://dbpedia.org/resource/Amery_School_District,Amery School District,1542
http://dbpedia.org/resource/Central_University_of_Rajasthan,Central University of Rajasthan,1727
http://dbpedia.org/resource/Pritzker_School_of_Medicine,Pritzker School of Medicine,387
http://dbpedia.org/resource/Agricultural_Cooperative_College,Agricultural Cooperative College,229
http://dbpedia.org/resource/University_of_Fort_Hare,University of Fort Hare,12750
http://dbpedia.org/resource/Ghazi_University,Ghazi University,4429
http://dbpedia.org/resource/University_System_of_Ohio,University System of Ohio,503647
"http://dbpedia.org/resource/Institute_of_Business_Administration,_Karachi","Institute of Business Administration, Karachi",3681
http://dbpedia.org/resource/Salt_Lake_Community_College,Salt Lake Community College,38787
http://dbpedia.org/resource/American_Baptist_Seminary_of_the_West,American Baptist Seminary of the West,67
http://dbpedia.org/resource/Keene_State_College,Keene State College,5773
http://dbpedia.org/resource/Angelo_State_University_College_of_Graduate_Studies,Angelo State University College of Graduate Studies,611
http://dbpedia.org/resource/Telecom_SudParis,Telecom SudParis,823
http://dbpedia.org/resource/Runshaw_College,Runshaw College,8323
http://dbpedia.org/resource/University_of_Regina,University of Regina,12895
"http://dbpedia.org/resource/Department_of_Petroleum_Engineering_and_Applied_Geophysics,_NTNU","Department of Petroleum Engineering and Applied Geophysics, NTNU",403
http://dbpedia.org/resource/Ukhta_State_Technical_University,Ukhta State Technical University,15680
http://dbpedia.org/resource/Cairn_University,Cairn University,1007
http://dbpedia.org/resource/San_Jose_City_College,San Jose City College,10154
http://dbpedia.org/resource/New_Mexico_State_University,New Mexico State University,20286
http://dbpedia.org/resource/NRDS_Dhamdhama,NRDS Dhamdhama,264
http://dbpedia.org/resource/Vestfold_University_College,Vestfold University College,4046
http://dbpedia.org/resource/Shandong_University_of_Finance_and_Economics,Shandong University of Finance and Economics,35
http://dbpedia.org/resource/University_of_Pittsburgh_School_of_Dental_Medicine,University of Pittsburgh School of Dental Medicine,43
http://dbpedia.org/resource/Sri_Jayadev_College_of_Pharmaceutical_Sciences,Sri Jayadev College of Pharmaceutical Sciences,416
http://dbpedia.org/resource/University_of_Electronic_Science_and_Technology_of_China,University of Electronic Science and Technology of China,22527
http://dbpedia.org/resource/IES_Group_of_Institutions,IES Group of Institutions,4310
http://dbpedia.org/resource/Humboldt_State_University,Humboldt State University,9464
http://dbpedia.org/resource/St._Louis_Community_College–Wildwood,St. Louis Community College–Wildwood,2021
http://dbpedia.org/resource/Carleton_University,Carleton University,25242
http://dbpedia.org/resource/Daytona_State_College,Daytona State College,13845
http://dbpedia.org/resource/Tampere_University_of_Technology,Tampere University of Technology,9599
http://dbpedia.org/resource/Artois_University,Artois University,11372
http://dbpedia.org/resource/Sint-Lucas_School_of_Architecture,Sint-Lucas School of Architecture,2315
http://dbpedia.org/resource/Institute_for_Law_and_Finance,Institute for Law and Finance,44
http://dbpedia.org/resource/Alanus_University_of_Arts_and_Social_Sciences,Alanus University of Arts and Social Sciences,589
http://dbpedia.org/resource/Rosemount_Technology_Centre,Rosemount Technology Centre,741
http://dbpedia.org/resource/Technological_Educational_Institute_of_Western_Greece,Technological Educational Institute of Western Greece,19602
http://dbpedia.org/resource/China_West_Normal_University,China West Normal University,32682
http://dbpedia.org/resource/Paul_Merage_School_of_Business,Paul Merage School of Business,1881
http://dbpedia.org/resource/San_Francisco_State_University,San Francisco State University,31884
http://dbpedia.org/resource/Universidad_Mayor,Universidad Mayor,17931
http://dbpedia.org/resource/Kampala_International_University,Kampala International University,12262
http://dbpedia.org/resource/Wiregrass_Georgia_Technical_College,Wiregrass Georgia Technical College,6922
http://dbpedia.org/resource/Kyiv_National_University_of_Construction_and_Architecture,Kyiv National University of Construction and Architecture,8446
http://dbpedia.org/resource/St._Joseph_School_(Addis_Ababa),St. Joseph School (Addis Ababa),1515
"http://dbpedia.org/resource/Shaheed_M._Monsur_Ali_Medical_College,_Sirajganj","Shaheed M. Monsur Ali Medical College, Sirajganj",89
http://dbpedia.org/resource/Jersey_College,Jersey College,1433
http://dbpedia.org/resource/Dicle_University,Dicle University,17746
http://dbpedia.org/resource/University_of_Santo_Tomas_College_of_Architecture,University of Santo Tomas College of Architecture,1929
http://dbpedia.org/resource/Budapest_University_of_Technology_and_Economics,Budapest University of Technology and Economics,19265
http://dbpedia.org/resource/University_of_Sargodha,University of Sargodha,26227
http://dbpedia.org/resource/Jatiya_Kabi_Kazi_Nazrul_Islam_University,Jatiya Kabi Kazi Nazrul Islam University,3136
http://dbpedia.org/resource/Saint_John's_Senior_Secondary_School,Saint John's Senior Secondary School,1712
http://dbpedia.org/resource/Iceland_Academy_of_the_Arts,Iceland Academy of the Arts,537
http://dbpedia.org/resource/Asia_University_(Taiwan),Asia University (Taiwan),11802
http://dbpedia.org/resource/Santa_Barbara_City_College,Santa Barbara City College,22007
http://dbpedia.org/resource/University_of_Minnesota_College_of_Liberal_Arts,University of Minnesota College of Liberal Arts,18579
http://dbpedia.org/resource/Royal_Danish_Academy_of_Fine_Arts,Royal Danish Academy of Fine Arts,1897
http://dbpedia.org/resource/Khmelnytskyi_National_University,Khmelnytskyi National University,9450
http://dbpedia.org/resource/Jamia_Qurania_Arabia_Lalbagh,Jamia Qurania Arabia Lalbagh,1867
http://dbpedia.org/resource/Federation_University_Australia,Federation University Australia,11512
http://dbpedia.org/resource/Transilvania_University_of_Brașov,Transilvania University of Brașov,17
http://dbpedia.org/resource/Kazi_Tajuddeen_ITI,Kazi Tajuddeen ITI,32
"http://dbpedia.org/resource/Teachers_College,_Columbia_University","Teachers College, Columbia University",5550
http://dbpedia.org/resource/Ndejje_University,Ndejje University,5173
http://dbpedia.org/resource/Kyungpook_National_University,Kyungpook National University,26616
http://dbpedia.org/resource/Government_College_Mananthavady,Government College Mananthavady,549
http://dbpedia.org/resource/Welbeck_Defence_Sixth_Form_College,Welbeck Defence Sixth Form College,0
http://dbpedia.org/resource/Federal_University_of_Paraíba,Federal University of Paraíba,21317
http://dbpedia.org/resource/KNUST_Senior_High_School,KNUST Senior High School,1808
"http://dbpedia.org/resource/Government_Engineering_College,_Dahod","Government Engineering College, Dahod",2419
http://dbpedia.org/resource/Saint_Louis_University_School_of_Public_Health,Saint Louis University School of Public Health,1118
http://dbpedia.org/resource/Alfred_University,Alfred University,1980
http://dbpedia.org/resource/Cookstown_High_School,Cookstown High School,856
http://dbpedia.org/resource/Moscow_State_University,Moscow State University,50170
http://dbpedia.org/resource/University_of_Malta,University of Malta,12012
http://dbpedia.org/resource/Kyiv_National_University_of_Culture_and_Arts,Kyiv National University of Culture and Arts,3045
http://dbpedia.org/resource/Ghana_Institute_of_Management_and_Public_Administration,Ghana Institute of Management and Public Administration,8549
http://dbpedia.org/resource/Shri_Ramdeobaba_College_of_Engineering_and_Management,Shri Ramdeobaba College of Engineering and Management,4510
http://dbpedia.org/resource/TELECOM_Lille_1,TELECOM Lille 1,647
"http://dbpedia.org/resource/Vinod_Gupta_School_of_Management,_IIT_Kharagpur","Vinod Gupta School of Management, IIT Kharagpur",115
http://dbpedia.org/resource/Excelsia_College,Excelsia College,556
http://dbpedia.org/resource/Medway_UTC,Medway UTC,630
http://dbpedia.org/resource/University_of_Auvergne,University of Auvergne,13911
http://dbpedia.org/resource/Shinil_High_School,Shinil High School,1348
http://dbpedia.org/resource/Plaza_College,Plaza College,684
http://dbpedia.org/resource/Hong_Kong_Baptist_University,Hong Kong Baptist University,8469
http://dbpedia.org/resource/University_of_Michigan_School_of_Education,University of Michigan School of Education,579
"http://dbpedia.org/resource/Faculty_of_Engineering,_University_of_Peradeniya","Faculty of Engineering, University of Peradeniya",1285
http://dbpedia.org/resource/University_of_Wah,University of Wah,5002
http://dbpedia.org/resource/Isfahan_University_of_Medical_Sciences,Isfahan University of Medical Sciences,12548
http://dbpedia.org/resource/Jordan_University_of_Science_and_Technology,Jordan University of Science and Technology,19469
http://dbpedia.org/resource/Aalim_Muhammed_Salegh_College_of_Engineering,Aalim Muhammed Salegh College of Engineering,2113
http://dbpedia.org/resource/University_of_Pittsburgh_at_Bradford,University of Pittsburgh at Bradford,1563
http://dbpedia.org/resource/University_of_South_Dakota,University of South Dakota,9659
http://dbpedia.org/resource/Disciples_Divinity_House,Disciples Divinity House,28
http://dbpedia.org/resource/Woosong_University,Woosong University,6204
http://dbpedia.org/resource/Sibelius_Academy,Sibelius Academy,1745
http://dbpedia.org/resource/West_Virginia_Wesleyan_College,West Virginia Wesleyan College,1169
http://dbpedia.org/resource/ESIEE,ESIEE,1296
"http://dbpedia.org/resource/First_Faculty_of_Medicine,_Charles_University_in_Prague","First Faculty of Medicine, Charles University in Prague",3908
http://dbpedia.org/resource/Óbuda_University,Óbuda University,11621
http://dbpedia.org/resource/William_Penn_University,William Penn University,1377
http://dbpedia.org/resource/Missouri_State_University,Missouri State University,27117
http://dbpedia.org/resource/RCSI-Bahrain,RCSI-Bahrain,1213
http://dbpedia.org/resource/ETH_Zurich_Faculty_of_Architecture,ETH Zurich Faculty of Architecture,17598
http://dbpedia.org/resource/Fairfield_University,Fairfield University,5377
http://dbpedia.org/resource/University_of_Lyon,University of Lyon,140445
http://dbpedia.org/resource/Pennsylvania_State_University_-_Dickinson_Law,Pennsylvania State University - Dickinson Law,548
http://dbpedia.org/resource/Edward_Waters_College,Edward Waters College,720
http://dbpedia.org/resource/Chaudhary_Charan_Singh_College_of_Law,Chaudhary Charan Singh College of Law,333
http://dbpedia.org/resource/Universiti_Sultan_Zainal_Abidin,Universiti Sultan Zainal Abidin,8203
http://dbpedia.org/resource/Whiting_School_of_Engineering,Whiting School of Engineering,1483
http://dbpedia.org/resource/Amman_National_School,Amman National School,882
http://dbpedia.org/resource/California_Institute_of_Technology,California Institute of Technology,1946
http://dbpedia.org/resource/Dhamdhama_Anchalik_College,Dhamdhama Anchalik College,1474
"http://dbpedia.org/resource/Bauhaus_University,_Weimar","Bauhaus University, Weimar",4522
http://dbpedia.org/resource/Bridgewater_State_University,Bridgewater State University,12225
http://dbpedia.org/resource/Hotel_Institute_Montreux,Hotel Institute Montreux,1695
http://dbpedia.org/resource/Mbarara_University_of_Science_and_Technology,Mbarara University of Science and Technology,3262
http://dbpedia.org/resource/University_of_Kragujevac,University of Kragujevac,12636
http://dbpedia.org/resource/Mendel_University_Brno,Mendel University Brno,7987
http://dbpedia.org/resource/Muhammadiyah_University_of_Makassar,Muhammadiyah University of Makassar,11663
http://dbpedia.org/resource/University_of_Lubumbashi,University of Lubumbashi,27989
http://dbpedia.org/resource/Xaverian_College,Xaverian College,1795
http://dbpedia.org/resource/Arkansas_Northeastern_College,Arkansas Northeastern College,2057
http://dbpedia.org/resource/BCIT_School_of_Business,BCIT School of Business,2548
http://dbpedia.org/resource/Oulu_University_of_Applied_Sciences,Oulu University of Applied Sciences,8778
http://dbpedia.org/resource/Le_Moyne_College,Le Moyne College,3656
http://dbpedia.org/resource/Weifang_Medical_University,Weifang Medical University,14601
http://dbpedia.org/resource/Petro_Mohyla_Black_Sea_State_University,Petro Mohyla Black Sea State University,4355
"http://dbpedia.org/resource/École_nationale_supérieure_de_l'énergie,_l'eau_et_l'environnement","École nationale supérieure de l'énergie, l'eau et l'environnement",923
http://dbpedia.org/resource/Central_Philippine_University,Central Philippine University,16995
http://dbpedia.org/resource/Hiram_Scott_College,Hiram Scott College,1565
http://dbpedia.org/resource/University_of_Minnesota_School_of_Nursing,University of Minnesota School of Nursing,938
"http://dbpedia.org/resource/DAV_Public_School,_Hehal","DAV Public School, Hehal",6413
http://dbpedia.org/resource/Norwegian_Defence_Research_Establishment,Norwegian Defence Research Establishment,22113
http://dbpedia.org/resource/Swiss_School_of_Tourism_and_Hospitality,Swiss School of Tourism and Hospitality,295
http://dbpedia.org/resource/UIUC_College_of_Fine_and_Applied_Arts,UIUC College of Fine and Applied Arts,2515
http://dbpedia.org/resource/Polytechnic_University_of_Turin,Polytechnic University of Turin,32976
http://dbpedia.org/resource/Islamic_Azad_University_Central_Tehran_Branch,Islamic Azad University Central Tehran Branch,57107
http://dbpedia.org/resource/Northwest_University_of_Politics_and_Law,Northwest University of Politics and Law,12867
http://dbpedia.org/resource/University_of_Belgrade_Faculty_of_Philology,University of Belgrade Faculty of Philology,7855
http://dbpedia.org/resource/Calhoun_Community_College,Calhoun Community College,8384
http://dbpedia.org/resource/Visva-Bharati_University,Visva-Bharati University,7381
http://dbpedia.org/resource/Université_du_Québec_à_Rimouski,Université du Québec à Rimouski,5370
http://dbpedia.org/resource/McGill_University_Faculty_of_Medicine,McGill University Faculty of Medicine,686
http://dbpedia.org/resource/BGSU_Firelands,BGSU Firelands,2645
http://dbpedia.org/resource/Ohio_State_University_College_of_Medicine,Ohio State University College of Medicine,808
http://dbpedia.org/resource/National_Institute_of_Sports_and_Tourism_of_Turkmenistan,National Institute of Sports and Tourism of Turkmenistan,1524
http://dbpedia.org/resource/Birmingham_Institute_of_Art_and_Design,Birmingham Institute of Art and Design,2543
http://dbpedia.org/resource/Butler_County_Community_College_(Pennsylvania),Butler County Community College (Pennsylvania),1980
http://dbpedia.org/resource/Mercer_County_Community_College,Mercer County Community College,14504
http://dbpedia.org/resource/Frostburg_State_University,Frostburg State University,5927
http://dbpedia.org/resource/Albert_Einstein_College_of_Medicine,Albert Einstein College of Medicine,205
http://dbpedia.org/resource/PKN_Arts_and_Science_College,PKN Arts and Science College,983
http://dbpedia.org/resource/Chandigarh_University,Chandigarh University,107354
http://dbpedia.org/resource/Kyungsung_University,Kyungsung University,14261
http://dbpedia.org/resource/Weatherford_College,Weatherford College,4960
http://dbpedia.org/resource/UPRRP_College_of_Natural_Sciences,UPRRP College of Natural Sciences,19962
http://dbpedia.org/resource/Epitech,Epitech,2489
http://dbpedia.org/resource/UCL_Faculty_of_Engineering_Sciences,UCL Faculty of Engineering Sciences,1942
http://dbpedia.org/resource/Federal_University_of_the_State_of_Rio_de_Janeiro,Federal University of the State of Rio de Janeiro,7940
http://dbpedia.org/resource/IESE_Business_School,IESE Business School,480
http://dbpedia.org/resource/Aalborg_University_Copenhagen,Aalborg University Copenhagen,2327
http://dbpedia.org/resource/Kansas_State_University,Kansas State University,24164
http://dbpedia.org/resource/Beacon_Light_English_Model_Secondary_School,Beacon Light English Model Secondary School,714
http://dbpedia.org/resource/Trocaire_College,Trocaire College,1503
http://dbpedia.org/resource/Adamjee_Government_Science_College,Adamjee Government Science College,1325
