http://dbpedia.org/ontology/WinterSportPlayer,WinterSportPlayer,http://dbpedia.org/ontology/activeYearsStartYear
http://dbpedia.org/resource/George_Hainsworth,George Hainsworth,1926
http://dbpedia.org/resource/Justin_Bernhardt,Justin Bernhardt,2009
"http://dbpedia.org/resource/Mike_Smith_(ice_hockey,_born_1982)","Mike Smith (ice hockey, born 1982)",2002
http://dbpedia.org/resource/David_Schlemko,David Schlemko,2007
http://dbpedia.org/resource/Joonas_Lyytinen,Joonas Lyytinen,2013
http://dbpedia.org/resource/John_Fisher_(ice_hockey),John Fisher (ice hockey),1968
http://dbpedia.org/resource/Bill_Hutton,Bill Hutton,1929
http://dbpedia.org/resource/Josh_Holden,Josh Holden,1998
http://dbpedia.org/resource/John_Johannson,John Johannson,1983
http://dbpedia.org/resource/Grant_Jennings,Grant Jennings,1985
http://dbpedia.org/resource/Frank_Blum,Frank Blum,1972
http://dbpedia.org/resource/Billy_Hague,Billy Hague,1905
http://dbpedia.org/resource/David_Shand,David Shand,1976
http://dbpedia.org/resource/Mark_Thomas_(ice_hockey),Mark Thomas (ice hockey),2002
http://dbpedia.org/resource/Robert_Sabolič,Robert Sabolič,2009
http://dbpedia.org/resource/Erol_Kahraman,Erol Kahraman,2000
http://dbpedia.org/resource/Clayton_Frechette,Clayton Frechette,1912
http://dbpedia.org/resource/Benedikt_Schopper,Benedikt Schopper,2004
http://dbpedia.org/resource/Steffen_Søberg,Steffen Søberg,2011
http://dbpedia.org/resource/Roger_Chappot,Roger Chappot,1964
http://dbpedia.org/resource/Zbyněk_Hrdel,Zbyněk Hrdel,2005
http://dbpedia.org/resource/Libor_Hudáček,Libor Hudáček,2009
http://dbpedia.org/resource/Mark_Messier,Mark Messier,1978
http://dbpedia.org/resource/Ondřej_Kacetl,Ondřej Kacetl,2011
http://dbpedia.org/resource/Vsevolod_Sorokin,Vsevolod Sorokin,2013
http://dbpedia.org/resource/Yves_Bélanger,Yves Bélanger,1972
http://dbpedia.org/resource/Brad_Marsh,Brad Marsh,1978
http://dbpedia.org/resource/Lester_Patrick,Lester Patrick,1904
http://dbpedia.org/resource/Joakim_Hillding,Joakim Hillding,2007
http://dbpedia.org/resource/Pete_Zingoni,Pete Zingoni,2004
http://dbpedia.org/resource/Yevgeni_Lisovets,Yevgeni Lisovets,2009
http://dbpedia.org/resource/Peter_Húževka,Peter Húževka,2001
http://dbpedia.org/resource/J._D._Watt,J. D. Watt,2005
http://dbpedia.org/resource/Don_Ashby,Don Ashby,1975
http://dbpedia.org/resource/Garth_Murray,Garth Murray,2002
http://dbpedia.org/resource/Tom_Paton_(ice_hockey),Tom Paton (ice hockey),1883
http://dbpedia.org/resource/Len_Ronson,Len Ronson,1956
http://dbpedia.org/resource/Chauncey_Kirby,Chauncey Kirby,1892
http://dbpedia.org/resource/Brian_Connelly,Brian Connelly,2009
http://dbpedia.org/resource/Kerry_Ketter,Kerry Ketter,1966
http://dbpedia.org/resource/Alexander_Krysanov,Alexander Krysanov,2000
http://dbpedia.org/resource/Nigel_Dawes,Nigel Dawes,2004
http://dbpedia.org/resource/Raymond_Marchand,Raymond Marchand,1908
http://dbpedia.org/resource/Matthias_Bieber,Matthias Bieber,2003
http://dbpedia.org/resource/Markus_Hännikäinen,Markus Hännikäinen,2011
http://dbpedia.org/resource/John_McCarthy_(ice_hockey),John McCarthy (ice hockey),2009
http://dbpedia.org/resource/Adam_Bergqvist,Adam Bergqvist,2012
http://dbpedia.org/resource/Cal_Sandbeck,Cal Sandbeck,1978
http://dbpedia.org/resource/Denis_Sokolov_(ice_hockey),Denis Sokolov (ice hockey),1994
http://dbpedia.org/resource/Gerald_Munro,Gerald Munro,1919
http://dbpedia.org/resource/Peter_Hirsch_(ice_hockey),Peter Hirsch (ice hockey),1995
http://dbpedia.org/resource/Magomed_Gimbatov,Magomed Gimbatov,2008
http://dbpedia.org/resource/Allan_Stewart_(ice_hockey),Allan Stewart (ice hockey),1984
http://dbpedia.org/resource/Cliff_Barton,Cliff Barton,1929
http://dbpedia.org/resource/Willard_Ikola,Willard Ikola,1952
http://dbpedia.org/resource/Tomaž_Lepša,Tomaž Lepša,1976
http://dbpedia.org/resource/Nurlan_Orazbayev,Nurlan Orazbayev,1985
http://dbpedia.org/resource/Jamie_Cooke,Jamie Cooke,1991
http://dbpedia.org/resource/Shawn_Byram,Shawn Byram,1988
http://dbpedia.org/resource/Mattias_Lindström_(ice_hockey),Mattias Lindström (ice hockey),2008
http://dbpedia.org/resource/Denis_Guryanov,Denis Guryanov,2014
http://dbpedia.org/resource/Andy_Powers,Andy Powers,1999
http://dbpedia.org/resource/Romano_Lemm,Romano Lemm,2002
http://dbpedia.org/resource/Adam_Larsson,Adam Larsson,2009
http://dbpedia.org/resource/Matthew_Harvey_(ice_hockey),Matthew Harvey (ice hockey),2006
http://dbpedia.org/resource/Jim_Dorey,Jim Dorey,1967
http://dbpedia.org/resource/Erik_Westrum,Erik Westrum,2001
http://dbpedia.org/resource/Paul_Traynor,Paul Traynor,1997
http://dbpedia.org/resource/Philippe_Lakos,Philippe Lakos,2000
http://dbpedia.org/resource/Andrei_Shefer,Andrei Shefer,1999
http://dbpedia.org/resource/Art_Jones_(ice_hockey),Art Jones (ice hockey),1957
http://dbpedia.org/resource/Jim_Nahrgang,Jim Nahrgang,1974
http://dbpedia.org/resource/Doug_Doull,Doug Doull,1998
http://dbpedia.org/resource/Ryan_Johnston_(ice_hockey),Ryan Johnston (ice hockey),2015
http://dbpedia.org/resource/Bob_Bedier,Bob Bedier,1980
http://dbpedia.org/resource/Dan_Ellis,Dan Ellis,2003
http://dbpedia.org/resource/Cam_Talbot,Cam Talbot,2010
http://dbpedia.org/resource/Lee_Kwon-jae,Lee Kwon-jae,2005
http://dbpedia.org/resource/Steven_Delisle,Steven Delisle,2010
http://dbpedia.org/resource/Václav_Benák,Václav Benák,1995
http://dbpedia.org/resource/Par_Edblom,Par Edblom,2007
http://dbpedia.org/resource/Alex_Chiasson,Alex Chiasson,2012
http://dbpedia.org/resource/Evgeny_Isakov,Evgeny Isakov,2001
http://dbpedia.org/resource/Murray_Wing,Murray Wing,1971
http://dbpedia.org/resource/John_DeCaro,John DeCaro,2006
http://dbpedia.org/resource/Pierre_Hamel,Pierre Hamel,1974
http://dbpedia.org/resource/Ernie_Godden,Ernie Godden,1981
http://dbpedia.org/resource/Dmitri_Osipov_(ice_hockey),Dmitri Osipov (ice hockey),1998
http://dbpedia.org/resource/Earl_Campbell_(ice_hockey),Earl Campbell (ice hockey),1921
http://dbpedia.org/resource/Paul_Ranheim,Paul Ranheim,1988
http://dbpedia.org/resource/Robert_Wyman,Robert Wyman,1933
http://dbpedia.org/resource/Clarke_Wilm,Clarke Wilm,1996
http://dbpedia.org/resource/Amy_Turek,Amy Turek,1994
http://dbpedia.org/resource/Oscar_Sabourin,Oscar Sabourin,1917
"http://dbpedia.org/resource/Scott_Campbell_(ice_hockey,_born_1986)","Scott Campbell (ice hockey, born 1986)",2011
"http://dbpedia.org/resource/Maxim_Mamin_(ice_hockey,_born_1995)","Maxim Mamin (ice hockey, born 1995)",2015
http://dbpedia.org/resource/Kris_Versteeg,Kris Versteeg,2006
http://dbpedia.org/resource/Tom_Cavanagh_(ice_hockey),Tom Cavanagh (ice hockey),2005
http://dbpedia.org/resource/Ilya_Davydov,Ilya Davydov,2010
http://dbpedia.org/resource/Denis_Rehák,Denis Rehák,2007
http://dbpedia.org/resource/Jeff_Legue,Jeff Legue,2005
http://dbpedia.org/resource/Alexander_Barkov_Sr.,Alexander Barkov Sr.,1983
http://dbpedia.org/resource/Arto_Tukio,Arto Tukio,1999
http://dbpedia.org/resource/Jim_Dowd_(ice_hockey),Jim Dowd (ice hockey),1991
http://dbpedia.org/resource/Michal_Dragoun,Michal Dragoun,2002
http://dbpedia.org/resource/Michal_Poletín,Michal Poletín,2010
http://dbpedia.org/resource/Landon_Wilson,Landon Wilson,1995
http://dbpedia.org/resource/Jason_Ryznar,Jason Ryznar,2005
http://dbpedia.org/resource/Fred_Auckenthaler,Fred Auckenthaler,1924
http://dbpedia.org/resource/Hasse_Sjöö,Hasse Sjöö,1979
http://dbpedia.org/resource/Alexander_Ovechkin,Alexander Ovechkin,2001
http://dbpedia.org/resource/Carl_Smith_(ice_hockey),Carl Smith (ice hockey),1939
http://dbpedia.org/resource/Jason_Strudwick,Jason Strudwick,1994
http://dbpedia.org/resource/Peter_Hamerlík,Peter Hamerlík,2003
http://dbpedia.org/resource/Willy_Pfister,Willy Pfister,1944
http://dbpedia.org/resource/Jaroslav_Sarsok,Jaroslav Sarsok,2011
http://dbpedia.org/resource/Daniel_Muzito_Bagenda,Daniel Muzito Bagenda,2014
http://dbpedia.org/resource/Bruce_Gamble,Bruce Gamble,1958
http://dbpedia.org/resource/Jiří_Ondráček,Jiří Ondráček,2007
http://dbpedia.org/resource/Mike_Schreiber,Mike Schreiber,2010
http://dbpedia.org/resource/Jason_Bacashihua,Jason Bacashihua,2002
http://dbpedia.org/resource/Andrew_Cogliano,Andrew Cogliano,2007
http://dbpedia.org/resource/Ned_Lukacevic,Ned Lukacevic,2006
http://dbpedia.org/resource/Ed_Chapleau,Ed Chapleau,1903
http://dbpedia.org/resource/Des_Roche,Des Roche,1930
http://dbpedia.org/resource/Dan_Bjornlie,Dan Bjornlie,2000
http://dbpedia.org/resource/Andrzej_Zabawa,Andrzej Zabawa,1975
http://dbpedia.org/resource/Matt_O'Connor_(ice_hockey),Matt O'Connor (ice hockey),2015
http://dbpedia.org/resource/Michael_Gough_(ice_hockey),Michael Gough (ice hockey),2005
http://dbpedia.org/resource/Eric_Blum,Eric Blum,2003
http://dbpedia.org/resource/Steve_Kelly,Steve Kelly,1996
http://dbpedia.org/resource/Fran_Huck,Fran Huck,1969
http://dbpedia.org/resource/Oleg_Piganovich,Oleg Piganovich,2005
http://dbpedia.org/resource/Gord_Smith_(ice_hockey),Gord Smith (ice hockey),1969
http://dbpedia.org/resource/Mika_Välilä,Mika Välilä,1989
http://dbpedia.org/resource/Vitali_Samoilov,Vitali Samoilov,1982
http://dbpedia.org/resource/Bruce_Landon,Bruce Landon,1969
http://dbpedia.org/resource/Alexander_Oblinger,Alexander Oblinger,2009
http://dbpedia.org/resource/Tony_Leswick,Tony Leswick,1942
http://dbpedia.org/resource/James_Griffin_(ice_hockey),James Griffin (ice hockey),2006
http://dbpedia.org/resource/Ron_Low,Ron Low,1970
http://dbpedia.org/resource/Pasi_Kouvalainen,Pasi Kouvalainen,2012
http://dbpedia.org/resource/Jesper_Mattsson_(ice_hockey),Jesper Mattsson (ice hockey),1991
http://dbpedia.org/resource/Connor_Hurley,Connor Hurley,2012
http://dbpedia.org/resource/Linden_Vey,Linden Vey,2011
http://dbpedia.org/resource/John_French_(ice_hockey),John French (ice hockey),1967
http://dbpedia.org/resource/Patrik_Parkkonen,Patrik Parkkonen,2012
http://dbpedia.org/resource/Janine_Weber,Janine Weber,2009
http://dbpedia.org/resource/Marty_Raymond,Marty Raymond,1986
http://dbpedia.org/resource/Gerry_Glaude,Gerry Glaude,1947
http://dbpedia.org/resource/Evgeny_Lapenkov,Evgeny Lapenkov,2003
http://dbpedia.org/resource/Dennis_Maxwell,Dennis Maxwell,1991
http://dbpedia.org/resource/Yvon_Vautour,Yvon Vautour,1979
http://dbpedia.org/resource/Robin_Dahse,Robin Dahse,2011
http://dbpedia.org/resource/Milan_Michálek,Milan Michálek,2000
http://dbpedia.org/resource/Devin_DiDiomete,Devin DiDiomete,2008
http://dbpedia.org/resource/Alexandre_R._Picard,Alexandre R. Picard,2005
http://dbpedia.org/resource/Roger_Lemelin_(ice_hockey),Roger Lemelin (ice hockey),1974
http://dbpedia.org/resource/Jack_Duggan,Jack Duggan,1925
http://dbpedia.org/resource/Brad_Staubitz,Brad Staubitz,2005
http://dbpedia.org/resource/Frank_Eddolls,Frank Eddolls,1941
http://dbpedia.org/resource/Andreas_Molinder,Andreas Molinder,2005
http://dbpedia.org/resource/Matt_Towe,Matt Towe,2003
http://dbpedia.org/resource/D'Arcy_Coulson,D'Arcy Coulson,1927
http://dbpedia.org/resource/Greg_Pateryn,Greg Pateryn,2012
http://dbpedia.org/resource/Ronald_Amess,Ronald Amess,1950
http://dbpedia.org/resource/Ralph_Klassen,Ralph Klassen,1975
http://dbpedia.org/resource/Tim_Sestito,Tim Sestito,2005
http://dbpedia.org/resource/Kryštof_Kafan,Kryštof Kafan,2009
http://dbpedia.org/resource/Phil_Hill_(ice_hockey),Phil Hill (ice hockey),2000
http://dbpedia.org/resource/Bob_Solinger,Bob Solinger,1944
http://dbpedia.org/resource/Serge_Boisvert,Serge Boisvert,1979
http://dbpedia.org/resource/Chris_McAlpine,Chris McAlpine,1994
http://dbpedia.org/resource/Earl_Miller_(ice_hockey),Earl Miller (ice hockey),1926
http://dbpedia.org/resource/Scott_Fletcher_(ice_hockey),Scott Fletcher (ice hockey),2009
http://dbpedia.org/resource/Terry_Smith_(ice_hockey),Terry Smith (ice hockey),1972
http://dbpedia.org/resource/Roman_Vopat,Roman Vopat,1993
http://dbpedia.org/resource/Barrie_Moore,Barrie Moore,1995
http://dbpedia.org/resource/Jan_Palouš,Jan Palouš,1910
http://dbpedia.org/resource/Steve_Payne_(ice_hockey),Steve Payne (ice hockey),1978
http://dbpedia.org/resource/Jenni_Asserholt,Jenni Asserholt,2005
http://dbpedia.org/resource/Mikhail_Kuleshov,Mikhail Kuleshov,1998
http://dbpedia.org/resource/Theo_Ruth,Theo Ruth,2010
http://dbpedia.org/resource/Ross_Ring-Jarvi,Ross Ring-Jarvi,2012
http://dbpedia.org/resource/Al_Cameron,Al Cameron,1975
http://dbpedia.org/resource/Petr_Strapáč,Petr Strapáč,2007
http://dbpedia.org/resource/Tapio_Levo,Tapio Levo,1972
http://dbpedia.org/resource/Quinton_Howden,Quinton Howden,2012
http://dbpedia.org/resource/Marc_Bureau_(ice_hockey),Marc Bureau (ice hockey),1987
"http://dbpedia.org/resource/Don_McLean_(ice_hockey,_born_1954)","Don McLean (ice hockey, born 1954)",1974
http://dbpedia.org/resource/Andrei_Korabeinikov,Andrei Korabeinikov,2003
http://dbpedia.org/resource/Michal_Broš,Michal Broš,1995
http://dbpedia.org/resource/Henry_Dyck,Henry Dyck,1932
http://dbpedia.org/resource/Halder_Kirby,Halder Kirby,1883
http://dbpedia.org/resource/Serge_Roy,Serge Roy,1983
http://dbpedia.org/resource/Cliff_Schmautz,Cliff Schmautz,1959
http://dbpedia.org/resource/Red_Berenson,Red Berenson,1961
http://dbpedia.org/resource/Niklas_Lundström,Niklas Lundström,2010
http://dbpedia.org/resource/Brodie_Reid,Brodie Reid,2011
http://dbpedia.org/resource/Tommy_Söderström,Tommy Söderström,1990
http://dbpedia.org/resource/Germain_Gagnon,Germain Gagnon,1961
http://dbpedia.org/resource/Dale_McTavish,Dale McTavish,1997
http://dbpedia.org/resource/J._D._Forrest,J. D. Forrest,2004
http://dbpedia.org/resource/Brian_Glenwright,Brian Glenwright,1968
http://dbpedia.org/resource/Craig_Wolanin,Craig Wolanin,1985
http://dbpedia.org/resource/Sergei_Rozin,Sergei Rozin,1998
http://dbpedia.org/resource/Darroll_Powe,Darroll Powe,2007
http://dbpedia.org/resource/Andrej_Nestrašil,Andrej Nestrašil,2011
http://dbpedia.org/resource/Pavel_Skrbek,Pavel Skrbek,1995
http://dbpedia.org/resource/Michael_Rupp,Michael Rupp,2000
http://dbpedia.org/resource/Vincent_Hughes_(ice_hockey),Vincent Hughes (ice hockey),2000
http://dbpedia.org/resource/Jake_Hansen_(ice_hockey),Jake Hansen (ice hockey),2012
http://dbpedia.org/resource/Gary_Jarrett,Gary Jarrett,1959
http://dbpedia.org/resource/Brian_Eklund,Brian Eklund,2002
http://dbpedia.org/resource/Ken_Priestlay,Ken Priestlay,1986
http://dbpedia.org/resource/Régis_Fuchs,Régis Fuchs,1987
http://dbpedia.org/resource/Patrik_Poulíček,Patrik Poulíček,2013
http://dbpedia.org/resource/Denis_Tsygurov,Denis Tsygurov,1989
http://dbpedia.org/resource/Randy_Rota,Randy Rota,1968
http://dbpedia.org/resource/Tobias_Salmelainen,Tobias Salmelainen,2005
http://dbpedia.org/resource/Doug_Young_(ice_hockey),Doug Young (ice hockey),1927
http://dbpedia.org/resource/Adam_Chorneyko,Adam Chorneyko,2010
http://dbpedia.org/resource/Mats_Rosseli_Olsen,Mats Rosseli Olsen,2008
http://dbpedia.org/resource/C._J._Young,C. J. Young,1990
http://dbpedia.org/resource/Francis_Wathier,Francis Wathier,2005
http://dbpedia.org/resource/Nicklas_Danielsson,Nicklas Danielsson,2003
http://dbpedia.org/resource/Leo_Carbol,Leo Carbol,1929
http://dbpedia.org/resource/Bob_Logan_(ice_hockey),Bob Logan (ice hockey),1986
http://dbpedia.org/resource/Stanislav_Bocharov,Stanislav Bocharov,2009
http://dbpedia.org/resource/Dollard_St._Laurent,Dollard St. Laurent,1949
http://dbpedia.org/resource/Mattias_Ritola,Mattias Ritola,2007
http://dbpedia.org/resource/Jocelyn_Thibault,Jocelyn Thibault,1993
http://dbpedia.org/resource/Ray_Martynuik,Ray Martynuik,1970
http://dbpedia.org/resource/Jeff_Heerema,Jeff Heerema,2000
http://dbpedia.org/resource/Jaroslav_Hlinka,Jaroslav Hlinka,1994
http://dbpedia.org/resource/Doug_Barkley,Doug Barkley,1956
http://dbpedia.org/resource/Rod_Dallman,Rod Dallman,1987
http://dbpedia.org/resource/Michal_Barta_(ice_hockey),Michal Barta (ice hockey),2007
http://dbpedia.org/resource/Iain_Fraser_(ice_hockey),Iain Fraser (ice hockey),1990
http://dbpedia.org/resource/Jeff_Bandura,Jeff Bandura,1977
http://dbpedia.org/resource/Bruce_MacGregor,Bruce MacGregor,1961
http://dbpedia.org/resource/Jason_Saal,Jason Saal,1992
http://dbpedia.org/resource/Terry_Ball_(ice_hockey),Terry Ball (ice hockey),1964
http://dbpedia.org/resource/Brian_Ihnacak,Brian Ihnacak,2007
http://dbpedia.org/resource/Cameron_Gaunce,Cameron Gaunce,2010
http://dbpedia.org/resource/Rob_Garner,Rob Garner,1978
http://dbpedia.org/resource/Peter_Bartoš,Peter Bartoš,1992
http://dbpedia.org/resource/Radek_Smoleňák,Radek Smoleňák,2006
http://dbpedia.org/resource/Alexei_Yefimov,Alexei Yefimov,2006
http://dbpedia.org/resource/Charlie_Sands_(ice_hockey),Charlie Sands (ice hockey),1932
"http://dbpedia.org/resource/Stéphane_Roy_(ice_hockey,_born_1967)","Stéphane Roy (ice hockey, born 1967)",1986
http://dbpedia.org/resource/Martin_Milanov,Martin Milanov,2000
http://dbpedia.org/resource/Pierre_Larouche,Pierre Larouche,1974
http://dbpedia.org/resource/Paul_Martin_(ice_hockey),Paul Martin (ice hockey),2003
http://dbpedia.org/resource/Dany_Roussin,Dany Roussin,2005
http://dbpedia.org/resource/Jack_McCulloch,Jack McCulloch,1891
http://dbpedia.org/resource/Mikael_Tellqvist,Mikael Tellqvist,1998
http://dbpedia.org/resource/Jan_Popiel,Jan Popiel,1968
http://dbpedia.org/resource/Björn_Melin,Björn Melin,1999
http://dbpedia.org/resource/Petr_Obdržálek,Petr Obdržálek,2010
http://dbpedia.org/resource/André_Pronovost,André Pronovost,1955
http://dbpedia.org/resource/Jarret_Lukin,Jarret Lukin,2007
http://dbpedia.org/resource/Scott_Langkow,Scott Langkow,1995
http://dbpedia.org/resource/Borys_Protsenko,Borys Protsenko,1998
http://dbpedia.org/resource/Jörgen_Sundqvist_(ice_hockey),Jörgen Sundqvist (ice hockey),2000
http://dbpedia.org/resource/Ladislav_Benýšek,Ladislav Benýšek,1992
http://dbpedia.org/resource/Zack_Stortini,Zack Stortini,2005
http://dbpedia.org/resource/Andrew_Murray_(ice_hockey),Andrew Murray (ice hockey),2005
http://dbpedia.org/resource/Drew_Larman,Drew Larman,2005
http://dbpedia.org/resource/Derek_Sanderson,Derek Sanderson,1965
http://dbpedia.org/resource/Milan_Chalupa,Milan Chalupa,1973
http://dbpedia.org/resource/Wayne_Larkin,Wayne Larkin,1958
http://dbpedia.org/resource/Rasmus_Edström,Rasmus Edström,2010
http://dbpedia.org/resource/Kelly_Stephens-Tysland,Kelly Stephens-Tysland,2004
http://dbpedia.org/resource/Darin_Sceviour,Darin Sceviour,1985
http://dbpedia.org/resource/Nico_Krämmer,Nico Krämmer,2011
http://dbpedia.org/resource/Dale_Krentz,Dale Krentz,1985
http://dbpedia.org/resource/John_Davies_(ice_hockey),John Davies (ice hockey),1946
http://dbpedia.org/resource/Yuta_Narisawa,Yuta Narisawa,2010
http://dbpedia.org/resource/Andreas_Frisk,Andreas Frisk,1999
http://dbpedia.org/resource/Çağıl_Uyar,Çağıl Uyar,2003
http://dbpedia.org/resource/Kari_Makkonen,Kari Makkonen,1974
http://dbpedia.org/resource/Jonathan_Janil,Jonathan Janil,2005
http://dbpedia.org/resource/Kevin_Klein,Kevin Klein,2004
http://dbpedia.org/resource/Maxim_Soloviev,Maxim Soloviev,1997
http://dbpedia.org/resource/Paul_Coppo,Paul Coppo,1957
http://dbpedia.org/resource/Viktor_Alexandrov,Viktor Alexandrov,1999
http://dbpedia.org/resource/Pat_Peake,Pat Peake,1993
http://dbpedia.org/resource/Cody_Eakin,Cody Eakin,2010
http://dbpedia.org/resource/David_Bruce_(ice_hockey),David Bruce (ice hockey),1984
http://dbpedia.org/resource/Cam_Brown,Cam Brown,1990
http://dbpedia.org/resource/Niklas_Roest,Niklas Roest,2005
http://dbpedia.org/resource/Rustams_Begovs,Rustams Begovs,2013
http://dbpedia.org/resource/Ellis_Pringle,Ellis Pringle,1930
http://dbpedia.org/resource/Ilkka_Mikkola,Ilkka Mikkola,1996
http://dbpedia.org/resource/Janne_Ojanen,Janne Ojanen,1985
http://dbpedia.org/resource/Jame_Pollock,Jame Pollock,1999
http://dbpedia.org/resource/Hans_Lindberg_(ice_hockey),Hans Lindberg (ice hockey),1961
http://dbpedia.org/resource/Gerry_Rioux,Gerry Rioux,1979
http://dbpedia.org/resource/Dan_Růžička,Dan Růžička,2010
http://dbpedia.org/resource/Jesse_Wallin,Jesse Wallin,1998
http://dbpedia.org/resource/Patrick_Sharp,Patrick Sharp,2002
http://dbpedia.org/resource/Rod_Branch,Rod Branch,1996
http://dbpedia.org/resource/Michael_Bresagk,Michael Bresagk,1990
http://dbpedia.org/resource/Jeremias_Augustin,Jeremias Augustin,2003
http://dbpedia.org/resource/Jeff_Beukeboom,Jeff Beukeboom,1985
http://dbpedia.org/resource/Ernst_Lüthi,Ernst Lüthi,1976
http://dbpedia.org/resource/Jim_Hay,Jim Hay,1947
http://dbpedia.org/resource/Jessica_Campbell_(ice_hockey),Jessica Campbell (ice hockey),2010
http://dbpedia.org/resource/Erik_Nyström,Erik Nyström,2011
"http://dbpedia.org/resource/Neil_Komadoski_(ice_hockey,_born_1951)","Neil Komadoski (ice hockey, born 1951)",1971
http://dbpedia.org/resource/Mike_Reilly_(ice_hockey),Mike Reilly (ice hockey),2015
"http://dbpedia.org/resource/Ryan_Stanton_(ice_hockey,_born_1984)","Ryan Stanton (ice hockey, born 1984)",2002
http://dbpedia.org/resource/Paul_Healey,Paul Healey,1995
http://dbpedia.org/resource/John_Grahame,John Grahame,1997
http://dbpedia.org/resource/Jason_Wolfe,Jason Wolfe,1998
http://dbpedia.org/resource/Mark_Smith_(ice_hockey),Mark Smith (ice hockey),1998
http://dbpedia.org/resource/Daniel_Daikawa,Daniel Daikawa,1994
http://dbpedia.org/resource/Sven_Felski,Sven Felski,1992
http://dbpedia.org/resource/Cliff_Pennington_(ice_hockey),Cliff Pennington (ice hockey),1959
http://dbpedia.org/resource/Scott_Thomas_(ice_hockey),Scott Thomas (ice hockey),1992
http://dbpedia.org/resource/Jimmy_Ward,Jimmy Ward,1927
http://dbpedia.org/resource/Mike_Hedden,Mike Hedden,2009
http://dbpedia.org/resource/Jiří_Rys,Jiří Rys,2012
http://dbpedia.org/resource/Denis_Tyurin,Denis Tyurin,1997
http://dbpedia.org/resource/Vladimir_Lutchenko,Vladimir Lutchenko,1967
http://dbpedia.org/resource/Patrick_Cannone,Patrick Cannone,2011
http://dbpedia.org/resource/Doug_Smith_(ice_hockey),Doug Smith (ice hockey),1981
http://dbpedia.org/resource/Venla_Hovi,Venla Hovi,2002
http://dbpedia.org/resource/Stepan_Sannikov,Stepan Sannikov,2009
http://dbpedia.org/resource/John_Devaney_(ice_hockey),John Devaney (ice hockey),1976
http://dbpedia.org/resource/Josh_Soares,Josh Soares,2007
http://dbpedia.org/resource/Steve_Chiasson,Steve Chiasson,1986
http://dbpedia.org/resource/Artemi_Panarin,Artemi Panarin,2008
http://dbpedia.org/resource/Alain_Héroux,Alain Héroux,1983
http://dbpedia.org/resource/Mike_Card,Mike Card,2006
http://dbpedia.org/resource/Semyon_Koshelev,Semyon Koshelev,2011
http://dbpedia.org/resource/Jan_Eriksson_(ice_hockey),Jan Eriksson (ice hockey),1976
http://dbpedia.org/resource/Tony_McKegney,Tony McKegney,1978
http://dbpedia.org/resource/Bobby_Simpson_(ice_hockey),Bobby Simpson (ice hockey),1976
http://dbpedia.org/resource/Glen_Sharpley,Glen Sharpley,1976
http://dbpedia.org/resource/Marek_Loskot,Marek Loskot,2010
http://dbpedia.org/resource/John_Tavares_(ice_hockey),John Tavares (ice hockey),2009
http://dbpedia.org/resource/Pete_Conacher,Pete Conacher,1949
http://dbpedia.org/resource/Mike_Berube,Mike Berube,2009
http://dbpedia.org/resource/Paul_Brousseau,Paul Brousseau,1993
http://dbpedia.org/resource/Kenneth_Thompson_(ice_hockey),Kenneth Thompson (ice hockey),1913
http://dbpedia.org/resource/Patrick_Sutter,Patrick Sutter,1988
http://dbpedia.org/resource/Wayne_Hall_(ice_hockey),Wayne Hall (ice hockey),1956
http://dbpedia.org/resource/Paul_Rivard,Paul Rivard,1921
http://dbpedia.org/resource/Rasmus_Bengtsson_(ice_hockey),Rasmus Bengtsson (ice hockey),2010
http://dbpedia.org/resource/Len_Wharton,Len Wharton,1944
http://dbpedia.org/resource/Todd_White,Todd White,1997
http://dbpedia.org/resource/Stanislav_Polodna,Stanislav Polodna,2010
http://dbpedia.org/resource/Keith_Brown_(ice_hockey),Keith Brown (ice hockey),1979
http://dbpedia.org/resource/Johan_Harju,Johan Harju,2004
http://dbpedia.org/resource/Brent_Clarke,Brent Clarke,2007
http://dbpedia.org/resource/Alfred_Lépine,Alfred Lépine,1925
http://dbpedia.org/resource/Rene_Swette,Rene Swette,2008
http://dbpedia.org/resource/Chris_VandeVelde,Chris VandeVelde,2010
http://dbpedia.org/resource/Garth_Butcher,Garth Butcher,1981
http://dbpedia.org/resource/Daniel_Shank,Daniel Shank,1988
http://dbpedia.org/resource/Tomáš_Mojžíš,Tomáš Mojžíš,2003
http://dbpedia.org/resource/Róbert_Döme,Róbert Döme,1995
http://dbpedia.org/resource/Mikko_Mäkelä,Mikko Mäkelä,1984
http://dbpedia.org/resource/Troy_Mann,Troy Mann,1995
http://dbpedia.org/resource/Wes_Trainor,Wes Trainor,1946
http://dbpedia.org/resource/Howie_Young,Howie Young,1954
"http://dbpedia.org/resource/Maxim_Osipov_(ice_hockey,_born_1993)","Maxim Osipov (ice hockey, born 1993)",2011
http://dbpedia.org/resource/Mat_Robinson,Mat Robinson,2009
http://dbpedia.org/resource/Patrik_Eliáš,Patrik Eliáš,1992
http://dbpedia.org/resource/Bob_McCord,Bob McCord,1952
http://dbpedia.org/resource/Orest_Kindrachuk,Orest Kindrachuk,1971
http://dbpedia.org/resource/Sebastian_Stålberg,Sebastian Stålberg,2012
http://dbpedia.org/resource/Jared_Boll,Jared Boll,2007
http://dbpedia.org/resource/Jeremy_Morin,Jeremy Morin,2010
http://dbpedia.org/resource/Alexander_Edler,Alexander Edler,2003
http://dbpedia.org/resource/Ivars_Punnenovs,Ivars Punnenovs,2013
http://dbpedia.org/resource/Ron_Berteling,Ron Berteling,1975
http://dbpedia.org/resource/Rick_Tabaracci,Rick Tabaracci,1988
http://dbpedia.org/resource/Ryan_Mulhern,Ryan Mulhern,1996
http://dbpedia.org/resource/Flash_Hollett,Flash Hollett,1932
http://dbpedia.org/resource/Mikko_Strömberg,Mikko Strömberg,1999
http://dbpedia.org/resource/George_Treherne,George Treherne,1911
http://dbpedia.org/resource/Daniel_Rákos,Daniel Rákos,2007
http://dbpedia.org/resource/Jamie_Bourke,Jamie Bourke,2008
http://dbpedia.org/resource/Rod_Sarich,Rod Sarich,1996
http://dbpedia.org/resource/Andreas_Athanasiou,Andreas Athanasiou,2014
http://dbpedia.org/resource/Josh_Engel,Josh Engel,2007
http://dbpedia.org/resource/Bruce_Graham_(ice_hockey),Bruce Graham (ice hockey),2005
http://dbpedia.org/resource/Bryce_Lampman,Bryce Lampman,2001
http://dbpedia.org/resource/Harry_Meeking,Harry Meeking,1917
http://dbpedia.org/resource/Jean-Marc_Lanthier,Jean-Marc Lanthier,1983
http://dbpedia.org/resource/Logan_Shaw,Logan Shaw,2013
http://dbpedia.org/resource/Brad_McCrimmon,Brad McCrimmon,1979
http://dbpedia.org/resource/Bob_Froese,Bob Froese,1979
http://dbpedia.org/resource/Martin_Adamský,Martin Adamský,2001
http://dbpedia.org/resource/Red_Conn,Red Conn,1926
http://dbpedia.org/resource/Brendan_Gallagher,Brendan Gallagher,2012
http://dbpedia.org/resource/Yaroslav_Khabarov,Yaroslav Khabarov,2006
http://dbpedia.org/resource/Lorne_Henning,Lorne Henning,1972
http://dbpedia.org/resource/Andreas_Jämtin,Andreas Jämtin,2000
http://dbpedia.org/resource/Michel_Dion,Michel Dion,1975
http://dbpedia.org/resource/Kevin_Miehm,Kevin Miehm,1989
http://dbpedia.org/resource/Wade_Skolney,Wade Skolney,2002
http://dbpedia.org/resource/Babe_Donnelly,Babe Donnelly,1925
http://dbpedia.org/resource/Norm_Foster_(ice_hockey),Norm Foster (ice hockey),1987
http://dbpedia.org/resource/Hans_Keller_(ice_hockey),Hans Keller (ice hockey),1965
http://dbpedia.org/resource/Marc-Édouard_Vlasic,Marc-Édouard Vlasic,2006
http://dbpedia.org/resource/David_Desharnais,David Desharnais,2006
http://dbpedia.org/resource/Jeff_Cowan,Jeff Cowan,1996
http://dbpedia.org/resource/Troy_Bodie,Troy Bodie,2006
http://dbpedia.org/resource/Anthony_Kimlin,Anthony Kimlin,2008
http://dbpedia.org/resource/Ari_Ahonen,Ari Ahonen,1998
http://dbpedia.org/resource/Brad_Jones_(ice_hockey),Brad Jones (ice hockey),1987
http://dbpedia.org/resource/Agris_Saviels,Agris Saviels,2001
http://dbpedia.org/resource/Igor_Slyusar,Igor Slyusar,2004
http://dbpedia.org/resource/Toe_Blake,Toe Blake,1934
http://dbpedia.org/resource/Rick_Kozak,Rick Kozak,2004
http://dbpedia.org/resource/Dmitry_Sinitsyn_(ice_hockey),Dmitry Sinitsyn (ice hockey),2014
http://dbpedia.org/resource/Jan_Šeda_(ice_hockey),Jan Šeda (ice hockey),2005
http://dbpedia.org/resource/John_Vanbiesbrouck,John Vanbiesbrouck,1981
http://dbpedia.org/resource/Toni_Kallela,Toni Kallela,2012
http://dbpedia.org/resource/Evgeny_Timkin,Evgeny Timkin,2008
http://dbpedia.org/resource/Ty_Rattie,Ty Rattie,2008
http://dbpedia.org/resource/Steve_McKenzie,Steve McKenzie,1982
http://dbpedia.org/resource/Aleksandrs_Cuncukovs,Aleksandrs Cuncukovs,1991
http://dbpedia.org/resource/Michal_Šeda,Michal Šeda,2003
http://dbpedia.org/resource/Drew_Miller,Drew Miller,2006
http://dbpedia.org/resource/Anton_Burdasov,Anton Burdasov,2009
http://dbpedia.org/resource/Brent_Sutter,Brent Sutter,1980
http://dbpedia.org/resource/Sam_Zajac,Sam Zajac,2005
http://dbpedia.org/resource/Fyodor_Polishchuk,Fyodor Polishchuk,2003
http://dbpedia.org/resource/Steve_Durbano,Steve Durbano,1971
http://dbpedia.org/resource/Vladimir_Vikulov,Vladimir Vikulov,1963
http://dbpedia.org/resource/Rick_Meagher,Rick Meagher,1977
http://dbpedia.org/resource/Jonathon_Blum,Jonathon Blum,2009
http://dbpedia.org/resource/Markus_Pöttinger,Markus Pöttinger,1995
http://dbpedia.org/resource/David_Baseggio,David Baseggio,1989
http://dbpedia.org/resource/Anže_Kopitar,Anže Kopitar,2004
"http://dbpedia.org/resource/Derek_Smith_(ice_hockey,_born_1954)","Derek Smith (ice hockey, born 1954)",1974
http://dbpedia.org/resource/Ignat_Zemchenko,Ignat Zemchenko,2010
http://dbpedia.org/resource/Curt_Gogol,Curt Gogol,2011
http://dbpedia.org/resource/Phil_Stevens_(ice_hockey),Phil Stevens (ice hockey),1914
http://dbpedia.org/resource/Miroslav_Forman,Miroslav Forman,2011
http://dbpedia.org/resource/David_Eddy_(ice_hockey),David Eddy (ice hockey),2012
http://dbpedia.org/resource/Bob_Graham_(ice_hockey),Bob Graham (ice hockey),1968
http://dbpedia.org/resource/Mats_Lindgren,Mats Lindgren,1993
http://dbpedia.org/resource/Alexander_Lindgren,Alexander Lindgren,2012
http://dbpedia.org/resource/Buzz_Boll,Buzz Boll,1931
http://dbpedia.org/resource/Jarmo_Kekäläinen,Jarmo Kekäläinen,1985
http://dbpedia.org/resource/Ivan_Baranka,Ivan Baranka,2005
http://dbpedia.org/resource/Luke_Glendening,Luke Glendening,2012
http://dbpedia.org/resource/Daniel_Kreutzer,Daniel Kreutzer,1996
http://dbpedia.org/resource/Björn_Johansson_(ice_hockey),Björn Johansson (ice hockey),1973
http://dbpedia.org/resource/Andreas_Andersson_(ice_hockey),Andreas Andersson (ice hockey),1997
http://dbpedia.org/resource/Vern_Smith_(ice_hockey),Vern Smith (ice hockey),1983
http://dbpedia.org/resource/James_DeMone,James DeMone,2003
http://dbpedia.org/resource/Mac_Carruth,Mac Carruth,2013
http://dbpedia.org/resource/Maurice_Rozenthal,Maurice Rozenthal,1994
http://dbpedia.org/resource/Radek_Fiala,Radek Fiala,2004
http://dbpedia.org/resource/Ryan_Tocher,Ryan Tocher,1999
http://dbpedia.org/resource/Alexander_Urbom,Alexander Urbom,2008
http://dbpedia.org/resource/Aigars_Cipruss,Aigars Cipruss,1990
http://dbpedia.org/resource/Geordie_Kinnear,Geordie Kinnear,1993
http://dbpedia.org/resource/Hammy_Gillespie,Hammy Gillespie,1918
http://dbpedia.org/resource/Lyle_Moffat,Lyle Moffat,1966
"http://dbpedia.org/resource/Kyle_Rank_(ice_hockey,_born_1987)","Kyle Rank (ice hockey, born 1987)",2012
http://dbpedia.org/resource/Tom_Linder,Tom Linder,2004
http://dbpedia.org/resource/Steve_Eminger,Steve Eminger,2003
http://dbpedia.org/resource/Radoslav_Suchý,Radoslav Suchý,1997
http://dbpedia.org/resource/Rob_McVicar,Rob McVicar,2003
http://dbpedia.org/resource/Dean_Arsene,Dean Arsene,2001
http://dbpedia.org/resource/Emil_Larsson_(ice_hockey),Emil Larsson (ice hockey),2013
http://dbpedia.org/resource/Nikolai_Bogomolov,Nikolai Bogomolov,2009
http://dbpedia.org/resource/Gord_Brooks,Gord Brooks,1970
http://dbpedia.org/resource/Blaine_Lacher,Blaine Lacher,1994
http://dbpedia.org/resource/Chris_Therien,Chris Therien,1994
http://dbpedia.org/resource/Pavel_Janků,Pavel Janků,1990
http://dbpedia.org/resource/Al_Langlois,Al Langlois,1955
http://dbpedia.org/resource/Juergen_Penker,Juergen Penker,2000
http://dbpedia.org/resource/Ed_Whalen_(ice_hockey),Ed Whalen (ice hockey),1915
http://dbpedia.org/resource/Artyom_Garifullin,Artyom Garifullin,2010
http://dbpedia.org/resource/Brian_Lawton,Brian Lawton,1983
http://dbpedia.org/resource/Stephen_Blunden,Stephen Blunden,2011
http://dbpedia.org/resource/Orval_Tessier,Orval Tessier,1965
http://dbpedia.org/resource/Derek_Whitmore,Derek Whitmore,2008
http://dbpedia.org/resource/Adam_Bergendahl,Adam Bergendahl,2013
http://dbpedia.org/resource/Karyn_Bye-Dietz,Karyn Bye-Dietz,1989
http://dbpedia.org/resource/Semyon_Varlamov,Semyon Varlamov,2006
"http://dbpedia.org/resource/Fredrik_Forsberg_(ice_hockey,_born_December_1996)","Fredrik Forsberg (ice hockey, born December 1996)",2010
http://dbpedia.org/resource/Sergei_Kostitsyn,Sergei Kostitsyn,2007
http://dbpedia.org/resource/Kristers_Gudļevskis,Kristers Gudļevskis,2009
http://dbpedia.org/resource/Alexei_Ugarov,Alexei Ugarov,2003
http://dbpedia.org/resource/Mikko_Salmio,Mikko Salmio,2012
http://dbpedia.org/resource/Henrik_Lundberg_(ice_hockey_forward),Henrik Lundberg (ice hockey forward),2010
http://dbpedia.org/resource/Garry_Blaine,Garry Blaine,1953
http://dbpedia.org/resource/Rasmus_Ristolainen,Rasmus Ristolainen,2011
http://dbpedia.org/resource/Gustaf_Lindvall,Gustaf Lindvall,2010
http://dbpedia.org/resource/Derek_Couture,Derek Couture,2005
http://dbpedia.org/resource/Michel_Goulet,Michel Goulet,1978
http://dbpedia.org/resource/Anders_Fredriksen,Anders Fredriksen,2000
http://dbpedia.org/resource/Brian_Lavender,Brian Lavender,1967
http://dbpedia.org/resource/Jeff_Woywitka,Jeff Woywitka,2003
http://dbpedia.org/resource/Tony_Bukovich,Tony Bukovich,1943
http://dbpedia.org/resource/D._J._Jelitto,D. J. Jelitto,2005
http://dbpedia.org/resource/Gary_Suter,Gary Suter,1985
http://dbpedia.org/resource/Mantas_Armalis,Mantas Armalis,2007
http://dbpedia.org/resource/Cristopher_Nihlstorp,Cristopher Nihlstorp,2003
http://dbpedia.org/resource/Kael_Mouillierat,Kael Mouillierat,2010
http://dbpedia.org/resource/Anton_Klementyev,Anton Klementyev,2008
http://dbpedia.org/resource/Jeff_Finger,Jeff Finger,2003
http://dbpedia.org/resource/Mike_Glumac,Mike Glumac,2002
http://dbpedia.org/resource/Miika_Roine,Miika Roine,2011
http://dbpedia.org/resource/Jamie_Husgen,Jamie Husgen,1987
http://dbpedia.org/resource/Valery_Knyazev,Valery Knyazev,2011
http://dbpedia.org/resource/Jari_Torkki,Jari Torkki,1981
http://dbpedia.org/resource/Simon_Hjalmarsson,Simon Hjalmarsson,2007
http://dbpedia.org/resource/Aldo_Guidolin,Aldo Guidolin,1951
http://dbpedia.org/resource/Kirill_Kozhevnikov_(ice_hockey),Kirill Kozhevnikov (ice hockey),2016
http://dbpedia.org/resource/Colin_Smith_(ice_hockey),Colin Smith (ice hockey),2013
http://dbpedia.org/resource/Jamie_Linden_(ice_hockey),Jamie Linden (ice hockey),1993
http://dbpedia.org/resource/Johan_Lindström,Johan Lindström,1998
http://dbpedia.org/resource/Hay_Millar,Hay Millar,1898
http://dbpedia.org/resource/Terry_Martin_(ice_hockey),Terry Martin (ice hockey),1975
http://dbpedia.org/resource/Greg_Amadio,Greg Amadio,2003
http://dbpedia.org/resource/Bruno_Mráz,Bruno Mráz,2011
http://dbpedia.org/resource/Steve_Black,Steve Black,1946
http://dbpedia.org/resource/Jack_Arbour,Jack Arbour,1922
http://dbpedia.org/resource/Steve_Rucchin,Steve Rucchin,2011
http://dbpedia.org/resource/Sam_Marklund,Sam Marklund,2012
http://dbpedia.org/resource/Stefan_Johansson_(ice_hockey),Stefan Johansson (ice hockey),2010
http://dbpedia.org/resource/Sergei_Palkin,Sergei Palkin,1998
http://dbpedia.org/resource/Chris_Hajt,Chris Hajt,1998
http://dbpedia.org/resource/Walter_Rooney,Walter Rooney,1909
http://dbpedia.org/resource/Matic_Kralj,Matic Kralj,2000
http://dbpedia.org/resource/Justin_Morrison,Justin Morrison,2001
http://dbpedia.org/resource/Ryan_Keller,Ryan Keller,2005
http://dbpedia.org/resource/Alexander_Boikov,Alexander Boikov,1996
http://dbpedia.org/resource/Alexander_Kucheryavenko,Alexander Kucheryavenko,2005
http://dbpedia.org/resource/Rod_Brind'Amour,Rod Brind'Amour,1989
http://dbpedia.org/resource/Darrin_Madeley,Darrin Madeley,1992
http://dbpedia.org/resource/Jake_Hauswirth,Jake Hauswirth,2009
http://dbpedia.org/resource/Jiří_Suchý_(ice_hockey),Jiří Suchý (ice hockey),2007
http://dbpedia.org/resource/Evgeni_Nikiforov,Evgeni Nikiforov,2010
http://dbpedia.org/resource/Andre_Jorns,Andre Jorns,1975
http://dbpedia.org/resource/Todd_Perry_(ice_hockey),Todd Perry (ice hockey),2007
http://dbpedia.org/resource/Simon_Gamache,Simon Gamache,2001
http://dbpedia.org/resource/Peter_Lehmann_(ice_hockey),Peter Lehmann (ice hockey),1972
http://dbpedia.org/resource/Hec_Highton,Hec Highton,1943
http://dbpedia.org/resource/Ed_Chadwick,Ed Chadwick,1954
http://dbpedia.org/resource/Juuso_Salmi,Juuso Salmi,2011
http://dbpedia.org/resource/Vents_Feldmanis,Vents Feldmanis,1992
http://dbpedia.org/resource/George_Robertson_(ice_hockey),George Robertson (ice hockey),1944
http://dbpedia.org/resource/Ken_Dryden,Ken Dryden,1970
http://dbpedia.org/resource/Andreas_Meyer_(ice_hockey),Andreas Meyer (ice hockey),1975
http://dbpedia.org/resource/Batzayaagiin_Pürevdorj,Batzayaagiin Pürevdorj,2008
http://dbpedia.org/resource/Sam_Bullas,Sam Bullas,2005
http://dbpedia.org/resource/Craig_Hanmer,Craig Hanmer,1974
http://dbpedia.org/resource/Eetu_Karvinen,Eetu Karvinen,2015
http://dbpedia.org/resource/Jeff_Ferguson_(ice_hockey),Jeff Ferguson (ice hockey),1994
http://dbpedia.org/resource/Ryan_Salvis,Ryan Salvis,2008
http://dbpedia.org/resource/Vladislavs_Dobreņkijs,Vladislavs Dobreņkijs,2007
http://dbpedia.org/resource/Taylor_Vichorek,Taylor Vichorek,2010
http://dbpedia.org/resource/Kristian_Huselius,Kristian Huselius,1996
http://dbpedia.org/resource/Richard_Gelke,Richard Gelke,2010
http://dbpedia.org/resource/Ray_Ross,Ray Ross,1949
http://dbpedia.org/resource/Terho_Koskela,Terho Koskela,1989
http://dbpedia.org/resource/Jannik_Fischer,Jannik Fischer,2008
http://dbpedia.org/resource/Brianne_Jenner,Brianne Jenner,2008
http://dbpedia.org/resource/Samuel_Morin,Samuel Morin,2015
http://dbpedia.org/resource/Pavel_Rosa,Pavel Rosa,1994
http://dbpedia.org/resource/Maxim_Khudyakov,Maxim Khudyakov,2003
http://dbpedia.org/resource/John_Schella,John Schella,1966
http://dbpedia.org/resource/Jared_Spurgeon,Jared Spurgeon,2010
http://dbpedia.org/resource/Kalle_Kerman,Kalle Kerman,2002
http://dbpedia.org/resource/Richard_Hartmann_(ice_hockey),Richard Hartmann (ice hockey),1999
http://dbpedia.org/resource/Mark_Vermette,Mark Vermette,1988
http://dbpedia.org/resource/Aleksandr_Osipov,Aleksandr Osipov,2007
http://dbpedia.org/resource/Jim_Montgomery_(ice_hockey),Jim Montgomery (ice hockey),1993
http://dbpedia.org/resource/Edwin_Hedberg,Edwin Hedberg,2013
http://dbpedia.org/resource/Andrei_Mezin,Andrei Mezin,1993
http://dbpedia.org/resource/Ryley_Miller,Ryley Miller,2013
http://dbpedia.org/resource/Stéphane_Matteau,Stéphane Matteau,1990
http://dbpedia.org/resource/Rémi_Royer,Rémi Royer,1998
http://dbpedia.org/resource/Ēriks_Koņeckis,Ēriks Koņeckis,1938
http://dbpedia.org/resource/Hartmut_Nickel,Hartmut Nickel,1963
http://dbpedia.org/resource/Kevin_Elgestål,Kevin Elgestål,2013
http://dbpedia.org/resource/Jeff_Rohlicek,Jeff Rohlicek,1986
http://dbpedia.org/resource/Mike_Wirll,Mike Wirll,1997
http://dbpedia.org/resource/Juma_Al_Dhaheri,Juma Al Dhaheri,2009
http://dbpedia.org/resource/Thomas_Rhodin,Thomas Rhodin,1990
http://dbpedia.org/resource/Andy_Blair_(ice_hockey),Andy Blair (ice hockey),1928
http://dbpedia.org/resource/Aaron_Gagnon,Aaron Gagnon,2007
http://dbpedia.org/resource/Oleg_Kvasha,Oleg Kvasha,1995
http://dbpedia.org/resource/Sergei_Peretyagin,Sergei Peretyagin,2001
http://dbpedia.org/resource/Brent_Burns,Brent Burns,2003
http://dbpedia.org/resource/Alain_Goulet,Alain Goulet,2009
http://dbpedia.org/resource/Russell_McCrimmon,Russell McCrimmon,1908
http://dbpedia.org/resource/Vladimir_Korsunov_(ice_hockey),Vladimir Korsunov (ice hockey),2000
http://dbpedia.org/resource/Denis_Gauthier,Denis Gauthier,1996
http://dbpedia.org/resource/Patrick_DesRochers,Patrick DesRochers,1999
http://dbpedia.org/resource/Calle_Ridderwall,Calle Ridderwall,2011
http://dbpedia.org/resource/Jan_Košťálek,Jan Košťálek,2012
http://dbpedia.org/resource/Sachar_Blank,Sachar Blank,2003
http://dbpedia.org/resource/Devin_Setoguchi,Devin Setoguchi,2007
http://dbpedia.org/resource/Ben_Bishop,Ben Bishop,2008
http://dbpedia.org/resource/Tom_Draper,Tom Draper,1987
http://dbpedia.org/resource/Ivan_Lekomtsev,Ivan Lekomtsev,2003
http://dbpedia.org/resource/Timo_Seppänen,Timo Seppänen,2005
http://dbpedia.org/resource/Matt_Sorteberg,Matt Sorteberg,2009
http://dbpedia.org/resource/Patrice_Cormier,Patrice Cormier,2010
http://dbpedia.org/resource/Jack_Gelineau,Jack Gelineau,1949
http://dbpedia.org/resource/Brandon_McMillan,Brandon McMillan,2010
http://dbpedia.org/resource/Matt_Carle,Matt Carle,2005
http://dbpedia.org/resource/Aleksi_Rutanen,Aleksi Rutanen,2013
http://dbpedia.org/resource/Benedikt_Kohl,Benedikt Kohl,2005
http://dbpedia.org/resource/Jeff_Schultz,Jeff Schultz,2006
http://dbpedia.org/resource/Marshall_Johnston,Marshall Johnston,1967
http://dbpedia.org/resource/Radek_Bonk,Radek Bonk,1993
http://dbpedia.org/resource/Norman_Collings,Norman Collings,1930
http://dbpedia.org/resource/Wally_Boyer,Wally Boyer,1965
http://dbpedia.org/resource/Joe_Hall,Joe Hall,1902
http://dbpedia.org/resource/Mark_Tinordi,Mark Tinordi,1987
"http://dbpedia.org/resource/Jack_Riley_(ice_hockey,_born_1919)","Jack Riley (ice hockey, born 1919)",1938
http://dbpedia.org/resource/Ray_Allison,Ray Allison,1979
http://dbpedia.org/resource/Radek_Bělohlav,Radek Bělohlav,1989
http://dbpedia.org/resource/Jarkko_Malinen,Jarkko Malinen,2007
http://dbpedia.org/resource/Connie_Madigan,Connie Madigan,1958
http://dbpedia.org/resource/Dave_Syvret,Dave Syvret,1975
http://dbpedia.org/resource/Chris_McPhail,Chris McPhail,2008
http://dbpedia.org/resource/Carter_Camper,Carter Camper,2011
http://dbpedia.org/resource/Dario_Simion,Dario Simion,2010
http://dbpedia.org/resource/Alex_Dunn,Alex Dunn,2006
http://dbpedia.org/resource/Dmitri_Goldenkov,Dmitri Goldenkov,2010
http://dbpedia.org/resource/Jason_Tapp,Jason Tapp,2002
http://dbpedia.org/resource/Peter_McNamee,Peter McNamee,1973
http://dbpedia.org/resource/Harry_Mummery,Harry Mummery,1911
http://dbpedia.org/resource/Matt_Schepke,Matt Schepke,2009
http://dbpedia.org/resource/Blake_Sloan,Blake Sloan,1997
http://dbpedia.org/resource/Viktor_Hertzberg,Viktor Hertzberg,2011
http://dbpedia.org/resource/Stan_Baluik,Stan Baluik,1954
http://dbpedia.org/resource/Scott_Levins,Scott Levins,1990
http://dbpedia.org/resource/Louie_DeBrusk,Louie DeBrusk,1991
http://dbpedia.org/resource/Ondřej_Malinský,Ondřej Malinský,2002
http://dbpedia.org/resource/Nolan_McDonald,Nolan McDonald,1997
http://dbpedia.org/resource/John_Vigilante,John Vigilante,2006
http://dbpedia.org/resource/Timmy_Pettersson,Timmy Pettersson,1995
http://dbpedia.org/resource/Jarrod_Skalde,Jarrod Skalde,1990
http://dbpedia.org/resource/Joe_Junkin,Joe Junkin,1968
http://dbpedia.org/resource/Peter_Mannino,Peter Mannino,2008
http://dbpedia.org/resource/Malte_Strömwall,Malte Strömwall,2013
http://dbpedia.org/resource/Lucie_Povova,Lucie Povova,2013
http://dbpedia.org/resource/Gina_Kingsbury,Gina Kingsbury,2000
http://dbpedia.org/resource/Juraj_Majdan,Juraj Majdan,2009
http://dbpedia.org/resource/Jérôme_Gauthier-Leduc,Jérôme Gauthier-Leduc,2012
http://dbpedia.org/resource/Sean_O'Connor_(ice_hockey),Sean O'Connor (ice hockey),2002
http://dbpedia.org/resource/Alexander_Gogolev,Alexander Gogolev,2011
http://dbpedia.org/resource/Henrik_Koivisto,Henrik Koivisto,2011
http://dbpedia.org/resource/Armand_Gaudreault,Armand Gaudreault,1940
http://dbpedia.org/resource/François_Bouchard,François Bouchard,2008
http://dbpedia.org/resource/Teemu_Lassila,Teemu Lassila,2002
http://dbpedia.org/resource/Scott_Allison,Scott Allison,1992
http://dbpedia.org/resource/Nick_Fotiu,Nick Fotiu,1973
http://dbpedia.org/resource/Kimmo_Kuhta,Kimmo Kuhta,1995
http://dbpedia.org/resource/Rasmus_Rissanen,Rasmus Rissanen,2011
http://dbpedia.org/resource/Brian_Engblom,Brian Engblom,1975
http://dbpedia.org/resource/Mark_Murphy_(ice_hockey),Mark Murphy (ice hockey),1999
http://dbpedia.org/resource/Rob_Bellamy,Rob Bellamy,2008
http://dbpedia.org/resource/Johan_Mattsson,Johan Mattsson,2009
http://dbpedia.org/resource/Boris_Blank_(ice_hockey),Boris Blank (ice hockey),2000
http://dbpedia.org/resource/Mustafa_Bešić,Mustafa Bešić,1982
http://dbpedia.org/resource/Jimmy_Watson_(ice_hockey),Jimmy Watson (ice hockey),1972
http://dbpedia.org/resource/Sinan_Akdag,Sinan Akdag,2007
http://dbpedia.org/resource/Kurt_Pfammatter,Kurt Pfammatter,1964
http://dbpedia.org/resource/Greg_Scott_(ice_hockey),Greg Scott (ice hockey),2009
http://dbpedia.org/resource/Semyon_Valuysky,Semyon Valuysky,2008
http://dbpedia.org/resource/Ricky_Plant,Ricky Plant,1994
http://dbpedia.org/resource/William_Nylander_(ice_hockey),William Nylander (ice hockey),2013
http://dbpedia.org/resource/Gary_Lupul,Gary Lupul,1979
http://dbpedia.org/resource/Jani_Kautto,Jani Kautto,2010
http://dbpedia.org/resource/Tomáš_Bulík,Tomáš Bulík,2003
http://dbpedia.org/resource/Tomáš_Karpov,Tomáš Karpov,2009
http://dbpedia.org/resource/Sandy_Fitzpatrick,Sandy Fitzpatrick,1962
http://dbpedia.org/resource/Chris_O'Sullivan,Chris O'Sullivan,1996
http://dbpedia.org/resource/Bryan_Smolinski,Bryan Smolinski,1992
http://dbpedia.org/resource/Joakim_Jensen,Joakim Jensen,2003
http://dbpedia.org/resource/Max_Kolu,Max Kolu,2007
http://dbpedia.org/resource/Mario_Faubert,Mario Faubert,1974
http://dbpedia.org/resource/Gilles_Dubé,Gilles Dubé,1948
http://dbpedia.org/resource/Slavomír_Pavličko,Slavomír Pavličko,1992
http://dbpedia.org/resource/Janez_Petač,Janez Petač,1976
http://dbpedia.org/resource/Wade_MacLeod,Wade MacLeod,2011
http://dbpedia.org/resource/David_Suvanto,David Suvanto,2014
http://dbpedia.org/resource/Oskar_Nowak,Oskar Nowak,1935
http://dbpedia.org/resource/Denis_Abdullin,Denis Abdullin,2005
http://dbpedia.org/resource/Guido_Tenesi,Guido Tenesi,1973
http://dbpedia.org/resource/Adam_Lowry,Adam Lowry,2013
http://dbpedia.org/resource/Gürkan_Çetinkaya,Gürkan Çetinkaya,2003
http://dbpedia.org/resource/Daniel_Gauthier,Daniel Gauthier,1990
http://dbpedia.org/resource/Dan_Chicoine,Dan Chicoine,1977
http://dbpedia.org/resource/Bill_Zaniboni,Bill Zaniboni,2007
http://dbpedia.org/resource/Mike_Stapleton,Mike Stapleton,1986
http://dbpedia.org/resource/Andrew_Krelove,Andrew Krelove,2011
http://dbpedia.org/resource/Lukáš_Pabiška,Lukáš Pabiška,2002
http://dbpedia.org/resource/Ivan_Markovski,Ivan Markovski,1975
http://dbpedia.org/resource/David_Kozier,David Kozier,1998
http://dbpedia.org/resource/Konrad_Abeltshauser,Konrad Abeltshauser,2013
http://dbpedia.org/resource/Jimmy_Kilpatrick,Jimmy Kilpatrick,2008
http://dbpedia.org/resource/Masi_Marjamäki,Masi Marjamäki,2005
http://dbpedia.org/resource/Todd_Marchant,Todd Marchant,1993
http://dbpedia.org/resource/Mario_Fischer,Mario Fischer,2005
http://dbpedia.org/resource/Stéphane_Quintal,Stéphane Quintal,1988
http://dbpedia.org/resource/Brad_Gassoff,Brad Gassoff,1975
http://dbpedia.org/resource/Kenton_Smith,Kenton Smith,1995
http://dbpedia.org/resource/Guy_Dubois,Guy Dubois,1972
http://dbpedia.org/resource/Adam_Dennis,Adam Dennis,2006
http://dbpedia.org/resource/Herb_Drury,Herb Drury,1916
http://dbpedia.org/resource/Frank_Mathers,Frank Mathers,1948
http://dbpedia.org/resource/Janne_Lahti,Janne Lahti,2001
http://dbpedia.org/resource/Harry_Sinden,Harry Sinden,1949
http://dbpedia.org/resource/John_Mariucci,John Mariucci,1940
http://dbpedia.org/resource/Nicklas_Johansson,Nicklas Johansson,2004
http://dbpedia.org/resource/Frank_Steele,Frank Steele,1927
http://dbpedia.org/resource/Rafael_Rotter,Rafael Rotter,2008
http://dbpedia.org/resource/Brett_Olson_(ice_hockey),Brett Olson (ice hockey),2012
http://dbpedia.org/resource/Michael_Henrich,Michael Henrich,2000
http://dbpedia.org/resource/Mika_Niskanen,Mika Niskanen,1994
http://dbpedia.org/resource/Niclas_Levein,Niclas Levein,2005
http://dbpedia.org/resource/Brad_May,Brad May,1991
http://dbpedia.org/resource/Mathieu_Brisebois,Mathieu Brisebois,2013
http://dbpedia.org/resource/Scott_Jackson_(ice_hockey),Scott Jackson (ice hockey),2008
http://dbpedia.org/resource/Henrich_Jabornik,Henrich Jabornik,2009
http://dbpedia.org/resource/Marjan_Žbontar,Marjan Žbontar,1976
http://dbpedia.org/resource/Roy_Shepherd,Roy Shepherd,1951
http://dbpedia.org/resource/Valeri_Kamensky,Valeri Kamensky,1982
http://dbpedia.org/resource/Ed_Kastelic,Ed Kastelic,1984
http://dbpedia.org/resource/Dougie_Hamilton,Dougie Hamilton,2013
http://dbpedia.org/resource/Jakub_Kovář,Jakub Kovář,2009
http://dbpedia.org/resource/Jake_Gardiner,Jake Gardiner,2011
http://dbpedia.org/resource/Barry_Richter,Barry Richter,1993
http://dbpedia.org/resource/Ian_Vigier,Ian Vigier,2007
http://dbpedia.org/resource/Randy_Wyrozub,Randy Wyrozub,1970
http://dbpedia.org/resource/Jason_York,Jason York,1991
http://dbpedia.org/resource/Elias_Lindholm,Elias Lindholm,2011
http://dbpedia.org/resource/Joël_Champagne,Joël Champagne,2010
http://dbpedia.org/resource/Andriy_Mikhnov,Andriy Mikhnov,2003
http://dbpedia.org/resource/Denis_DeJordy,Denis DeJordy,1959
http://dbpedia.org/resource/Ville-Valtteri_Leskinen,Ville-Valtteri Leskinen,2013
http://dbpedia.org/resource/Bob_Dailey,Bob Dailey,1973
http://dbpedia.org/resource/Landry_Macrez,Landry Macrez,2002
http://dbpedia.org/resource/Jeff_Reese,Jeff Reese,1986
http://dbpedia.org/resource/Sam_Faber,Sam Faber,2005
http://dbpedia.org/resource/Jed_Ortmeyer,Jed Ortmeyer,2003
http://dbpedia.org/resource/Paul_Bissonnette,Paul Bissonnette,2003
http://dbpedia.org/resource/Nick_Bonino,Nick Bonino,2010
http://dbpedia.org/resource/Andrei_Kolesnikov_(ice_hockey),Andrei Kolesnikov (ice hockey),2006
http://dbpedia.org/resource/Jakub_Bartoň,Jakub Bartoň,2002
http://dbpedia.org/resource/Magnus_Kahnberg,Magnus Kahnberg,1999
http://dbpedia.org/resource/Jean-Paul_Davis,Jean-Paul Davis,1997
http://dbpedia.org/resource/Milan_Hnilička,Milan Hnilička,1989
http://dbpedia.org/resource/Iiro_Pakarinen,Iiro Pakarinen,2009
http://dbpedia.org/resource/Jaroslav_Kudrna,Jaroslav Kudrna,1995
http://dbpedia.org/resource/Sami_Salo,Sami Salo,1994
http://dbpedia.org/resource/Yulia_Deulina,Yulia Deulina,2010
http://dbpedia.org/resource/Bob_Whitlock,Bob Whitlock,1968
http://dbpedia.org/resource/Pyotr_Yeryomin,Pyotr Yeryomin,2009
http://dbpedia.org/resource/Cory_Emmerton,Cory Emmerton,2007
http://dbpedia.org/resource/Logan_Pyett,Logan Pyett,2008
http://dbpedia.org/resource/Garrett_Wilson,Garrett Wilson,2011
http://dbpedia.org/resource/Pete_Bellefeuille,Pete Bellefeuille,1925
http://dbpedia.org/resource/Daniel_Mitterdorfer,Daniel Mitterdorfer,2005
http://dbpedia.org/resource/Anıl_Uyar,Anıl Uyar,1995
http://dbpedia.org/resource/Tod_Campeau,Tod Campeau,1943
http://dbpedia.org/resource/Laura_Benz,Laura Benz,2008
http://dbpedia.org/resource/Martin_St._Pierre_(ice_hockey),Martin St. Pierre (ice hockey),2004
http://dbpedia.org/resource/Erika_Lawler,Erika Lawler,2005
http://dbpedia.org/resource/Steve_Cuddie,Steve Cuddie,1967
http://dbpedia.org/resource/Kevin_Czuczman,Kevin Czuczman,2014
http://dbpedia.org/resource/Levente_Szuper,Levente Szuper,1996
http://dbpedia.org/resource/Marco_Cousineau,Marco Cousineau,2010
http://dbpedia.org/resource/Mike_Angelidis,Mike Angelidis,2006
http://dbpedia.org/resource/Kurt_Kleinendorst,Kurt Kleinendorst,1983
http://dbpedia.org/resource/Sean_Hill,Sean Hill,1991
http://dbpedia.org/resource/Nobby_Clark_(ice_hockey),Nobby Clark (ice hockey),1925
http://dbpedia.org/resource/Dan_Ratushny,Dan Ratushny,1992
http://dbpedia.org/resource/Keith_Hanson,Keith Hanson,1981
http://dbpedia.org/resource/Yekaterina_Ananina,Yekaterina Ananina,2009
http://dbpedia.org/resource/Mark_Kirton,Mark Kirton,1978
http://dbpedia.org/resource/Brett_MacDonald,Brett MacDonald,1986
http://dbpedia.org/resource/Marcel_Noebels,Marcel Noebels,2009
http://dbpedia.org/resource/Jeff_Hansen,Jeff Hansen,2003
http://dbpedia.org/resource/Michael_Ryan_(ice_hockey),Michael Ryan (ice hockey),2003
http://dbpedia.org/resource/Jesper_Olofsson,Jesper Olofsson,2010
http://dbpedia.org/resource/Lubomír_Vosátko,Lubomír Vosátko,2003
http://dbpedia.org/resource/Sergei_Krivokrasov,Sergei Krivokrasov,1990
http://dbpedia.org/resource/Jani_Hakanpää,Jani Hakanpää,2011
http://dbpedia.org/resource/Nick_Bailen,Nick Bailen,2005
http://dbpedia.org/resource/Gino_Cavallini,Gino Cavallini,1984
http://dbpedia.org/resource/Michel_Petit,Michel Petit,1983
http://dbpedia.org/resource/Markus_Hundhammer,Markus Hundhammer,2002
http://dbpedia.org/resource/Alexander_Perezhogin,Alexander Perezhogin,2000
http://dbpedia.org/resource/Ron_Tugnutt,Ron Tugnutt,1987
http://dbpedia.org/resource/Ed_Beers,Ed Beers,1982
http://dbpedia.org/resource/Alexander_Nylander,Alexander Nylander,2015
http://dbpedia.org/resource/Jason_Krog,Jason Krog,1999
http://dbpedia.org/resource/Riley_Cote,Riley Cote,2002
http://dbpedia.org/resource/Peter_Aeschlimann,Peter Aeschlimann,1972
http://dbpedia.org/resource/Terry_Clancy,Terry Clancy,1960
http://dbpedia.org/resource/Edward_Leier,Edward Leier,1948
http://dbpedia.org/resource/Duncan_Dalmao,Duncan Dalmao,1998
http://dbpedia.org/resource/Michal_Vachovec,Michal Vachovec,2010
http://dbpedia.org/resource/Lukáš_Vopelka,Lukáš Vopelka,2013
http://dbpedia.org/resource/Yann_Sauvé,Yann Sauvé,2010
http://dbpedia.org/resource/John_Barrett_(ice_hockey),John Barrett (ice hockey),1980
http://dbpedia.org/resource/Jan_Fleischmann,Jan Fleischmann,1910
http://dbpedia.org/resource/Jesse_Puljujärvi,Jesse Puljujärvi,2014
http://dbpedia.org/resource/Karel_Kubát,Karel Kubát,2007
http://dbpedia.org/resource/Daniil_Sobchenko,Daniil Sobchenko,2009
http://dbpedia.org/resource/Daniel_Hermansson,Daniel Hermansson,2000
http://dbpedia.org/resource/Turner_Stevenson,Turner Stevenson,1992
http://dbpedia.org/resource/Willie_Brossart,Willie Brossart,1969
http://dbpedia.org/resource/Eliot_Berthon,Eliot Berthon,2010
http://dbpedia.org/resource/Rod_Langway,Rod Langway,1977
http://dbpedia.org/resource/Sergei_Ageyev_(ice_hockey),Sergei Ageyev (ice hockey),2009
http://dbpedia.org/resource/Vadim_Slivchenko,Vadim Slivchenko,1992
http://dbpedia.org/resource/Sylvain_Lefebvre,Sylvain Lefebvre,1987
http://dbpedia.org/resource/Alexander_Svitov,Alexander Svitov,1997
http://dbpedia.org/resource/Ben_Guité,Ben Guité,2000
http://dbpedia.org/resource/Gordon_Roberts_(ice_hockey),Gordon Roberts (ice hockey),1909
http://dbpedia.org/resource/Daniel_Rudslätt,Daniel Rudslätt,1998
http://dbpedia.org/resource/Jerry_Byers,Jerry Byers,1972
http://dbpedia.org/resource/Rod_Gilbert,Rod Gilbert,1960
http://dbpedia.org/resource/Bob_Woytowich,Bob Woytowich,1962
http://dbpedia.org/resource/Joe_Noris,Joe Noris,1971
http://dbpedia.org/resource/Doug_Mohns,Doug Mohns,1953
http://dbpedia.org/resource/Bert_Olmstead,Bert Olmstead,1948
http://dbpedia.org/resource/Yohann_Auvitu,Yohann Auvitu,2006
http://dbpedia.org/resource/Doug_Risebrough,Doug Risebrough,1974
http://dbpedia.org/resource/Alexandre_Giroux,Alexandre Giroux,2001
http://dbpedia.org/resource/Austin_Block,Austin Block,2013
"http://dbpedia.org/resource/Fredrik_Eriksson_(ice_hockey,_born_1980)","Fredrik Eriksson (ice hockey, born 1980)",1999
http://dbpedia.org/resource/John_Tucker_(ice_hockey),John Tucker (ice hockey),1983
http://dbpedia.org/resource/Ivan_Lisutin,Ivan Lisutin,2006
http://dbpedia.org/resource/Jade_Galbraith,Jade Galbraith,2002
http://dbpedia.org/resource/Doug_Jarrett,Doug Jarrett,1960
http://dbpedia.org/resource/Norm_Gratton,Norm Gratton,1970
http://dbpedia.org/resource/Mikko_Jokela,Mikko Jokela,1997
http://dbpedia.org/resource/Kyle_MacKinnon,Kyle MacKinnon,2011
http://dbpedia.org/resource/Steven_Rice,Steven Rice,1990
http://dbpedia.org/resource/Bob_Walton,Bob Walton,1931
http://dbpedia.org/resource/Anthony_Stolarz,Anthony Stolarz,2014
"http://dbpedia.org/resource/Alexander_Vasilevski_(ice_hockey,_born_1975)","Alexander Vasilevski (ice hockey, born 1975)",1995
http://dbpedia.org/resource/Alexei_Kovalev,Alexei Kovalev,1989
http://dbpedia.org/resource/Tyler_Weiman,Tyler Weiman,2004
http://dbpedia.org/resource/Mikael_Bohman,Mikael Bohman,1997
http://dbpedia.org/resource/Alexei_Kolkunov,Alexei Kolkunov,1998
http://dbpedia.org/resource/Yekaterina_Pashkevich,Yekaterina Pashkevich,1997
"http://dbpedia.org/resource/Bob_Murray_(ice_hockey,_born_1948)","Bob Murray (ice hockey, born 1948)",1971
http://dbpedia.org/resource/Jan_Zapletal_(ice_hockey),Jan Zapletal (ice hockey),2004
http://dbpedia.org/resource/Howie_Morenz,Howie Morenz,1923
http://dbpedia.org/resource/R._J._Anderson,R. J. Anderson,2008
http://dbpedia.org/resource/Jaynen_Rissling,Jaynen Rissling,1996
http://dbpedia.org/resource/Brad_Farynuk,Brad Farynuk,2006
http://dbpedia.org/resource/Erik_Hämäläinen,Erik Hämäläinen,1982
http://dbpedia.org/resource/Justin_Azevedo,Justin Azevedo,2008
http://dbpedia.org/resource/Tom_Gorence,Tom Gorence,1977
http://dbpedia.org/resource/Brett_Clouthier,Brett Clouthier,1998
http://dbpedia.org/resource/Dan_D'Alvise,Dan D'Alvise,1979
http://dbpedia.org/resource/Morgan_Ellis,Morgan Ellis,2012
http://dbpedia.org/resource/Jean_Béliveau,Jean Béliveau,1950
http://dbpedia.org/resource/Derek_Eberle,Derek Eberle,1993
http://dbpedia.org/resource/Sammy_Hebert,Sammy Hebert,1913
http://dbpedia.org/resource/Zenon_Konopka,Zenon Konopka,2002
http://dbpedia.org/resource/Duvie_Westcott,Duvie Westcott,2001
http://dbpedia.org/resource/Yasin_Ehliz,Yasin Ehliz,2010
http://dbpedia.org/resource/Bill_Phillips_(ice_hockey),Bill Phillips (ice hockey),1922
http://dbpedia.org/resource/Nathan_Deck,Nathan Deck,2011
http://dbpedia.org/resource/Jakub_Matai,Jakub Matai,2011
http://dbpedia.org/resource/Jari_Neugebauer,Jari Neugebauer,2012
http://dbpedia.org/resource/Jerred_Smithson,Jerred Smithson,2002
http://dbpedia.org/resource/Monika_Bittner,Monika Bittner,2007
http://dbpedia.org/resource/Gordie_Clark,Gordie Clark,1974
http://dbpedia.org/resource/Jonathan_Iilahti,Jonathan Iilahti,2011
http://dbpedia.org/resource/Emory_Sparrow,Emory Sparrow,1921
http://dbpedia.org/resource/Ivan_Čiernik,Ivan Čiernik,1997
http://dbpedia.org/resource/Sibby_Nichols,Sibby Nichols,1904
http://dbpedia.org/resource/Alexei_Yefimenko,Alexei Yefimenko,2004
http://dbpedia.org/resource/Duane_Wylie,Duane Wylie,1967
http://dbpedia.org/resource/Alexander_Zevakhin,Alexander Zevakhin,1996
http://dbpedia.org/resource/John_Blum,John Blum,1981
http://dbpedia.org/resource/Jørgen_Karterud,Jørgen Karterud,2011
http://dbpedia.org/resource/Bernie_Parent,Bernie Parent,1965
http://dbpedia.org/resource/Andrzej_Iskrzycki,Andrzej Iskrzycki,1976
http://dbpedia.org/resource/Kirill_Sidorenko,Kirill Sidorenko,2002
http://dbpedia.org/resource/Ville_Hostikka,Ville Hostikka,2003
http://dbpedia.org/resource/Andy_Reiss,Andy Reiss,2002
http://dbpedia.org/resource/Mario_Chitaroni,Mario Chitaroni,1986
http://dbpedia.org/resource/Andrew_McBain,Andrew McBain,1983
http://dbpedia.org/resource/Andreas_Martinsen,Andreas Martinsen,2007
http://dbpedia.org/resource/Guyle_Fielder,Guyle Fielder,1951
http://dbpedia.org/resource/Larry_Romanchych,Larry Romanchych,1970
http://dbpedia.org/resource/Denis_Kostin,Denis Kostin,2013
http://dbpedia.org/resource/Brian_Rafalski,Brian Rafalski,1995
http://dbpedia.org/resource/Bob_Babcock,Bob Babcock,1989
http://dbpedia.org/resource/Jannik_Hansen,Jannik Hansen,2007
http://dbpedia.org/resource/Ned_Havern,Ned Havern,2005
http://dbpedia.org/resource/Olivier_Magnan,Olivier Magnan,2007
http://dbpedia.org/resource/Richard_Demén-Willaume,Richard Demén-Willaume,2005
http://dbpedia.org/resource/Sergejs_Pečura,Sergejs Pečura,2003
http://dbpedia.org/resource/Rick_Ley,Rick Ley,1968
http://dbpedia.org/resource/Brett_Westgarth,Brett Westgarth,2007
http://dbpedia.org/resource/Lauri_Tukonen,Lauri Tukonen,2003
http://dbpedia.org/resource/Jonas_Rönnqvist,Jonas Rönnqvist,1991
http://dbpedia.org/resource/Gerry_Odrowski,Gerry Odrowski,1959
http://dbpedia.org/resource/Doug_Volmar,Doug Volmar,1964
"http://dbpedia.org/resource/Petr_Sýkora_(ice_hockey,_born_1978)","Petr Sýkora (ice hockey, born 1978)",1998
http://dbpedia.org/resource/Josh_Gorges,Josh Gorges,2005
http://dbpedia.org/resource/Joel_Dyck,Joel Dyck,1992
http://dbpedia.org/resource/Thomas_Dolak,Thomas Dolak,1998
http://dbpedia.org/resource/Pat_LaFontaine,Pat LaFontaine,1983
http://dbpedia.org/resource/Danny_Gare,Danny Gare,1974
http://dbpedia.org/resource/Betül_Kahraman,Betül Kahraman,2012
http://dbpedia.org/resource/Reddy_McMillan,Reddy McMillan,1900
http://dbpedia.org/resource/Matt_Frattin,Matt Frattin,2011
http://dbpedia.org/resource/Petr_Zámorský,Petr Zámorský,2011
http://dbpedia.org/resource/Ralfs_Freibergs,Ralfs Freibergs,2013
http://dbpedia.org/resource/Andy_Bezeau,Andy Bezeau,1991
http://dbpedia.org/resource/Luke_Boothroyd,Luke Boothroyd,2001
http://dbpedia.org/resource/George_O'Grady,George O'Grady,1913
http://dbpedia.org/resource/Chris_Luongo,Chris Luongo,1989
http://dbpedia.org/resource/Don_Willson,Don Willson,1931
http://dbpedia.org/resource/Peter_Öberg_(ice_hockey),Peter Öberg (ice hockey),1999
http://dbpedia.org/resource/Gustav_Hjalmarsson,Gustav Hjalmarsson,2006
http://dbpedia.org/resource/Jerry_Korab,Jerry Korab,1971
http://dbpedia.org/resource/Benjamin_Huefner,Benjamin Huefner,2010
http://dbpedia.org/resource/Paul_Probst_(ice_hockey),Paul Probst (ice hockey),1972
http://dbpedia.org/resource/Gerry_Shannon,Gerry Shannon,1933
http://dbpedia.org/resource/Mike_Wilson_(ice_hockey),Mike Wilson (ice hockey),1995
http://dbpedia.org/resource/Alexandra_Carpenter,Alexandra Carpenter,2013
http://dbpedia.org/resource/Valtteri_Filppula,Valtteri Filppula,2003
http://dbpedia.org/resource/Yoon_Kyung-won,Yoon Kyung-won,2004
http://dbpedia.org/resource/Jeff_Shantz,Jeff Shantz,1993
http://dbpedia.org/resource/Jiří_Hunkes,Jiří Hunkes,2002
http://dbpedia.org/resource/Pavel_Sedláček_(ice_hockey),Pavel Sedláček (ice hockey),2012
http://dbpedia.org/resource/Heinz_Jenni,Heinz Jenni,1972
"http://dbpedia.org/resource/John_Adams_(ice_hockey,_born_1982)","John Adams (ice hockey, born 1982)",2005
http://dbpedia.org/resource/Timo_Blomqvist,Timo Blomqvist,1977
http://dbpedia.org/resource/Patrik_Lušňák,Patrik Lušňák,2005
http://dbpedia.org/resource/Tommy_Anderson_(ice_hockey),Tommy Anderson (ice hockey),1930
http://dbpedia.org/resource/John_Zeiler,John Zeiler,2006
http://dbpedia.org/resource/Glenn_Mulvenna,Glenn Mulvenna,1988
http://dbpedia.org/resource/Denis_Perevozchikov,Denis Perevozchikov,2013
http://dbpedia.org/resource/Nils_Rygaard,Nils Rygaard,2013
http://dbpedia.org/resource/Teppo_Numminen,Teppo Numminen,1985
http://dbpedia.org/resource/Jamie_Ling,Jamie Ling,1996
http://dbpedia.org/resource/Jonas_Esbjörs,Jonas Esbjörs,1991
http://dbpedia.org/resource/Tomáš_Malec,Tomáš Malec,2002
http://dbpedia.org/resource/Nikolai_Lemtyugov,Nikolai Lemtyugov,2004
http://dbpedia.org/resource/Miroslav_Šatan,Miroslav Šatan,1992
http://dbpedia.org/resource/Börje_Salming,Börje Salming,1967
http://dbpedia.org/resource/Tomáš_Hyka,Tomáš Hyka,2010
http://dbpedia.org/resource/Pete_Langelle,Pete Langelle,1937
http://dbpedia.org/resource/Russ_Romaniuk,Russ Romaniuk,1991
http://dbpedia.org/resource/Václav_Meidl,Václav Meidl,2006
http://dbpedia.org/resource/Glen_Brydson,Glen Brydson,1930
http://dbpedia.org/resource/Paul_Andrea,Paul Andrea,1961
http://dbpedia.org/resource/Jon_Pelle,Jon Pelle,2008
http://dbpedia.org/resource/Buzz_Schneider,Buzz Schneider,1972
http://dbpedia.org/resource/Todd_Rohloff,Todd Rohloff,1998
http://dbpedia.org/resource/Marco_Insam,Marco Insam,2006
http://dbpedia.org/resource/Kristin_King,Kristin King,1997
http://dbpedia.org/resource/Eilert_Määttä,Eilert Määttä,1956
http://dbpedia.org/resource/Bobby_Lee_(ice_hockey),Bobby Lee (ice hockey),1934
http://dbpedia.org/resource/Per_Eklund_(ice_hockey),Per Eklund (ice hockey),1994
http://dbpedia.org/resource/Andrei_Markov_(ice_hockey),Andrei Markov (ice hockey),1995
http://dbpedia.org/resource/Igor_Bobkov,Igor Bobkov,2008
http://dbpedia.org/resource/Mika_Skyttä,Mika Skyttä,1992
http://dbpedia.org/resource/Bob_Mason,Bob Mason,1984
http://dbpedia.org/resource/Jeff_Dimmen,Jeff Dimmen,2011
http://dbpedia.org/resource/Oliver_Lauridsen,Oliver Lauridsen,2011
http://dbpedia.org/resource/Dallas_Drake,Dallas Drake,1990
http://dbpedia.org/resource/Kyle_Sonnenburg,Kyle Sonnenburg,2011
http://dbpedia.org/resource/Chris_Clackson,Chris Clackson,2010
http://dbpedia.org/resource/Dmitri_Vishnevsky,Dmitri Vishnevsky,2008
http://dbpedia.org/resource/Matt_Dalton,Matt Dalton,2009
http://dbpedia.org/resource/Ian_Cooper_(ice_hockey),Ian Cooper (ice hockey),1984
http://dbpedia.org/resource/Marc_Chorney,Marc Chorney,1980
"http://dbpedia.org/resource/Kelly_Miller_(ice_hockey,_born_1963)","Kelly Miller (ice hockey, born 1963)",1985
http://dbpedia.org/resource/Alexander_Avtsin,Alexander Avtsin,2009
http://dbpedia.org/resource/Serge_Aubry,Serge Aubry,1972
http://dbpedia.org/resource/Stan_Marple,Stan Marple,1986
http://dbpedia.org/resource/Kim_Won-jung,Kim Won-jung,2006
http://dbpedia.org/resource/Tim_Smith_(ice_hockey),Tim Smith (ice hockey),2002
http://dbpedia.org/resource/Vitaly_Vishnevskiy,Vitaly Vishnevskiy,1998
http://dbpedia.org/resource/Scott_Darling_(ice_hockey),Scott Darling (ice hockey),2010
http://dbpedia.org/resource/Kristian_Antila,Kristian Antila,1999
http://dbpedia.org/resource/Bert_Connelly,Bert Connelly,1928
http://dbpedia.org/resource/Danny_Kristo,Danny Kristo,2013
http://dbpedia.org/resource/Andy_Brickley,Andy Brickley,1982
