http://dbpedia.org/ontology/SportsTeam,SportsTeam,http://dbpedia.org/ontology/foundingYear
http://dbpedia.org/resource/HK_Orange_20,HK Orange 20,1839
http://dbpedia.org/resource/Findlay_Prep,Findlay Prep,1867
http://dbpedia.org/resource/Azad_University_Tehran_BC,Azad University Tehran BC,1933
http://dbpedia.org/resource/New_Yorker_Lions,New Yorker Lions,2049
http://dbpedia.org/resource/BC_Beroe,BC Beroe,2204
http://dbpedia.org/resource/South_Launceston_Football_Club,South Launceston Football Club,2528
http://dbpedia.org/resource/SDYuShOR_Sokil-89_Kyiv,SDYuShOR Sokil-89 Kyiv,2289
http://dbpedia.org/resource/Anderson_Packers,Anderson Packers,2002
http://dbpedia.org/resource/Livadeia_B.C.,Livadeia B.C.,2185
http://dbpedia.org/resource/Centro_Desportivo_Universitário_de_Lisboa,Centro Desportivo Universitário de Lisboa,2078
http://dbpedia.org/resource/Åkers_IF,Åkers IF,1873
http://dbpedia.org/resource/Silesia_Rebels,Silesia Rebels,1787
http://dbpedia.org/resource/KK_Crvena_zvezda,KK Crvena zvezda,1977
http://dbpedia.org/resource/CB_Miraflores,CB Miraflores,1662
http://dbpedia.org/resource/EHL_Wolves,EHL Wolves,1828
http://dbpedia.org/resource/Jersey_Express,Jersey Express,2214
http://dbpedia.org/resource/Uraidla_Districts_Football_Club,Uraidla Districts Football Club,2122
http://dbpedia.org/resource/Treherbert_RFC,Treherbert RFC,1928
http://dbpedia.org/resource/Las_Vegas_Outlaws_(XFL),Las Vegas Outlaws (XFL),2032
http://dbpedia.org/resource/Myrtleford_Football_Club,Myrtleford Football Club,2227
http://dbpedia.org/resource/Stahl_Hennigsdorf_Rugby,Stahl Hennigsdorf Rugby,2092
http://dbpedia.org/resource/Koç_Rams,Koç Rams,1799
http://dbpedia.org/resource/Echo_Fox,Echo Fox,1823
http://dbpedia.org/resource/SD_Budućnost_Podgorica,SD Budućnost Podgorica,1889
http://dbpedia.org/resource/La_Porchetta,La Porchetta,2416
http://dbpedia.org/resource/Family_Law_in_Partnership,Family Law in Partnership,2068
http://dbpedia.org/resource/Nanaimo_Clippers,Nanaimo Clippers,2215
http://dbpedia.org/resource/CS_Femina-Sport_Chișinău,CS Femina-Sport Chișinău,1679
http://dbpedia.org/resource/RK_Geležinis_Vilkas,RK Geležinis Vilkas,1620
http://dbpedia.org/resource/Lichfield_Rugby_Union_Football_Club,Lichfield Rugby Union Football Club,2029
http://dbpedia.org/resource/Dunstablians_R.F.C.,Dunstablians R.F.C.,1793
http://dbpedia.org/resource/Longford_RFC,Longford RFC,1882
http://dbpedia.org/resource/Oakleigh_Chargers,Oakleigh Chargers,2016
http://dbpedia.org/resource/Anti-Assassins,Anti-Assassins,1937
http://dbpedia.org/resource/HK_Lido_Nafta_Riga,HK Lido Nafta Riga,2287
http://dbpedia.org/resource/KS_Cracovia_(ice_hockey),KS Cracovia (ice hockey),2150
http://dbpedia.org/resource/Haifa_Hawks,Haifa Hawks,2153
http://dbpedia.org/resource/Nea_Kifissia_B.C.,Nea Kifissia B.C.,2194
http://dbpedia.org/resource/Lokomotiv_RFC,Lokomotiv RFC,1510
http://dbpedia.org/resource/Glenrothes_RFC,Glenrothes RFC,2101
http://dbpedia.org/resource/Paris-Levallois_Basket,Paris-Levallois Basket,2054
http://dbpedia.org/resource/Clermont_UC,Clermont UC,2102
http://dbpedia.org/resource/Blagnac_SCR,Blagnac SCR,1982
http://dbpedia.org/resource/Minnesota_Blue_Ox,Minnesota Blue Ox,1974
http://dbpedia.org/resource/Melfort_Mustangs,Melfort Mustangs,1942
http://dbpedia.org/resource/SO_Voiron,SO Voiron,1798
http://dbpedia.org/resource/Waverley_Falcons,Waverley Falcons,1752
http://dbpedia.org/resource/IK_Oskarshamn,IK Oskarshamn,2004
http://dbpedia.org/resource/Colorado_Crossover,Colorado Crossover,2196
http://dbpedia.org/resource/Frisco_Falcons,Frisco Falcons,1986
http://dbpedia.org/resource/Immortals_(eSports),Immortals (eSports),1903
http://dbpedia.org/resource/Camborne_RFC,Camborne RFC,1826
http://dbpedia.org/resource/Hawke's_Bay_Rugby_Union,Hawke's Bay Rugby Union,1549
http://dbpedia.org/resource/Mid-Michigan_Destroyers,Mid-Michigan Destroyers,2191
http://dbpedia.org/resource/CB_Murcia,CB Murcia,1871
http://dbpedia.org/resource/RFC_Raiders,RFC Raiders,1832
http://dbpedia.org/resource/UR_Almería,UR Almería,2246
http://dbpedia.org/resource/Newbridge_RFC,Newbridge RFC,2015
http://dbpedia.org/resource/Cork_Admirals,Cork Admirals,1749
http://dbpedia.org/resource/Ulverstone_Football_Club,Ulverstone Football Club,2034
http://dbpedia.org/resource/CB_Tizona,CB Tizona,1672
http://dbpedia.org/resource/Wimbledon_RFC,Wimbledon RFC,1729
http://dbpedia.org/resource/Peristeri_B.C.,Peristeri B.C.,1943
http://dbpedia.org/resource/KK_Parklji_Ljubljana,KK Parklji Ljubljana,2152
http://dbpedia.org/resource/Birkirkara_Alligators_RFC,Birkirkara Alligators RFC,1745
http://dbpedia.org/resource/Bandırma_Kırmızı,Bandırma Kırmızı,2039
http://dbpedia.org/resource/Saigon_Heat_(VBA),Saigon Heat (VBA),1849
http://dbpedia.org/resource/Joondalup_Wolves,Joondalup Wolves,1702
http://dbpedia.org/resource/Maesteg_Harlequins_RFC,Maesteg Harlequins RFC,1870
http://dbpedia.org/resource/Lenny's_Sub_Shop,Lenny's Sub Shop,2249
http://dbpedia.org/resource/Kerry_Park_Islanders,Kerry Park Islanders,1765
http://dbpedia.org/resource/Soles_de_Mexicali,Soles de Mexicali,1663
http://dbpedia.org/resource/DSV_78/08_Ricklingen,DSV 78/08 Ricklingen,2209
http://dbpedia.org/resource/Kenfig_Hill_RFC,Kenfig Hill RFC,1891
http://dbpedia.org/resource/Spartak_Sofia_(ice_hockey),Spartak Sofia (ice hockey),1644
http://dbpedia.org/resource/ABC_Graz,ABC Graz,2025
http://dbpedia.org/resource/Niagara_IceDogs,Niagara IceDogs,2244
http://dbpedia.org/resource/Kitsap_Admirals,Kitsap Admirals,1604
http://dbpedia.org/resource/Oettinger_Rockets_Gotha,Oettinger Rockets Gotha,2181
http://dbpedia.org/resource/Mexico_Golden_Aztecs,Mexico Golden Aztecs,1938
http://dbpedia.org/resource/The_Flying_Pigs,The Flying Pigs,1962
http://dbpedia.org/resource/Gary_Steelheads,Gary Steelheads,1993
http://dbpedia.org/resource/Birr_RFC,Birr RFC,1668
http://dbpedia.org/resource/Capitanes_de_Arecibo,Capitanes de Arecibo,2037
http://dbpedia.org/resource/University_Gardens_Seahawks,University Gardens Seahawks,2455
http://dbpedia.org/resource/Nyon_Rugby_Club,Nyon Rugby Club,1944
http://dbpedia.org/resource/Fundación_Lucentum_Baloncesto,Fundación Lucentum Baloncesto,2008
http://dbpedia.org/resource/Bradford_&_Bingley_RFC,Bradford & Bingley RFC,1881
http://dbpedia.org/resource/Deggendorf_Fire,Deggendorf Fire,1684
http://dbpedia.org/resource/Titánicos_de_León,Titánicos de León,1646
http://dbpedia.org/resource/Elitzur_Yavne_B.C.,Elitzur Yavne B.C.,1720
http://dbpedia.org/resource/Toronto_Raptors,Toronto Raptors,1848
http://dbpedia.org/resource/Florida_Tarpons,Florida Tarpons,2140
http://dbpedia.org/resource/Pembroke_RFC,Pembroke RFC,1855
http://dbpedia.org/resource/KK_FMP_Beograd,KK FMP Beograd,2003
http://dbpedia.org/resource/KTH_Krynica,KTH Krynica,1712
http://dbpedia.org/resource/Trenton_Steel,Trenton Steel,1547
http://dbpedia.org/resource/Moycullen_Basketball_Club,Moycullen Basketball Club,2106
http://dbpedia.org/resource/Bodens_HF,Bodens HF,1939
http://dbpedia.org/resource/Atlanta_Hawks,Atlanta Hawks,1545
http://dbpedia.org/resource/Hambantota_Sharks,Hambantota Sharks,1613
http://dbpedia.org/resource/Royal_Belgrade_Rugby_Club,Royal Belgrade Rugby Club,2215
http://dbpedia.org/resource/Melbourne_Rebels,Melbourne Rebels,1680
http://dbpedia.org/resource/Hobart_Football_Club,Hobart Football Club,1878
http://dbpedia.org/resource/BSC_Preussen,BSC Preussen,2341
http://dbpedia.org/resource/Braga_Rugby,Braga Rugby,2199
http://dbpedia.org/resource/Singapore_Slingers,Singapore Slingers,1894
http://dbpedia.org/resource/Black_Thunder_Rugby_Football_Club,Black Thunder Rugby Football Club,2144
http://dbpedia.org/resource/Kansas_City_Soul,Kansas City Soul,2181
http://dbpedia.org/resource/Barking_Rugby_Football_Club,Barking Rugby Football Club,1803
http://dbpedia.org/resource/Paris_Mounties,Paris Mounties,2082
http://dbpedia.org/resource/Beaconsfield_Rugby_Club,Beaconsfield Rugby Club,2228
http://dbpedia.org/resource/Harlequin_Ladies_Football_Club,Harlequin Ladies Football Club,2218
http://dbpedia.org/resource/World_Class_Aviation_Academy_Giants,World Class Aviation Academy Giants,1905
http://dbpedia.org/resource/New_York_Sportimes,New York Sportimes,1901
http://dbpedia.org/resource/Perth_Wildcats,Perth Wildcats,2111
http://dbpedia.org/resource/Pampas_XV,Pampas XV,1980
http://dbpedia.org/resource/Nishinomiya_Storks,Nishinomiya Storks,1968
http://dbpedia.org/resource/HC_Fribourg-Gottéron,HC Fribourg-Gottéron,2087
http://dbpedia.org/resource/Secom_Rugguts,Secom Rugguts,1865
http://dbpedia.org/resource/Pécsi_VSK_(men's_water_polo),Pécsi VSK (men's water polo),2296
http://dbpedia.org/resource/Townsville_Fire,Townsville Fire,1853
http://dbpedia.org/resource/Paisley_Pirates,Paisley Pirates,1988
http://dbpedia.org/resource/Springfield_Spirit,Springfield Spirit,2323
http://dbpedia.org/resource/King_Country_Rugby_Football_Union,King Country Rugby Football Union,1860
http://dbpedia.org/resource/AK_Nikšić,AK Nikšić,2271
http://dbpedia.org/resource/Brockville_Football_Club,Brockville Football Club,1931
http://dbpedia.org/resource/Picton_Pirates,Picton Pirates,2367
http://dbpedia.org/resource/VRK_Tigrarna,VRK Tigrarna,1941
http://dbpedia.org/resource/Bacchus_Marsh_Football_Club,Bacchus Marsh Football Club,1976
http://dbpedia.org/resource/Beddau_RFC,Beddau RFC,1732
http://dbpedia.org/resource/RK_03_Berlin,RK 03 Berlin,2097
http://dbpedia.org/resource/West_Coast_Lightning,West Coast Lightning,2092
http://dbpedia.org/resource/Plattling_Black_Hawks,Plattling Black Hawks,2223
http://dbpedia.org/resource/RC_Posnania,RC Posnania,1799
http://dbpedia.org/resource/Garndiffaith_RFC,Garndiffaith RFC,2423
http://dbpedia.org/resource/Wests_Lions,Wests Lions,2237
http://dbpedia.org/resource/Aarhus_RK,Aarhus RK,1695
http://dbpedia.org/resource/Elliniko-Sourmena_B.C.,Elliniko-Sourmena B.C.,2328
http://dbpedia.org/resource/Club_des_Patineurs_de_Paris,Club des Patineurs de Paris,1840
http://dbpedia.org/resource/CS_Universitatea_Cluj_(basketball),CS Universitatea Cluj (basketball),1903
http://dbpedia.org/resource/Tredegar_RFC,Tredegar RFC,2278
http://dbpedia.org/resource/Mobile_Revelers,Mobile Revelers,2019
http://dbpedia.org/resource/Eastern_Province_Kings,Eastern Province Kings,1717
http://dbpedia.org/resource/Ricoh_Black_Rams,Ricoh Black Rams,1761
http://dbpedia.org/resource/Tijuca_Tênis_Clube,Tijuca Tênis Clube,1724
http://dbpedia.org/resource/Virginia_Squires,Virginia Squires,2316
http://dbpedia.org/resource/Desterro_Rugby_Clube,Desterro Rugby Clube,1959
http://dbpedia.org/resource/Almonte_Jr._Sharpshooters,Almonte Jr. Sharpshooters,2416
http://dbpedia.org/resource/Botafogo_Reptiles,Botafogo Reptiles,2242
http://dbpedia.org/resource/Florida_Marine_Raiders,Florida Marine Raiders,2038
http://dbpedia.org/resource/Pizza_Lucé,Pizza Lucé,2131
http://dbpedia.org/resource/San_Diego_Siege,San Diego Siege,1715
http://dbpedia.org/resource/Aalborg_Pirates,Aalborg Pirates,1930
http://dbpedia.org/resource/Kobrat,Kobrat,2048
http://dbpedia.org/resource/New_South_Wales_Waratahs,New South Wales Waratahs,2453
http://dbpedia.org/resource/Kanazawa_Samuraiz,Kanazawa Samuraiz,2279
http://dbpedia.org/resource/Guangzhou_Long-Lions,Guangzhou Long-Lions,2051
http://dbpedia.org/resource/Georgia_Firebirds,Georgia Firebirds,2331
http://dbpedia.org/resource/Sport_in_Kosovo,Sport in Kosovo,1718
http://dbpedia.org/resource/Perthshire_RFC,Perthshire RFC,2129
http://dbpedia.org/resource/Flint_Fuze,Flint Fuze,2247
http://dbpedia.org/resource/Mitchell_Hawks,Mitchell Hawks,2124
http://dbpedia.org/resource/Kalmar_BTK,Kalmar BTK,1746
http://dbpedia.org/resource/Shoalhaven_Tigers,Shoalhaven Tigers,1659
http://dbpedia.org/resource/Atlanta_Justice,Atlanta Justice,1801
http://dbpedia.org/resource/Kelvinside_Academicals_RFC,Kelvinside Academicals RFC,2037
http://dbpedia.org/resource/KK_Ibar,KK Ibar,2264
http://dbpedia.org/resource/Panionios_B.C.,Panionios B.C.,2254
http://dbpedia.org/resource/Tarbes_Pyrénées_Rugby,Tarbes Pyrénées Rugby,2034
http://dbpedia.org/resource/Guimarães_RUFC,Guimarães RUFC,2046
http://dbpedia.org/resource/Mission_City_Outlaws,Mission City Outlaws,2076
http://dbpedia.org/resource/Gent_Hawks,Gent Hawks,2274
http://dbpedia.org/resource/Rose_City_Wildcats,Rose City Wildcats,1821
http://dbpedia.org/resource/Seapoint_RFC,Seapoint RFC,1686
http://dbpedia.org/resource/Strathmore_University_RFC,Strathmore University RFC,1973
http://dbpedia.org/resource/Rugby_Viadana,Rugby Viadana,1951
http://dbpedia.org/resource/James_Bay_Athletic_Association,James Bay Athletic Association,2112
http://dbpedia.org/resource/Galatasaray_Sailing,Galatasaray Sailing,1616
http://dbpedia.org/resource/Rusich_Podolsk,Rusich Podolsk,2007
http://dbpedia.org/resource/Hull_Thunder,Hull Thunder,2134
http://dbpedia.org/resource/Glasgow_HSFP,Glasgow HSFP,2038
http://dbpedia.org/resource/Bilyi_Bars,Bilyi Bars,2168
http://dbpedia.org/resource/South_Africa_President's_XV,South Africa President's XV,1666
http://dbpedia.org/resource/Huntington_Heroes,Huntington Heroes,2262
http://dbpedia.org/resource/Wichita_Stealth,Wichita Stealth,1807
http://dbpedia.org/resource/ARC_Iuridica,ARC Iuridica,1705
http://dbpedia.org/resource/Atlanta_Glory,Atlanta Glory,1752
http://dbpedia.org/resource/Mogliano_Rugby,Mogliano Rugby,1886
http://dbpedia.org/resource/ŽKK_Sloboda_Novi_Grad,ŽKK Sloboda Novi Grad,2159
http://dbpedia.org/resource/HC_Bryansk,HC Bryansk,1698
http://dbpedia.org/resource/McLaren_Football_Club,McLaren Football Club,1827
http://dbpedia.org/resource/Baltimore_Mariners,Baltimore Mariners,1971
http://dbpedia.org/resource/West_Bridgford_RFC,West Bridgford RFC,2093
http://dbpedia.org/resource/Detroit_Fury,Detroit Fury,2100
http://dbpedia.org/resource/Argis_Kalamata,Argis Kalamata,1892
http://dbpedia.org/resource/Basket_Brescia_Leonessa,Basket Brescia Leonessa,1693
http://dbpedia.org/resource/Maid_Brigade,Maid Brigade,1969
http://dbpedia.org/resource/Lincoln_Capitols,Lincoln Capitols,1924
http://dbpedia.org/resource/Wadebridge_Camels,Wadebridge Camels,1805
http://dbpedia.org/resource/Ragbi_Klub_Mornar_Bar,Ragbi Klub Mornar Bar,2370
http://dbpedia.org/resource/Carolina_Rhinos,Carolina Rhinos,2214
http://dbpedia.org/resource/Rote_Teufel_Bad_Nauheim,Rote Teufel Bad Nauheim,1960
http://dbpedia.org/resource/Vålerengens_IF,Vålerengens IF,1784
http://dbpedia.org/resource/Melbourne_Boomers,Melbourne Boomers,2071
http://dbpedia.org/resource/Cobham_RFC,Cobham RFC,2299
http://dbpedia.org/resource/Monmouth_RFC,Monmouth RFC,2333
http://dbpedia.org/resource/Metallurg_Novokuznetsk,Metallurg Novokuznetsk,2008
http://dbpedia.org/resource/KK_FMP,KK FMP,1825
http://dbpedia.org/resource/Glasgow_High_Kelvinside,Glasgow High Kelvinside,2207
http://dbpedia.org/resource/Saski_Baskonia,Saski Baskonia,2432
http://dbpedia.org/resource/Birmingham_&_Solihull_R.F.C.,Birmingham & Solihull R.F.C.,2397
http://dbpedia.org/resource/ŽKK_Kranjska_Gora,ŽKK Kranjska Gora,2019
http://dbpedia.org/resource/AK_Plaza,AK Plaza,1954
http://dbpedia.org/resource/Panellinios_B.C.,Panellinios B.C.,1990
http://dbpedia.org/resource/Královští_Lvi,Královští Lvi,1825
http://dbpedia.org/resource/Oakthorpe_Invitational,Oakthorpe Invitational,1999
http://dbpedia.org/resource/University_of_Western_Australia_Hockey_Club,University of Western Australia Hockey Club,2210
http://dbpedia.org/resource/VK_Crvena_zvezda,VK Crvena zvezda,2061
http://dbpedia.org/resource/Boulazac_Basket_Dordogne,Boulazac Basket Dordogne,2419
http://dbpedia.org/resource/Ángeles_de_Puebla_(basketball),Ángeles de Puebla (basketball),2409
http://dbpedia.org/resource/Glynneath_RFC,Glynneath RFC,1864
http://dbpedia.org/resource/Yantar_Seversk,Yantar Seversk,1952
http://dbpedia.org/resource/ASI_Panthers,ASI Panthers,2263
http://dbpedia.org/resource/Enniscorthy_RFC,Enniscorthy RFC,1772
http://dbpedia.org/resource/The_London_Tigers,The London Tigers,1919
http://dbpedia.org/resource/Willetton_Tigers,Willetton Tigers,2073
http://dbpedia.org/resource/Chilliwack_Chiefs_(2011–),Chilliwack Chiefs (2011–),2073
http://dbpedia.org/resource/BC_Neptūnas,BC Neptūnas,1764
http://dbpedia.org/resource/Cleve_RFC,Cleve RFC,2081
http://dbpedia.org/resource/Mumbles_RFC,Mumbles RFC,1881
http://dbpedia.org/resource/Chicago_riot_rugby_football_club,Chicago riot rugby football club,2075
http://dbpedia.org/resource/Aberavon_Green_Stars_RFC,Aberavon Green Stars RFC,1792
http://dbpedia.org/resource/Hull_Ionians,Hull Ionians,2109
http://dbpedia.org/resource/Kelowna_Rockets,Kelowna Rockets,1671
http://dbpedia.org/resource/Loughor_RFC,Loughor RFC,1684
http://dbpedia.org/resource/Brisbane_City_(rugby_team),Brisbane City (rugby team),2001
http://dbpedia.org/resource/San_Antonio_Texans,San Antonio Texans,2068
http://dbpedia.org/resource/Philadelphia_Yellow_Jackets,Philadelphia Yellow Jackets,2066
http://dbpedia.org/resource/Mount_Royal_College_Cougars,Mount Royal College Cougars,1700
http://dbpedia.org/resource/Florida_Flame,Florida Flame,2129
http://dbpedia.org/resource/Falkirk_RFC,Falkirk RFC,1702
http://dbpedia.org/resource/Sioux_Falls_Storm,Sioux Falls Storm,2178
http://dbpedia.org/resource/Carolina_King_Giants,Carolina King Giants,2277
http://dbpedia.org/resource/Eibar_RT,Eibar RT,1709
http://dbpedia.org/resource/KK_Šenčur,KK Šenčur,1783
http://dbpedia.org/resource/Mat-Su_Miners,Mat-Su Miners,2232
http://dbpedia.org/resource/Saint-Paul_Sports_Rugby,Saint-Paul Sports Rugby,1958
http://dbpedia.org/resource/ZVL_Leiden,ZVL Leiden,1602
http://dbpedia.org/resource/Magnolia_Purewater_Wizards,Magnolia Purewater Wizards,2084
http://dbpedia.org/resource/Canada_West_(rugby_team),Canada West (rugby team),1738
http://dbpedia.org/resource/Pocklington_RUFC,Pocklington RUFC,2169
http://dbpedia.org/resource/ASPTT_Arras,ASPTT Arras,2471
http://dbpedia.org/resource/Arizona_Outlaws_(AIF),Arizona Outlaws (AIF),1887
http://dbpedia.org/resource/MC_Oran_(basketball),MC Oran (basketball),1890
http://dbpedia.org/resource/Újpesti_TE_(canoeing),Újpesti TE (canoeing),2142
http://dbpedia.org/resource/RC_Kochebi_Bolnisi,RC Kochebi Bolnisi,2483
http://dbpedia.org/resource/Launceston_Rugby_Union_Football_Club,Launceston Rugby Union Football Club,2149
http://dbpedia.org/resource/Washington_Irish_R.F.C.,Washington Irish R.F.C.,2014
http://dbpedia.org/resource/Slovenska_Bistrica_Werewolves,Slovenska Bistrica Werewolves,1780
http://dbpedia.org/resource/Ferndale_RFC,Ferndale RFC,2193
http://dbpedia.org/resource/Greystones_RFC,Greystones RFC,1550
http://dbpedia.org/resource/Finger_Lakes_Falcons,Finger Lakes Falcons,1859
http://dbpedia.org/resource/Grupo_Desportivo_Direito,Grupo Desportivo Direito,1795
http://dbpedia.org/resource/Amatori_Catania,Amatori Catania,1766
http://dbpedia.org/resource/HC_Slezan_Opava,HC Slezan Opava,1558
http://dbpedia.org/resource/Stillorgan_RFC,Stillorgan RFC,2275
http://dbpedia.org/resource/Nepean_Raiders,Nepean Raiders,1599
http://dbpedia.org/resource/Seibu_Prince_Rabbits,Seibu Prince Rabbits,2058
http://dbpedia.org/resource/Cloud9_(eSports),Cloud9 (eSports),1994
http://dbpedia.org/resource/Aris_B.C.,Aris B.C.,1981
http://dbpedia.org/resource/Holyoke_Hurricanes,Holyoke Hurricanes,2187
http://dbpedia.org/resource/Incheon_Shinhan_Bank_S-Birds,Incheon Shinhan Bank S-Birds,1845
http://dbpedia.org/resource/RK_03_Berlin,RK 03 Berlin,2086
http://dbpedia.org/resource/Dublin_Rebels,Dublin Rebels,2265
http://dbpedia.org/resource/Sri_Lanka_Army_Sports_Club_(rugby),Sri Lanka Army Sports Club (rugby),1831
http://dbpedia.org/resource/Minnesota_Flame,Minnesota Flame,2034
http://dbpedia.org/resource/Windsor_Clippers,Windsor Clippers,2283
http://dbpedia.org/resource/Castlemaine_Football_Club,Castlemaine Football Club,1818
http://dbpedia.org/resource/New_England_Intensity,New England Intensity,1742
http://dbpedia.org/resource/Büyükçekmece_Basketbol,Büyükçekmece Basketbol,1977
http://dbpedia.org/resource/BC_Dnipro,BC Dnipro,2429
http://dbpedia.org/resource/Baltimore_Shuckers,Baltimore Shuckers,2034
http://dbpedia.org/resource/Washington_Power_(inline_hockey),Washington Power (inline hockey),2217
http://dbpedia.org/resource/EHC_Bregenzerwald,EHC Bregenzerwald,1978
http://dbpedia.org/resource/Uttoxeter_Rugby_Club,Uttoxeter Rugby Club,2043
http://dbpedia.org/resource/AC_Milanese_DG,AC Milanese DG,1879
http://dbpedia.org/resource/Gaziantep_Basketbol,Gaziantep Basketbol,1829
http://dbpedia.org/resource/Aberavon_RFC,Aberavon RFC,2221
http://dbpedia.org/resource/Villager_Football_Club,Villager Football Club,1825
http://dbpedia.org/resource/Indiana_Speed,Indiana Speed,2245
http://dbpedia.org/resource/Alba_Berlin,Alba Berlin,2077
http://dbpedia.org/resource/CS_Dinamo_București_(rugby),CS Dinamo București (rugby),2314
http://dbpedia.org/resource/Galatasaray_Judo,Galatasaray Judo,2200
http://dbpedia.org/resource/Yizre'el_RC,Yizre'el RC,1983
http://dbpedia.org/resource/Cary_Invasion,Cary Invasion,2300
http://dbpedia.org/resource/Gran_Ducato_Parma_Rugby,Gran Ducato Parma Rugby,1981
http://dbpedia.org/resource/Lake_Charles_Ice_Pirates,Lake Charles Ice Pirates,1738
http://dbpedia.org/resource/Houston_E-Z_Riders,Houston E-Z Riders,1576
http://dbpedia.org/resource/Galwegians_RFC,Galwegians RFC,2182
http://dbpedia.org/resource/Stockton_Wolves,Stockton Wolves,1649
http://dbpedia.org/resource/Gravity_Gaming,Gravity Gaming,2223
http://dbpedia.org/resource/South_Shields_RFC,South Shields RFC,1701
http://dbpedia.org/resource/Fort_Garry/Fort_Rouge_Twins,Fort Garry/Fort Rouge Twins,2036
http://dbpedia.org/resource/Södertälje_Rugbyklubb,Södertälje Rugbyklubb,2086
http://dbpedia.org/resource/Peramatos_Ermis_B.C.,Peramatos Ermis B.C.,2097
http://dbpedia.org/resource/HC_Vityaz,HC Vityaz,1936
http://dbpedia.org/resource/Nipawin_Hawks,Nipawin Hawks,1855
http://dbpedia.org/resource/Gymnastikos_S._Larissas_B.C.,Gymnastikos S. Larissas B.C.,2098
http://dbpedia.org/resource/Springfield_Celts_Rugby_Club,Springfield Celts Rugby Club,1583
http://dbpedia.org/resource/Eugene_Chargers,Eugene Chargers,2174
http://dbpedia.org/resource/Divine_Madness_Running_Club,Divine Madness Running Club,1738
http://dbpedia.org/resource/Västerstrands_AIK,Västerstrands AIK,1754
http://dbpedia.org/resource/BC_Balkan_Botevgrad,BC Balkan Botevgrad,2277
http://dbpedia.org/resource/Sydney_Rays,Sydney Rays,2009
http://dbpedia.org/resource/Haderslev_RC,Haderslev RC,1764
http://dbpedia.org/resource/Olympiacos_Women's_Water_Polo_Team,Olympiacos Women's Water Polo Team,2274
http://dbpedia.org/resource/Maccabi_Bnot_Ashdod,Maccabi Bnot Ashdod,1834
http://dbpedia.org/resource/Nashville_Venom,Nashville Venom,1967
http://dbpedia.org/resource/California_Eagles_(AIF),California Eagles (AIF),2428
http://dbpedia.org/resource/Alfta_GIF,Alfta GIF,1596
http://dbpedia.org/resource/Scarlets,Scarlets,2048
http://dbpedia.org/resource/Panelefsiniakos_B.C.,Panelefsiniakos B.C.,2295
http://dbpedia.org/resource/Asker_Aliens_B.C.,Asker Aliens B.C.,1781
http://dbpedia.org/resource/Mygdonia_A.C.,Mygdonia A.C.,1953
http://dbpedia.org/resource/Caciques_de_Humacao,Caciques de Humacao,2213
http://dbpedia.org/resource/Norfolk_Nighthawks,Norfolk Nighthawks,1561
http://dbpedia.org/resource/KK_Vinkovci,KK Vinkovci,1628
http://dbpedia.org/resource/Miyazaki_Shining_Suns,Miyazaki Shining Suns,1673
http://dbpedia.org/resource/Birmingham_Thunderbolts,Birmingham Thunderbolts,2232
http://dbpedia.org/resource/Delaware_87ers,Delaware 87ers,2183
http://dbpedia.org/resource/Sutton_Coldfield_RFC,Sutton Coldfield RFC,2144
http://dbpedia.org/resource/Northern_Indiana_Monarchs,Northern Indiana Monarchs,1781
http://dbpedia.org/resource/Hibernia_Basketball,Hibernia Basketball,2016
http://dbpedia.org/resource/Macon_Steel,Macon Steel,2014
http://dbpedia.org/resource/San_Miguel-Team_Pilipinas,San Miguel-Team Pilipinas,1783
http://dbpedia.org/resource/Johnny_Rockets,Johnny Rockets,2346
http://dbpedia.org/resource/Nottingham_Moderns_R.F.C,Nottingham Moderns R.F.C,1919
http://dbpedia.org/resource/Irakleio_B.C.,Irakleio B.C.,1982
http://dbpedia.org/resource/Phoenix_Prowlers,Phoenix Prowlers,1637
http://dbpedia.org/resource/Bolton_R.U.F.C,Bolton R.U.F.C,1724
http://dbpedia.org/resource/KK_Student_Mostar,KK Student Mostar,1690
http://dbpedia.org/resource/Zebre,Zebre,2099
http://dbpedia.org/resource/GPS_Rugby,GPS Rugby,1567
http://dbpedia.org/resource/Al_Riyadi_Amman,Al Riyadi Amman,1989
http://dbpedia.org/resource/Las_Vegas_Aces_(basketball),Las Vegas Aces (basketball),2271
http://dbpedia.org/resource/KK_Šentjur,KK Šentjur,1879
http://dbpedia.org/resource/OKK_Spars_Sarajevo,OKK Spars Sarajevo,1994
http://dbpedia.org/resource/Zob_Ahan_Isfahan_BC,Zob Ahan Isfahan BC,1915
http://dbpedia.org/resource/Briton_Ferry_RFC,Briton Ferry RFC,1648
http://dbpedia.org/resource/Budapest_Wolves,Budapest Wolves,2587
http://dbpedia.org/resource/Lethbridge_Hurricanes,Lethbridge Hurricanes,1994
http://dbpedia.org/resource/ZV_De_Zaan,ZV De Zaan,2097
http://dbpedia.org/resource/Cirencester_RFC,Cirencester RFC,1888
http://dbpedia.org/resource/KK_Partizan,KK Partizan,1684
http://dbpedia.org/resource/New_York_Empire_(tennis),New York Empire (tennis),2114
http://dbpedia.org/resource/Hoops_Club,Hoops Club,2256
http://dbpedia.org/resource/Newcastle_Falcons_(basketball),Newcastle Falcons (basketball),1871
http://dbpedia.org/resource/HC_Neumarkt-Egna,HC Neumarkt-Egna,2142
http://dbpedia.org/resource/Cocodrilos_de_Caracas,Cocodrilos de Caracas,1884
http://dbpedia.org/resource/Silver_State_Legacy,Silver State Legacy,1839
http://dbpedia.org/resource/Cardiff_Quins_RFC,Cardiff Quins RFC,1815
http://dbpedia.org/resource/Olds_Grizzlys,Olds Grizzlys,1979
http://dbpedia.org/resource/Stahl_Brandenburg_Rugby,Stahl Brandenburg Rugby,1927
http://dbpedia.org/resource/Düsseldorf_Baskets,Düsseldorf Baskets,2202
http://dbpedia.org/resource/Lieksan_Hurtat,Lieksan Hurtat,1666
http://dbpedia.org/resource/Jackson_Wildcats,Jackson Wildcats,1962
http://dbpedia.org/resource/Basketball_Agia_Paraskevi,Basketball Agia Paraskevi,2202
http://dbpedia.org/resource/HC_Levski_Sofia,HC Levski Sofia,2168
http://dbpedia.org/resource/AD_Torreforta,AD Torreforta,1528
http://dbpedia.org/resource/Alaska_Goldpanners_of_Fairbanks,Alaska Goldpanners of Fairbanks,1564
http://dbpedia.org/resource/IF_Troja/Ljungby,IF Troja/Ljungby,1841
http://dbpedia.org/resource/Georgia_Rampage,Georgia Rampage,1831
http://dbpedia.org/resource/Astralis,Astralis,1972
http://dbpedia.org/resource/BK_Grodno-93,BK Grodno-93,1773
http://dbpedia.org/resource/International_Racers,International Racers,2365
http://dbpedia.org/resource/Earlston_RFC,Earlston RFC,1686
http://dbpedia.org/resource/Chester_Gladiators,Chester Gladiators,1924
http://dbpedia.org/resource/Wynyard_Football_Club,Wynyard Football Club,1686
http://dbpedia.org/resource/Ironi_Kiryat_Ata_B.C.,Ironi Kiryat Ata B.C.,2310
http://dbpedia.org/resource/Hamburg_Towers,Hamburg Towers,2062
http://dbpedia.org/resource/Dinamo_Sofia_(ice_hockey),Dinamo Sofia (ice hockey),1948
http://dbpedia.org/resource/Augusta_Groove,Augusta Groove,2272
http://dbpedia.org/resource/Syston_RFC,Syston RFC,1643
http://dbpedia.org/resource/Beijing_Ducks,Beijing Ducks,2365
http://dbpedia.org/resource/Connecticut_Cyclones,Connecticut Cyclones,1778
http://dbpedia.org/resource/Les_Canadiennes_de_Montreal,Les Canadiennes de Montreal,1598
http://dbpedia.org/resource/USO_Mondeville,USO Mondeville,2200
http://dbpedia.org/resource/Toronto_Balmy_Beach_Beachers,Toronto Balmy Beach Beachers,1952
http://dbpedia.org/resource/Psychiko_B.C.,Psychiko B.C.,1901
http://dbpedia.org/resource/BC_Zaporizhya,BC Zaporizhya,1580
http://dbpedia.org/resource/Greenville_Groove,Greenville Groove,1892
http://dbpedia.org/resource/San_Diego_Breakers,San Diego Breakers,2015
http://dbpedia.org/resource/Canberra_Vikings,Canberra Vikings,1963
http://dbpedia.org/resource/Gothenburg_Rugby_Club,Gothenburg Rugby Club,1789
http://dbpedia.org/resource/Toronto_Tecumsehs,Toronto Tecumsehs,1724
http://dbpedia.org/resource/Planet_Fitness,Planet Fitness,1777
http://dbpedia.org/resource/Quimic_Equip_Rugby,Quimic Equip Rugby,1816
http://dbpedia.org/resource/Montreal_Beavers,Montreal Beavers,1870
http://dbpedia.org/resource/Memphis_Dynasty,Memphis Dynasty,1860
http://dbpedia.org/resource/Banga_Beats,Banga Beats,1795
http://dbpedia.org/resource/Biciklistički_Klub_Partizan,Biciklistički Klub Partizan,1945
http://dbpedia.org/resource/Kranj_Alp_Devils,Kranj Alp Devils,1872
http://dbpedia.org/resource/Ionikos_Nea_Filadelfeia,Ionikos Nea Filadelfeia,1932
http://dbpedia.org/resource/Medicine_Hat_Tigers,Medicine Hat Tigers,1974
http://dbpedia.org/resource/Port_Huron_Patriots,Port Huron Patriots,1697
http://dbpedia.org/resource/Grandview_Steelers,Grandview Steelers,1966
http://dbpedia.org/resource/Nueva_Ecija_Patriots,Nueva Ecija Patriots,1818
http://dbpedia.org/resource/Denver_Stampede,Denver Stampede,1788
http://dbpedia.org/resource/Croydon_RFC,Croydon RFC,1731
http://dbpedia.org/resource/BC_Savanoris,BC Savanoris,1946
http://dbpedia.org/resource/Transcona_Railer_Express,Transcona Railer Express,1779
http://dbpedia.org/resource/VOO_Wolves_Verviers-Pepinster,VOO Wolves Verviers-Pepinster,1594
http://dbpedia.org/resource/Frederick_Saints,Frederick Saints,1886
http://dbpedia.org/resource/Sault_Ste._Marie_Greyhounds,Sault Ste. Marie Greyhounds,2316
http://dbpedia.org/resource/Ore_Mountain_Club,Ore Mountain Club,1719
http://dbpedia.org/resource/Team_Sweden_(roller_derby),Team Sweden (roller derby),1828
http://dbpedia.org/resource/Montreal_Blitz,Montreal Blitz,1744
http://dbpedia.org/resource/Rugby_Reggio,Rugby Reggio,1794
http://dbpedia.org/resource/Central_Blues,Central Blues,2136
http://dbpedia.org/resource/KTP-Basket,KTP-Basket,1990
http://dbpedia.org/resource/San_Francisco_Legacy,San Francisco Legacy,2113
http://dbpedia.org/resource/BC_Delikatesas,BC Delikatesas,2257
http://dbpedia.org/resource/Washington_Rugby_Football_Club,Washington Rugby Football Club,1808
http://dbpedia.org/resource/IF_Vesta,IF Vesta,2116
http://dbpedia.org/resource/Hunter_Pirates,Hunter Pirates,2401
http://dbpedia.org/resource/Uribealdea_RKE,Uribealdea RKE,1931
http://dbpedia.org/resource/Orlando_Magic,Orlando Magic,1837
http://dbpedia.org/resource/Aalborg_RK,Aalborg RK,1933
http://dbpedia.org/resource/MHK_Dolný_Kubín,MHK Dolný Kubín,2125
http://dbpedia.org/resource/Fairfield_University_men's_volleyball_club,Fairfield University men's volleyball club,2065
http://dbpedia.org/resource/SCPO_(basketball),SCPO (basketball),1921
http://dbpedia.org/resource/Pelita_Jaya_Energi_Mega_Persada,Pelita Jaya Energi Mega Persada,1760
http://dbpedia.org/resource/Saskatoon_Quakers,Saskatoon Quakers,1853
http://dbpedia.org/resource/Ross_Sutherland_RFC,Ross Sutherland RFC,1996
http://dbpedia.org/resource/G.N.O._Aris_Nikaias,G.N.O. Aris Nikaias,1935
http://dbpedia.org/resource/City_of_Derry_R.F.C.,City of Derry R.F.C.,1676
http://dbpedia.org/resource/Hornets_RFC,Hornets RFC,2006
http://dbpedia.org/resource/Fraser_Valley_Venom,Fraser Valley Venom,2223
http://dbpedia.org/resource/Wisconsin_Dragons,Wisconsin Dragons,2293
http://dbpedia.org/resource/BC_Rakvere_Tarvas,BC Rakvere Tarvas,1730
http://dbpedia.org/resource/California_HeatWave,California HeatWave,2421
http://dbpedia.org/resource/Real_Madrid_Baloncesto_B,Real Madrid Baloncesto B,2001
http://dbpedia.org/resource/Norwich_Merchants,Norwich Merchants,1964
http://dbpedia.org/resource/KK_Pärnu,KK Pärnu,2031
http://dbpedia.org/resource/Chennai_Slam,Chennai Slam,1961
http://dbpedia.org/resource/Kaposvári_KK,Kaposvári KK,2271
http://dbpedia.org/resource/Dunaújvárosi_Acélbikák,Dunaújvárosi Acélbikák,1941
http://dbpedia.org/resource/Seahawks_Gdynia,Seahawks Gdynia,1819
http://dbpedia.org/resource/Waterloo_94,Waterloo 94,1652
http://dbpedia.org/resource/Fairfield_University_Men's_Rugby_Football_Club,Fairfield University Men's Rugby Football Club,1908
http://dbpedia.org/resource/Tredegar_Ironsides_RFC,Tredegar Ironsides RFC,2018
http://dbpedia.org/resource/Ohio_Aviators_(rugby),Ohio Aviators (rugby),1650
http://dbpedia.org/resource/Clondalkin_RFC,Clondalkin RFC,1785
http://dbpedia.org/resource/Hørsholm_79ers,Hørsholm 79ers,1844
http://dbpedia.org/resource/Rishon_Devils,Rishon Devils,1756
http://dbpedia.org/resource/Rugby_Club_Walferdange,Rugby Club Walferdange,2277
http://dbpedia.org/resource/Delhi_Dreams,Delhi Dreams,1731
http://dbpedia.org/resource/Elgin_Racers,Elgin Racers,2224
http://dbpedia.org/resource/Ísknattleiksfélagið_Björninn,Ísknattleiksfélagið Björninn,2066
http://dbpedia.org/resource/Sydney_Uni_Flames,Sydney Uni Flames,2027
http://dbpedia.org/resource/Rapallo_Pallanuoto,Rapallo Pallanuoto,1975
http://dbpedia.org/resource/BC_Mureș,BC Mureș,1991
http://dbpedia.org/resource/QTSV_Quakenbrück,QTSV Quakenbrück,1932
http://dbpedia.org/resource/Eeklo_Yeti_Bears,Eeklo Yeti Bears,2121
http://dbpedia.org/resource/Buckeye_Gymnastics,Buckeye Gymnastics,31
http://dbpedia.org/resource/Nedlands_Rugby_Union_Football_Club,Nedlands Rugby Union Football Club,1655
http://dbpedia.org/resource/BK_VEF_Rīga,BK VEF Rīga,2198
http://dbpedia.org/resource/El_Paso_Generals,El Paso Generals,1983
http://dbpedia.org/resource/Prince_George_Cougars,Prince George Cougars,1637
http://dbpedia.org/resource/Forrester_RFC,Forrester RFC,1912
http://dbpedia.org/resource/ThunderCloud_Subs,ThunderCloud Subs,2132
http://dbpedia.org/resource/New_London_County_RFC,New London County RFC,1566
http://dbpedia.org/resource/Toros_de_Nuevo_Laredo,Toros de Nuevo Laredo,2133
http://dbpedia.org/resource/Bermuda_Police_RFC,Bermuda Police RFC,1867
http://dbpedia.org/resource/Mounts_Bay_RFC,Mounts Bay RFC,1850
http://dbpedia.org/resource/Dings_Crusaders_Rugby_Football_Club,Dings Crusaders Rugby Football Club,2056
http://dbpedia.org/resource/Aberavon_Quins_RFC,Aberavon Quins RFC,1635
http://dbpedia.org/resource/FC_Grenoble_(basketball),FC Grenoble (basketball),1824
http://dbpedia.org/resource/Ezzahra_Sports,Ezzahra Sports,1731
http://dbpedia.org/resource/Hackham_Football_Club,Hackham Football Club,1660
http://dbpedia.org/resource/Savannah_Steam,Savannah Steam,1921
http://dbpedia.org/resource/Emerging_Ireland,Emerging Ireland,2105
http://dbpedia.org/resource/Mönchengladbach_Mavericks,Mönchengladbach Mavericks,1816
http://dbpedia.org/resource/Yurmaty_Salavat,Yurmaty Salavat,2051
http://dbpedia.org/resource/Mississauga_Chiefs,Mississauga Chiefs,2103
http://dbpedia.org/resource/Hi-Tech_Bangkok_City,Hi-Tech Bangkok City,2050
http://dbpedia.org/resource/WAT_Stadlau,WAT Stadlau,1744
http://dbpedia.org/resource/Centro_de_Treinamento_Arremessando_para_o_Futuro,Centro de Treinamento Arremessando para o Futuro,1949
http://dbpedia.org/resource/Owen_Sound_Attack,Owen Sound Attack,1615
http://dbpedia.org/resource/Baltimore_Burn,Baltimore Burn,1798
http://dbpedia.org/resource/Mosman_Rugby_Club,Mosman Rugby Club,1562
http://dbpedia.org/resource/Talywain_RFC,Talywain RFC,2019
http://dbpedia.org/resource/BC_Kyiv,BC Kyiv,2016
http://dbpedia.org/resource/Ethnikos_G.S._Athens,Ethnikos G.S. Athens,1849
http://dbpedia.org/resource/Helvetia_Rugby,Helvetia Rugby,2160
http://dbpedia.org/resource/BK_Jūrmala,BK Jūrmala,2403
http://dbpedia.org/resource/Phoenix_Racquets,Phoenix Racquets,1861
http://dbpedia.org/resource/BBV_Hagen,BBV Hagen,1792
http://dbpedia.org/resource/Belfast_Sabres,Belfast Sabres,1635
http://dbpedia.org/resource/New_England_Blizzard,New England Blizzard,2522
http://dbpedia.org/resource/Clonakilty_RFC,Clonakilty RFC,1898
http://dbpedia.org/resource/Zhejiang_Lions,Zhejiang Lions,2055
http://dbpedia.org/resource/Gowerton_RFC,Gowerton RFC,2251
http://dbpedia.org/resource/Streatham-Croydon_RFC,Streatham-Croydon RFC,1922
http://dbpedia.org/resource/Las_Vegas_Cowboys,Las Vegas Cowboys,1971
http://dbpedia.org/resource/Niigata_Albirex_BB,Niigata Albirex BB,2073
http://dbpedia.org/resource/Västerås_SK_Bandy,Västerås SK Bandy,1945
http://dbpedia.org/resource/CB_Ciudad_de_Valladolid,CB Ciudad de Valladolid,1852
http://dbpedia.org/resource/Club_Olympique_Creusot_Bourgogne,Club Olympique Creusot Bourgogne,1879
http://dbpedia.org/resource/London_Raiders,London Raiders,2078
http://dbpedia.org/resource/Arkansas_Stars,Arkansas Stars,1713
http://dbpedia.org/resource/Sporto_Centras_Elektrėnai,Sporto Centras Elektrėnai,2420
http://dbpedia.org/resource/Avangard-Yugra_Kogalym,Avangard-Yugra Kogalym,1801
http://dbpedia.org/resource/Thedford_Dirty_Dogs,Thedford Dirty Dogs,1823
http://dbpedia.org/resource/Dallas_Defenders,Dallas Defenders,1998
http://dbpedia.org/resource/Buffalo_716ers,Buffalo 716ers,2149
http://dbpedia.org/resource/Arizona_Flame,Arizona Flame,2028
http://dbpedia.org/resource/RMIT_Redbacks,RMIT Redbacks,1714
http://dbpedia.org/resource/Newlyn_RFC,Newlyn RFC,2223
http://dbpedia.org/resource/Hernani_CRE,Hernani CRE,1575
http://dbpedia.org/resource/Karlsruher_SV_Rugby,Karlsruher SV Rugby,2279
http://dbpedia.org/resource/Maryland_Reapers,Maryland Reapers,2254
http://dbpedia.org/resource/Czarni_Słupsk,Czarni Słupsk,2191
http://dbpedia.org/resource/BC_Ural_Yekaterinburg,BC Ural Yekaterinburg,1786
http://dbpedia.org/resource/TTT_Riga,TTT Riga,1544
http://dbpedia.org/resource/Östersunds_BS,Östersunds BS,2024
http://dbpedia.org/resource/Chicago_Steam,Chicago Steam,2174
http://dbpedia.org/resource/Baloncesto_León,Baloncesto León,1819
http://dbpedia.org/resource/Ker's_WingHouse,Ker's WingHouse,1952
http://dbpedia.org/resource/Panionios_G.S.S.,Panionios G.S.S.,1881
http://dbpedia.org/resource/ASK_KS_Siarka_Tarnobrzeg,ASK KS Siarka Tarnobrzeg,1845
http://dbpedia.org/resource/Peterborough_Lakers_Jr._A,Peterborough Lakers Jr. A,1921
http://dbpedia.org/resource/Kingston_Frontenacs,Kingston Frontenacs,1641
http://dbpedia.org/resource/Pinkberry,Pinkberry,2268
http://dbpedia.org/resource/Beşiktaş_JK_(wheelchair_basketball),Beşiktaş JK (wheelchair basketball),2164
http://dbpedia.org/resource/Cantabria_Baloncesto,Cantabria Baloncesto,2501
http://dbpedia.org/resource/Pallacanestro_Olimpia_Milano,Pallacanestro Olimpia Milano,2034
http://dbpedia.org/resource/Olímpico_RC,Olímpico RC,2067
http://dbpedia.org/resource/Sydney_Supersonics,Sydney Supersonics,1862
http://dbpedia.org/resource/CB_Tartessos,CB Tartessos,1995
http://dbpedia.org/resource/Central_Cal_War_Angels,Central Cal War Angels,1699
http://dbpedia.org/resource/Scranton_Norseman_Rugby,Scranton Norseman Rugby,1731
http://dbpedia.org/resource/Oxford_Shooting_Stars,Oxford Shooting Stars,1886
http://dbpedia.org/resource/Hawkesbury_Hawks,Hawkesbury Hawks,2151
http://dbpedia.org/resource/Black_Hills_Posse,Black Hills Posse,1823
http://dbpedia.org/resource/KK_Zdravlje,KK Zdravlje,2039
http://dbpedia.org/resource/Klaipėdos_Nafta-Universitetas,Klaipėdos Nafta-Universitetas,1703
http://dbpedia.org/resource/Charleston_Outlaws_RFC,Charleston Outlaws RFC,2101
http://dbpedia.org/resource/BEEM_Mazandaran_Cultural_and_Sport_Club,BEEM Mazandaran Cultural and Sport Club,2517
http://dbpedia.org/resource/US_Montauban,US Montauban,1505
http://dbpedia.org/resource/Pays_des_Olonnes_Basket,Pays des Olonnes Basket,1886
http://dbpedia.org/resource/Dragons_Rhöndorf,Dragons Rhöndorf,1721
http://dbpedia.org/resource/Otahuhu_RFC,Otahuhu RFC,1914
http://dbpedia.org/resource/Nant_Conwy_RFC,Nant Conwy RFC,1994
http://dbpedia.org/resource/CSK_VMF_Moscow,CSK VMF Moscow,1947
http://dbpedia.org/resource/Oklahoma_Thunder,Oklahoma Thunder,2365
http://dbpedia.org/resource/Bury_St_Edmunds_RUFC,Bury St Edmunds RUFC,1906
http://dbpedia.org/resource/Lirija,Lirija,2075
http://dbpedia.org/resource/Diss_Rugby_Club,Diss Rugby Club,2047
http://dbpedia.org/resource/Canton_Charge,Canton Charge,1852
http://dbpedia.org/resource/2011–12_Cornish_Pirates_RFC_season,2011–12 Cornish Pirates RFC season,1796
http://dbpedia.org/resource/Carolina_Force,Carolina Force,2023
http://dbpedia.org/resource/HC_Temirtau,HC Temirtau,2085
http://dbpedia.org/resource/KK_Celje,KK Celje,1995
http://dbpedia.org/resource/San_Juan_Knights,San Juan Knights,2014
http://dbpedia.org/resource/ESSMG_Lyon,ESSMG Lyon,2005
http://dbpedia.org/resource/Sligo_RFC,Sligo RFC,1679
http://dbpedia.org/resource/Asplöven_HC,Asplöven HC,2427
http://dbpedia.org/resource/Fort_McMurray_Oil_Barons,Fort McMurray Oil Barons,2247
http://dbpedia.org/resource/Mississauga_Tomahawks_Jr._A,Mississauga Tomahawks Jr. A,1691
http://dbpedia.org/resource/Fort_Wayne_Fury,Fort Wayne Fury,1818
http://dbpedia.org/resource/Iligan_Crusaders,Iligan Crusaders,2260
