http://dbpedia.org/ontology/WinterSportPlayer,WinterSportPlayer,http://dbpedia.org/ontology/activeYearsEndYear
http://dbpedia.org/resource/David_Porter_(figure_skater),David Porter (figure skater),1578
http://dbpedia.org/resource/André_Lacroix_(ice_hockey),André Lacroix (ice hockey),1849
http://dbpedia.org/resource/Lowell_MacDonald,Lowell MacDonald,2113
http://dbpedia.org/resource/Olga_Akimova,Olga Akimova,2374
http://dbpedia.org/resource/Sinead_Kerr,Sinead Kerr,2497
http://dbpedia.org/resource/André_Peloffy,André Peloffy,2253
http://dbpedia.org/resource/Miljan_Begović,Miljan Begović,2095
http://dbpedia.org/resource/Norman_Lowe,Norman Lowe,1992
http://dbpedia.org/resource/Kay_Whitmore,Kay Whitmore,1725
http://dbpedia.org/resource/Drago_Savić,Drago Savić,1952
http://dbpedia.org/resource/Thomas_Rauer,Thomas Rauer,1689
http://dbpedia.org/resource/Brett_Hextall,Brett Hextall,1787
http://dbpedia.org/resource/Muzz_Murray,Muzz Murray,1995
http://dbpedia.org/resource/Shawn_Belle,Shawn Belle,2198
http://dbpedia.org/resource/Chad_Wagner,Chad Wagner,1846
http://dbpedia.org/resource/Gord_Gallant,Gord Gallant,1941
http://dbpedia.org/resource/Masako_Sato,Masako Sato,2098
http://dbpedia.org/resource/Jesse_Wallin,Jesse Wallin,2304
http://dbpedia.org/resource/Alexei_Urmanov,Alexei Urmanov,1956
http://dbpedia.org/resource/David_Goverde,David Goverde,2213
http://dbpedia.org/resource/Ebbie_Goodfellow,Ebbie Goodfellow,1589
http://dbpedia.org/resource/Eduard_Hartmann,Eduard Hartmann,2419
http://dbpedia.org/resource/Andriy_Kyforenko,Andriy Kyforenko,1880
http://dbpedia.org/resource/Jim_Malone_(ice_hockey),Jim Malone (ice hockey),1926
http://dbpedia.org/resource/Ryan_Walter,Ryan Walter,2100
http://dbpedia.org/resource/Simon_Yeghyayan,Simon Yeghyayan,1821
http://dbpedia.org/resource/Shawn_Heaphy,Shawn Heaphy,1896
http://dbpedia.org/resource/Iiro_Tarkki,Iiro Tarkki,1943
http://dbpedia.org/resource/Sarah_Vaillancourt,Sarah Vaillancourt,2010
http://dbpedia.org/resource/Andy_Bezeau,Andy Bezeau,1938
http://dbpedia.org/resource/Vadim_Glovatsky,Vadim Glovatsky,2281
"http://dbpedia.org/resource/Jack_Riley_(ice_hockey,_born_1919)","Jack Riley (ice hockey, born 1919)",1945
http://dbpedia.org/resource/Doug_McCarthy_(ice_hockey),Doug McCarthy (ice hockey),2388
http://dbpedia.org/resource/Pierre_Larouche,Pierre Larouche,1756
http://dbpedia.org/resource/Mike_Hartman,Mike Hartman,1607
http://dbpedia.org/resource/Norm_Barnes,Norm Barnes,1831
http://dbpedia.org/resource/Alice_Sue_Claeys,Alice Sue Claeys,1975
http://dbpedia.org/resource/Mike_Foligno,Mike Foligno,1887
http://dbpedia.org/resource/Jon_Klemm,Jon Klemm,2362
http://dbpedia.org/resource/Sami_Kapanen,Sami Kapanen,1875
http://dbpedia.org/resource/Bud_Stefanski,Bud Stefanski,2012
http://dbpedia.org/resource/Jim_Mill,Jim Mill,2058
http://dbpedia.org/resource/Ryan_Lannon,Ryan Lannon,2424
http://dbpedia.org/resource/Tony_Hrkac,Tony Hrkac,2022
http://dbpedia.org/resource/Billy_Breen,Billy Breen,1994
http://dbpedia.org/resource/Miwa_Fukuhara,Miwa Fukuhara,2279
http://dbpedia.org/resource/Ryan_Manitowich,Ryan Manitowich,2144
http://dbpedia.org/resource/Anders_Carlsson,Anders Carlsson,1818
http://dbpedia.org/resource/Alfred_Lépine,Alfred Lépine,2083
http://dbpedia.org/resource/Vladimír_Bouzek,Vladimír Bouzek,1995
http://dbpedia.org/resource/Jim_Troy_(ice_hockey),Jim Troy (ice hockey),1960
http://dbpedia.org/resource/Ernie_McLea,Ernie McLea,2021
http://dbpedia.org/resource/Lindy_Ruff,Lindy Ruff,2564
http://dbpedia.org/resource/Scott_Walker_(ice_hockey),Scott Walker (ice hockey),2177
http://dbpedia.org/resource/Raymie_Skilton,Raymie Skilton,1894
http://dbpedia.org/resource/Andrei_Maximishin,Andrei Maximishin,1926
http://dbpedia.org/resource/Kyle_Greentree,Kyle Greentree,2172
http://dbpedia.org/resource/Andrew_Alberts,Andrew Alberts,2055
http://dbpedia.org/resource/Patrice_Lefebvre,Patrice Lefebvre,1681
http://dbpedia.org/resource/Brian_Glynn,Brian Glynn,2408
http://dbpedia.org/resource/Michel_Picard_(ice_hockey),Michel Picard (ice hockey),1989
http://dbpedia.org/resource/Gerald_Coleman,Gerald Coleman,1676
http://dbpedia.org/resource/Albert_Leduc,Albert Leduc,1761
http://dbpedia.org/resource/Pavel_Trnka,Pavel Trnka,2501
http://dbpedia.org/resource/Thomas_Eriksson_(ice_hockey),Thomas Eriksson (ice hockey),1930
http://dbpedia.org/resource/Bob_LaForest,Bob LaForest,1899
http://dbpedia.org/resource/Ross_Perkins,Ross Perkins,1583
http://dbpedia.org/resource/John_Zimmerman_(figure_skater),John Zimmerman (figure skater),2018
http://dbpedia.org/resource/Ric_Nattress,Ric Nattress,2353
http://dbpedia.org/resource/Hywel_Evans,Hywel Evans,1631
http://dbpedia.org/resource/Dave_MacQueen,Dave MacQueen,1713
http://dbpedia.org/resource/Tom_Polanic,Tom Polanic,2055
http://dbpedia.org/resource/Gary_Connelly,Gary Connelly,1668
http://dbpedia.org/resource/Bert_Templeton,Bert Templeton,1993
http://dbpedia.org/resource/Brent_Gretzky,Brent Gretzky,2405
http://dbpedia.org/resource/John_Brophy_(ice_hockey),John Brophy (ice hockey),1987
http://dbpedia.org/resource/Jerry_Byers,Jerry Byers,1568
http://dbpedia.org/resource/Andreas_Ritsch,Andreas Ritsch,1991
http://dbpedia.org/resource/Karena_Richardson,Karena Richardson,2088
http://dbpedia.org/resource/John_Stevens_(ice_hockey),John Stevens (ice hockey),1961
http://dbpedia.org/resource/Branislav_Jánoš,Branislav Jánoš,2048
http://dbpedia.org/resource/Kurt_Oppelt,Kurt Oppelt,1855
http://dbpedia.org/resource/Andrzej_Iskrzycki,Andrzej Iskrzycki,1801
http://dbpedia.org/resource/Fred_Shero,Fred Shero,1783
http://dbpedia.org/resource/Garth_Butcher,Garth Butcher,2035
http://dbpedia.org/resource/Steve_Martins,Steve Martins,1679
http://dbpedia.org/resource/Michael_Funk,Michael Funk,2187
http://dbpedia.org/resource/Jens_Bergenström,Jens Bergenström,1957
http://dbpedia.org/resource/Cory_Dosdall,Cory Dosdall,1988
http://dbpedia.org/resource/Marc_D'Amour,Marc D'Amour,2091
http://dbpedia.org/resource/Brian_Hayward,Brian Hayward,2190
http://dbpedia.org/resource/Jim_Johannson,Jim Johannson,1978
"http://dbpedia.org/resource/Brian_Bradley_(ice_hockey,_born_1965)","Brian Bradley (ice hockey, born 1965)",2105
http://dbpedia.org/resource/Gary_Laskoski,Gary Laskoski,1994
http://dbpedia.org/resource/Steve_Maltais,Steve Maltais,1909
http://dbpedia.org/resource/Sean_Burke,Sean Burke,2221
http://dbpedia.org/resource/Artem_Knyazev,Artem Knyazev,1990
http://dbpedia.org/resource/Mark_Taylor_(ice_hockey),Mark Taylor (ice hockey),2051
http://dbpedia.org/resource/Scott_Allen_(figure_skater),Scott Allen (figure skater),2196
http://dbpedia.org/resource/Anders_Karlsson_(ice_hockey),Anders Karlsson (ice hockey),2250
http://dbpedia.org/resource/Justin_Bowers,Justin Bowers,2323
http://dbpedia.org/resource/Tom_McCoy,Tom McCoy,1618
http://dbpedia.org/resource/Scott_MacLeod_(ice_hockey),Scott MacLeod (ice hockey),1974
http://dbpedia.org/resource/Chad_Woollard,Chad Woollard,1966
http://dbpedia.org/resource/Gerard_Gibbons,Gerard Gibbons,2167
http://dbpedia.org/resource/Hillary_Menard,Hillary Menard,1731
http://dbpedia.org/resource/Murray_Keogan,Murray Keogan,1953
http://dbpedia.org/resource/André_Racicot,André Racicot,1794
http://dbpedia.org/resource/Michael_Chrolenko,Michael Chrolenko,1963
http://dbpedia.org/resource/Art_Somers,Art Somers,1750
http://dbpedia.org/resource/Dan_Quinn_(ice_hockey),Dan Quinn (ice hockey),1730
http://dbpedia.org/resource/Kateryna_Kostenko,Kateryna Kostenko,1905
http://dbpedia.org/resource/Gene_Chouinard,Gene Chouinard,2145
http://dbpedia.org/resource/Mickey_Murray,Mickey Murray,1946
http://dbpedia.org/resource/Ken_Klee,Ken Klee,2032
http://dbpedia.org/resource/Danny_Lawson,Danny Lawson,2099
http://dbpedia.org/resource/Harry_Bell_(ice_hockey),Harry Bell (ice hockey),1951
http://dbpedia.org/resource/Sandy_Cohen_(ice_hockey),Sandy Cohen (ice hockey),1920
http://dbpedia.org/resource/Frank_Finnigan,Frank Finnigan,2258
"http://dbpedia.org/resource/Mike_Green_(ice_hockey,_born_1979)","Mike Green (ice hockey, born 1979)",1880
http://dbpedia.org/resource/Reijo_Ruotsalainen,Reijo Ruotsalainen,2247
http://dbpedia.org/resource/Kjell-Rune_Milton,Kjell-Rune Milton,1954
http://dbpedia.org/resource/Peanuts_O'Flaherty,Peanuts O'Flaherty,2327
http://dbpedia.org/resource/Jörgen_Wännström,Jörgen Wännström,1630
http://dbpedia.org/resource/Dwayne_Roloson,Dwayne Roloson,1777
http://dbpedia.org/resource/Tod_Campeau,Tod Campeau,1890
http://dbpedia.org/resource/Matthew_Block,Matthew Block,2230
http://dbpedia.org/resource/William_Duval_(ice_hockey),William Duval (ice hockey),1978
http://dbpedia.org/resource/Darren_Schwartz,Darren Schwartz,1693
http://dbpedia.org/resource/Alexandre_Daigle,Alexandre Daigle,1986
http://dbpedia.org/resource/George_Cochrane_(ice_hockey),George Cochrane (ice hockey),1713
http://dbpedia.org/resource/Yves_Racine,Yves Racine,1599
http://dbpedia.org/resource/Kyle_Wanvig,Kyle Wanvig,2152
http://dbpedia.org/resource/Malcolm_MacMillan_(ice_hockey),Malcolm MacMillan (ice hockey),1869
http://dbpedia.org/resource/Glen_Harmon,Glen Harmon,2196
http://dbpedia.org/resource/Stu_Kulak,Stu Kulak,1689
http://dbpedia.org/resource/Tammy_Sear,Tammy Sear,2089
http://dbpedia.org/resource/Philipp_Tischendorf,Philipp Tischendorf,1704
http://dbpedia.org/resource/Marty_Howe,Marty Howe,2029
http://dbpedia.org/resource/Claude_Lemieux,Claude Lemieux,1833
"http://dbpedia.org/resource/Jack_Riley_(ice_hockey,_born_1908)","Jack Riley (ice hockey, born 1908)",2023
http://dbpedia.org/resource/Eddie_Johnston,Eddie Johnston,1592
http://dbpedia.org/resource/Ryan_O'Meara,Ryan O'Meara,2109
http://dbpedia.org/resource/Robert_Guindon,Robert Guindon,1676
http://dbpedia.org/resource/Kari_Jalonen,Kari Jalonen,1996
http://dbpedia.org/resource/Yevgeni_Zimin,Yevgeni Zimin,1853
http://dbpedia.org/resource/Robin_Lindqvist,Robin Lindqvist,2044
http://dbpedia.org/resource/Jim_Russell_(ice_hockey),Jim Russell (ice hockey),1910
http://dbpedia.org/resource/Brad_Aitken,Brad Aitken,2034
http://dbpedia.org/resource/Juhani_Tamminen,Juhani Tamminen,1904
http://dbpedia.org/resource/Eric_Wellwood,Eric Wellwood,2040
http://dbpedia.org/resource/Steve_Staios,Steve Staios,2099
http://dbpedia.org/resource/Pat_Burns,Pat Burns,1777
http://dbpedia.org/resource/Marian_Costea,Marian Costea,2030
http://dbpedia.org/resource/Shaun_Sutter,Shaun Sutter,2178
http://dbpedia.org/resource/Jack_Carlson,Jack Carlson,2027
http://dbpedia.org/resource/Herbie_Lewis_(ice_hockey),Herbie Lewis (ice hockey),2161
http://dbpedia.org/resource/Tomáš_Janečko,Tomáš Janečko,2467
http://dbpedia.org/resource/Shawn_MacKenzie,Shawn MacKenzie,1867
http://dbpedia.org/resource/Éric_Fichaud,Éric Fichaud,1689
http://dbpedia.org/resource/Randy_Rowe,Randy Rowe,2154
http://dbpedia.org/resource/Noriyuki_Kanzaki,Noriyuki Kanzaki,2076
http://dbpedia.org/resource/François_Vergult,François Vergult,2205
http://dbpedia.org/resource/John_Rost,John Rost,1959
http://dbpedia.org/resource/Bert_Marshall,Bert Marshall,2458
http://dbpedia.org/resource/Pavol_Rybár,Pavol Rybár,2000
http://dbpedia.org/resource/Hub_Wilson,Hub Wilson,1975
http://dbpedia.org/resource/Craig_Ludwig,Craig Ludwig,1960
http://dbpedia.org/resource/Steven_Spencer,Steven Spencer,1746
http://dbpedia.org/resource/Dick_Bittner,Dick Bittner,2407
http://dbpedia.org/resource/Rory_Fitzpatrick,Rory Fitzpatrick,2216
http://dbpedia.org/resource/Lars_Eriksson_(ice_hockey),Lars Eriksson (ice hockey),1979
http://dbpedia.org/resource/Vitaly_Anikeyenko,Vitaly Anikeyenko,2055
http://dbpedia.org/resource/Donald_MacLean_(ice_hockey),Donald MacLean (ice hockey),2177
http://dbpedia.org/resource/Chris_Corrinet,Chris Corrinet,1763
http://dbpedia.org/resource/Yamato_Tamura,Yamato Tamura,1849
http://dbpedia.org/resource/Anatoly_Donika,Anatoly Donika,1930
http://dbpedia.org/resource/Vincent_Riendeau,Vincent Riendeau,1865
http://dbpedia.org/resource/Fred_Hucul,Fred Hucul,1702
http://dbpedia.org/resource/Roland_Cloutier,Roland Cloutier,1873
http://dbpedia.org/resource/Noah_Clarke,Noah Clarke,1998
http://dbpedia.org/resource/Wendy_Griner,Wendy Griner,1596
http://dbpedia.org/resource/Jeff_Daw,Jeff Daw,2074
http://dbpedia.org/resource/Scott_Arniel,Scott Arniel,1664
http://dbpedia.org/resource/Mark_Mitchell_(American_figure_skater),Mark Mitchell (American figure skater),1667
http://dbpedia.org/resource/Jonas_Bergqvist,Jonas Bergqvist,1960
http://dbpedia.org/resource/Errol_Thompson_(ice_hockey),Errol Thompson (ice hockey),1980
http://dbpedia.org/resource/Gordon_Forbes_(figure_skater),Gordon Forbes (figure skater),2089
http://dbpedia.org/resource/John_Devaney_(ice_hockey),John Devaney (ice hockey),2081
http://dbpedia.org/resource/Claude_Cyr,Claude Cyr,2096
http://dbpedia.org/resource/Don_Carter_(ice_hockey),Don Carter (ice hockey),1945
http://dbpedia.org/resource/Leif_Henriksson,Leif Henriksson,2066
http://dbpedia.org/resource/Bruce_Bullock,Bruce Bullock,1889
http://dbpedia.org/resource/Jyrki_Aho,Jyrki Aho,2344
http://dbpedia.org/resource/Zenith_Komarniski,Zenith Komarniski,2353
http://dbpedia.org/resource/Pat_Verbeek,Pat Verbeek,2167
http://dbpedia.org/resource/Stanislav_Timchenko,Stanislav Timchenko,2195
http://dbpedia.org/resource/Luca_Mantovani,Luca Mantovani,1638
http://dbpedia.org/resource/Stig_Wetzell,Stig Wetzell,1868
http://dbpedia.org/resource/Jens_Öhling,Jens Öhling,2484
http://dbpedia.org/resource/Teemu_Selänne,Teemu Selänne,1732
http://dbpedia.org/resource/Leo_Lucchini,Leo Lucchini,2168
http://dbpedia.org/resource/Lothar_Kremershof,Lothar Kremershof,2010
http://dbpedia.org/resource/Orest_Kindrachuk,Orest Kindrachuk,2030
http://dbpedia.org/resource/Reagan_Rome,Reagan Rome,2336
http://dbpedia.org/resource/Ron_Francis,Ron Francis,1814
http://dbpedia.org/resource/Kory_Falite,Kory Falite,1969
http://dbpedia.org/resource/Steve_Konowalchuk,Steve Konowalchuk,2087
http://dbpedia.org/resource/Andreas_Ton,Andreas Ton,2248
http://dbpedia.org/resource/Phillip_Poole,Phillip Poole,1740
http://dbpedia.org/resource/Alexei_Gusarov,Alexei Gusarov,1834
http://dbpedia.org/resource/Dwayne_Gylywoychuk,Dwayne Gylywoychuk,1754
http://dbpedia.org/resource/Phil_Hergesheimer,Phil Hergesheimer,1635
http://dbpedia.org/resource/Paul_Coffey,Paul Coffey,2043
http://dbpedia.org/resource/Jean-Francois_Houle,Jean-Francois Houle,1997
http://dbpedia.org/resource/Kevin_Reiter,Kevin Reiter,2105
http://dbpedia.org/resource/Bert_Wilson_(ice_hockey),Bert Wilson (ice hockey),1901
http://dbpedia.org/resource/Sommer_West,Sommer West,1812
http://dbpedia.org/resource/Joe_Busillo,Joe Busillo,2367
http://dbpedia.org/resource/Ivan_McLelland,Ivan McLelland,1944
http://dbpedia.org/resource/Julia_Lautowa,Julia Lautowa,2085
http://dbpedia.org/resource/Dave_Hannan,Dave Hannan,1742
http://dbpedia.org/resource/Vladimir_Fedorov,Vladimir Fedorov,2207
http://dbpedia.org/resource/Martine_Olivier,Martine Olivier,2224
"http://dbpedia.org/resource/Jack_Adams_(ice_hockey,_born_1920)","Jack Adams (ice hockey, born 1920)",1635
http://dbpedia.org/resource/Jack_Jackson_(ice_hockey),Jack Jackson (ice hockey),2273
http://dbpedia.org/resource/Shane_Johnson_(ice_hockey),Shane Johnson (ice hockey),2082
http://dbpedia.org/resource/Jill_Sawyer,Jill Sawyer,1858
http://dbpedia.org/resource/Jim_Montgomery_(ice_hockey),Jim Montgomery (ice hockey),2216
http://dbpedia.org/resource/Rodger_Smith,Rodger Smith,1867
http://dbpedia.org/resource/Johanna_Götesson,Johanna Götesson,2333
http://dbpedia.org/resource/Bob_Goldham,Bob Goldham,2069
http://dbpedia.org/resource/Jack_Dale_(ice_hockey),Jack Dale (ice hockey),2041
http://dbpedia.org/resource/Jamie_Kompon,Jamie Kompon,2213
http://dbpedia.org/resource/Chris_Hartsburg,Chris Hartsburg,2017
http://dbpedia.org/resource/Frank_Eddolls,Frank Eddolls,2169
http://dbpedia.org/resource/Allan_Stewart_(ice_hockey),Allan Stewart (ice hockey),1917
http://dbpedia.org/resource/Ken_Schinkel,Ken Schinkel,1770
http://dbpedia.org/resource/Bob_Woytowich,Bob Woytowich,2096
http://dbpedia.org/resource/Ian_Moram,Ian Moram,1698
http://dbpedia.org/resource/John_Ross_Roach,John Ross Roach,2049
http://dbpedia.org/resource/Kim_St-Pierre,Kim St-Pierre,2412
http://dbpedia.org/resource/Claude_LaForge,Claude LaForge,2051
http://dbpedia.org/resource/Mike_Eruzione,Mike Eruzione,1858
http://dbpedia.org/resource/Norman_Collings,Norman Collings,2428
http://dbpedia.org/resource/Jim_Lorentz,Jim Lorentz,1871
http://dbpedia.org/resource/Paul_Goeminne,Paul Goeminne,2096
http://dbpedia.org/resource/Yvon_Lambert,Yvon Lambert,1948
http://dbpedia.org/resource/Greg_Poss,Greg Poss,2039
http://dbpedia.org/resource/Joey_Tetarenko,Joey Tetarenko,2538
"http://dbpedia.org/resource/Don_Smith_(ice_hockey,_born_1929)","Don Smith (ice hockey, born 1929)",1991
http://dbpedia.org/resource/Henryk_Gruth,Henryk Gruth,1854
http://dbpedia.org/resource/Tyson_Sexsmith,Tyson Sexsmith,2079
http://dbpedia.org/resource/Magnus_Roupé,Magnus Roupé,2271
http://dbpedia.org/resource/Tetyana_Kurkudym,Tetyana Kurkudym,2312
http://dbpedia.org/resource/Dave_Goertz,Dave Goertz,1764
http://dbpedia.org/resource/Fern_Perreault,Fern Perreault,1802
http://dbpedia.org/resource/Wang_Huan_(figure_skater),Wang Huan (figure skater),2087
http://dbpedia.org/resource/Kelly_Kisio,Kelly Kisio,1857
http://dbpedia.org/resource/Jim_Agnew,Jim Agnew,1933
http://dbpedia.org/resource/Thomas_Enström,Thomas Enström,2080
http://dbpedia.org/resource/Jörgen_Pettersson_(ice_hockey),Jörgen Pettersson (ice hockey),1647
http://dbpedia.org/resource/Brian_Willsie,Brian Willsie,2267
http://dbpedia.org/resource/Bruce_Boudreau,Bruce Boudreau,2138
http://dbpedia.org/resource/Mike_Heidt,Mike Heidt,2040
http://dbpedia.org/resource/Warren_Luhning,Warren Luhning,1871
http://dbpedia.org/resource/Stéphane_Matteau,Stéphane Matteau,1909
"http://dbpedia.org/resource/Tom_Martin_(ice_hockey,_born_1964)","Tom Martin (ice hockey, born 1964)",2126
http://dbpedia.org/resource/Red_Dutton,Red Dutton,2011
"http://dbpedia.org/resource/Colin_White_(ice_hockey,_born_1977)","Colin White (ice hockey, born 1977)",2191
http://dbpedia.org/resource/Burr_Williams,Burr Williams,1901
http://dbpedia.org/resource/Denis_Chalifoux,Denis Chalifoux,1776
http://dbpedia.org/resource/Bill_Fraser_(ice_hockey),Bill Fraser (ice hockey),1797
http://dbpedia.org/resource/Derek_Harker,Derek Harker,1841
http://dbpedia.org/resource/David_Fenyves,David Fenyves,2312
"http://dbpedia.org/resource/Yannick_Tremblay_(ice_hockey,_born_1975)","Yannick Tremblay (ice hockey, born 1975)",2087
http://dbpedia.org/resource/Bob_Cox_(ice_hockey),Bob Cox (ice hockey),2044
http://dbpedia.org/resource/Jiří_Vykoukal,Jiří Vykoukal,2043
http://dbpedia.org/resource/Nick_Harbaruk,Nick Harbaruk,2010
http://dbpedia.org/resource/Kristin_Fraser,Kristin Fraser,2105
http://dbpedia.org/resource/Jack_Ward_(ice_hockey),Jack Ward (ice hockey),2186
http://dbpedia.org/resource/Larry_Bolonchuk,Larry Bolonchuk,1911
http://dbpedia.org/resource/Colin_Stuart_(ice_hockey),Colin Stuart (ice hockey),1840
http://dbpedia.org/resource/Kevin_Hatcher,Kevin Hatcher,2004
http://dbpedia.org/resource/Erik_Kristiansen,Erik Kristiansen,1787
http://dbpedia.org/resource/David_Shand,David Shand,1828
http://dbpedia.org/resource/Yevgeni_Belosheikin,Yevgeni Belosheikin,1925
http://dbpedia.org/resource/Keith_McCreary,Keith McCreary,2116
http://dbpedia.org/resource/Janne_Laukkanen,Janne Laukkanen,1881
http://dbpedia.org/resource/Māris_Ziediņš,Māris Ziediņš,2196
http://dbpedia.org/resource/Steven_Halko,Steven Halko,1958
http://dbpedia.org/resource/Tanja_Szewczenko,Tanja Szewczenko,1884
http://dbpedia.org/resource/Austin_Kanallakan,Austin Kanallakan,2111
http://dbpedia.org/resource/Mark_Benning,Mark Benning,1514
http://dbpedia.org/resource/Don_Lockhart,Don Lockhart,1753
http://dbpedia.org/resource/Dmitri_Osipov_(ice_hockey),Dmitri Osipov (ice hockey),1822
http://dbpedia.org/resource/Horace_Gaul,Horace Gaul,2164
http://dbpedia.org/resource/Tim_Friday,Tim Friday,1879
http://dbpedia.org/resource/Scott_Neil,Scott Neil,1768
http://dbpedia.org/resource/Murray_Eaves,Murray Eaves,2099
http://dbpedia.org/resource/Kevin_Colley,Kevin Colley,1488
http://dbpedia.org/resource/Paul_Henderson,Paul Henderson,1976
http://dbpedia.org/resource/Don_Simmons_(ice_hockey),Don Simmons (ice hockey),1685
http://dbpedia.org/resource/Dmitri_Uchaykin,Dmitri Uchaykin,2043
http://dbpedia.org/resource/Igor_Larionov,Igor Larionov,1957
http://dbpedia.org/resource/Joe_Paterson,Joe Paterson,1814
http://dbpedia.org/resource/Tom_Hooper_(ice_hockey),Tom Hooper (ice hockey),1831
http://dbpedia.org/resource/Archie_McLean_(ice_hockey),Archie McLean (ice hockey),1987
http://dbpedia.org/resource/Mike_Grier,Mike Grier,2132
http://dbpedia.org/resource/Olga_Naidenova,Olga Naidenova,1853
http://dbpedia.org/resource/Arnold_Hirtz,Arnold Hirtz,2179
http://dbpedia.org/resource/Brandon_Straub,Brandon Straub,2258
http://dbpedia.org/resource/Rod_Willard,Rod Willard,2082
http://dbpedia.org/resource/Del_Hall,Del Hall,2279
http://dbpedia.org/resource/Gerry_Abel,Gerry Abel,1980
http://dbpedia.org/resource/Pat_Hannigan,Pat Hannigan,2199
http://dbpedia.org/resource/Brett_MacLean,Brett MacLean,2427
http://dbpedia.org/resource/Dmitri_Kvartalnov,Dmitri Kvartalnov,1964
http://dbpedia.org/resource/Chris_Kelleher,Chris Kelleher,1739
http://dbpedia.org/resource/Al_Secord,Al Secord,2184
http://dbpedia.org/resource/Doug_Young_(ice_hockey),Doug Young (ice hockey),1781
http://dbpedia.org/resource/Kumiko_Sato,Kumiko Sato,2147
http://dbpedia.org/resource/Murray_Henderson_(ice_hockey),Murray Henderson (ice hockey),1823
http://dbpedia.org/resource/Randy_Wood_(ice_hockey),Randy Wood (ice hockey),1892
http://dbpedia.org/resource/Terry_McDonald_(ice_hockey),Terry McDonald (ice hockey),2224
http://dbpedia.org/resource/Noel_Picard,Noel Picard,1940
http://dbpedia.org/resource/Bill_Hajt,Bill Hajt,1902
http://dbpedia.org/resource/Brad_DeFauw,Brad DeFauw,2076
http://dbpedia.org/resource/Rod_Taylor_(ice_hockey),Rod Taylor (ice hockey),1819
http://dbpedia.org/resource/Sergei_Antipov,Sergei Antipov,2236
http://dbpedia.org/resource/Jack_Bownass,Jack Bownass,1972
http://dbpedia.org/resource/Vic_Stanfield,Vic Stanfield,2231
http://dbpedia.org/resource/Curtis_Hunt,Curtis Hunt,1834
http://dbpedia.org/resource/Rich_Hart,Rich Hart,2345
http://dbpedia.org/resource/Kevin_Reeves_(ice_hockey),Kevin Reeves (ice hockey),2371
http://dbpedia.org/resource/Tracy_Brook,Tracy Brook,1879
http://dbpedia.org/resource/Cam_Cunning,Cam Cunning,2238
http://dbpedia.org/resource/Danny_Johnson_(ice_hockey),Danny Johnson (ice hockey),1771
http://dbpedia.org/resource/Mike_Bukta,Mike Bukta,1931
http://dbpedia.org/resource/Jaroslav_Otevřel,Jaroslav Otevřel,2430
http://dbpedia.org/resource/Jason_Becker_(ice_hockey),Jason Becker (ice hockey),1721
http://dbpedia.org/resource/Todd_Richards_(ice_hockey),Todd Richards (ice hockey),2199
http://dbpedia.org/resource/Dale_Hawerchuk,Dale Hawerchuk,2364
http://dbpedia.org/resource/Mike_Ford_(ice_hockey),Mike Ford (ice hockey),1898
http://dbpedia.org/resource/Jack_Martin_(ice_hockey),Jack Martin (ice hockey),1854
http://dbpedia.org/resource/Frank_Steele,Frank Steele,1755
http://dbpedia.org/resource/Mirko_Eichhorn,Mirko Eichhorn,2471
http://dbpedia.org/resource/Craig_Berube,Craig Berube,1957
http://dbpedia.org/resource/Scott_Hamilton_(figure_skater),Scott Hamilton (figure skater),1994
http://dbpedia.org/resource/Tom_Trevelyan,Tom Trevelyan,1663
http://dbpedia.org/resource/Alexandra_Kamieniecki,Alexandra Kamieniecki,1797
http://dbpedia.org/resource/Patrick_Wellar,Patrick Wellar,1657
http://dbpedia.org/resource/Adam_Brown_(ice_hockey),Adam Brown (ice hockey),1754
http://dbpedia.org/resource/Jason_Ruff,Jason Ruff,1744
http://dbpedia.org/resource/Hugh_Jessiman,Hugh Jessiman,2474
http://dbpedia.org/resource/Vadim_Akolzin,Vadim Akolzin,1935
http://dbpedia.org/resource/Viktor_Kostyuchenok,Viktor Kostyuchenok,1893
http://dbpedia.org/resource/Jim_Corsi_(ice_hockey),Jim Corsi (ice hockey),1815
http://dbpedia.org/resource/Jörgen_Jönsson,Jörgen Jönsson,1799
http://dbpedia.org/resource/Bob_Corkum,Bob Corkum,2072
http://dbpedia.org/resource/Dick_Duff,Dick Duff,1855
http://dbpedia.org/resource/Danny_Grant,Danny Grant,1766
http://dbpedia.org/resource/Jack_McDonald_(ice_hockey_b._1887),Jack McDonald (ice hockey b. 1887),1890
http://dbpedia.org/resource/Larry_Kwong,Larry Kwong,2176
http://dbpedia.org/resource/Robert_Brewer_(figure_skater),Robert Brewer (figure skater),2001
http://dbpedia.org/resource/Bill_Moe,Bill Moe,1790
http://dbpedia.org/resource/Richard_Mulhern,Richard Mulhern,1817
http://dbpedia.org/resource/Mikael_Lindholm,Mikael Lindholm,1751
http://dbpedia.org/resource/Juha_Riihijärvi,Juha Riihijärvi,1843
http://dbpedia.org/resource/Doug_Stevenson,Doug Stevenson,2124
http://dbpedia.org/resource/Brian_McGregor,Brian McGregor,1731
http://dbpedia.org/resource/José_Charbonneau,José Charbonneau,2215
http://dbpedia.org/resource/Archie_Atkinson,Archie Atkinson,2211
http://dbpedia.org/resource/Chris_Phillips,Chris Phillips,1724
http://dbpedia.org/resource/Flavien_Conne,Flavien Conne,1872
http://dbpedia.org/resource/Carl_Corazzini,Carl Corazzini,1713
http://dbpedia.org/resource/Larry_Gilmour,Larry Gilmour,1695
http://dbpedia.org/resource/Dody_Wood,Dody Wood,2194
http://dbpedia.org/resource/Todd_Gilles,Todd Gilles,2081
http://dbpedia.org/resource/Terho_Koskela,Terho Koskela,2078
http://dbpedia.org/resource/Mika_Välilä,Mika Välilä,2329
http://dbpedia.org/resource/Turk_Broda,Turk Broda,2095
http://dbpedia.org/resource/Jan_Čejvan,Jan Čejvan,2276
http://dbpedia.org/resource/Daniel_Doré,Daniel Doré,1812
http://dbpedia.org/resource/Kyle_Wellwood,Kyle Wellwood,1853
http://dbpedia.org/resource/Sean_Selmser,Sean Selmser,2480
http://dbpedia.org/resource/Jacques_Deslauriers,Jacques Deslauriers,1900
http://dbpedia.org/resource/Gerry_Ehman,Gerry Ehman,2019
http://dbpedia.org/resource/Anna_Zadorozhniuk,Anna Zadorozhniuk,1914
http://dbpedia.org/resource/Jeff_Ware_(ice_hockey),Jeff Ware (ice hockey),2039
http://dbpedia.org/resource/Alexander_Koreshkov_(ice_hockey),Alexander Koreshkov (ice hockey),2089
http://dbpedia.org/resource/Andy_Brickley,Andy Brickley,2312
http://dbpedia.org/resource/Ralph_Backstrom,Ralph Backstrom,1791
http://dbpedia.org/resource/Micah_Aivazoff,Micah Aivazoff,2054
http://dbpedia.org/resource/Scott_Thomas_(ice_hockey),Scott Thomas (ice hockey),1604
http://dbpedia.org/resource/Ray_LeBlanc,Ray LeBlanc,1906
http://dbpedia.org/resource/Kilby_MacDonald,Kilby MacDonald,1696
http://dbpedia.org/resource/Hal_Tarala,Hal Tarala,1616
http://dbpedia.org/resource/Dunc_Rousseau,Dunc Rousseau,1995
http://dbpedia.org/resource/John_Aiken_(ice_hockey),John Aiken (ice hockey),1524
http://dbpedia.org/resource/Gary_Inness,Gary Inness,1918
http://dbpedia.org/resource/Alexandra_Hoffmeyer,Alexandra Hoffmeyer,1924
http://dbpedia.org/resource/Sid_McNabney,Sid McNabney,2228
http://dbpedia.org/resource/Jiří_Crha,Jiří Crha,1884
http://dbpedia.org/resource/Nicolas_Pétorin,Nicolas Pétorin,1847
http://dbpedia.org/resource/Sepp_Schönmetzler,Sepp Schönmetzler,2312
http://dbpedia.org/resource/Marc_Magnan,Marc Magnan,2198
http://dbpedia.org/resource/Irina_Gashennikova,Irina Gashennikova,1953
http://dbpedia.org/resource/Christopher_Berneck,Christopher Berneck,1949
http://dbpedia.org/resource/Kevin_Primeau,Kevin Primeau,1927
http://dbpedia.org/resource/Scott_McKay_(ice_hockey),Scott McKay (ice hockey),1866
http://dbpedia.org/resource/Jean-Louis_Levasseur,Jean-Louis Levasseur,2157
http://dbpedia.org/resource/Marjan_Gorenc,Marjan Gorenc,1824
http://dbpedia.org/resource/Nick_Dodge,Nick Dodge,2068
http://dbpedia.org/resource/Kim_Davis_(ice_hockey),Kim Davis (ice hockey),1978
http://dbpedia.org/resource/Michael_Huth,Michael Huth,1805
http://dbpedia.org/resource/Helmuts_Balderis,Helmuts Balderis,2343
http://dbpedia.org/resource/Charlie_Hodge_(ice_hockey),Charlie Hodge (ice hockey),2244
http://dbpedia.org/resource/Bobby_Carpenter_(ice_hockey),Bobby Carpenter (ice hockey),1535
http://dbpedia.org/resource/Marc_Delorme,Marc Delorme,1966
http://dbpedia.org/resource/Igor_Kuznetsov_(ice_hockey),Igor Kuznetsov (ice hockey),2037
http://dbpedia.org/resource/Tero_Arkiomaa,Tero Arkiomaa,2310
http://dbpedia.org/resource/Garry_Bauman,Garry Bauman,2149
http://dbpedia.org/resource/Murray_Oliver,Murray Oliver,2042
http://dbpedia.org/resource/Brian_White_(ice_hockey),Brian White (ice hockey),2261
http://dbpedia.org/resource/John_Garrett_(ice_hockey),John Garrett (ice hockey),2052
http://dbpedia.org/resource/Syl_Apps_Jr.,Syl Apps Jr.,1705
http://dbpedia.org/resource/Hans_Hansson_(ice_hockey),Hans Hansson (ice hockey),2326
http://dbpedia.org/resource/Paul_DiPietro,Paul DiPietro,2132
http://dbpedia.org/resource/Scott_Fankhouser,Scott Fankhouser,2111
http://dbpedia.org/resource/Don_Deacon,Don Deacon,2331
http://dbpedia.org/resource/Bill_Quackenbush,Bill Quackenbush,2263
http://dbpedia.org/resource/Bob_Joyce,Bob Joyce,1767
http://dbpedia.org/resource/Michael_Peca,Michael Peca,1941
http://dbpedia.org/resource/Mike_Amodeo,Mike Amodeo,2129
http://dbpedia.org/resource/Evgeny_Namestnikov,Evgeny Namestnikov,1799
http://dbpedia.org/resource/Rick_DiPietro,Rick DiPietro,1980
http://dbpedia.org/resource/Zdzisław_Pieńkowski,Zdzisław Pieńkowski,1567
http://dbpedia.org/resource/Róbert_Švehla,Róbert Švehla,2153
http://dbpedia.org/resource/Dwayne_Zinger,Dwayne Zinger,1999
http://dbpedia.org/resource/Carl_Battell,Carl Battell,1663
http://dbpedia.org/resource/Benoît_Hogue,Benoît Hogue,2215
http://dbpedia.org/resource/Jerry_Korab,Jerry Korab,1887
http://dbpedia.org/resource/Daniel_Daikawa,Daniel Daikawa,1906
http://dbpedia.org/resource/Stefano_Bargauan,Stefano Bargauan,2270
http://dbpedia.org/resource/Ty_Conklin,Ty Conklin,1632
http://dbpedia.org/resource/Václav_Varaďa,Václav Varaďa,1770
http://dbpedia.org/resource/Stefan_Chowaniec,Stefan Chowaniec,1797
http://dbpedia.org/resource/Bud_Jarvis,Bud Jarvis,1895
http://dbpedia.org/resource/Colin_Fraser_(ice_hockey),Colin Fraser (ice hockey),2026
http://dbpedia.org/resource/Frank_Pietrangelo,Frank Pietrangelo,1932
http://dbpedia.org/resource/Don_Parsons_(ice_hockey),Don Parsons (ice hockey),2196
http://dbpedia.org/resource/Tod_Hartje,Tod Hartje,1903
http://dbpedia.org/resource/Jack_Winchester,Jack Winchester,2315
http://dbpedia.org/resource/Niklas_Eriksson,Niklas Eriksson,2117
http://dbpedia.org/resource/Jacques_Richard,Jacques Richard,2016
http://dbpedia.org/resource/Dennis_Ververgaert,Dennis Ververgaert,1891
http://dbpedia.org/resource/Christine_Zukowski,Christine Zukowski,1959
http://dbpedia.org/resource/David_Gove,David Gove,1984
http://dbpedia.org/resource/Brendan_Shanahan,Brendan Shanahan,1963
http://dbpedia.org/resource/Anatoli_Stepanishev,Anatoli Stepanishev,1915
http://dbpedia.org/resource/Rolly_Huard,Rolly Huard,1726
http://dbpedia.org/resource/Maurizio_Margaglio,Maurizio Margaglio,2290
http://dbpedia.org/resource/Stelio_Zupancich,Stelio Zupancich,2035
http://dbpedia.org/resource/Margus_Hernits,Margus Hernits,2237
http://dbpedia.org/resource/Mike_Richard,Mike Richard,2144
http://dbpedia.org/resource/Brandon_Sugden,Brandon Sugden,2148
http://dbpedia.org/resource/Blair_Atcheynum,Blair Atcheynum,2365
http://dbpedia.org/resource/Sean_Williams_(ice_hockey),Sean Williams (ice hockey),2096
http://dbpedia.org/resource/Jeff_Van_Nynatten,Jeff Van Nynatten,2111
"http://dbpedia.org/resource/Yuri_Kuznetsov_(ice_hockey,_born_1971)","Yuri Kuznetsov (ice hockey, born 1971)",2281
http://dbpedia.org/resource/Jason_Coles,Jason Coles,1923
http://dbpedia.org/resource/Alexandru_Hălăucă,Alexandru Hălăucă,1714
http://dbpedia.org/resource/Marc_Bureau_(ice_hockey),Marc Bureau (ice hockey),2254
http://dbpedia.org/resource/John_LeBlanc,John LeBlanc,1881
http://dbpedia.org/resource/Oleg_Mikulchik,Oleg Mikulchik,1762
http://dbpedia.org/resource/Andy_Roach,Andy Roach,1695
http://dbpedia.org/resource/Mark_Hartigan,Mark Hartigan,1860
http://dbpedia.org/resource/Andrejs_Maticins,Andrejs Maticins,2436
http://dbpedia.org/resource/Charlie_Sands_(ice_hockey),Charlie Sands (ice hockey),1529
http://dbpedia.org/resource/Halina_Gordon-Półtorak,Halina Gordon-Półtorak,1732
http://dbpedia.org/resource/Ted_Long_(ice_hockey),Ted Long (ice hockey),1923
http://dbpedia.org/resource/Dmitry_Zatonsky,Dmitry Zatonsky,2390
http://dbpedia.org/resource/Jean-Sébastien_Fecteau,Jean-Sébastien Fecteau,2238
http://dbpedia.org/resource/Dave_Andreychuk,Dave Andreychuk,1885
http://dbpedia.org/resource/Mika_Strömberg,Mika Strömberg,1977
http://dbpedia.org/resource/Bud_Cook,Bud Cook,1640
http://dbpedia.org/resource/Antti_Jokela,Antti Jokela,1878
http://dbpedia.org/resource/Bill_Keenan,Bill Keenan,2063
http://dbpedia.org/resource/Glenn_Patrick,Glenn Patrick,2164
http://dbpedia.org/resource/Jack_Gelineau,Jack Gelineau,1664
http://dbpedia.org/resource/Rolf_Edberg,Rolf Edberg,2010
http://dbpedia.org/resource/Robert_Larsson,Robert Larsson,2232
http://dbpedia.org/resource/Ron_Silver_(ice_hockey),Ron Silver (ice hockey),2015
http://dbpedia.org/resource/Igor_Pashkevich,Igor Pashkevich,2288
http://dbpedia.org/resource/Daniel_Rydmark,Daniel Rydmark,1953
http://dbpedia.org/resource/Sergio_Momesso,Sergio Momesso,1717
http://dbpedia.org/resource/Jack_Adams,Jack Adams,1639
http://dbpedia.org/resource/Robert_Burakovsky,Robert Burakovsky,1804
http://dbpedia.org/resource/Steve_Moria,Steve Moria,1677
http://dbpedia.org/resource/John_Jakopin,John Jakopin,2305
http://dbpedia.org/resource/Norm_Dupont,Norm Dupont,2113
http://dbpedia.org/resource/Dwight_Mathiasen,Dwight Mathiasen,1963
http://dbpedia.org/resource/Yves_Héroux,Yves Héroux,1730
http://dbpedia.org/resource/Glen_Wesley,Glen Wesley,1688
http://dbpedia.org/resource/Junior_Lessard,Junior Lessard,2301
http://dbpedia.org/resource/Madge_Syers,Madge Syers,2001
http://dbpedia.org/resource/Andrew_McBain,Andrew McBain,2049
http://dbpedia.org/resource/Keith_Magnuson,Keith Magnuson,2084
http://dbpedia.org/resource/Wayne_King_(ice_hockey),Wayne King (ice hockey),2029
http://dbpedia.org/resource/Tyler_Bouck,Tyler Bouck,2088
http://dbpedia.org/resource/Dave_Dunn,Dave Dunn,2079
http://dbpedia.org/resource/Kristiina_Wegelius,Kristiina Wegelius,2096
http://dbpedia.org/resource/Aleksandrs_Ņiživijs,Aleksandrs Ņiživijs,2034
http://dbpedia.org/resource/Vesa_Viitakoski,Vesa Viitakoski,1883
http://dbpedia.org/resource/Rob_Laurie,Rob Laurie,2180
http://dbpedia.org/resource/Bradley_Mills,Bradley Mills,1803
http://dbpedia.org/resource/Oliver_Maron,Oliver Maron,2157
http://dbpedia.org/resource/Bill_Lochead,Bill Lochead,1926
http://dbpedia.org/resource/Robert_Esche,Robert Esche,1992
http://dbpedia.org/resource/Paul_Brydges,Paul Brydges,1856
http://dbpedia.org/resource/Mario_Marois,Mario Marois,2369
http://dbpedia.org/resource/Ted_Bulley,Ted Bulley,1855
http://dbpedia.org/resource/Paul_Broten,Paul Broten,1662
http://dbpedia.org/resource/Yves_Courteau,Yves Courteau,2247
http://dbpedia.org/resource/Leszek_Jachna,Leszek Jachna,1957
http://dbpedia.org/resource/Ron_Areshenkoff,Ron Areshenkoff,1981
http://dbpedia.org/resource/Michael_Gough_(ice_hockey),Michael Gough (ice hockey),1797
http://dbpedia.org/resource/Philipp_Neuenschwander,Philipp Neuenschwander,2046
http://dbpedia.org/resource/Chris_Nilan,Chris Nilan,1786
http://dbpedia.org/resource/Peter_Ihnačák,Peter Ihnačák,2386
http://dbpedia.org/resource/Fredrik_Olausson,Fredrik Olausson,2051
http://dbpedia.org/resource/Rick_Middleton,Rick Middleton,2083
http://dbpedia.org/resource/Jean_Pusie,Jean Pusie,1898
http://dbpedia.org/resource/Anders_Parmström,Anders Parmström,1532
http://dbpedia.org/resource/Ryan_Whitney,Ryan Whitney,1912
http://dbpedia.org/resource/David_Quinn_(ice_hockey),David Quinn (ice hockey),2283
http://dbpedia.org/resource/Rob_Blake,Rob Blake,2454
http://dbpedia.org/resource/Glen_Gulutzan,Glen Gulutzan,2150
http://dbpedia.org/resource/Todd_Krygier,Todd Krygier,2217
http://dbpedia.org/resource/Soshi_Tanaka,Soshi Tanaka,2140
http://dbpedia.org/resource/Brian_Callahan,Brian Callahan,2063
http://dbpedia.org/resource/Anine_Rabe,Anine Rabe,2245
http://dbpedia.org/resource/Gordon_Roberts_(ice_hockey),Gordon Roberts (ice hockey),1979
http://dbpedia.org/resource/Roman_Šimíček,Roman Šimíček,2339
http://dbpedia.org/resource/Dumitru_Axinte,Dumitru Axinte,2286
http://dbpedia.org/resource/Sergei_Arekayev,Sergei Arekayev,1946
http://dbpedia.org/resource/Jamie_Pushor,Jamie Pushor,1848
http://dbpedia.org/resource/Harry_Smith_(ice_hockey),Harry Smith (ice hockey),1935
http://dbpedia.org/resource/Glen_Richardson,Glen Richardson,1949
http://dbpedia.org/resource/Isabelle_Chartrand,Isabelle Chartrand,2335
http://dbpedia.org/resource/Duane_Sutter,Duane Sutter,2363
http://dbpedia.org/resource/Ivan_Markovski,Ivan Markovski,2422
http://dbpedia.org/resource/Brad_Tiley,Brad Tiley,1735
http://dbpedia.org/resource/Larry_Israelson,Larry Israelson,1697
http://dbpedia.org/resource/Bill_Steele_(ice_hockey),Bill Steele (ice hockey),2144
http://dbpedia.org/resource/Peter_Ferraro,Peter Ferraro,1924
http://dbpedia.org/resource/Matt_McIlvane,Matt McIlvane,1850
http://dbpedia.org/resource/Mike_McLean_(ice_hockey),Mike McLean (ice hockey),1666
http://dbpedia.org/resource/Peter_Hirsch_(ice_hockey),Peter Hirsch (ice hockey),1964
http://dbpedia.org/resource/Mattias_Weinhandl,Mattias Weinhandl,2373
http://dbpedia.org/resource/Bert_Morrison,Bert Morrison,1837
http://dbpedia.org/resource/Bates_Battaglia,Bates Battaglia,1772
http://dbpedia.org/resource/Sam_St._Laurent,Sam St. Laurent,1754
http://dbpedia.org/resource/Brian_Wesenberg,Brian Wesenberg,1710
"http://dbpedia.org/resource/Andrei_Makarov_(ice_hockey,_born_1964)","Andrei Makarov (ice hockey, born 1964)",2116
http://dbpedia.org/resource/Katherina_Matousek,Katherina Matousek,1621
http://dbpedia.org/resource/Oscar_Aubuchon,Oscar Aubuchon,2071
http://dbpedia.org/resource/Yasuharu_Nanri,Yasuharu Nanri,1961
http://dbpedia.org/resource/Frank_Arnett,Frank Arnett,2187
http://dbpedia.org/resource/Ted_Snell,Ted Snell,2108
http://dbpedia.org/resource/Petya_Gavazova,Petya Gavazova,1769
http://dbpedia.org/resource/Mark_Moore_(ice_hockey),Mark Moore (ice hockey),2102
http://dbpedia.org/resource/Maxim_Shabalin,Maxim Shabalin,1770
http://dbpedia.org/resource/Dave_Semenko,Dave Semenko,1667
http://dbpedia.org/resource/Vladimir_Antipin,Vladimir Antipin,2142
http://dbpedia.org/resource/Peter_Douris,Peter Douris,1981
http://dbpedia.org/resource/Ron_Ward,Ron Ward,1954
http://dbpedia.org/resource/Doug_Janik,Doug Janik,2061
http://dbpedia.org/resource/Yevgeni_Kniter,Yevgeni Kniter,2126
http://dbpedia.org/resource/David_Baseggio,David Baseggio,1568
http://dbpedia.org/resource/Kevin_van_der_Perren,Kevin van der Perren,1703
http://dbpedia.org/resource/Chris_Brooks_(ice_hockey),Chris Brooks (ice hockey),1849
http://dbpedia.org/resource/Marcel_Bonin,Marcel Bonin,1865
http://dbpedia.org/resource/Al_Purvis,Al Purvis,2054
http://dbpedia.org/resource/Ian_MacNeil_(ice_hockey),Ian MacNeil (ice hockey),1604
http://dbpedia.org/resource/Besarion_Tsintsadze,Besarion Tsintsadze,2349
http://dbpedia.org/resource/Gus_Forslund,Gus Forslund,1858
http://dbpedia.org/resource/Derek_Reilly,Derek Reilly,2093
http://dbpedia.org/resource/Allan_Shields,Allan Shields,1901
http://dbpedia.org/resource/Toni_Wiedemann,Toni Wiedemann,1810
http://dbpedia.org/resource/Nancy_Kerrigan,Nancy Kerrigan,2035
"http://dbpedia.org/resource/Alexander_Vasilevski_(ice_hockey,_born_1975)","Alexander Vasilevski (ice hockey, born 1975)",2230
http://dbpedia.org/resource/Scott_Davis_(figure_skater),Scott Davis (figure skater),2340
http://dbpedia.org/resource/Tom_Cassidy,Tom Cassidy,1847
http://dbpedia.org/resource/Peter_Folco,Peter Folco,2037
http://dbpedia.org/resource/Harrie_van_Heumen,Harrie van Heumen,1833
http://dbpedia.org/resource/Akiko_Suzuki,Akiko Suzuki,1916
http://dbpedia.org/resource/Mark_Wells,Mark Wells,2072
http://dbpedia.org/resource/Shannon_Hope,Shannon Hope,1815
http://dbpedia.org/resource/Hal_Murphy,Hal Murphy,1588
http://dbpedia.org/resource/Aaron_MacKenzie,Aaron MacKenzie,1836
http://dbpedia.org/resource/Manfred_Schnelldorfer,Manfred Schnelldorfer,1756
http://dbpedia.org/resource/Barry_Nieckar,Barry Nieckar,1810
http://dbpedia.org/resource/Mark_Morris_(ice_hockey),Mark Morris (ice hockey),1860
http://dbpedia.org/resource/Paul_Baxter,Paul Baxter,1679
http://dbpedia.org/resource/Justin_Morrison,Justin Morrison,1811
http://dbpedia.org/resource/Vladimir_Golikov,Vladimir Golikov,1902
http://dbpedia.org/resource/Frank_Bergeron,Frank Bergeron,2109
http://dbpedia.org/resource/Robert_McNamara_(figure_skater),Robert McNamara (figure skater),2088
http://dbpedia.org/resource/Jeff_Sharples,Jeff Sharples,2355
http://dbpedia.org/resource/Gennadi_Krasnitski,Gennadi Krasnitski,1719
http://dbpedia.org/resource/Mike_Byers,Mike Byers,1745
http://dbpedia.org/resource/Paul_Crosty,Paul Crosty,2001
http://dbpedia.org/resource/Mike_Muller,Mike Muller,2178
http://dbpedia.org/resource/Trent_Nelson-Bond,Trent Nelson-Bond,2227
http://dbpedia.org/resource/Domine_Lomovšek,Domine Lomovšek,1750
http://dbpedia.org/resource/Pål_Grotnes,Pål Grotnes,2169
http://dbpedia.org/resource/Laurie_Kingsbury,Laurie Kingsbury,1733
http://dbpedia.org/resource/Dave_Inkpen,Dave Inkpen,1721
http://dbpedia.org/resource/Shane_Churla,Shane Churla,1966
http://dbpedia.org/resource/Michel_Deziel,Michel Deziel,1785
http://dbpedia.org/resource/Peter_Lehmann_(ice_hockey),Peter Lehmann (ice hockey),2107
http://dbpedia.org/resource/Ernie_Roche,Ernie Roche,1914
http://dbpedia.org/resource/Maurice_Courteau,Maurice Courteau,1571
http://dbpedia.org/resource/Jean_Bougie,Jean Bougie,2054
http://dbpedia.org/resource/Steve_Dykstra,Steve Dykstra,1933
http://dbpedia.org/resource/Joe_Lundrigan,Joe Lundrigan,2085
http://dbpedia.org/resource/Brad_Brown,Brad Brown,2287
http://dbpedia.org/resource/Ken_Berry_(ice_hockey),Ken Berry (ice hockey),2148
http://dbpedia.org/resource/Randy_Gardner_(figure_skater),Randy Gardner (figure skater),1721
http://dbpedia.org/resource/Pierre_Hamel,Pierre Hamel,1998
http://dbpedia.org/resource/Darren_Eliot,Darren Eliot,2172
http://dbpedia.org/resource/Larry_Leach,Larry Leach,1485
http://dbpedia.org/resource/Yip_Foster,Yip Foster,1891
http://dbpedia.org/resource/Domenic_DiBerardino,Domenic DiBerardino,2323
http://dbpedia.org/resource/Wilfred_White_(ice_hockey),Wilfred White (ice hockey),1934
http://dbpedia.org/resource/Ray_Hannigan,Ray Hannigan,1874
http://dbpedia.org/resource/Dave_Tippett,Dave Tippett,1815
http://dbpedia.org/resource/Gérard_Rigolet,Gérard Rigolet,2558
http://dbpedia.org/resource/Fredrik_Sjöström,Fredrik Sjöström,1937
http://dbpedia.org/resource/Stephen_Baby,Stephen Baby,2135
http://dbpedia.org/resource/Vakhtang_Murvanidze,Vakhtang Murvanidze,1864
http://dbpedia.org/resource/David_Hanson_(ice_hockey),David Hanson (ice hockey),2206
http://dbpedia.org/resource/Michael_Slipchuk,Michael Slipchuk,2006
http://dbpedia.org/resource/Roy_Halpin,Roy Halpin,1912
http://dbpedia.org/resource/Yoshie_Onda,Yoshie Onda,1632
http://dbpedia.org/resource/Vince_Williams_(ice_hockey),Vince Williams (ice hockey),1998
http://dbpedia.org/resource/Andrei_Kiryukhin,Andrei Kiryukhin,2382
http://dbpedia.org/resource/Fabio_Mascarello,Fabio Mascarello,2028
http://dbpedia.org/resource/Viktória_Pavuk,Viktória Pavuk,1654
http://dbpedia.org/resource/John_Vanbiesbrouck,John Vanbiesbrouck,2035
http://dbpedia.org/resource/Brad_Isbister,Brad Isbister,1644
http://dbpedia.org/resource/Gary_Geldart,Gary Geldart,2369
http://dbpedia.org/resource/Wayne_Babych,Wayne Babych,2152
http://dbpedia.org/resource/Willie_Huber,Willie Huber,2113
http://dbpedia.org/resource/Selmar_Odelein,Selmar Odelein,1929
http://dbpedia.org/resource/Josef_Černý,Josef Černý,2306
http://dbpedia.org/resource/Inge_Wischnewski,Inge Wischnewski,2102
http://dbpedia.org/resource/Toivo_Suursoo,Toivo Suursoo,1889
http://dbpedia.org/resource/Ed_Diachuk,Ed Diachuk,2170
http://dbpedia.org/resource/John_Chabot,John Chabot,1862
http://dbpedia.org/resource/Jay_Woodcroft,Jay Woodcroft,1686
http://dbpedia.org/resource/Gord_Sherven,Gord Sherven,1977
http://dbpedia.org/resource/Alain_Calmat,Alain Calmat,1773
http://dbpedia.org/resource/Peter_Jonas_(figure_skater),Peter Jonas (figure skater),2114
http://dbpedia.org/resource/Tom_Barrett_(ice_hockey),Tom Barrett (ice hockey),1805
http://dbpedia.org/resource/Art_Giroux,Art Giroux,2240
"http://dbpedia.org/resource/Claude_Larose_(ice_hockey,_born_1955)","Claude Larose (ice hockey, born 1955)",1939
http://dbpedia.org/resource/Darcy_Wakaluk,Darcy Wakaluk,1918
http://dbpedia.org/resource/Floyd_Curry,Floyd Curry,1946
http://dbpedia.org/resource/Magnus_Wernblom,Magnus Wernblom,2064
http://dbpedia.org/resource/Clarence_Drouillard,Clarence Drouillard,1721
http://dbpedia.org/resource/Brian_McCutcheon_(ice_hockey),Brian McCutcheon (ice hockey),1880
http://dbpedia.org/resource/Hiroyuki_Miura,Hiroyuki Miura,1666
http://dbpedia.org/resource/François_Rozenthal,François Rozenthal,1906
http://dbpedia.org/resource/Evgeny_Shaldybin,Evgeny Shaldybin,1951
http://dbpedia.org/resource/Ralph_Cox,Ralph Cox,2144
http://dbpedia.org/resource/Bob_Dupuis,Bob Dupuis,1815
http://dbpedia.org/resource/Carl_Fleury,Carl Fleury,1989
http://dbpedia.org/resource/Don_Laurence,Don Laurence,1774
http://dbpedia.org/resource/Mike_Colman,Mike Colman,2003
http://dbpedia.org/resource/Konstantin_Spodarenko,Konstantin Spodarenko,2076
http://dbpedia.org/resource/Wade_Skolney,Wade Skolney,1994
http://dbpedia.org/resource/Russell_Bowie,Russell Bowie,1679
http://dbpedia.org/resource/Andy_Hilbert,Andy Hilbert,1892
http://dbpedia.org/resource/Garrett_Lucash,Garrett Lucash,2172
http://dbpedia.org/resource/Tony_Granato,Tony Granato,1644
http://dbpedia.org/resource/Paul_Baier,Paul Baier,2379
http://dbpedia.org/resource/Martin_Knold,Martin Knold,1939
http://dbpedia.org/resource/Jack_Miller_(ice_hockey),Jack Miller (ice hockey),2152
http://dbpedia.org/resource/Zhang_Min_(figure_skater),Zhang Min (figure skater),2290
http://dbpedia.org/resource/Jean-Claude_Garneau,Jean-Claude Garneau,2152
http://dbpedia.org/resource/Pierre_Hedin,Pierre Hedin,1838
http://dbpedia.org/resource/Rich_Costello,Rich Costello,2079
http://dbpedia.org/resource/Blair_Barnes,Blair Barnes,2038
http://dbpedia.org/resource/Serge_Lajeunesse,Serge Lajeunesse,2017
http://dbpedia.org/resource/Tony_Fiore_(ice_hockey),Tony Fiore (ice hockey),2262
http://dbpedia.org/resource/Jenna_Arrowsmith,Jenna Arrowsmith,1971
http://dbpedia.org/resource/Ilia_Isaev,Ilia Isaev,2222
http://dbpedia.org/resource/John_Ingoldsby,John Ingoldsby,1923
http://dbpedia.org/resource/Luc_Robitaille,Luc Robitaille,1914
http://dbpedia.org/resource/Tommy_Melkersson,Tommy Melkersson,2134
http://dbpedia.org/resource/Mark_Dutiaume,Mark Dutiaume,1991
http://dbpedia.org/resource/Myron_Stankiewicz,Myron Stankiewicz,1939
http://dbpedia.org/resource/Bill_Zaniboni,Bill Zaniboni,2126
http://dbpedia.org/resource/Dale_Anderson_(ice_hockey),Dale Anderson (ice hockey),1836
http://dbpedia.org/resource/Ian_Wilkie,Ian Wilkie,2008
http://dbpedia.org/resource/Thomas_Graul,Thomas Graul,1791
http://dbpedia.org/resource/Harvey_Pulford,Harvey Pulford,1589
http://dbpedia.org/resource/John_Blum,John Blum,2143
http://dbpedia.org/resource/Conrad_Bourcier,Conrad Bourcier,1652
http://dbpedia.org/resource/Brad_Richards,Brad Richards,2133
http://dbpedia.org/resource/Dan_Trebil,Dan Trebil,2150
http://dbpedia.org/resource/Arto_Blomsten,Arto Blomsten,2595
http://dbpedia.org/resource/Doug_Grant,Doug Grant,1999
http://dbpedia.org/resource/Bruce_Baker_(ice_hockey),Bruce Baker (ice hockey),1967
http://dbpedia.org/resource/George_McNamara,George McNamara,1755
http://dbpedia.org/resource/Rod_Flett,Rod Flett,1759
http://dbpedia.org/resource/Scott_Gruhl,Scott Gruhl,2367
http://dbpedia.org/resource/Colin_Chin,Colin Chin,2222
http://dbpedia.org/resource/Ed_Hatoum,Ed Hatoum,1865
http://dbpedia.org/resource/Hannu_Kapanen,Hannu Kapanen,2108
http://dbpedia.org/resource/Brian_Swanson,Brian Swanson,1841
"http://dbpedia.org/resource/Jack_Connolly_(ice_hockey,_born_1900)","Jack Connolly (ice hockey, born 1900)",2086
http://dbpedia.org/resource/Matt_Walker_(ice_hockey),Matt Walker (ice hockey),1957
http://dbpedia.org/resource/Bruce_Ridpath,Bruce Ridpath,1516
http://dbpedia.org/resource/Eileen_Zillmer,Eileen Zillmer,1857
http://dbpedia.org/resource/Martine_Zuiderwijk,Martine Zuiderwijk,2139
http://dbpedia.org/resource/Chris_Osgood,Chris Osgood,1790
http://dbpedia.org/resource/Dorota_Siudek,Dorota Siudek,2224
http://dbpedia.org/resource/Dave_Duerden,Dave Duerden,2137
http://dbpedia.org/resource/Dave_Langevin,Dave Langevin,1832
http://dbpedia.org/resource/Jim_Benning,Jim Benning,2129
http://dbpedia.org/resource/Tyler_Ludwig,Tyler Ludwig,1694
http://dbpedia.org/resource/Kelly_Buchberger,Kelly Buchberger,1895
http://dbpedia.org/resource/Sverre_Sears,Sverre Sears,1698
http://dbpedia.org/resource/Jiřina_Nekolová,Jiřina Nekolová,2109
http://dbpedia.org/resource/Corey_Schwab,Corey Schwab,1921
http://dbpedia.org/resource/Pelle_Eklund,Pelle Eklund,2056
http://dbpedia.org/resource/Annie_Bellemare,Annie Bellemare,1700
http://dbpedia.org/resource/Matt_Herr,Matt Herr,2051
http://dbpedia.org/resource/Jeff_Buchanan,Jeff Buchanan,1991
http://dbpedia.org/resource/Larry_Carriere,Larry Carriere,2001
http://dbpedia.org/resource/Raymond_Schultz_(figure_skater),Raymond Schultz (figure skater),2360
http://dbpedia.org/resource/Jack_Hillen,Jack Hillen,2102
http://dbpedia.org/resource/Rod_Langway,Rod Langway,1888
http://dbpedia.org/resource/Niklas_Sundström,Niklas Sundström,2279
http://dbpedia.org/resource/Len_Broderick,Len Broderick,1712
http://dbpedia.org/resource/Jim_Koudys,Jim Koudys,1718
http://dbpedia.org/resource/Jason_Firth,Jason Firth,2154
http://dbpedia.org/resource/Andreas_Johansson_(ice_hockey),Andreas Johansson (ice hockey),1930
http://dbpedia.org/resource/Rejean_Stringer,Rejean Stringer,2376
http://dbpedia.org/resource/Takashi_Mura,Takashi Mura,1896
http://dbpedia.org/resource/Louis_Denis,Louis Denis,1811
http://dbpedia.org/resource/Norm_Ullman,Norm Ullman,1787
http://dbpedia.org/resource/Nick_Smith_(ice_hockey),Nick Smith (ice hockey),1637
http://dbpedia.org/resource/Peter_Bondra,Peter Bondra,1984
http://dbpedia.org/resource/Scott_Gomez,Scott Gomez,1904
http://dbpedia.org/resource/Denise_Zimmermann,Denise Zimmermann,1967
http://dbpedia.org/resource/Steve_Chiasson,Steve Chiasson,2100
http://dbpedia.org/resource/Mike_Hobin,Mike Hobin,2275
http://dbpedia.org/resource/Shelley_Looney,Shelley Looney,2286
http://dbpedia.org/resource/Bob_Probert,Bob Probert,1913
http://dbpedia.org/resource/Kari_Takko,Kari Takko,1569
http://dbpedia.org/resource/Byron_Dafoe,Byron Dafoe,2207
http://dbpedia.org/resource/Benny_Woit,Benny Woit,2200
http://dbpedia.org/resource/Greg_Zanon,Greg Zanon,2333
http://dbpedia.org/resource/Bobby_Connors,Bobby Connors,1689
http://dbpedia.org/resource/Bruno_Rogger,Bruno Rogger,1833
http://dbpedia.org/resource/Bill_Lindsay,Bill Lindsay,2221
http://dbpedia.org/resource/Wyatt_Smith,Wyatt Smith,1511
http://dbpedia.org/resource/Bryan_Deasley,Bryan Deasley,2113
http://dbpedia.org/resource/Normand_Cournoyer,Normand Cournoyer,1892
http://dbpedia.org/resource/Rob_Zamuner,Rob Zamuner,2072
http://dbpedia.org/resource/Carl_Sneep,Carl Sneep,2200
http://dbpedia.org/resource/Gaétan_Duchesne,Gaétan Duchesne,2318
http://dbpedia.org/resource/Natalia_Mishkutionok,Natalia Mishkutionok,2225
http://dbpedia.org/resource/Denis_Larocque,Denis Larocque,1973
http://dbpedia.org/resource/Mike_Krushelnyski,Mike Krushelnyski,1979
http://dbpedia.org/resource/Dave_Noel-Bernier,Dave Noel-Bernier,2066
http://dbpedia.org/resource/Gord_Titcomb,Gord Titcomb,1956
http://dbpedia.org/resource/Shorty_Green,Shorty Green,2298
http://dbpedia.org/resource/Mickey_Roth,Mickey Roth,1767
http://dbpedia.org/resource/Pär_Edlund,Pär Edlund,1763
http://dbpedia.org/resource/Robin_Big_Snake,Robin Big Snake,2170
http://dbpedia.org/resource/Connie_Dion,Connie Dion,1990
http://dbpedia.org/resource/Garret_Stroshein,Garret Stroshein,1921
http://dbpedia.org/resource/Grzegorz_Filipowski,Grzegorz Filipowski,1701
http://dbpedia.org/resource/Andrzej_Hachuła,Andrzej Hachuła,1904
http://dbpedia.org/resource/Nicole_Bobek,Nicole Bobek,1929
http://dbpedia.org/resource/Jack_McVicar,Jack McVicar,1795
http://dbpedia.org/resource/Tim_Bernhardt,Tim Bernhardt,1775
http://dbpedia.org/resource/Nick_Libett,Nick Libett,1910
http://dbpedia.org/resource/Ken_Gernander,Ken Gernander,2023
http://dbpedia.org/resource/Patrick_Traverse,Patrick Traverse,1762
http://dbpedia.org/resource/Matthias_Iberer,Matthias Iberer,2365
http://dbpedia.org/resource/Fred_Strike,Fred Strike,1540
http://dbpedia.org/resource/Brenden_Morrow,Brenden Morrow,1874
http://dbpedia.org/resource/Wayne_Bianchin,Wayne Bianchin,1707
http://dbpedia.org/resource/John_Emmons,John Emmons,1687
http://dbpedia.org/resource/Denis_Petrov,Denis Petrov,2208
http://dbpedia.org/resource/Michal_Sivek,Michal Sivek,2257
http://dbpedia.org/resource/Lasse_Kopitz,Lasse Kopitz,2072
http://dbpedia.org/resource/Ľubomír_Sekeráš,Ľubomír Sekeráš,2061
http://dbpedia.org/resource/Leslie_Monod,Leslie Monod,1954
http://dbpedia.org/resource/Murray_Flegel,Murray Flegel,1993
http://dbpedia.org/resource/Roy_Worters,Roy Worters,2175
http://dbpedia.org/resource/Ed_Sandford,Ed Sandford,1511
http://dbpedia.org/resource/Adrien_Plavsic,Adrien Plavsic,1744
http://dbpedia.org/resource/Darryl_Sydor,Darryl Sydor,1665
http://dbpedia.org/resource/Terry_Sawchuk,Terry Sawchuk,1974
http://dbpedia.org/resource/Willie_Levesque,Willie Levesque,2069
http://dbpedia.org/resource/Geoff_Smith_(ice_hockey),Geoff Smith (ice hockey),1893
http://dbpedia.org/resource/Ed_Christofoli,Ed Christofoli,1723
http://dbpedia.org/resource/Gregor_Urbas,Gregor Urbas,2141
http://dbpedia.org/resource/Greg_Tebbutt,Greg Tebbutt,1919
http://dbpedia.org/resource/Wally_Olds,Wally Olds,1935
http://dbpedia.org/resource/Princeton_Kwong,Princeton Kwong,2110
http://dbpedia.org/resource/Eteri_Tutberidze,Eteri Tutberidze,1598
http://dbpedia.org/resource/Sandro_Bertaggia,Sandro Bertaggia,1999
http://dbpedia.org/resource/Garrett_Burnett,Garrett Burnett,2052
http://dbpedia.org/resource/Denna_Laing,Denna Laing,2158
http://dbpedia.org/resource/Doug_Bodger,Doug Bodger,2167
http://dbpedia.org/resource/Greg_Meredith,Greg Meredith,2207
http://dbpedia.org/resource/Patric_Blomdahl,Patric Blomdahl,1737
http://dbpedia.org/resource/Kamil_Kašťák,Kamil Kašťák,1885
http://dbpedia.org/resource/Jim_Pritchard,Jim Pritchard,2173
http://dbpedia.org/resource/Dan_Blackburn,Dan Blackburn,2168
http://dbpedia.org/resource/Johan_Molin,Johan Molin,1684
http://dbpedia.org/resource/Ryan_Rome,Ryan Rome,2159
http://dbpedia.org/resource/Ryan_McGill,Ryan McGill,2233
http://dbpedia.org/resource/Dino_Quattrocecere,Dino Quattrocecere,2281
http://dbpedia.org/resource/Joe_Junkin,Joe Junkin,1800
http://dbpedia.org/resource/Pete_Wright_(ice_hockey),Pete Wright (ice hockey),1860
http://dbpedia.org/resource/Wayne_Van_Dorp,Wayne Van Dorp,2072
http://dbpedia.org/resource/George_Treherne,George Treherne,2182
http://dbpedia.org/resource/Gaston_Van_Volxem,Gaston Van Volxem,1974
http://dbpedia.org/resource/Craig_Millar,Craig Millar,1890
http://dbpedia.org/resource/Alexander_Chagodayev,Alexander Chagodayev,2091
http://dbpedia.org/resource/Joe_Zanussi,Joe Zanussi,1729
http://dbpedia.org/resource/Jim_Murray_(ice_hockey),Jim Murray (ice hockey),1984
http://dbpedia.org/resource/Anders_Håkansson,Anders Håkansson,2048
http://dbpedia.org/resource/Jim_Cardiff,Jim Cardiff,1769
http://dbpedia.org/resource/Jody_Gage,Jody Gage,1818
http://dbpedia.org/resource/Gary_Jarrett,Gary Jarrett,2209
http://dbpedia.org/resource/Phoebe_Di_Tommaso,Phoebe Di Tommaso,1857
http://dbpedia.org/resource/Joe_DeMitchell,Joe DeMitchell,2185
http://dbpedia.org/resource/Bill_Derlago,Bill Derlago,1785
http://dbpedia.org/resource/Tim_Harrer,Tim Harrer,1700
http://dbpedia.org/resource/Mike_Maneluk,Mike Maneluk,2184
http://dbpedia.org/resource/Ken_Baker_(entertainment_journalist),Ken Baker (entertainment journalist),2194
http://dbpedia.org/resource/Sven_Leuenberger,Sven Leuenberger,1774
http://dbpedia.org/resource/Taffy_Abel,Taffy Abel,1645
http://dbpedia.org/resource/Amos_Arbour,Amos Arbour,1684
http://dbpedia.org/resource/Marc_Reaume,Marc Reaume,1997
http://dbpedia.org/resource/Roy_Shepherd,Roy Shepherd,2006
http://dbpedia.org/resource/Alexander_Vasyunov,Alexander Vasyunov,1958
http://dbpedia.org/resource/Ľubomír_Višňovský,Ľubomír Višňovský,2091
http://dbpedia.org/resource/Veli-Pekka_Ketola,Veli-Pekka Ketola,1659
http://dbpedia.org/resource/Jon_Sim,Jon Sim,2225
http://dbpedia.org/resource/Stéphane_Julien,Stéphane Julien,1653
http://dbpedia.org/resource/Jim_Watt_(ice_hockey),Jim Watt (ice hockey),1830
"http://dbpedia.org/resource/Mike_Walsh_(ice_hockey,_born_1962)","Mike Walsh (ice hockey, born 1962)",1682
http://dbpedia.org/resource/David_Van_Drunen,David Van Drunen,2133
http://dbpedia.org/resource/Hana_Mašková,Hana Mašková,2317
http://dbpedia.org/resource/Andréanne_Poulin,Andréanne Poulin,2462
http://dbpedia.org/resource/Christoph_Brandner,Christoph Brandner,1904
http://dbpedia.org/resource/Dan_Snyder_(ice_hockey),Dan Snyder (ice hockey),1861
http://dbpedia.org/resource/Jozef_Sabovčík,Jozef Sabovčík,1918
http://dbpedia.org/resource/Matthew_Price_(ice_hockey),Matthew Price (ice hockey),2078
http://dbpedia.org/resource/Pavel_Snurnitsyn,Pavel Snurnitsyn,1987
http://dbpedia.org/resource/Zinetula_Bilyaletdinov,Zinetula Bilyaletdinov,2010
http://dbpedia.org/resource/Scott_Hannan,Scott Hannan,1891
http://dbpedia.org/resource/Derek_Stone,Derek Stone,1901
http://dbpedia.org/resource/Wade_Redden,Wade Redden,2322
http://dbpedia.org/resource/Carola_Wolff,Carola Wolff,1730
http://dbpedia.org/resource/Manny_McIntyre,Manny McIntyre,1793
http://dbpedia.org/resource/Terry_Johnson_(ice_hockey),Terry Johnson (ice hockey),2202
http://dbpedia.org/resource/Chris_Margott,Chris Margott,2402
http://dbpedia.org/resource/Gil_Montandon,Gil Montandon,1990
http://dbpedia.org/resource/Chase_Polacek,Chase Polacek,2264
http://dbpedia.org/resource/Bert-Olov_Nordlander,Bert-Olov Nordlander,2369
http://dbpedia.org/resource/Alexei_Menshikov,Alexei Menshikov,1935
http://dbpedia.org/resource/Goodwin_Harding,Goodwin Harding,1548
http://dbpedia.org/resource/Simo_Mälkiä,Simo Mälkiä,1861
http://dbpedia.org/resource/Paul_Beraldo,Paul Beraldo,2065
http://dbpedia.org/resource/Andreas_Karlsson,Andreas Karlsson,1673
http://dbpedia.org/resource/Jamie_Allison,Jamie Allison,2039
http://dbpedia.org/resource/Anton_Smirnov_(figure_skater),Anton Smirnov (figure skater),1788
http://dbpedia.org/resource/Travis_Green,Travis Green,1915
http://dbpedia.org/resource/Roy_Mitchell_(ice_hockey),Roy Mitchell (ice hockey),1941
http://dbpedia.org/resource/David_Anderson_(ice_hockey),David Anderson (ice hockey),1906
http://dbpedia.org/resource/Jeff_Lank,Jeff Lank,1606
http://dbpedia.org/resource/Garth_Rizzuto,Garth Rizzuto,2198
http://dbpedia.org/resource/Andrei_Shayanov,Andrei Shayanov,1950
http://dbpedia.org/resource/Jouni_Rinne,Jouni Rinne,1848
http://dbpedia.org/resource/Danton_Cole,Danton Cole,1737
http://dbpedia.org/resource/Duke_Keats,Duke Keats,2010
http://dbpedia.org/resource/Ma_Xiaodong,Ma Xiaodong,1707
http://dbpedia.org/resource/Timo_Jutila,Timo Jutila,2201
http://dbpedia.org/resource/Martin_Zoborosky,Martin Zoborosky,1869
http://dbpedia.org/resource/Kyle_Rogers,Kyle Rogers,2070
http://dbpedia.org/resource/Don_Grosso,Don Grosso,1966
http://dbpedia.org/resource/Diane_Gerencser,Diane Gerencser,1852
http://dbpedia.org/resource/Artem_Kopot,Artem Kopot,1936
http://dbpedia.org/resource/Marián_Šťastný,Marián Šťastný,1769
