http://dbpedia.org/ontology/Athlete,Athlete,http://dbpedia.org/ontology/draftYear
http://dbpedia.org/resource/Andra_Davis,Andra Davis,2002
http://dbpedia.org/resource/Rod_Grizzard,Rod Grizzard,2002
http://dbpedia.org/resource/Nikita_Wilson,Nikita Wilson,1987
http://dbpedia.org/resource/Leonid_Toropchenko,Leonid Toropchenko,1993
http://dbpedia.org/resource/Glenn_Derby,Glenn Derby,1988
http://dbpedia.org/resource/Axel_Toupane,Axel Toupane,2014
http://dbpedia.org/resource/Akwasi_Owusu-Ansah,Akwasi Owusu-Ansah,2010
http://dbpedia.org/resource/Steve_Dubinsky,Steve Dubinsky,1990
http://dbpedia.org/resource/Stephen_Stewart_(basketball),Stephen Stewart (basketball),1995
http://dbpedia.org/resource/Erik_Lewerström,Erik Lewerström,1999
http://dbpedia.org/resource/Jerry_Ostroski,Jerry Ostroski,1992
http://dbpedia.org/resource/Alexandre_Daigle,Alexandre Daigle,1993
http://dbpedia.org/resource/Billy_Sims,Billy Sims,1980
http://dbpedia.org/resource/Bobby_Ray_Parks_Jr.,Bobby Ray Parks Jr.,2015
http://dbpedia.org/resource/Mike_Richter,Mike Richter,1985
http://dbpedia.org/resource/Nick_Welch,Nick Welch,2007
http://dbpedia.org/resource/Joel_Scherban,Joel Scherban,1998
http://dbpedia.org/resource/Max_Valles,Max Valles,2015
http://dbpedia.org/resource/Jonathan_Meeks,Jonathan Meeks,2013
http://dbpedia.org/resource/Lewis_Lloyd,Lewis Lloyd,1981
http://dbpedia.org/resource/Dale_Smedsmo,Dale Smedsmo,1971
http://dbpedia.org/resource/Igor_Ulanov,Igor Ulanov,1991
http://dbpedia.org/resource/Paul_Seymour_(American_football),Paul Seymour (American football),1973
http://dbpedia.org/resource/David_Bowens,David Bowens,1999
http://dbpedia.org/resource/Vladimir_Vorobiev,Vladimir Vorobiev,1992
http://dbpedia.org/resource/Gerald_Williams_(American_football),Gerald Williams (American football),1986
http://dbpedia.org/resource/Olexandr_Mishula,Olexandr Mishula,2014
http://dbpedia.org/resource/Terrell_Bell_(basketball),Terrell Bell (basketball),1996
http://dbpedia.org/resource/Sylvain_Côté,Sylvain Côté,1984
http://dbpedia.org/resource/Davion_Berry,Davion Berry,2014
http://dbpedia.org/resource/Ryan_Kalil,Ryan Kalil,2007
http://dbpedia.org/resource/Dominique_Edison,Dominique Edison,2009
http://dbpedia.org/resource/Michael_Henrich,Michael Henrich,1998
http://dbpedia.org/resource/Sedric_Toney,Sedric Toney,1985
http://dbpedia.org/resource/Serge_Bernier,Serge Bernier,1967
http://dbpedia.org/resource/Craig_Callahan,Craig Callahan,2003
http://dbpedia.org/resource/Chad_Wiseman,Chad Wiseman,2000
http://dbpedia.org/resource/Giovanni_Severini,Giovanni Severini,2015
http://dbpedia.org/resource/Johnny_Lujack,Johnny Lujack,1946
http://dbpedia.org/resource/Víctor_Ávila,Víctor Ávila,2000
http://dbpedia.org/resource/Bob_Carney,Bob Carney,1954
http://dbpedia.org/resource/James_Trapp,James Trapp,1993
http://dbpedia.org/resource/Carlton_Aaron,Carlton Aaron,2005
http://dbpedia.org/resource/Slade_Norris,Slade Norris,2009
http://dbpedia.org/resource/Henry_Bailey_(American_football),Henry Bailey (American football),1995
http://dbpedia.org/resource/Jens_Lööke,Jens Lööke,2015
http://dbpedia.org/resource/Rich_Glover,Rich Glover,1973
http://dbpedia.org/resource/Walker_Banks,Walker Banks,1970
http://dbpedia.org/resource/Brian_Evans_(basketball),Brian Evans (basketball),1996
http://dbpedia.org/resource/Marco_Cousineau,Marco Cousineau,2008
http://dbpedia.org/resource/Corbin_Lacina,Corbin Lacina,1993
http://dbpedia.org/resource/Jerome_Hill_(basketball),Jerome Hill (basketball),2015
http://dbpedia.org/resource/Dana_Stubblefield,Dana Stubblefield,1993
http://dbpedia.org/resource/Ray_Collins_(American_football),Ray Collins (American football),1950
http://dbpedia.org/resource/Nolan_Luhn,Nolan Luhn,1945
http://dbpedia.org/resource/George_Reynolds_(basketball),George Reynolds (basketball),1969
http://dbpedia.org/resource/Scott_McGarrahan,Scott McGarrahan,1998
http://dbpedia.org/resource/Sammy_Davis_(American_football),Sammy Davis (American football),2003
http://dbpedia.org/resource/Mike_Ricci,Mike Ricci,1990
http://dbpedia.org/resource/Mike_Kelfer,Mike Kelfer,1985
http://dbpedia.org/resource/Gary_Bergen,Gary Bergen,1956
http://dbpedia.org/resource/Gerald_Lee_(basketball),Gerald Lee (basketball),2010
http://dbpedia.org/resource/T._J._Brodie,T. J. Brodie,2008
http://dbpedia.org/resource/Scott_Davis_(defensive_lineman),Scott Davis (defensive lineman),1988
http://dbpedia.org/resource/Henry_Ward_(basketball),Henry Ward (basketball),1975
http://dbpedia.org/resource/Alex_Garcia_(basketball),Alex Garcia (basketball),2002
http://dbpedia.org/resource/Jarrid_Famous,Jarrid Famous,2011
http://dbpedia.org/resource/Rashad_Greene,Rashad Greene,2015
http://dbpedia.org/resource/Jeff_Woywitka,Jeff Woywitka,2001
http://dbpedia.org/resource/Jermaine_Fazande,Jermaine Fazande,1999
http://dbpedia.org/resource/Khadijah_Rushdan,Khadijah Rushdan,2012
http://dbpedia.org/resource/Peter_Brown_(ice_hockey),Peter Brown (ice hockey),1974
http://dbpedia.org/resource/Melvin_Tuten,Melvin Tuten,1995
http://dbpedia.org/resource/Dekoda_Watson,Dekoda Watson,2010
http://dbpedia.org/resource/Cody_Eakin,Cody Eakin,2009
http://dbpedia.org/resource/John_Long_(basketball),John Long (basketball),1978
http://dbpedia.org/resource/Kevin_Dillard,Kevin Dillard,2013
http://dbpedia.org/resource/Alexander_Dergachyov,Alexander Dergachyov,2015
http://dbpedia.org/resource/Tim_Bassett,Tim Bassett,1973
http://dbpedia.org/resource/Pharoh_Cooper,Pharoh Cooper,2016
http://dbpedia.org/resource/Rod_Jones_(offensive_lineman),Rod Jones (offensive lineman),1996
http://dbpedia.org/resource/Bill_Turner_(basketball),Bill Turner (basketball),1967
http://dbpedia.org/resource/Zach_Moore,Zach Moore,2014
http://dbpedia.org/resource/Vaughn_Dunbar,Vaughn Dunbar,1992
http://dbpedia.org/resource/Jason_McCourty,Jason McCourty,2009
http://dbpedia.org/resource/Frank_Williams_(basketball),Frank Williams (basketball),2002
http://dbpedia.org/resource/Carlos_Hyde,Carlos Hyde,2014
http://dbpedia.org/resource/Rich_Pilon,Rich Pilon,1986
http://dbpedia.org/resource/Keith_Starr,Keith Starr,1976
http://dbpedia.org/resource/Troy_Daniels,Troy Daniels,2013
http://dbpedia.org/resource/Bob_Hoskins_(American_football),Bob Hoskins (American football),1969
http://dbpedia.org/resource/Don_Goldstein,Don Goldstein,1959
http://dbpedia.org/resource/Jaycee_Carroll,Jaycee Carroll,2008
http://dbpedia.org/resource/Joe_Young_(American_football),Joe Young (American football),1955
"http://dbpedia.org/resource/Neil_Komadoski_(ice_hockey,_born_1982)","Neil Komadoski (ice hockey, born 1982)",2001
http://dbpedia.org/resource/Jaime_Fernández_(basketball),Jaime Fernández (basketball),2015
http://dbpedia.org/resource/Cory_Hightower,Cory Hightower,2000
http://dbpedia.org/resource/Fred_Beasley,Fred Beasley,1998
http://dbpedia.org/resource/Derek_Stanley,Derek Stanley,2007
http://dbpedia.org/resource/Bill_Dusenbery,Bill Dusenbery,1970
http://dbpedia.org/resource/Bo_Ruud,Bo Ruud,2008
http://dbpedia.org/resource/Colin_Campbell_(ice_hockey),Colin Campbell (ice hockey),1973
http://dbpedia.org/resource/Alex_Van_Dyke,Alex Van Dyke,1996
http://dbpedia.org/resource/Darrell_Walker,Darrell Walker,1983
http://dbpedia.org/resource/Tornike_Shengelia,Tornike Shengelia,2012
http://dbpedia.org/resource/Bruce_Davis_(offensive_tackle),Bruce Davis (offensive tackle),1979
http://dbpedia.org/resource/Petter_Granberg,Petter Granberg,2010
http://dbpedia.org/resource/Howie_Carl,Howie Carl,1961
"http://dbpedia.org/resource/Charles_Johnson_(wide_receiver,_born_1989)","Charles Johnson (wide receiver, born 1989)",2013
http://dbpedia.org/resource/Marc_Laniel,Marc Laniel,1986
http://dbpedia.org/resource/Bob_Toneff,Bob Toneff,1952
http://dbpedia.org/resource/David_Wear,David Wear,2014
http://dbpedia.org/resource/Ken_Priestlay,Ken Priestlay,1985
http://dbpedia.org/resource/Joaquin_Gonzalez_(American_football),Joaquin Gonzalez (American football),2002
http://dbpedia.org/resource/Aaron_Ekblad,Aaron Ekblad,2014
http://dbpedia.org/resource/Tony_Romano_(ice_hockey),Tony Romano (ice hockey),2006
http://dbpedia.org/resource/Guillaume_Desbiens,Guillaume Desbiens,2003
http://dbpedia.org/resource/Ricardo_Mathews,Ricardo Mathews,2010
http://dbpedia.org/resource/Akil_Mitchell,Akil Mitchell,2014
http://dbpedia.org/resource/Aleksandar_Ćapin,Aleksandar Ćapin,2004
http://dbpedia.org/resource/Alec_Burks,Alec Burks,2011
http://dbpedia.org/resource/Sofoklis_Schortsanitis,Sofoklis Schortsanitis,2003
http://dbpedia.org/resource/Dylan_Reese,Dylan Reese,2003
http://dbpedia.org/resource/John_Bosa,John Bosa,1987
http://dbpedia.org/resource/Rod_Dallman,Rod Dallman,1985
http://dbpedia.org/resource/Hugo_Bélanger,Hugo Bélanger,1990
http://dbpedia.org/resource/Jeromey_Clary,Jeromey Clary,2006
http://dbpedia.org/resource/Jaime_Lloreda,Jaime Lloreda,2004
http://dbpedia.org/resource/Paul_Seiler,Paul Seiler,1967
http://dbpedia.org/resource/Tommy_Tolleson,Tommy Tolleson,1966
http://dbpedia.org/resource/Trent_Bryant,Trent Bryant,1981
http://dbpedia.org/resource/Claude_Terrell,Claude Terrell,2005
http://dbpedia.org/resource/Frank_Musil,Frank Musil,1983
http://dbpedia.org/resource/Rennie_Curran,Rennie Curran,2010
http://dbpedia.org/resource/Scott_Davis_(offensive_lineman),Scott Davis (offensive lineman),1993
http://dbpedia.org/resource/Chris_Owens_(American_football),Chris Owens (American football),2009
http://dbpedia.org/resource/Claude_Gauthier_(ice_hockey),Claude Gauthier (ice hockey),1964
http://dbpedia.org/resource/Joe_Cohen,Joe Cohen,2007
http://dbpedia.org/resource/Darren_Turcotte,Darren Turcotte,1986
http://dbpedia.org/resource/Wayne_Stevens_(basketball),Wayne Stevens (basketball),1958
http://dbpedia.org/resource/Brandon_Marshall,Brandon Marshall,2006
http://dbpedia.org/resource/Shawn_Collins,Shawn Collins,1989
http://dbpedia.org/resource/Chase_Simon,Chase Simon,2012
http://dbpedia.org/resource/Mikhail_Grigorenko,Mikhail Grigorenko,2012
http://dbpedia.org/resource/Claudio_Coldebella,Claudio Coldebella,1990
http://dbpedia.org/resource/Adam_Parada,Adam Parada,2004
http://dbpedia.org/resource/Mikko_Markkanen,Mikko Markkanen,1995
http://dbpedia.org/resource/David_Emma,David Emma,1989
http://dbpedia.org/resource/Adam_Wójcik,Adam Wójcik,1987
http://dbpedia.org/resource/Muhammad_Wilkerson,Muhammad Wilkerson,2011
http://dbpedia.org/resource/Brendan_Shanahan,Brendan Shanahan,1987
http://dbpedia.org/resource/Pendarvis_Williams,Pendarvis Williams,2014
http://dbpedia.org/resource/Marcus_Hall_(basketball),Marcus Hall (basketball),2008
http://dbpedia.org/resource/Greg_Allen_(American_football),Greg Allen (American football),1985
http://dbpedia.org/resource/Jared_Sullinger,Jared Sullinger,2012
http://dbpedia.org/resource/Dan_King_(basketball),Dan King (basketball),1954
http://dbpedia.org/resource/Ricky_Franklin,Ricky Franklin,2010
http://dbpedia.org/resource/Craig_Weller,Craig Weller,2000
http://dbpedia.org/resource/Gil_McGregor,Gil McGregor,1971
http://dbpedia.org/resource/Dustin_Fox,Dustin Fox,2005
http://dbpedia.org/resource/Stan_Jonathan,Stan Jonathan,1975
http://dbpedia.org/resource/Vernon_Hargreaves,Vernon Hargreaves,2016
http://dbpedia.org/resource/Brandon_Costner,Brandon Costner,2009
http://dbpedia.org/resource/Peter_Cehlárik,Peter Cehlárik,2013
http://dbpedia.org/resource/Bobby_Majors,Bobby Majors,1972
http://dbpedia.org/resource/Tony_Beckham,Tony Beckham,2002
http://dbpedia.org/resource/Eddie_Jordan_(basketball),Eddie Jordan (basketball),1977
http://dbpedia.org/resource/Marcus_Karlström,Marcus Karlström,2013
http://dbpedia.org/resource/Johnny_Baum,Johnny Baum,1969
http://dbpedia.org/resource/Dwight_Hicks,Dwight Hicks,1978
http://dbpedia.org/resource/Bojan_Bogdanović,Bojan Bogdanović,2011
http://dbpedia.org/resource/Chris_Givens,Chris Givens,2012
http://dbpedia.org/resource/Éric_Dazé,Éric Dazé,1993
http://dbpedia.org/resource/Luther_Rackley,Luther Rackley,1969
http://dbpedia.org/resource/Julius_Nättinen,Julius Nättinen,2015
http://dbpedia.org/resource/Tom_Hawkins_(basketball),Tom Hawkins (basketball),1959
http://dbpedia.org/resource/Timmy_Jernigan,Timmy Jernigan,2014
http://dbpedia.org/resource/Dean_DeFazio,Dean DeFazio,1981
http://dbpedia.org/resource/Tim_Pickett,Tim Pickett,2004
http://dbpedia.org/resource/Patrick_Sharp,Patrick Sharp,2001
http://dbpedia.org/resource/Jörgen_Jönsson,Jörgen Jönsson,1994
http://dbpedia.org/resource/Jim_Craig_(ice_hockey),Jim Craig (ice hockey),1977
http://dbpedia.org/resource/Uroš_Lučić,Uroš Lučić,2005
http://dbpedia.org/resource/Melvin_Sanders,Melvin Sanders,2003
http://dbpedia.org/resource/Brian_Jozwiak,Brian Jozwiak,1986
http://dbpedia.org/resource/Marko_Jagodić-Kuridža,Marko Jagodić-Kuridža,2009
http://dbpedia.org/resource/Chris_Canty_(defensive_lineman),Chris Canty (defensive lineman),2005
http://dbpedia.org/resource/Bob_Berry_(American_football),Bob Berry (American football),1964
http://dbpedia.org/resource/Ryan_Spangler,Ryan Spangler,2016
http://dbpedia.org/resource/Easy_Parham,Easy Parham,1948
http://dbpedia.org/resource/Akeem_Spence,Akeem Spence,2013
http://dbpedia.org/resource/Jonathon_Blum,Jonathon Blum,2007
http://dbpedia.org/resource/Bruce_Boudreau,Bruce Boudreau,1975
http://dbpedia.org/resource/Josef_Boumedienne,Josef Boumedienne,1996
http://dbpedia.org/resource/Ryan_Diem,Ryan Diem,2001
http://dbpedia.org/resource/Larry_Grant_(American_football),Larry Grant (American football),2008
http://dbpedia.org/resource/Johan_Asplund_(ice_hockey),Johan Asplund (ice hockey),1999
http://dbpedia.org/resource/Terry_Jackson_(running_back),Terry Jackson (running back),1999
http://dbpedia.org/resource/Vaughn_Martin,Vaughn Martin,2009
http://dbpedia.org/resource/Andrew_Walter,Andrew Walter,2005
http://dbpedia.org/resource/Jrue_Holiday,Jrue Holiday,2009
http://dbpedia.org/resource/Lindy_Ruff,Lindy Ruff,1979
http://dbpedia.org/resource/Arttu_Luttinen,Arttu Luttinen,2002
http://dbpedia.org/resource/Sidney_Rice,Sidney Rice,2007
http://dbpedia.org/resource/Howard_Carter_(basketball),Howard Carter (basketball),1983
http://dbpedia.org/resource/Paris_Warren,Paris Warren,2005
http://dbpedia.org/resource/Cassie_Harberts,Cassie Harberts,2014
http://dbpedia.org/resource/Anthony_Hickey,Anthony Hickey,2015
http://dbpedia.org/resource/Anthony_Gonzalez,Anthony Gonzalez,2007
http://dbpedia.org/resource/Tim_Smith_(basketball),Tim Smith (basketball),2006
http://dbpedia.org/resource/Kris_Kocurek,Kris Kocurek,2001
http://dbpedia.org/resource/Bob_Shaw_(American_football),Bob Shaw (American football),1944
http://dbpedia.org/resource/Kevin_Fagan_(American_football),Kevin Fagan (American football),1986
http://dbpedia.org/resource/Kellen_Clemens,Kellen Clemens,2006
http://dbpedia.org/resource/Rob_Sims,Rob Sims,2006
http://dbpedia.org/resource/Brayden_Point,Brayden Point,2014
http://dbpedia.org/resource/Chase_Tapley,Chase Tapley,2013
http://dbpedia.org/resource/Kostas_Tsartsaris,Kostas Tsartsaris,2001
http://dbpedia.org/resource/Dennis_Schröder,Dennis Schröder,2013
http://dbpedia.org/resource/Derrick_Smith_(ice_hockey),Derrick Smith (ice hockey),1983
http://dbpedia.org/resource/Sergei_Fedorov,Sergei Fedorov,1989
http://dbpedia.org/resource/Nick_Weatherspoon,Nick Weatherspoon,1973
http://dbpedia.org/resource/Aaron_Jones_(American_football),Aaron Jones (American football),1988
http://dbpedia.org/resource/Mike_Bales,Mike Bales,1990
http://dbpedia.org/resource/Billy_Stone_(American_football),Billy Stone (American football),1949
http://dbpedia.org/resource/Erich_Goldmann,Erich Goldmann,1996
http://dbpedia.org/resource/Etric_Pruitt,Etric Pruitt,2004
http://dbpedia.org/resource/Patrik_Nemeth,Patrik Nemeth,2010
http://dbpedia.org/resource/Cam_Cunning,Cam Cunning,2003
http://dbpedia.org/resource/Terry_Williams_(American_football),Terry Williams (American football),1988
http://dbpedia.org/resource/Mike_Card,Mike Card,2004
http://dbpedia.org/resource/Darryl_Sutter,Darryl Sutter,1978
http://dbpedia.org/resource/Anthony_Stewart_(ice_hockey),Anthony Stewart (ice hockey),2003
http://dbpedia.org/resource/Martin_Seiferth,Martin Seiferth,2014
http://dbpedia.org/resource/Jeremy_McNeil,Jeremy McNeil,2004
http://dbpedia.org/resource/Jarrad_Page,Jarrad Page,2006
http://dbpedia.org/resource/Bryan_Rust,Bryan Rust,2010
http://dbpedia.org/resource/Donnell_Smith,Donnell Smith,1971
http://dbpedia.org/resource/Jacoby_Ford,Jacoby Ford,2010
http://dbpedia.org/resource/April_Sykes,April Sykes,2012
http://dbpedia.org/resource/Harold_Phillipoff,Harold Phillipoff,1976
http://dbpedia.org/resource/Manny_Leaks,Manny Leaks,1968
http://dbpedia.org/resource/Evan_Royster,Evan Royster,2011
http://dbpedia.org/resource/Jim_Fraser_(American_football),Jim Fraser (American football),1959
http://dbpedia.org/resource/Marv_Marinovich,Marv Marinovich,1962
http://dbpedia.org/resource/Michael_Hjälm,Michael Hjälm,1982
http://dbpedia.org/resource/Tim_Rattay,Tim Rattay,2000
http://dbpedia.org/resource/Nemanja_Bjelica,Nemanja Bjelica,2010
http://dbpedia.org/resource/Abby_Waner,Abby Waner,2009
http://dbpedia.org/resource/Robbie_Weingard,Robbie Weingard,1985
http://dbpedia.org/resource/Worthy_Patterson,Worthy Patterson,1954
http://dbpedia.org/resource/Nebojša_Joksimović_(basketball),Nebojša Joksimović (basketball),2003
http://dbpedia.org/resource/Zoran_Erceg,Zoran Erceg,2007
http://dbpedia.org/resource/Kerby_Rychel,Kerby Rychel,2013
http://dbpedia.org/resource/Bob_Quick_(basketball),Bob Quick (basketball),1968
http://dbpedia.org/resource/Chris_Copeland,Chris Copeland,2006
http://dbpedia.org/resource/Matt_Flynn,Matt Flynn,2008
http://dbpedia.org/resource/Joe_Klecko,Joe Klecko,1977
http://dbpedia.org/resource/Gary_Phillips_(basketball),Gary Phillips (basketball),1961
http://dbpedia.org/resource/Chet_Giermak,Chet Giermak,1950
http://dbpedia.org/resource/Josh_Robinson,Josh Robinson,2012
http://dbpedia.org/resource/Ted_Connolly,Ted Connolly,1954
http://dbpedia.org/resource/Chaun_Thompson,Chaun Thompson,2003
http://dbpedia.org/resource/Milt_Campbell,Milt Campbell,1957
http://dbpedia.org/resource/Alex_Chiasson,Alex Chiasson,2009
http://dbpedia.org/resource/Nigel_Miguel,Nigel Miguel,1985
http://dbpedia.org/resource/Robb_Gordon,Robb Gordon,1994
http://dbpedia.org/resource/Cale_Hulse,Cale Hulse,1992
http://dbpedia.org/resource/Kelvin_Sheppard,Kelvin Sheppard,2011
"http://dbpedia.org/resource/Mike_Jones_(basketball,_born_1967)","Mike Jones (basketball, born 1967)",1988
http://dbpedia.org/resource/Ben_Storey,Ben Storey,1996
http://dbpedia.org/resource/Ra'Shon_Harris,Ra'Shon Harris,2009
http://dbpedia.org/resource/Andre_Patterson,Andre Patterson,2006
http://dbpedia.org/resource/Ray_Stachowicz,Ray Stachowicz,1981
http://dbpedia.org/resource/Bill_Lund,Bill Lund,1945
http://dbpedia.org/resource/Ken-Yon_Rambo,Ken-Yon Rambo,2001
http://dbpedia.org/resource/Igor_Chibirev,Igor Chibirev,1993
http://dbpedia.org/resource/George_Peoples,George Peoples,1982
http://dbpedia.org/resource/Jochen_Hecht,Jochen Hecht,1995
http://dbpedia.org/resource/Mattias_Wennerberg,Mattias Wennerberg,1999
http://dbpedia.org/resource/Stephen_Davis_(American_football),Stephen Davis (American football),1996
http://dbpedia.org/resource/Pooh_Richardson,Pooh Richardson,1989
http://dbpedia.org/resource/William_Franklin_(gridiron_football),William Franklin (gridiron football),2008
http://dbpedia.org/resource/Schea_Cotton,Schea Cotton,2000
http://dbpedia.org/resource/Jay_McClement,Jay McClement,2001
"http://dbpedia.org/resource/Mamadou_Diop_(basketball,_born_1993)","Mamadou Diop (basketball, born 1993)",2015
http://dbpedia.org/resource/Chris_Henry_(running_back),Chris Henry (running back),2007
http://dbpedia.org/resource/Todd_Rucci,Todd Rucci,1993
http://dbpedia.org/resource/Jon_Scheyer,Jon Scheyer,2010
http://dbpedia.org/resource/Tyreke_Evans,Tyreke Evans,2009
http://dbpedia.org/resource/Patrick_Mutombo,Patrick Mutombo,2003
http://dbpedia.org/resource/Timo_Helbling,Timo Helbling,1999
http://dbpedia.org/resource/Andrey_Vorontsevich,Andrey Vorontsevich,2009
http://dbpedia.org/resource/Don_Boll,Don Boll,1953
http://dbpedia.org/resource/Chase_Lyman,Chase Lyman,2005
http://dbpedia.org/resource/Lynn_Dickey,Lynn Dickey,1971
http://dbpedia.org/resource/Golden_Tate,Golden Tate,2010
http://dbpedia.org/resource/Joey_Kent,Joey Kent,1997
http://dbpedia.org/resource/Ivan_Žigeranović,Ivan Žigeranović,2006
http://dbpedia.org/resource/Don_Rives,Don Rives,1973
http://dbpedia.org/resource/Sid_Catlett_(basketball),Sid Catlett (basketball),1971
http://dbpedia.org/resource/Harvey_Martin,Harvey Martin,1973
http://dbpedia.org/resource/Martynas_Gecevičius,Martynas Gecevičius,2010
http://dbpedia.org/resource/Xavi_Rabaseda,Xavi Rabaseda,2011
http://dbpedia.org/resource/Jim_Thaxton,Jim Thaxton,1973
http://dbpedia.org/resource/Jerry_Mays_(defensive_lineman),Jerry Mays (defensive lineman),1961
http://dbpedia.org/resource/Mark_Mullaney,Mark Mullaney,1975
http://dbpedia.org/resource/Charlie_Getty,Charlie Getty,1974
http://dbpedia.org/resource/Janne_Kolehmainen,Janne Kolehmainen,2005
http://dbpedia.org/resource/Robert_Goff_(American_football),Robert Goff (American football),1988
http://dbpedia.org/resource/Daniel_Hackett,Daniel Hackett,2009
http://dbpedia.org/resource/Terrence_Holt,Terrence Holt,2003
http://dbpedia.org/resource/Terry_Jackson_(cornerback),Terry Jackson (cornerback),1978
http://dbpedia.org/resource/Kenny_Easley,Kenny Easley,1981
http://dbpedia.org/resource/Travares_Tillman,Travares Tillman,2000
http://dbpedia.org/resource/Reggie_Redding,Reggie Redding,2010
http://dbpedia.org/resource/John_Keith_(defensive_back),John Keith (defensive back),2000
http://dbpedia.org/resource/Patrick_Beverley,Patrick Beverley,2009
http://dbpedia.org/resource/Blair_Atcheynum,Blair Atcheynum,1989
http://dbpedia.org/resource/Dave_Batton,Dave Batton,1978
http://dbpedia.org/resource/Glenn_Goldup,Glenn Goldup,1973
http://dbpedia.org/resource/Kasib_Powell,Kasib Powell,2003
http://dbpedia.org/resource/Jacki_Gemelos,Jacki Gemelos,2012
http://dbpedia.org/resource/James_Bailey_(basketball),James Bailey (basketball),1979
http://dbpedia.org/resource/Sammy_Walker_(American_football),Sammy Walker (American football),1991
http://dbpedia.org/resource/Bob_Burrow,Bob Burrow,1956
http://dbpedia.org/resource/Wayne_Simmonds,Wayne Simmonds,2007
http://dbpedia.org/resource/Kim_Issel,Kim Issel,1986
http://dbpedia.org/resource/Tomas_Jonsson,Tomas Jonsson,1979
http://dbpedia.org/resource/John_Pinone,John Pinone,1983
http://dbpedia.org/resource/Bucky_Richardson,Bucky Richardson,1992
http://dbpedia.org/resource/Ronalds_Zaķis,Ronalds Zaķis,2009
http://dbpedia.org/resource/Fredrik_Bremberg,Fredrik Bremberg,1991
http://dbpedia.org/resource/Lance_Mehl,Lance Mehl,1980
http://dbpedia.org/resource/James_Brown_(offensive_tackle),James Brown (offensive tackle),1992
http://dbpedia.org/resource/Dana_Barros,Dana Barros,1989
http://dbpedia.org/resource/Tiger_Williams,Tiger Williams,1974
http://dbpedia.org/resource/Curtis_Weathers,Curtis Weathers,1979
http://dbpedia.org/resource/Chet_Wetterlund,Chet Wetterlund,1942
http://dbpedia.org/resource/Sam_Stith,Sam Stith,1960
http://dbpedia.org/resource/Josh_Boyce,Josh Boyce,2013
http://dbpedia.org/resource/Aleksei_Kotishevskiy,Aleksei Kotishevskiy,2007
http://dbpedia.org/resource/Jerry_Rook,Jerry Rook,1965
http://dbpedia.org/resource/Chad_Henne,Chad Henne,2008
http://dbpedia.org/resource/J._D._Runnels,J. D. Runnels,2006
http://dbpedia.org/resource/Terrell_Brandon,Terrell Brandon,1991
http://dbpedia.org/resource/Leonard_Mitchell,Leonard Mitchell,1981
http://dbpedia.org/resource/Paul_Miranda,Paul Miranda,1999
http://dbpedia.org/resource/Richard_Harvey_(American_football),Richard Harvey (American football),1989
http://dbpedia.org/resource/Leo_Gudas,Leo Gudas,1990
http://dbpedia.org/resource/Martin_Šagát,Martin Šagát,2003
http://dbpedia.org/resource/Ron_Smith_(ice_hockey),Ron Smith (ice hockey),1972
http://dbpedia.org/resource/Ron_Barkwell,Ron Barkwell,1967
http://dbpedia.org/resource/Rafer_Alston,Rafer Alston,1998
http://dbpedia.org/resource/Milenko_Tepić,Milenko Tepić,2009
http://dbpedia.org/resource/Devin_Durrant,Devin Durrant,1984
http://dbpedia.org/resource/Loaird_McCreary,Loaird McCreary,1976
http://dbpedia.org/resource/Brian_Smith_(defensive_end),Brian Smith (defensive end),2007
http://dbpedia.org/resource/Anders_Myrvold,Anders Myrvold,1993
http://dbpedia.org/resource/Prince_Amukamara,Prince Amukamara,2011
http://dbpedia.org/resource/Gerald_Wilkins,Gerald Wilkins,1985
http://dbpedia.org/resource/Robert_Bortuzzo,Robert Bortuzzo,2007
http://dbpedia.org/resource/Harvey_Catchings,Harvey Catchings,1974
http://dbpedia.org/resource/Keon_Clark,Keon Clark,1998
http://dbpedia.org/resource/Todd_Marchant,Todd Marchant,1993
http://dbpedia.org/resource/Mladen_Pantić,Mladen Pantić,2004
http://dbpedia.org/resource/Roell_Preston,Roell Preston,1995
http://dbpedia.org/resource/Chris_Watt,Chris Watt,2014
http://dbpedia.org/resource/Gary_Dillon,Gary Dillon,1979
http://dbpedia.org/resource/Andrei_Yershov,Andrei Yershov,1998
http://dbpedia.org/resource/Dontari_Poe,Dontari Poe,2012
http://dbpedia.org/resource/Tyler_Newton,Tyler Newton,2005
http://dbpedia.org/resource/Mark_Traynowicz,Mark Traynowicz,1985
http://dbpedia.org/resource/Truck_Robinson,Truck Robinson,1974
http://dbpedia.org/resource/Brett_Hauer,Brett Hauer,1989
http://dbpedia.org/resource/George_Reese_(basketball),George Reese (basketball),2000
http://dbpedia.org/resource/Johnny_Unitas,Johnny Unitas,1955
http://dbpedia.org/resource/Antwan_Odom,Antwan Odom,2004
"http://dbpedia.org/resource/George_Sullivan_(American_football,_born_1926)","George Sullivan (American football, born 1926)",1947
http://dbpedia.org/resource/Byron_Frisch,Byron Frisch,2000
http://dbpedia.org/resource/Sean_O'Connor_(ice_hockey),Sean O'Connor (ice hockey),2000
http://dbpedia.org/resource/Henrik_Tömmernes,Henrik Tömmernes,2011
http://dbpedia.org/resource/Billy_Martin_(halfback),Billy Martin (halfback),1960
http://dbpedia.org/resource/Troy_Archer,Troy Archer,1976
http://dbpedia.org/resource/Frank_Murphy_(gridiron_football),Frank Murphy (gridiron football),2000
http://dbpedia.org/resource/Kyle_Calloway,Kyle Calloway,2010
http://dbpedia.org/resource/Corey_Stokes,Corey Stokes,2011
http://dbpedia.org/resource/Kevin_Miniefield,Kevin Miniefield,1993
http://dbpedia.org/resource/Kyle_Turley,Kyle Turley,1998
http://dbpedia.org/resource/Parys_Haralson,Parys Haralson,2006
http://dbpedia.org/resource/Pernell_McPhee,Pernell McPhee,2011
http://dbpedia.org/resource/Evgeny_Svechnikov,Evgeny Svechnikov,2015
http://dbpedia.org/resource/Ryan_Mouton,Ryan Mouton,2009
http://dbpedia.org/resource/Alex_Stivrins,Alex Stivrins,1985
http://dbpedia.org/resource/David_Palmer_(American_football),David Palmer (American football),1994
http://dbpedia.org/resource/Emmanuel_Acho,Emmanuel Acho,2012
http://dbpedia.org/resource/Cam_Severson,Cam Severson,1997
http://dbpedia.org/resource/Lawrence_Westbrook,Lawrence Westbrook,2010
http://dbpedia.org/resource/Marcus_Hamilton_(American_football),Marcus Hamilton (American football),2007
http://dbpedia.org/resource/Trevor_Letowski,Trevor Letowski,1996
http://dbpedia.org/resource/Yves_Archambault,Yves Archambault,1972
http://dbpedia.org/resource/Dan_Darragh,Dan Darragh,1968
http://dbpedia.org/resource/Jeff_Cross_(American_football),Jeff Cross (American football),1988
http://dbpedia.org/resource/Jeff_Hall_(American_football),Jeff Hall (American football),1999
http://dbpedia.org/resource/Allen_Kelley,Allen Kelley,1954
http://dbpedia.org/resource/Emery_Moorehead,Emery Moorehead,1977
http://dbpedia.org/resource/Zenith_Komarniski,Zenith Komarniski,1996
http://dbpedia.org/resource/Craig_Taylor_(American_football),Craig Taylor (American football),1989
http://dbpedia.org/resource/Scott_Glennie,Scott Glennie,2009
http://dbpedia.org/resource/Ron_Morris_(American_football),Ron Morris (American football),1987
http://dbpedia.org/resource/Marcel_Noebels,Marcel Noebels,2011
http://dbpedia.org/resource/Meehan_Bonnar,Meehan Bonnar,1967
http://dbpedia.org/resource/Kirk_Lowdermilk,Kirk Lowdermilk,1985
http://dbpedia.org/resource/Tim_Lewis,Tim Lewis,1983
http://dbpedia.org/resource/Tony_Taylor_(basketball),Tony Taylor (basketball),2012
http://dbpedia.org/resource/Kenny_Bell,Kenny Bell,2015
http://dbpedia.org/resource/Gary_Walker_(defensive_end),Gary Walker (defensive end),1995
http://dbpedia.org/resource/Baraka_Atkins,Baraka Atkins,2007
http://dbpedia.org/resource/Matt_Gorman,Matt Gorman,2007
http://dbpedia.org/resource/Al_Fleming_(basketball),Al Fleming (basketball),1976
http://dbpedia.org/resource/Earl_Watson,Earl Watson,2001
http://dbpedia.org/resource/John_%22Kayo%22_Dottley,"John ""Kayo"" Dottley",1950
http://dbpedia.org/resource/John_Urschel,John Urschel,2014
http://dbpedia.org/resource/Larry_Woods,Larry Woods,1971
http://dbpedia.org/resource/Alexander_Bumagin,Alexander Bumagin,2006
http://dbpedia.org/resource/Tony_Tolbert,Tony Tolbert,1989
http://dbpedia.org/resource/Peter_Nordström,Peter Nordström,1998
http://dbpedia.org/resource/Lawrence_Vickers,Lawrence Vickers,2006
http://dbpedia.org/resource/Nikita_Gusev,Nikita Gusev,2012
http://dbpedia.org/resource/Orlando_Pace,Orlando Pace,1997
http://dbpedia.org/resource/Roger_Wehrli,Roger Wehrli,1969
http://dbpedia.org/resource/James_Marten,James Marten,2007
http://dbpedia.org/resource/Pablo_Laso,Pablo Laso,1989
http://dbpedia.org/resource/Dave_Ames,Dave Ames,1960
http://dbpedia.org/resource/Víctor_Sada,Víctor Sada,2006
"http://dbpedia.org/resource/Petr_Svoboda_(ice_hockey,_born_1980)","Petr Svoboda (ice hockey, born 1980)",1998
http://dbpedia.org/resource/Elias_Granath,Elias Granath,2003
http://dbpedia.org/resource/Niklas_Hansson,Niklas Hansson,2013
http://dbpedia.org/resource/Jaroslav_Kristek,Jaroslav Kristek,1998
http://dbpedia.org/resource/Joe_Young_(basketball),Joe Young (basketball),2015
http://dbpedia.org/resource/Danilo_Mijatović,Danilo Mijatović,2005
http://dbpedia.org/resource/Paul_Stovall,Paul Stovall,1972
http://dbpedia.org/resource/Barry_Stevens_(basketball),Barry Stevens (basketball),1985
http://dbpedia.org/resource/Russ_Lee,Russ Lee,1972
http://dbpedia.org/resource/Ryan_Sproul,Ryan Sproul,2011
http://dbpedia.org/resource/Mark_Lee_(American_football),Mark Lee (American football),1980
http://dbpedia.org/resource/Herbert_Hill_(basketball),Herbert Hill (basketball),2007
http://dbpedia.org/resource/Josh_Boyd,Josh Boyd,2013
http://dbpedia.org/resource/Chris_McCullough,Chris McCullough,2015
http://dbpedia.org/resource/Carl_Allen_(American_football),Carl Allen (American football),1977
http://dbpedia.org/resource/Ivan_Maraš,Ivan Maraš,2008
http://dbpedia.org/resource/Aaron_Rome,Aaron Rome,2002
http://dbpedia.org/resource/Mac_Carruth,Mac Carruth,2010
http://dbpedia.org/resource/Cam_Fowler,Cam Fowler,2010
http://dbpedia.org/resource/Sean_Marshall_(basketball),Sean Marshall (basketball),2007
http://dbpedia.org/resource/Markku_Kyllönen,Markku Kyllönen,1987
http://dbpedia.org/resource/Artūrs_Kulda,Artūrs Kulda,2006
http://dbpedia.org/resource/George_Banks_(basketball),George Banks (basketball),1995
http://dbpedia.org/resource/Freddy_Keiaho,Freddy Keiaho,2006
http://dbpedia.org/resource/Warren_Rabb,Warren Rabb,1960
"http://dbpedia.org/resource/Anders_Eriksson_(ice_hockey,_born_1975)","Anders Eriksson (ice hockey, born 1975)",1993
http://dbpedia.org/resource/George_Rose_(American_football),George Rose (American football),1964
http://dbpedia.org/resource/Gaétan_Duchesne,Gaétan Duchesne,1981
http://dbpedia.org/resource/Travis_Trice,Travis Trice,2015
http://dbpedia.org/resource/Larry_Brackins,Larry Brackins,2005
http://dbpedia.org/resource/Ryan_Yarborough,Ryan Yarborough,1994
http://dbpedia.org/resource/Kent_Patterson,Kent Patterson,2007
http://dbpedia.org/resource/Boomer_Esiason,Boomer Esiason,1984
http://dbpedia.org/resource/Gaetano_Orlando,Gaetano Orlando,1981
http://dbpedia.org/resource/Gary_Forbes,Gary Forbes,2008
http://dbpedia.org/resource/Joe_Krakoski_(defensive_back),Joe Krakoski (defensive back),1961
http://dbpedia.org/resource/Tommy_Lyons_(American_football),Tommy Lyons (American football),1971
http://dbpedia.org/resource/Cliff_Levingston,Cliff Levingston,1982
http://dbpedia.org/resource/Iker_Iturbe,Iker Iturbe,1998
http://dbpedia.org/resource/Kenndal_McArdle,Kenndal McArdle,2005
http://dbpedia.org/resource/Darius_Morris,Darius Morris,2011
http://dbpedia.org/resource/Bud_Holloway,Bud Holloway,2006
http://dbpedia.org/resource/Lorenzo_Mauldin,Lorenzo Mauldin,2015
http://dbpedia.org/resource/Leslie_O'Neal,Leslie O'Neal,1986
http://dbpedia.org/resource/Frank_McPhee_(American_football),Frank McPhee (American football),1953
http://dbpedia.org/resource/Trevin_Parks,Trevin Parks,2013
http://dbpedia.org/resource/Paul_Ballantyne_(ice_hockey),Paul Ballantyne (ice hockey),2000
http://dbpedia.org/resource/Garry_Valk,Garry Valk,1987
http://dbpedia.org/resource/Kelly_Mote,Kelly Mote,1946
http://dbpedia.org/resource/Dewayne_White,Dewayne White,2003
http://dbpedia.org/resource/Keith_Butler_(American_football),Keith Butler (American football),1978
http://dbpedia.org/resource/Andrew_Raycroft,Andrew Raycroft,1998
http://dbpedia.org/resource/O._D._Anosike,O. D. Anosike,2013
http://dbpedia.org/resource/Calle_Steen,Calle Steen,1998
http://dbpedia.org/resource/Nemanja_Jaramaz,Nemanja Jaramaz,2013
http://dbpedia.org/resource/Michael_McCarron,Michael McCarron,2013
http://dbpedia.org/resource/Alexey_Zhukanenko,Alexey Zhukanenko,2008
http://dbpedia.org/resource/Bill_Sharman,Bill Sharman,1950
http://dbpedia.org/resource/Moses_Ehambe,Moses Ehambe,2008
http://dbpedia.org/resource/Bob_Whitfield,Bob Whitfield,1992
http://dbpedia.org/resource/Ben_McDonald_(basketball),Ben McDonald (basketball),1984
http://dbpedia.org/resource/John_Rogers_(ice_hockey),John Rogers (ice hockey),1973
http://dbpedia.org/resource/Wendell_Davis_(cornerback),Wendell Davis (cornerback),1996
http://dbpedia.org/resource/Lloyd_Wasserbach,Lloyd Wasserbach,1943
http://dbpedia.org/resource/Brett_Miller,Brett Miller,1983
http://dbpedia.org/resource/Derrick_Burroughs,Derrick Burroughs,1985
http://dbpedia.org/resource/Michaël_Bournival,Michaël Bournival,2010
http://dbpedia.org/resource/Colby_Bockwoldt,Colby Bockwoldt,2004
http://dbpedia.org/resource/Milan_Nový,Milan Nový,1982
http://dbpedia.org/resource/Warren_Luhning,Warren Luhning,1993
http://dbpedia.org/resource/Gerald_Madkins,Gerald Madkins,1992
http://dbpedia.org/resource/Dominique_Barber,Dominique Barber,2008
http://dbpedia.org/resource/Ted_Kitchel,Ted Kitchel,1983
http://dbpedia.org/resource/Ruben_Douglas,Ruben Douglas,2003
http://dbpedia.org/resource/Rod_Woodson,Rod Woodson,1987
http://dbpedia.org/resource/George_Cafego,George Cafego,1940
http://dbpedia.org/resource/Tremmell_Darden,Tremmell Darden,2004
http://dbpedia.org/resource/Lenny_Moore,Lenny Moore,1956
http://dbpedia.org/resource/Jonathan_Fanene,Jonathan Fanene,2005
http://dbpedia.org/resource/Mo_Bassett,Mo Bassett,1954
http://dbpedia.org/resource/Willie_Teal,Willie Teal,1980
http://dbpedia.org/resource/Gene_Swick,Gene Swick,1976
http://dbpedia.org/resource/Isaac_Fotu,Isaac Fotu,2015
http://dbpedia.org/resource/Walter_Sharpe,Walter Sharpe,2008
http://dbpedia.org/resource/Anthony_Jones_(basketball),Anthony Jones (basketball),1986
http://dbpedia.org/resource/Antoine_Carr,Antoine Carr,1983
http://dbpedia.org/resource/Solomon_Hill_(basketball),Solomon Hill (basketball),2013
http://dbpedia.org/resource/Cordarrelle_Patterson,Cordarrelle Patterson,2013
http://dbpedia.org/resource/Leonard_Burton,Leonard Burton,1986
http://dbpedia.org/resource/Brad_Oleson,Brad Oleson,2005
http://dbpedia.org/resource/Yuri_Dobryshkin,Yuri Dobryshkin,1999
http://dbpedia.org/resource/Mike_Sanders_(basketball),Mike Sanders (basketball),1982
http://dbpedia.org/resource/Jaroslav_Kracík,Jaroslav Kracík,2002
http://dbpedia.org/resource/Kim_English_(basketball),Kim English (basketball),2012
http://dbpedia.org/resource/Turk_McBride,Turk McBride,2007
http://dbpedia.org/resource/Nikos_Boudouris,Nikos Boudouris,1993
http://dbpedia.org/resource/Phil_Bond,Phil Bond,1977
http://dbpedia.org/resource/Alberto_Díaz,Alberto Díaz,2016
http://dbpedia.org/resource/Nick_Mumley,Nick Mumley,1959
http://dbpedia.org/resource/Viktor_Bobrov_(ice_hockey),Viktor Bobrov (ice hockey),2002
http://dbpedia.org/resource/Pat_Daley,Pat Daley,1979
http://dbpedia.org/resource/Juan_Mendez_(basketball),Juan Mendez (basketball),2005
http://dbpedia.org/resource/Jim_Parker_(American_football),Jim Parker (American football),1957
http://dbpedia.org/resource/Dani_Díez,Dani Díez,2015
http://dbpedia.org/resource/Kyle_Boller,Kyle Boller,2003
http://dbpedia.org/resource/Martine_Bercher,Martine Bercher,1967
http://dbpedia.org/resource/Kevan_Barlow,Kevan Barlow,2001
http://dbpedia.org/resource/Nils-Paul_Skåra,Nils-Paul Skåra,2011
http://dbpedia.org/resource/Michael_Turner_(American_football),Michael Turner (American football),2004
"http://dbpedia.org/resource/Jeff_Brown_(ice_hockey,_born_1978)","Jeff Brown (ice hockey, born 1978)",1996
http://dbpedia.org/resource/John_Turek,John Turek,2005
http://dbpedia.org/resource/Arseny_Bondarev,Arseny Bondarev,2003
http://dbpedia.org/resource/Michael_Allan,Michael Allan,2007
http://dbpedia.org/resource/Lou_Mark,Lou Mark,1938
http://dbpedia.org/resource/Joe_Corvo,Joe Corvo,1997
http://dbpedia.org/resource/Damen_Bell-Holter,Damen Bell-Holter,2013
http://dbpedia.org/resource/Steve_Patterson_(basketball),Steve Patterson (basketball),1971
http://dbpedia.org/resource/Eric_Thomas_(American_football),Eric Thomas (American football),1987
http://dbpedia.org/resource/Oleg_Belov,Oleg Belov,1995
http://dbpedia.org/resource/Xavier_Adibi,Xavier Adibi,2008
http://dbpedia.org/resource/Jeff_Jillson,Jeff Jillson,1999
http://dbpedia.org/resource/Rico_Gathers,Rico Gathers,2016
http://dbpedia.org/resource/Brad_Richards,Brad Richards,1998
http://dbpedia.org/resource/Ramzee_Robinson,Ramzee Robinson,2007
http://dbpedia.org/resource/Moriah_Jefferson,Moriah Jefferson,2016
http://dbpedia.org/resource/Jeff_Ayres,Jeff Ayres,2009
http://dbpedia.org/resource/Blair_Walsh,Blair Walsh,2012
http://dbpedia.org/resource/André_Roberson,André Roberson,2013
http://dbpedia.org/resource/Jim_Jones_(ice_hockey),Jim Jones (ice hockey),1969
http://dbpedia.org/resource/Chris_Mullin_(basketball),Chris Mullin (basketball),1985
http://dbpedia.org/resource/Igor_Ignatushkin,Igor Ignatushkin,2002
http://dbpedia.org/resource/Willie_Green,Willie Green,2003
http://dbpedia.org/resource/Jack_Taggart,Jack Taggart,1970
http://dbpedia.org/resource/Frank_Hassell,Frank Hassell,2011
http://dbpedia.org/resource/Devin_DiDiomete,Devin DiDiomete,2006
http://dbpedia.org/resource/Roddrick_Muckelroy,Roddrick Muckelroy,2010
http://dbpedia.org/resource/Craig_Davis_(American_football),Craig Davis (American football),2007
http://dbpedia.org/resource/Jess_Phillips_(American_football),Jess Phillips (American football),1968
http://dbpedia.org/resource/Eric_Mahlum,Eric Mahlum,1994
http://dbpedia.org/resource/Mustafa_Abdul-Hamid,Mustafa Abdul-Hamid,2010
"http://dbpedia.org/resource/Colin_White_(ice_hockey,_born_1997)","Colin White (ice hockey, born 1997)",2015
http://dbpedia.org/resource/Ray_Macias,Ray Macias,2005
http://dbpedia.org/resource/Fred_Matua,Fred Matua,2006
http://dbpedia.org/resource/Courtney_Brown_(defensive_end),Courtney Brown (defensive end),2000
http://dbpedia.org/resource/Tim_Anderson_(defensive_back),Tim Anderson (defensive back),1971
http://dbpedia.org/resource/Leon_Blevins,Leon Blevins,1950
http://dbpedia.org/resource/Robert_Traylor,Robert Traylor,1998
http://dbpedia.org/resource/Vladimir_Radmanović,Vladimir Radmanović,2001
http://dbpedia.org/resource/Marquise_Simmons,Marquise Simmons,2014
http://dbpedia.org/resource/Mike_Williams_(tight_end),Mike Williams (tight end),1982
http://dbpedia.org/resource/Buck_Buchanan,Buck Buchanan,1963
http://dbpedia.org/resource/Billy_Thompson_(basketball),Billy Thompson (basketball),1986
http://dbpedia.org/resource/Dave_Middleton,Dave Middleton,1955
http://dbpedia.org/resource/Lester_Lyles_(American_football),Lester Lyles (American football),1985
http://dbpedia.org/resource/Lester_Towns,Lester Towns,2000
http://dbpedia.org/resource/Sundiata_Gaines,Sundiata Gaines,2008
http://dbpedia.org/resource/Oscar_Britt,Oscar Britt,1943
http://dbpedia.org/resource/P._J._Tucker,P. J. Tucker,2006
http://dbpedia.org/resource/William_Jackson_III,William Jackson III,2016
http://dbpedia.org/resource/Darrell_Griffith,Darrell Griffith,1980
http://dbpedia.org/resource/Pete_Beathard,Pete Beathard,1964
http://dbpedia.org/resource/Raleigh_Roundtree,Raleigh Roundtree,1997
http://dbpedia.org/resource/Ed_Newman,Ed Newman,1973
http://dbpedia.org/resource/Olli_Määttä,Olli Määttä,2012
http://dbpedia.org/resource/Amara_Sy,Amara Sy,2003
http://dbpedia.org/resource/Rod_Coleman_(American_football),Rod Coleman (American football),1999
http://dbpedia.org/resource/Reggie_Lewis,Reggie Lewis,1987
http://dbpedia.org/resource/Pavel_Patera,Pavel Patera,1998
http://dbpedia.org/resource/Mike_Woodson,Mike Woodson,1980
http://dbpedia.org/resource/Ray_Frankowski,Ray Frankowski,1942
http://dbpedia.org/resource/Jeremy_Thompson_(American_football),Jeremy Thompson (American football),2008
http://dbpedia.org/resource/Vyto_Kab,Vyto Kab,1982
http://dbpedia.org/resource/Pierson_Prioleau,Pierson Prioleau,1999
http://dbpedia.org/resource/Manuchar_Markoishvili,Manuchar Markoishvili,2007
http://dbpedia.org/resource/Gary_Neal,Gary Neal,2007
http://dbpedia.org/resource/Dick_Huffman,Dick Huffman,1945
http://dbpedia.org/resource/Jonas_Enlund,Jonas Enlund,2006
http://dbpedia.org/resource/Adas_Juškevičius,Adas Juškevičius,2011
http://dbpedia.org/resource/Anthony_Watson_(basketball),Anthony Watson (basketball),1986
http://dbpedia.org/resource/Jamal_Duff,Jamal Duff,1995
http://dbpedia.org/resource/Carl_Cain,Carl Cain,1956
http://dbpedia.org/resource/Larry_Lozinski,Larry Lozinski,1978
http://dbpedia.org/resource/Ben_Rudolph,Ben Rudolph,1981
http://dbpedia.org/resource/Kevin_Scott_(American_football),Kevin Scott (American football),1991
"http://dbpedia.org/resource/Garrett_Ford,_Sr.","Garrett Ford, Sr.",1968
http://dbpedia.org/resource/Jason_Pinkston,Jason Pinkston,2011
http://dbpedia.org/resource/Herm_Gilliam,Herm Gilliam,1969
http://dbpedia.org/resource/Dan_Cross,Dan Cross,1995
http://dbpedia.org/resource/Michael_Finley,Michael Finley,1995
http://dbpedia.org/resource/Fred_Berry_(ice_hockey),Fred Berry (ice hockey),1976
http://dbpedia.org/resource/Britany_Miller,Britany Miller,2009
http://dbpedia.org/resource/Mason_Foster,Mason Foster,2011
http://dbpedia.org/resource/Autry_Denson,Autry Denson,1999
http://dbpedia.org/resource/Dmytro_Timashov,Dmytro Timashov,2015
http://dbpedia.org/resource/Doug_Weight,Doug Weight,1990
http://dbpedia.org/resource/Ernie_Pough,Ernie Pough,1976
http://dbpedia.org/resource/Fred_Boyd,Fred Boyd,1972
http://dbpedia.org/resource/Sebastian_Vollmer,Sebastian Vollmer,2009
http://dbpedia.org/resource/Shaun_Rogers_(American_football),Shaun Rogers (American football),2001
http://dbpedia.org/resource/Bob_Nash_(basketball),Bob Nash (basketball),1972
http://dbpedia.org/resource/Göksenin_Köksal,Göksenin Köksal,2013
http://dbpedia.org/resource/Vincenzo_Esposito,Vincenzo Esposito,1991
http://dbpedia.org/resource/Issiac_Holt,Issiac Holt,1985
http://dbpedia.org/resource/Henry_Toczylowski,Henry Toczylowski,1941
http://dbpedia.org/resource/Jake_Locker,Jake Locker,2011
http://dbpedia.org/resource/Steve_Griffin,Steve Griffin,1986
http://dbpedia.org/resource/Mike_Holmgren,Mike Holmgren,1970
http://dbpedia.org/resource/Duane_Clemons,Duane Clemons,1996
http://dbpedia.org/resource/Michael_Waddell,Michael Waddell,2004
http://dbpedia.org/resource/Draymond_Green,Draymond Green,2012
http://dbpedia.org/resource/Mel_Davis,Mel Davis,1973
http://dbpedia.org/resource/Oren_O'Neal,Oren O'Neal,2007
http://dbpedia.org/resource/Marquis_Johnson,Marquis Johnson,2010
http://dbpedia.org/resource/Frederic_Deschênes,Frederic Deschênes,1994
http://dbpedia.org/resource/Jerry_Crafts,Jerry Crafts,1991
"http://dbpedia.org/resource/Mike_Clarke_(ice_hockey,_born_1953)","Mike Clarke (ice hockey, born 1953)",1973
http://dbpedia.org/resource/Bob_Jeter,Bob Jeter,1960
http://dbpedia.org/resource/Charley_Sarratt,Charley Sarratt,1947
http://dbpedia.org/resource/Leroy_Wright,Leroy Wright,1960
http://dbpedia.org/resource/Bill_Lange_(offensive_guard),Bill Lange (offensive guard),1950
http://dbpedia.org/resource/Anthony_McDowell,Anthony McDowell,1992
http://dbpedia.org/resource/LaMont_Jordan,LaMont Jordan,2001
http://dbpedia.org/resource/Chuck_Aleksinas,Chuck Aleksinas,1982
http://dbpedia.org/resource/Mike_Riordan,Mike Riordan,1967
http://dbpedia.org/resource/Marty_Reasoner,Marty Reasoner,1996
http://dbpedia.org/resource/Jean-Sébastien_Giguère,Jean-Sébastien Giguère,1995
http://dbpedia.org/resource/Ron_Carter_(basketball),Ron Carter (basketball),1978
http://dbpedia.org/resource/Cedric_Smith_(American_football),Cedric Smith (American football),1990
http://dbpedia.org/resource/Jai_Lucas,Jai Lucas,2011
http://dbpedia.org/resource/Brian_Wilks,Brian Wilks,1984
http://dbpedia.org/resource/Kim_Perrot,Kim Perrot,1997
http://dbpedia.org/resource/Dave_Meggett,Dave Meggett,1989
http://dbpedia.org/resource/Jeff_Norton,Jeff Norton,1984
http://dbpedia.org/resource/Tony_Banks_(American_football),Tony Banks (American football),1996
http://dbpedia.org/resource/Tom_Andrews_(American_football),Tom Andrews (American football),1984
http://dbpedia.org/resource/Zac_Brooks,Zac Brooks,2016
http://dbpedia.org/resource/Michael_Doleac,Michael Doleac,1998
http://dbpedia.org/resource/Nolan_Schaefer,Nolan Schaefer,2000
http://dbpedia.org/resource/David_Stockton,David Stockton,2014
http://dbpedia.org/resource/Johnny_Jolly,Johnny Jolly,2006
http://dbpedia.org/resource/Matt_Marquardt,Matt Marquardt,2006
http://dbpedia.org/resource/Oliver_Ekman-Larsson,Oliver Ekman-Larsson,2009
http://dbpedia.org/resource/Anthony_Schlegel,Anthony Schlegel,2006
http://dbpedia.org/resource/Ken_Grandberry,Ken Grandberry,1974
http://dbpedia.org/resource/Christian_Kabongo,Christian Kabongo,2013
http://dbpedia.org/resource/Yutaka_Fukufuji,Yutaka Fukufuji,2004
http://dbpedia.org/resource/Louis_Delmas,Louis Delmas,2009
http://dbpedia.org/resource/Stefan_Sinovec,Stefan Sinovec,2010
http://dbpedia.org/resource/David_Beauregard,David Beauregard,1994
http://dbpedia.org/resource/Louis_Oubre,Louis Oubre,1981
http://dbpedia.org/resource/Ryan_Stoa,Ryan Stoa,2005
http://dbpedia.org/resource/Jan_Zapletal_(ice_hockey),Jan Zapletal (ice hockey),2005
http://dbpedia.org/resource/Kurt_Becker,Kurt Becker,1982
http://dbpedia.org/resource/Don_Hasselbeck,Don Hasselbeck,1977
http://dbpedia.org/resource/Edmund_Kugbila,Edmund Kugbila,2013
http://dbpedia.org/resource/Jan_Ingman,Jan Ingman,1981
http://dbpedia.org/resource/Steve_Petro,Steve Petro,1939
http://dbpedia.org/resource/Kenny_Smith,Kenny Smith,1987
http://dbpedia.org/resource/Jeff_Nielsen,Jeff Nielsen,1990
http://dbpedia.org/resource/Bruce_Bolden,Bruce Bolden,1985
http://dbpedia.org/resource/Vincent_Askew,Vincent Askew,1987
http://dbpedia.org/resource/Bakari_Hendrix,Bakari Hendrix,1998
http://dbpedia.org/resource/Art_Burris,Art Burris,1950
http://dbpedia.org/resource/Michael_Floyd,Michael Floyd,2012
http://dbpedia.org/resource/Terry_Orr,Terry Orr,1985
http://dbpedia.org/resource/Chad_Greenway,Chad Greenway,2006
http://dbpedia.org/resource/Donnell_Bennett,Donnell Bennett,1994
http://dbpedia.org/resource/Kedric_Golston,Kedric Golston,2006
http://dbpedia.org/resource/Tony_McKegney,Tony McKegney,1978
http://dbpedia.org/resource/Zack_Martin,Zack Martin,2014
http://dbpedia.org/resource/Ralph_Bishop,Ralph Bishop,1947
http://dbpedia.org/resource/José_Vargas_(basketball),José Vargas (basketball),1988
"http://dbpedia.org/resource/Brent_Peterson_(ice_hockey,_born_1972)","Brent Peterson (ice hockey, born 1972)",1993
http://dbpedia.org/resource/Derwin_Kitchen,Derwin Kitchen,2011
http://dbpedia.org/resource/Anatoly_Kashirov,Anatoly Kashirov,2009
http://dbpedia.org/resource/Gregg_Rakoczy,Gregg Rakoczy,1987
http://dbpedia.org/resource/Matt_Slauson,Matt Slauson,2009
http://dbpedia.org/resource/Daryl_Williams_(American_football),Daryl Williams (American football),2015
http://dbpedia.org/resource/Josh_Blackburn,Josh Blackburn,1998
http://dbpedia.org/resource/Oliver_Kylington,Oliver Kylington,2015
http://dbpedia.org/resource/Marty_McInnis,Marty McInnis,1988
http://dbpedia.org/resource/Bryce_Paup,Bryce Paup,1990
http://dbpedia.org/resource/Cullen_Rogers,Cullen Rogers,1943
http://dbpedia.org/resource/Nikita_Zadorov,Nikita Zadorov,2013
http://dbpedia.org/resource/Kevin_Love,Kevin Love,2008
http://dbpedia.org/resource/Doug_Gabriel,Doug Gabriel,2003
http://dbpedia.org/resource/Lindsay_Whalen,Lindsay Whalen,2004
http://dbpedia.org/resource/Byron_Dafoe,Byron Dafoe,1989
http://dbpedia.org/resource/Lawrence_Sidbury,Lawrence Sidbury,2009
http://dbpedia.org/resource/Alex_Moore_(American_football),Alex Moore (American football),1968
http://dbpedia.org/resource/Corey_Fuller,Corey Fuller,1995
http://dbpedia.org/resource/Gregg_Schumacher,Gregg Schumacher,1965
http://dbpedia.org/resource/Mario_Gosselin_(ice_hockey),Mario Gosselin (ice hockey),1982
http://dbpedia.org/resource/Rick_Sortun,Rick Sortun,1964
http://dbpedia.org/resource/Jari_Torkki,Jari Torkki,1983
http://dbpedia.org/resource/Stephen_Dennis,Stephen Dennis,2010
http://dbpedia.org/resource/Drayson_Bowman,Drayson Bowman,2007
http://dbpedia.org/resource/Michael_Leighton,Michael Leighton,1999
http://dbpedia.org/resource/Andrei_Vasilyev_(ice_hockey),Andrei Vasilyev (ice hockey),1992
http://dbpedia.org/resource/John_Smith_(basketball),John Smith (basketball),1968
http://dbpedia.org/resource/Jean-Marc_Pelletier,Jean-Marc Pelletier,1997
http://dbpedia.org/resource/Penny_Hardaway,Penny Hardaway,1993
http://dbpedia.org/resource/Anton_Krysanov,Anton Krysanov,2005
http://dbpedia.org/resource/Darcy_Werenka,Darcy Werenka,1991
http://dbpedia.org/resource/David_Cubillán,David Cubillán,2010
http://dbpedia.org/resource/James_Wright_(ice_hockey),James Wright (ice hockey),2008
http://dbpedia.org/resource/Tiny_Gallon,Tiny Gallon,2010
http://dbpedia.org/resource/Sergei_Kharin,Sergei Kharin,1989
http://dbpedia.org/resource/Lu_Gambino,Lu Gambino,1945
http://dbpedia.org/resource/Ladislav_Nagy,Ladislav Nagy,1997
http://dbpedia.org/resource/Alexander_Zevakhin,Alexander Zevakhin,1998
http://dbpedia.org/resource/Artūras_Gudaitis,Artūras Gudaitis,2015
http://dbpedia.org/resource/Quintin_Dailey,Quintin Dailey,1982
http://dbpedia.org/resource/Ron_Moore_(basketball),Ron Moore (basketball),1987
http://dbpedia.org/resource/Bob_Hallen,Bob Hallen,1998
http://dbpedia.org/resource/Mikhail_Donika,Mikhail Donika,1999
http://dbpedia.org/resource/Brett_Hull,Brett Hull,1984
http://dbpedia.org/resource/Darrelle_Revis,Darrelle Revis,2007
http://dbpedia.org/resource/George_Kinard,George Kinard,1941
http://dbpedia.org/resource/Ondřej_Němec,Ondřej Němec,2002
http://dbpedia.org/resource/Solomon_Bozeman,Solomon Bozeman,2011
http://dbpedia.org/resource/Dante_Cunningham,Dante Cunningham,2009
"http://dbpedia.org/resource/Ron_Johnson_(wide_receiver,_born_1958)","Ron Johnson (wide receiver, born 1958)",1981
http://dbpedia.org/resource/Jeremy_Pargo,Jeremy Pargo,2009
http://dbpedia.org/resource/Richard_Oruche,Richard Oruche,2010
http://dbpedia.org/resource/Mike_Amodeo,Mike Amodeo,1972
http://dbpedia.org/resource/Michael_Williams_(running_back),Michael Williams (running back),1983
http://dbpedia.org/resource/Larry_Ned,Larry Ned,2002
"http://dbpedia.org/resource/Justin_Hamilton_(basketball,_born_1990)","Justin Hamilton (basketball, born 1990)",2012
http://dbpedia.org/resource/Dave_Richter,Dave Richter,1980
http://dbpedia.org/resource/Steve_Cardwell,Steve Cardwell,1970
http://dbpedia.org/resource/Bryan_Little,Bryan Little,2006
http://dbpedia.org/resource/Michael_Ball_(American_football),Michael Ball (American football),1988
http://dbpedia.org/resource/Rakeem_Christmas,Rakeem Christmas,2015
http://dbpedia.org/resource/Matt_Barnes,Matt Barnes,2002
http://dbpedia.org/resource/Peter_Ratchuk,Peter Ratchuk,1996
http://dbpedia.org/resource/Domonique_Foxworth,Domonique Foxworth,2005
http://dbpedia.org/resource/Jamie_Pushor,Jamie Pushor,1991
http://dbpedia.org/resource/Brad_Bombardir,Brad Bombardir,1990
http://dbpedia.org/resource/Geno_Atkins,Geno Atkins,2010
http://dbpedia.org/resource/Mychal_Thompson,Mychal Thompson,1978
"http://dbpedia.org/resource/Mike_McCall,_Jr.","Mike McCall, Jr.",2014
http://dbpedia.org/resource/Melvin_Johnson_III,Melvin Johnson III,2014
http://dbpedia.org/resource/Dave_Rowe_(American_football),Dave Rowe (American football),1967
http://dbpedia.org/resource/Emil_Sandin,Emil Sandin,2008
http://dbpedia.org/resource/Teddy_Lehman,Teddy Lehman,2004
http://dbpedia.org/resource/Lasse_Kukkonen,Lasse Kukkonen,2003
http://dbpedia.org/resource/Brian_Ferlin,Brian Ferlin,2011
http://dbpedia.org/resource/Glen_Titensor,Glen Titensor,1981
http://dbpedia.org/resource/Ivan_Huml,Ivan Huml,2000
http://dbpedia.org/resource/Francis_Wathier,Francis Wathier,2003
http://dbpedia.org/resource/Johnny_Mitchell,Johnny Mitchell,1992
http://dbpedia.org/resource/Bangaly_Fofana,Bangaly Fofana,2011
http://dbpedia.org/resource/Beryl_Clark,Beryl Clark,1940
http://dbpedia.org/resource/Colby_Cohen,Colby Cohen,2007
http://dbpedia.org/resource/Keena_Young,Keena Young,2007
http://dbpedia.org/resource/Corey_Beck,Corey Beck,1995
http://dbpedia.org/resource/Darion_Atkins,Darion Atkins,2015
http://dbpedia.org/resource/Jonas_Brodin,Jonas Brodin,2011
http://dbpedia.org/resource/Rhett_Hall,Rhett Hall,1991
http://dbpedia.org/resource/Roberto_Luongo,Roberto Luongo,1997
http://dbpedia.org/resource/Žygimantas_Skučas,Žygimantas Skučas,2014
http://dbpedia.org/resource/Uroš_Tripković,Uroš Tripković,2008
http://dbpedia.org/resource/Aaron_Murray,Aaron Murray,2014
"http://dbpedia.org/resource/Mike_Peluso_(ice_hockey,_born_1965)","Mike Peluso (ice hockey, born 1965)",1984
http://dbpedia.org/resource/Joe_Mays_(American_football),Joe Mays (American football),2008
http://dbpedia.org/resource/Ray_Mallouf,Ray Mallouf,1941
http://dbpedia.org/resource/Jim_Staton,Jim Staton,1951
http://dbpedia.org/resource/Pat_Hughes_(ice_hockey),Pat Hughes (ice hockey),1975
http://dbpedia.org/resource/Roderick_Mullen,Roderick Mullen,1995
http://dbpedia.org/resource/Erik_Ainge,Erik Ainge,2008
http://dbpedia.org/resource/Hank_Williams_(basketball),Hank Williams (basketball),1975
http://dbpedia.org/resource/Gabriel_Karlsson,Gabriel Karlsson,1998
http://dbpedia.org/resource/Darryl_Watkins,Darryl Watkins,2007
http://dbpedia.org/resource/Jackie_Fellows,Jackie Fellows,1944
http://dbpedia.org/resource/Rasmus_Ristolainen,Rasmus Ristolainen,2013
http://dbpedia.org/resource/Billy_Clay,Billy Clay,1966
http://dbpedia.org/resource/Mychal_Kendricks,Mychal Kendricks,2012
http://dbpedia.org/resource/Thanasis_Antetokounmpo,Thanasis Antetokounmpo,2014
http://dbpedia.org/resource/Jeff_Serowik,Jeff Serowik,1985
http://dbpedia.org/resource/Chris_Thorburn,Chris Thorburn,2001
http://dbpedia.org/resource/Julius_Jenkins,Julius Jenkins,2003
http://dbpedia.org/resource/Garrett_Temple,Garrett Temple,2009
http://dbpedia.org/resource/Jim_Taylor_(American_football),Jim Taylor (American football),1958
http://dbpedia.org/resource/Jerry_Woods,Jerry Woods,1989
http://dbpedia.org/resource/Gregg_Carr,Gregg Carr,1985
http://dbpedia.org/resource/Bob_Burns_(American_football),Bob Burns (American football),1974
http://dbpedia.org/resource/Ryan_White_(ice_hockey),Ryan White (ice hockey),2006
http://dbpedia.org/resource/Mikel_Leshoure,Mikel Leshoure,2011
http://dbpedia.org/resource/Roberto_Chiacig,Roberto Chiacig,1996
http://dbpedia.org/resource/Jeffery_Taylor,Jeffery Taylor,2012
http://dbpedia.org/resource/Milan_Chalupa,Milan Chalupa,1984
http://dbpedia.org/resource/Scott_Machado,Scott Machado,2012
http://dbpedia.org/resource/Tharon_Mayes,Tharon Mayes,1990
http://dbpedia.org/resource/Jerai_Grant,Jerai Grant,2011
http://dbpedia.org/resource/Whitey_Bell,Whitey Bell,1958
http://dbpedia.org/resource/Sami_Whitcomb,Sami Whitcomb,2010
http://dbpedia.org/resource/D'or_Fischer,D'or Fischer,2005
http://dbpedia.org/resource/Julius_Bergman,Julius Bergman,2014
http://dbpedia.org/resource/Jan_Snopek,Jan Snopek,1995
http://dbpedia.org/resource/Tim_Berra_(American_football),Tim Berra (American football),1974
http://dbpedia.org/resource/Shaun_Stonerook,Shaun Stonerook,2000
http://dbpedia.org/resource/Ronde_Barber,Ronde Barber,1997
http://dbpedia.org/resource/Richard_Turner_(American_football),Richard Turner (American football),1981
http://dbpedia.org/resource/Nneka_Ogwumike,Nneka Ogwumike,2012
http://dbpedia.org/resource/Héctor_Hernández_(basketball),Héctor Hernández (basketball),2008
http://dbpedia.org/resource/Jamie_Feick,Jamie Feick,1996
http://dbpedia.org/resource/Bob_Williams_(quarterback),Bob Williams (quarterback),1951
http://dbpedia.org/resource/Matt_Frattin,Matt Frattin,2007
http://dbpedia.org/resource/Arnas_Butkevičius,Arnas Butkevičius,2014
http://dbpedia.org/resource/Steven_Hill_(basketball),Steven Hill (basketball),2008
http://dbpedia.org/resource/Jordan_McRae,Jordan McRae,2014
http://dbpedia.org/resource/Radek_Bonk,Radek Bonk,1994
http://dbpedia.org/resource/Chante_Black,Chante Black,2009
http://dbpedia.org/resource/Harold_Bishop_(American_football),Harold Bishop (American football),1994
http://dbpedia.org/resource/Malcolm_Armstead,Malcolm Armstead,2013
http://dbpedia.org/resource/Roman_Phifer,Roman Phifer,1991
http://dbpedia.org/resource/Joe_Fortunato_(ice_hockey),Joe Fortunato (ice hockey),1975
http://dbpedia.org/resource/George_Blair_(American_football),George Blair (American football),1960
http://dbpedia.org/resource/Jack_Linn,Jack Linn,1990
http://dbpedia.org/resource/D._J._Williams_(tight_end),D. J. Williams (tight end),2011
http://dbpedia.org/resource/Jim_Collins_(American_football),Jim Collins (American football),1981
http://dbpedia.org/resource/Jacquizz_Rodgers,Jacquizz Rodgers,2011
http://dbpedia.org/resource/Darby_Hendrickson,Darby Hendrickson,1990
http://dbpedia.org/resource/Doug_Lee_(basketball),Doug Lee (basketball),1987
http://dbpedia.org/resource/Tim_Newton,Tim Newton,1985
http://dbpedia.org/resource/Robert_Jackson_(safety),Robert Jackson (safety),1981
http://dbpedia.org/resource/Jumbo_Elliott_(American_football),Jumbo Elliott (American football),1988
http://dbpedia.org/resource/Jamierra_Faulkner,Jamierra Faulkner,2014
http://dbpedia.org/resource/Fotios_Lampropoulos,Fotios Lampropoulos,2005
http://dbpedia.org/resource/Steve_Rogers_(basketball),Steve Rogers (basketball),1992
http://dbpedia.org/resource/Jordin_Tootoo,Jordin Tootoo,2001
http://dbpedia.org/resource/Jack_George,Jack George,1953
http://dbpedia.org/resource/Peter_Helander,Peter Helander,1982
http://dbpedia.org/resource/Edmund_Eiden,Edmund Eiden,1944
http://dbpedia.org/resource/Regan_Upshaw,Regan Upshaw,1996
http://dbpedia.org/resource/Phil_DeSimone,Phil DeSimone,2007
http://dbpedia.org/resource/Tyler_Spurgeon,Tyler Spurgeon,2004
http://dbpedia.org/resource/Mike_Blunden,Mike Blunden,2005
http://dbpedia.org/resource/Roman_Oben,Roman Oben,1996
http://dbpedia.org/resource/Pavel_Buchnevich,Pavel Buchnevich,2013
http://dbpedia.org/resource/Carl_Kilpatrick,Carl Kilpatrick,1978
http://dbpedia.org/resource/Robert_Arnold_(basketball),Robert Arnold (basketball),2011
http://dbpedia.org/resource/John_Harris_(safety),John Harris (safety),1978
http://dbpedia.org/resource/Glen_Goodall,Glen Goodall,1988
http://dbpedia.org/resource/Jim_Daniell,Jim Daniell,1942
http://dbpedia.org/resource/Anthony_Castonzo,Anthony Castonzo,2011
http://dbpedia.org/resource/Jamal_Olasewere,Jamal Olasewere,2013
http://dbpedia.org/resource/Pat_McHugh,Pat McHugh,1946
http://dbpedia.org/resource/Chuck_Clements,Chuck Clements,1997
http://dbpedia.org/resource/Ralph_Biggs,Ralph Biggs,1998
http://dbpedia.org/resource/Dimitri_Altaryov,Dimitri Altaryov,2000
http://dbpedia.org/resource/Rod_Odom,Rod Odom,2014
http://dbpedia.org/resource/Andy_Dalton,Andy Dalton,2011
http://dbpedia.org/resource/Michael_Lee_(basketball),Michael Lee (basketball),2008
http://dbpedia.org/resource/Filip_Adamović,Filip Adamović,2010
http://dbpedia.org/resource/Mike_Stuart,Mike Stuart,2000
http://dbpedia.org/resource/Jimmy_McKinney,Jimmy McKinney,2006
http://dbpedia.org/resource/Lynn_Cain,Lynn Cain,1979
http://dbpedia.org/resource/Caron_Butler,Caron Butler,2002
http://dbpedia.org/resource/Billy_Carroll,Billy Carroll,1979
http://dbpedia.org/resource/Jim_Koudys,Jim Koudys,1982
http://dbpedia.org/resource/Bill_Nagy,Bill Nagy,2011
http://dbpedia.org/resource/Brock_Williams,Brock Williams,2001
http://dbpedia.org/resource/Kirk_Cousins,Kirk Cousins,2012
http://dbpedia.org/resource/Todd_Steussie,Todd Steussie,1994
http://dbpedia.org/resource/Václav_Karabáček,Václav Karabáček,2014
http://dbpedia.org/resource/Megan_Duffy,Megan Duffy,2006
http://dbpedia.org/resource/Joel_Parker_(American_football),Joel Parker (American football),1974
http://dbpedia.org/resource/E._J._Junior,E. J. Junior,1981
http://dbpedia.org/resource/Wade_Key,Wade Key,1969
http://dbpedia.org/resource/Richard_Angulo,Richard Angulo,2003
http://dbpedia.org/resource/Rubin_Russell,Rubin Russell,1967
http://dbpedia.org/resource/Brad_Leggett,Brad Leggett,1990
http://dbpedia.org/resource/Julian_Walker,Julian Walker,2006
http://dbpedia.org/resource/Lazeric_Jones,Lazeric Jones,2012
http://dbpedia.org/resource/Danko_Cvjetićanin,Danko Cvjetićanin,1985
http://dbpedia.org/resource/Laurent_Brossoit,Laurent Brossoit,2011
http://dbpedia.org/resource/Paul_Yesawich,Paul Yesawich,1948
http://dbpedia.org/resource/Zaviar_Gooden,Zaviar Gooden,2013
http://dbpedia.org/resource/Ryan_Broekhoff,Ryan Broekhoff,2013
http://dbpedia.org/resource/Don_Blackmon,Don Blackmon,1981
http://dbpedia.org/resource/Craig_Curry,Craig Curry,1984
http://dbpedia.org/resource/Kevin_Call,Kevin Call,1984
http://dbpedia.org/resource/Greg_Lewis_(basketball),Greg Lewis (basketball),2002
http://dbpedia.org/resource/Brad_Edwards_(American_football),Brad Edwards (American football),1988
http://dbpedia.org/resource/Igor_Grigorenko,Igor Grigorenko,2001
http://dbpedia.org/resource/Nikita_Korovkin,Nikita Korovkin,2002
http://dbpedia.org/resource/Drew_Brees,Drew Brees,2001
http://dbpedia.org/resource/Martin_Baccaglio,Martin Baccaglio,1967
http://dbpedia.org/resource/Frank_Brickowski,Frank Brickowski,1981
http://dbpedia.org/resource/E._C._Coleman,E. C. Coleman,1973
http://dbpedia.org/resource/Matt_DelGuidice,Matt DelGuidice,1987
http://dbpedia.org/resource/Johnnie_Lee_Higgins,Johnnie Lee Higgins,2007
http://dbpedia.org/resource/Marty_Lyons,Marty Lyons,1979
http://dbpedia.org/resource/Vontae_Davis,Vontae Davis,2009
http://dbpedia.org/resource/Jonas_Heed,Jonas Heed,1985
http://dbpedia.org/resource/Andrija_Stipanović,Andrija Stipanović,2008
http://dbpedia.org/resource/Edi_Sinadinović,Edi Sinadinović,2010
http://dbpedia.org/resource/Fred_Evans_(defensive_tackle),Fred Evans (defensive tackle),2006
http://dbpedia.org/resource/Tiffany_Stansbury,Tiffany Stansbury,2006
http://dbpedia.org/resource/Aleksei_Shkotov,Aleksei Shkotov,2002
http://dbpedia.org/resource/Jim_Arneson,Jim Arneson,1973
http://dbpedia.org/resource/Germane_Crowell,Germane Crowell,1998
http://dbpedia.org/resource/Dwight_Collins,Dwight Collins,1984
http://dbpedia.org/resource/Sue_Bird,Sue Bird,2002
http://dbpedia.org/resource/Josh_Childress,Josh Childress,2004
http://dbpedia.org/resource/Rachel_Jarry,Rachel Jarry,2011
http://dbpedia.org/resource/David_Littman_(ice_hockey),David Littman (ice hockey),1987
http://dbpedia.org/resource/Garret_Siler,Garret Siler,2009
http://dbpedia.org/resource/Cody_Ellis,Cody Ellis,2013
http://dbpedia.org/resource/Paul_Mulvey,Paul Mulvey,1978
http://dbpedia.org/resource/Willie_Offord,Willie Offord,2002
http://dbpedia.org/resource/Konstantin_Sidulov,Konstantin Sidulov,1997
http://dbpedia.org/resource/Freddie_Bradley,Freddie Bradley,1996
http://dbpedia.org/resource/Nemanja_Protić,Nemanja Protić,2008
http://dbpedia.org/resource/Robert_James_(linebacker),Robert James (linebacker),2008
http://dbpedia.org/resource/Bill_Tobin_(American_football),Bill Tobin (American football),1963
http://dbpedia.org/resource/Ellis_Gardner,Ellis Gardner,1983
http://dbpedia.org/resource/Nikola_Marković,Nikola Marković,2011
http://dbpedia.org/resource/Aleksa_Popović,Aleksa Popović,2009
http://dbpedia.org/resource/Marko_Jošilo,Marko Jošilo,2014
http://dbpedia.org/resource/Adarrial_Smylie,Adarrial Smylie,2000
http://dbpedia.org/resource/Ruslan_Zainullin,Ruslan Zainullin,2000
http://dbpedia.org/resource/Bob_Wallace_(American_football),Bob Wallace (American football),1968
http://dbpedia.org/resource/Xavier_Ouellet,Xavier Ouellet,2011
http://dbpedia.org/resource/Richard_Trapp,Richard Trapp,1968
http://dbpedia.org/resource/Earl_Belcher,Earl Belcher,1981
http://dbpedia.org/resource/Curt_Marsh,Curt Marsh,1981
http://dbpedia.org/resource/Bernd_Brückler,Bernd Brückler,2001
http://dbpedia.org/resource/Ike_Thomas,Ike Thomas,1971
http://dbpedia.org/resource/Reggie_Bush,Reggie Bush,2006
http://dbpedia.org/resource/Dom_Moselle,Dom Moselle,1950
http://dbpedia.org/resource/Stryker_Sulak,Stryker Sulak,2009
http://dbpedia.org/resource/Peter_Eriksson_(ice_hockey),Peter Eriksson (ice hockey),1987
http://dbpedia.org/resource/Joe_Panos,Joe Panos,1994
http://dbpedia.org/resource/Greg_Lewis_(running_back),Greg Lewis (running back),1991
http://dbpedia.org/resource/Jacob_Jaacks,Jacob Jaacks,2000
http://dbpedia.org/resource/Olen_Underwood,Olen Underwood,1965
http://dbpedia.org/resource/Joe_Spencer_(American_football),Joe Spencer (American football),1945
http://dbpedia.org/resource/Kerry_Cooks,Kerry Cooks,1998
http://dbpedia.org/resource/Clem_Haskins,Clem Haskins,1967
http://dbpedia.org/resource/Eric_Hipple,Eric Hipple,1980
http://dbpedia.org/resource/Chris_Carr_(basketball),Chris Carr (basketball),1995
http://dbpedia.org/resource/Tyren_Johnson,Tyren Johnson,2010
http://dbpedia.org/resource/Ryan_Tucker,Ryan Tucker,1997
http://dbpedia.org/resource/Travis_Leslie,Travis Leslie,2011
http://dbpedia.org/resource/Paul_Grant_(basketball),Paul Grant (basketball),1997
http://dbpedia.org/resource/Ryan_Krause,Ryan Krause,2004
http://dbpedia.org/resource/Vince_Promuto,Vince Promuto,1960
http://dbpedia.org/resource/Dick_Wehr,Dick Wehr,1948
http://dbpedia.org/resource/Johnny_Kerr,Johnny Kerr,1954
http://dbpedia.org/resource/Antonio_Davis,Antonio Davis,1990
http://dbpedia.org/resource/Craig_Levie,Craig Levie,1979
http://dbpedia.org/resource/Victor_Rudd,Victor Rudd,2014
http://dbpedia.org/resource/James_Hardy_(basketball),James Hardy (basketball),1978
http://dbpedia.org/resource/Henk_Norel,Henk Norel,2009
http://dbpedia.org/resource/Alex_Mack,Alex Mack,2009
http://dbpedia.org/resource/Larry_Nance_Jr.,Larry Nance Jr.,2015
http://dbpedia.org/resource/Rodrigo_Barnes,Rodrigo Barnes,1973
http://dbpedia.org/resource/Terry_Poole_(American_football),Terry Poole (American football),2015
http://dbpedia.org/resource/Charlie_Beasley,Charlie Beasley,1967
http://dbpedia.org/resource/Andrew_Anderson_(basketball),Andrew Anderson (basketball),1967
http://dbpedia.org/resource/John_Lammers,John Lammers,2004
http://dbpedia.org/resource/Stefan_Cherneski,Stefan Cherneski,1997
