http://dbpedia.org/ontology/BasketballPlayer,BasketballPlayer,http://dbpedia.org/ontology/activeYearsStartYear
http://dbpedia.org/resource/Jordan_Railey,Jordan Railey,2078
http://dbpedia.org/resource/Leo_Barnhorst,Leo Barnhorst,1875
http://dbpedia.org/resource/Bob_Kinney,Bob Kinney,2203
http://dbpedia.org/resource/Mark_Aguirre,Mark Aguirre,1825
http://dbpedia.org/resource/Willie_Smith_(basketball),Willie Smith (basketball),1678
http://dbpedia.org/resource/Al_Henry,Al Henry,2350
http://dbpedia.org/resource/Duško_Ivanović,Duško Ivanović,1944
http://dbpedia.org/resource/Erjon_Kastrati,Erjon Kastrati,1779
http://dbpedia.org/resource/Vítor_Faverani,Vítor Faverani,2330
http://dbpedia.org/resource/Alon_Stein,Alon Stein,1632
http://dbpedia.org/resource/Ricky_Shields,Ricky Shields,2445
http://dbpedia.org/resource/Darjuš_Lavrinovič,Darjuš Lavrinovič,2354
http://dbpedia.org/resource/Andrej_Maslinko,Andrej Maslinko,2068
http://dbpedia.org/resource/Adrian_Caldwell,Adrian Caldwell,2309
http://dbpedia.org/resource/Sam_Sibert,Sam Sibert,1841
http://dbpedia.org/resource/Nicolas_Batum,Nicolas Batum,2338
http://dbpedia.org/resource/Steven_Marković,Steven Marković,2208
http://dbpedia.org/resource/Bob_Allen_(basketball),Bob Allen (basketball),2150
http://dbpedia.org/resource/Josh_Childress,Josh Childress,1874
http://dbpedia.org/resource/Adaora_Elonu,Adaora Elonu,1708
http://dbpedia.org/resource/Johnny_Davis_(basketball),Johnny Davis (basketball),2052
http://dbpedia.org/resource/Darius_Clemons,Darius Clemons,2221
http://dbpedia.org/resource/Derrick_Low,Derrick Low,1703
http://dbpedia.org/resource/Josh_Pace,Josh Pace,2428
http://dbpedia.org/resource/Aleksandar_Ugrinoski,Aleksandar Ugrinoski,2106
http://dbpedia.org/resource/Jim_King_(basketball),Jim King (basketball),2082
http://dbpedia.org/resource/Tom_Hawkins_(basketball),Tom Hawkins (basketball),1928
http://dbpedia.org/resource/Lars_Hansen_(basketball),Lars Hansen (basketball),2203
http://dbpedia.org/resource/Paul_George,Paul George,2156
http://dbpedia.org/resource/Evan_Fournier,Evan Fournier,2326
http://dbpedia.org/resource/Suleiman_Braimoh,Suleiman Braimoh,2022
http://dbpedia.org/resource/Anthony_Goldwire,Anthony Goldwire,2065
http://dbpedia.org/resource/John_Little_(basketball),John Little (basketball),1679
http://dbpedia.org/resource/Gene_Short,Gene Short,1893
http://dbpedia.org/resource/LaVell_Blanchard,LaVell Blanchard,1584
http://dbpedia.org/resource/Christoforos_Stefanidis,Christoforos Stefanidis,2390
http://dbpedia.org/resource/Vytenis_Lipkevičius,Vytenis Lipkevičius,2327
http://dbpedia.org/resource/Frank_Ramsey_(basketball),Frank Ramsey (basketball),2104
http://dbpedia.org/resource/DeAndre_Liggins,DeAndre Liggins,2060
"http://dbpedia.org/resource/Adrian_Moss_(basketball,_born_1988)","Adrian Moss (basketball, born 1988)",2446
http://dbpedia.org/resource/Pele_Paelay,Pele Paelay,1915
http://dbpedia.org/resource/Darryl_Pearce,Darryl Pearce,1899
http://dbpedia.org/resource/Michael_Anderson_(basketball),Michael Anderson (basketball),1853
http://dbpedia.org/resource/Fred_VanVleet,Fred VanVleet,1731
http://dbpedia.org/resource/Sozhasingarayer_Robinson,Sozhasingarayer Robinson,1903
http://dbpedia.org/resource/Phil_Ford_(basketball),Phil Ford (basketball),1828
http://dbpedia.org/resource/Manel_Bosch,Manel Bosch,1935
http://dbpedia.org/resource/Jay_Arnette,Jay Arnette,2226
http://dbpedia.org/resource/George_Adams_(basketball),George Adams (basketball),2543
http://dbpedia.org/resource/Kostas_Kaimakoglou,Kostas Kaimakoglou,1791
http://dbpedia.org/resource/John_Pinone,John Pinone,2149
http://dbpedia.org/resource/Joe_Kopicki,Joe Kopicki,2009
http://dbpedia.org/resource/Mark_McNamara,Mark McNamara,1469
http://dbpedia.org/resource/Agnieszka_Bibrzycka,Agnieszka Bibrzycka,1808
http://dbpedia.org/resource/Trey_Lyles,Trey Lyles,1929
http://dbpedia.org/resource/Bob_Fitzgerald_(basketball),Bob Fitzgerald (basketball),2075
http://dbpedia.org/resource/Karvel_Anderson,Karvel Anderson,1668
http://dbpedia.org/resource/Džanan_Musa,Džanan Musa,1828
http://dbpedia.org/resource/Gorgui_Dieng,Gorgui Dieng,1721
http://dbpedia.org/resource/Kevin_Racal,Kevin Racal,2154
http://dbpedia.org/resource/Smush_Parker,Smush Parker,1771
http://dbpedia.org/resource/Norman_Powell,Norman Powell,2329
http://dbpedia.org/resource/Domagoj_Bošnjak,Domagoj Bošnjak,2246
http://dbpedia.org/resource/Martin_Paasoja,Martin Paasoja,2131
http://dbpedia.org/resource/Melvin_Ejim,Melvin Ejim,1808
http://dbpedia.org/resource/Víctor_Arteaga,Víctor Arteaga,1969
http://dbpedia.org/resource/Ekpe_Udoh,Ekpe Udoh,1835
http://dbpedia.org/resource/Jud_Buechler,Jud Buechler,2353
http://dbpedia.org/resource/Anthony_Johnson_(basketball),Anthony Johnson (basketball),2154
http://dbpedia.org/resource/Philip_Paniamogan,Philip Paniamogan,1716
http://dbpedia.org/resource/Gary_Alexander_(basketball),Gary Alexander (basketball),1841
http://dbpedia.org/resource/Hajdana_Radunović,Hajdana Radunović,20
http://dbpedia.org/resource/Edyta_Czerwonka,Edyta Czerwonka,2052
http://dbpedia.org/resource/Youssoupha_Fall,Youssoupha Fall,1765
http://dbpedia.org/resource/Justin_Reynolds,Justin Reynolds,1593
http://dbpedia.org/resource/Jonathan_Aka,Jonathan Aka,2036
http://dbpedia.org/resource/Gary_Bradds,Gary Bradds,2146
http://dbpedia.org/resource/Mal_Graham,Mal Graham,2102
http://dbpedia.org/resource/Logan_Vander_Velden,Logan Vander Velden,2046
http://dbpedia.org/resource/Bryant_Stith,Bryant Stith,1751
http://dbpedia.org/resource/Bruno_Cerella,Bruno Cerella,1833
http://dbpedia.org/resource/Roger_Franklin,Roger Franklin,1586
http://dbpedia.org/resource/Jonathan_Rousselle,Jonathan Rousselle,1704
http://dbpedia.org/resource/Milo_Komenich,Milo Komenich,1641
http://dbpedia.org/resource/Kami_Kabangu,Kami Kabangu,1823
http://dbpedia.org/resource/Lenny_Wilkens,Lenny Wilkens,1631
http://dbpedia.org/resource/Satch_Sanders,Satch Sanders,2013
http://dbpedia.org/resource/Cortez_Groves,Cortez Groves,1997
http://dbpedia.org/resource/Rashad_Vaughn,Rashad Vaughn,1672
http://dbpedia.org/resource/Charles_Rhodes,Charles Rhodes,1688
http://dbpedia.org/resource/Dejan_Bodiroga,Dejan Bodiroga,2007
http://dbpedia.org/resource/Cozell_McQueen,Cozell McQueen,2173
http://dbpedia.org/resource/Evgeniy_Pashutin,Evgeniy Pashutin,2146
http://dbpedia.org/resource/Gregory_Kotrotsios,Gregory Kotrotsios,2314
http://dbpedia.org/resource/Ivan_Maraš,Ivan Maraš,1974
http://dbpedia.org/resource/Chris_Hill_(point_guard),Chris Hill (point guard),1974
http://dbpedia.org/resource/Dale_Ellis,Dale Ellis,1594
http://dbpedia.org/resource/Daniel_Hamilton_(basketball),Daniel Hamilton (basketball),1653
http://dbpedia.org/resource/Chubby_Cox,Chubby Cox,1919
http://dbpedia.org/resource/Tal_Brody,Tal Brody,1739
http://dbpedia.org/resource/Chris_Daniels_(basketball),Chris Daniels (basketball),1785
http://dbpedia.org/resource/Sly_Williams,Sly Williams,2456
http://dbpedia.org/resource/Dario_Hunt,Dario Hunt,2287
http://dbpedia.org/resource/Matt_Sutton,Matt Sutton,1669
http://dbpedia.org/resource/Brandy_Reed,Brandy Reed,1702
http://dbpedia.org/resource/Lindsay_Tait,Lindsay Tait,1728
http://dbpedia.org/resource/Mickell_Gladness,Mickell Gladness,2199
http://dbpedia.org/resource/Josh_Grant,Josh Grant,1933
http://dbpedia.org/resource/Garfield_Blair,Garfield Blair,1856
http://dbpedia.org/resource/Shawn_Huff,Shawn Huff,2498
http://dbpedia.org/resource/Arthur_Lee_(basketball),Arthur Lee (basketball),1652
http://dbpedia.org/resource/Richard_Oruche,Richard Oruche,2559
http://dbpedia.org/resource/Bob_Lloyd,Bob Lloyd,1869
http://dbpedia.org/resource/Ed_Nealy,Ed Nealy,1885
http://dbpedia.org/resource/Joaquim_Gomes,Joaquim Gomes,1869
http://dbpedia.org/resource/Chuck_Person,Chuck Person,2128
http://dbpedia.org/resource/Luka_Kraljević,Luka Kraljević,1706
http://dbpedia.org/resource/Larry_Smith_(basketball),Larry Smith (basketball),2013
http://dbpedia.org/resource/David_Rivers,David Rivers,2096
http://dbpedia.org/resource/Anthony_Barber_(basketball),Anthony Barber (basketball),2052
http://dbpedia.org/resource/Brandon_Polk,Brandon Polk,2141
http://dbpedia.org/resource/Karim_Shabazz,Karim Shabazz,2053
http://dbpedia.org/resource/Pétur_Guðmundsson_(basketball),Pétur Guðmundsson (basketball),2355
http://dbpedia.org/resource/Franz_Pumaren,Franz Pumaren,2274
http://dbpedia.org/resource/Takia_Starks,Takia Starks,1853
http://dbpedia.org/resource/Anton_Odabasi,Anton Odabasi,2223
"http://dbpedia.org/resource/Ed_Murphy_(basketball,_born_1956)","Ed Murphy (basketball, born 1956)",2245
http://dbpedia.org/resource/Ioannis_Bourousis,Ioannis Bourousis,1945
http://dbpedia.org/resource/Hüseyin_Beşok,Hüseyin Beşok,1842
http://dbpedia.org/resource/Quinn_Cook,Quinn Cook,2306
http://dbpedia.org/resource/Hal_Haskins,Hal Haskins,2171
http://dbpedia.org/resource/Med_Park,Med Park,2145
http://dbpedia.org/resource/Keyon_Dooling,Keyon Dooling,2328
http://dbpedia.org/resource/Petros_Velissariou,Petros Velissariou,1842
http://dbpedia.org/resource/Monica_Maxwell,Monica Maxwell,2094
http://dbpedia.org/resource/Tina_Periša,Tina Periša,1888
http://dbpedia.org/resource/Thomas_Heurtel,Thomas Heurtel,2156
http://dbpedia.org/resource/Žarko_Rakočević,Žarko Rakočević,1963
http://dbpedia.org/resource/Forest_Able,Forest Able,1930
http://dbpedia.org/resource/Antywane_Robinson,Antywane Robinson,1775
http://dbpedia.org/resource/Larry_Micheaux,Larry Micheaux,2275
http://dbpedia.org/resource/Dick_Barnett,Dick Barnett,2148
http://dbpedia.org/resource/LeBron_James,LeBron James,2201
http://dbpedia.org/resource/Trent_Tucker,Trent Tucker,1579
http://dbpedia.org/resource/Wallace_Bryant,Wallace Bryant,1913
http://dbpedia.org/resource/Skip_Harlicka,Skip Harlicka,1946
http://dbpedia.org/resource/D._J._Richardson,D. J. Richardson,1734
http://dbpedia.org/resource/Nika_Metreveli,Nika Metreveli,2110
http://dbpedia.org/resource/Ramel_Curry,Ramel Curry,2054
http://dbpedia.org/resource/Chris_Wilcox,Chris Wilcox,1645
http://dbpedia.org/resource/Fred_Hetzel,Fred Hetzel,1997
http://dbpedia.org/resource/Rauno_Pehka,Rauno Pehka,1803
http://dbpedia.org/resource/Elfrid_Payton_(basketball),Elfrid Payton (basketball),2504
http://dbpedia.org/resource/Ed_Book,Ed Book,2325
http://dbpedia.org/resource/Tully_Bevilaqua,Tully Bevilaqua,1749
http://dbpedia.org/resource/Annalise_Pickrel,Annalise Pickrel,2001
http://dbpedia.org/resource/Khalif_Wyatt,Khalif Wyatt,2183
http://dbpedia.org/resource/Vyacheslav_Motorchuk,Vyacheslav Motorchuk,2049
http://dbpedia.org/resource/Sam_Dower,Sam Dower,1734
http://dbpedia.org/resource/Jamar_Diggs,Jamar Diggs,1996
http://dbpedia.org/resource/Goran_Ikonić,Goran Ikonić,2272
http://dbpedia.org/resource/Jessica_Gaspar,Jessica Gaspar,1925
http://dbpedia.org/resource/Dimos_Dikoudis,Dimos Dikoudis,1974
http://dbpedia.org/resource/Özge_Kavurmacıoğlu,Özge Kavurmacıoğlu,2183
http://dbpedia.org/resource/Michael_Umeh,Michael Umeh,2297
http://dbpedia.org/resource/Tre_Kelley,Tre Kelley,2372
http://dbpedia.org/resource/Dani_Díez,Dani Díez,1917
http://dbpedia.org/resource/Antonio_Porta,Antonio Porta,1988
http://dbpedia.org/resource/Oshin_Sahakian,Oshin Sahakian,1845
http://dbpedia.org/resource/Elie_Rustom,Elie Rustom,2123
http://dbpedia.org/resource/Terence_Morris,Terence Morris,1713
http://dbpedia.org/resource/Brad_Wanamaker,Brad Wanamaker,1823
http://dbpedia.org/resource/Mike_Singletary_(basketball),Mike Singletary (basketball),2238
http://dbpedia.org/resource/Shawne_Williams,Shawne Williams,2133
http://dbpedia.org/resource/Dušan_Mlađan,Dušan Mlađan,2235
http://dbpedia.org/resource/Markel_Starks,Markel Starks,1777
http://dbpedia.org/resource/Justin_Knox,Justin Knox,1892
http://dbpedia.org/resource/Matt_Burston,Matt Burston,2353
"http://dbpedia.org/resource/Justin_Hamilton_(basketball,_born_1990)","Justin Hamilton (basketball, born 1990)",1873
http://dbpedia.org/resource/Jordi_Trias,Jordi Trias,1685
http://dbpedia.org/resource/Julius_Johnson,Julius Johnson,1819
http://dbpedia.org/resource/Jamal_Crawford,Jamal Crawford,1835
http://dbpedia.org/resource/Brian_Mahoney_(basketball),Brian Mahoney (basketball),1656
http://dbpedia.org/resource/Anthony_Fernandez,Anthony Fernandez,2220
http://dbpedia.org/resource/Marty_Conlon,Marty Conlon,1973
http://dbpedia.org/resource/John_Stockton,John Stockton,2064
http://dbpedia.org/resource/Yannick_van_der_Ark,Yannick van der Ark,1807
http://dbpedia.org/resource/Ines_Kresović,Ines Kresović,23
http://dbpedia.org/resource/Mirsad_Türkcan,Mirsad Türkcan,2108
http://dbpedia.org/resource/Avis_Wyatt,Avis Wyatt,2244
http://dbpedia.org/resource/Kyle_Casey,Kyle Casey,2269
http://dbpedia.org/resource/Stephen_Arigbabu,Stephen Arigbabu,2262
http://dbpedia.org/resource/Tyler_Smith_(basketball),Tyler Smith (basketball),1817
http://dbpedia.org/resource/Cedric_Maxwell,Cedric Maxwell,1947
http://dbpedia.org/resource/Keith_Erickson,Keith Erickson,2083
http://dbpedia.org/resource/Adrian_Dantley,Adrian Dantley,2004
http://dbpedia.org/resource/Chris_Mihm,Chris Mihm,2096
http://dbpedia.org/resource/Richaun_Holmes,Richaun Holmes,1793
http://dbpedia.org/resource/Bob_Royer,Bob Royer,1740
http://dbpedia.org/resource/Can_Altıntığ,Can Altıntığ,1489
http://dbpedia.org/resource/Drew_Crawford,Drew Crawford,2238
http://dbpedia.org/resource/Giff_Roux,Giff Roux,2118
http://dbpedia.org/resource/Wesley_Gonzales,Wesley Gonzales,1977
http://dbpedia.org/resource/Jantel_Lavender,Jantel Lavender,1665
http://dbpedia.org/resource/Jason_Rich,Jason Rich,1767
http://dbpedia.org/resource/Seth_Doliboa,Seth Doliboa,1874
http://dbpedia.org/resource/Nadeen_Payne,Nadeen Payne,2418
http://dbpedia.org/resource/Sylvia_Fowles,Sylvia Fowles,1709
http://dbpedia.org/resource/Iva_Prčić,Iva Prčić,1748
http://dbpedia.org/resource/Jesús_Fernández_Hernández,Jesús Fernández Hernández,1983
http://dbpedia.org/resource/Riego_Gamalinda,Riego Gamalinda,2196
http://dbpedia.org/resource/Brian_Howard_(basketball),Brian Howard (basketball),1821
"http://dbpedia.org/resource/Anthony_Myles_(basketball,_born_1982)","Anthony Myles (basketball, born 1982)",2112
http://dbpedia.org/resource/Chito_Jaime,Chito Jaime,2024
http://dbpedia.org/resource/Astou_Ndour,Astou Ndour,1908
http://dbpedia.org/resource/Micaela_Cocks,Micaela Cocks,1887
http://dbpedia.org/resource/Landry_Fields,Landry Fields,1854
http://dbpedia.org/resource/Bojan_Radulović,Bojan Radulović,2043
http://dbpedia.org/resource/Brian_Taylor_(basketball),Brian Taylor (basketball),1934
http://dbpedia.org/resource/Jaka_Blažič,Jaka Blažič,2010
http://dbpedia.org/resource/Gerald_Lee_(basketball),Gerald Lee (basketball),2068
http://dbpedia.org/resource/Connie_Hawkins,Connie Hawkins,2078
http://dbpedia.org/resource/David_Hawkins_(basketball),David Hawkins (basketball),1730
http://dbpedia.org/resource/Glory_Johnson,Glory Johnson,2227
http://dbpedia.org/resource/Davor_Marcelić,Davor Marcelić,2004
http://dbpedia.org/resource/Tadija_Dragićević,Tadija Dragićević,1669
http://dbpedia.org/resource/Salva_Arco,Salva Arco,2197
http://dbpedia.org/resource/Steve_Nash,Steve Nash,1715
http://dbpedia.org/resource/Tony_Gugino,Tony Gugino,1813
http://dbpedia.org/resource/Maurice_Cheeks,Maurice Cheeks,2449
http://dbpedia.org/resource/Brent_Price,Brent Price,2339
http://dbpedia.org/resource/Courtney_Lee,Courtney Lee,1963
http://dbpedia.org/resource/Willie_Wise,Willie Wise,1960
http://dbpedia.org/resource/Devin_Brown,Devin Brown,2491
http://dbpedia.org/resource/Tyus_Jones,Tyus Jones,2080
http://dbpedia.org/resource/John_Hummer,John Hummer,1808
http://dbpedia.org/resource/Kevin_Langford,Kevin Langford,2333
http://dbpedia.org/resource/Doug_Roth,Doug Roth,2345
http://dbpedia.org/resource/Carlos_Delfino,Carlos Delfino,1858
http://dbpedia.org/resource/Žygimantas_Skučas,Žygimantas Skučas,2000
http://dbpedia.org/resource/Shawn_Taggart,Shawn Taggart,1874
http://dbpedia.org/resource/Bobby_Brown_(basketball),Bobby Brown (basketball),2080
http://dbpedia.org/resource/Lucas_Walker,Lucas Walker,2004
http://dbpedia.org/resource/Savvas_Manousos,Savvas Manousos,1573
http://dbpedia.org/resource/Larry_Nance_Jr.,Larry Nance Jr.,1943
http://dbpedia.org/resource/Román_González,Román González,1989
http://dbpedia.org/resource/Márton_Báder,Márton Báder,2120
http://dbpedia.org/resource/Teddy_Apriyana_Romadonsyah,Teddy Apriyana Romadonsyah,2207
http://dbpedia.org/resource/Nasos_Galakteros,Nasos Galakteros,1922
http://dbpedia.org/resource/Harold_Sergent,Harold Sergent,1882
http://dbpedia.org/resource/Darko_Jukić,Darko Jukić,1623
http://dbpedia.org/resource/Damien_Wilkins,Damien Wilkins,2174
http://dbpedia.org/resource/Tiit_Sokk,Tiit Sokk,1951
http://dbpedia.org/resource/Dave_Feitl,Dave Feitl,2317
http://dbpedia.org/resource/Gediminas_Orelik,Gediminas Orelik,2081
http://dbpedia.org/resource/Raül_López,Raül López,1791
http://dbpedia.org/resource/Eliud_Poligrates,Eliud Poligrates,1646
http://dbpedia.org/resource/Glen_Rice,Glen Rice,2151
http://dbpedia.org/resource/Jerrod_Mustaf,Jerrod Mustaf,2273
http://dbpedia.org/resource/Joseph_Yeo,Joseph Yeo,2060
http://dbpedia.org/resource/Milan_Milkov,Milan Milkov,1797
http://dbpedia.org/resource/Pero_Antić,Pero Antić,1949
http://dbpedia.org/resource/Keith_Langford,Keith Langford,1970
http://dbpedia.org/resource/Ted_Scott_(basketball),Ted Scott (basketball),2157
http://dbpedia.org/resource/D._J._Cooper,D. J. Cooper,2174
http://dbpedia.org/resource/Dudley_Bradley,Dudley Bradley,1763
http://dbpedia.org/resource/Mac_Otten,Mac Otten,1836
"http://dbpedia.org/resource/Steven_Gray_(basketball,_born_1989)","Steven Gray (basketball, born 1989)",1662
http://dbpedia.org/resource/Bill_Hewitt_(basketball),Bill Hewitt (basketball),1808
http://dbpedia.org/resource/Hutch_Jones,Hutch Jones,1641
http://dbpedia.org/resource/Keanau_Post,Keanau Post,2034
"http://dbpedia.org/resource/Ron_Anderson_(basketball,_born_1958)","Ron Anderson (basketball, born 1958)",2250
http://dbpedia.org/resource/Mindaugas_Katelynas,Mindaugas Katelynas,2110
http://dbpedia.org/resource/Tyler_Hines,Tyler Hines,1856
http://dbpedia.org/resource/Kieron_Achara,Kieron Achara,1651
http://dbpedia.org/resource/Orbie_Bowling,Orbie Bowling,1967
http://dbpedia.org/resource/Ričmonds_Vilde,Ričmonds Vilde,2253
http://dbpedia.org/resource/Dragan_Lukovski,Dragan Lukovski,2002
http://dbpedia.org/resource/Kiah_Stokes,Kiah Stokes,2213
http://dbpedia.org/resource/Acie_Law,Acie Law,2195
http://dbpedia.org/resource/Robertas_Giedraitis,Robertas Giedraitis,2573
http://dbpedia.org/resource/Eric_Mobley,Eric Mobley,2443
"http://dbpedia.org/resource/John_Cox_(basketball,_born_1981)","John Cox (basketball, born 1981)",1848
"http://dbpedia.org/resource/Antonio_Burks_(basketball,_born_1980)","Antonio Burks (basketball, born 1980)",2114
http://dbpedia.org/resource/Paul_Haynes_(basketball),Paul Haynes (basketball),1899
http://dbpedia.org/resource/Mike_Glenn,Mike Glenn,1610
http://dbpedia.org/resource/Luigi_Datome,Luigi Datome,2054
http://dbpedia.org/resource/Mark_Barroca,Mark Barroca,2287
http://dbpedia.org/resource/Gjorgji_Knјazev,Gjorgji Knјazev,2133
http://dbpedia.org/resource/Jan_Špan,Jan Špan,2263
http://dbpedia.org/resource/Dwight_Lewis,Dwight Lewis,2220
http://dbpedia.org/resource/Odis_Allison,Odis Allison,1882
http://dbpedia.org/resource/Vassilis_Niforas,Vassilis Niforas,1928
http://dbpedia.org/resource/Edgaras_Ulanovas,Edgaras Ulanovas,2218
http://dbpedia.org/resource/Bruce_Spraggins,Bruce Spraggins,1839
http://dbpedia.org/resource/Joel_Kramer,Joel Kramer,1907
http://dbpedia.org/resource/Koko_Archibong,Koko Archibong,2081
http://dbpedia.org/resource/Filip_Šepa,Filip Šepa,2288
http://dbpedia.org/resource/Alexander_Lokhmanchuk,Alexander Lokhmanchuk,2181
http://dbpedia.org/resource/Vince_Hunter,Vince Hunter,2061
http://dbpedia.org/resource/Jay_Taylor_(basketball),Jay Taylor (basketball),1627
http://dbpedia.org/resource/Sean_Mosley,Sean Mosley,1997
http://dbpedia.org/resource/Boo_Ellis,Boo Ellis,1767
http://dbpedia.org/resource/Shanna_Zolman,Shanna Zolman,2084
http://dbpedia.org/resource/Jim_McIlvaine,Jim McIlvaine,1802
http://dbpedia.org/resource/Trevor_Cooney,Trevor Cooney,1897
http://dbpedia.org/resource/Samboy_Lim,Samboy Lim,1696
http://dbpedia.org/resource/LaDontae_Henton,LaDontae Henton,1788
http://dbpedia.org/resource/Marcus_Goree,Marcus Goree,2233
http://dbpedia.org/resource/Sergio_Llorente,Sergio Llorente,1999
http://dbpedia.org/resource/Katarina_Lazić,Katarina Lazić,2016
http://dbpedia.org/resource/Miloš_Milisavljević_(basketball),Miloš Milisavljević (basketball),1945
http://dbpedia.org/resource/Davellyn_Whyte,Davellyn Whyte,1863
http://dbpedia.org/resource/Brian_Ilad,Brian Ilad,1875
http://dbpedia.org/resource/Jack_Burmaster,Jack Burmaster,2016
http://dbpedia.org/resource/Latavious_Williams,Latavious Williams,2211
http://dbpedia.org/resource/Jake_Carter_(basketball),Jake Carter (basketball),1803
http://dbpedia.org/resource/Patrick_Christopher,Patrick Christopher,1840
http://dbpedia.org/resource/Darko_Balaban,Darko Balaban,1842
http://dbpedia.org/resource/Bariša_Krasić,Bariša Krasić,1922
http://dbpedia.org/resource/Vukašin_Mandić,Vukašin Mandić,1897
http://dbpedia.org/resource/Isaac_Rosefelt,Isaac Rosefelt,1788
http://dbpedia.org/resource/Brad_Robbins,Brad Robbins,1924
http://dbpedia.org/resource/Voshon_Lenard,Voshon Lenard,1867
http://dbpedia.org/resource/Tom_Hammonds,Tom Hammonds,2155
http://dbpedia.org/resource/Leo_Austria,Leo Austria,2099
http://dbpedia.org/resource/Tre_Bussey,Tre Bussey,1888
http://dbpedia.org/resource/Iva_Perovanović,Iva Perovanović,1928
http://dbpedia.org/resource/Marios_Matalon,Marios Matalon,1798
http://dbpedia.org/resource/Marko_Tejić,Marko Tejić,1906
http://dbpedia.org/resource/Nik_Slavica,Nik Slavica,1756
http://dbpedia.org/resource/Melih_Mahmutoğlu,Melih Mahmutoğlu,1881
http://dbpedia.org/resource/Carl_Meinhold,Carl Meinhold,2009
http://dbpedia.org/resource/Jordon_Crawford,Jordon Crawford,2253
http://dbpedia.org/resource/Uroš_Duvnjak,Uroš Duvnjak,1989
http://dbpedia.org/resource/Mac_Koshwal,Mac Koshwal,1932
http://dbpedia.org/resource/David_Arnold_(basketball),David Arnold (basketball),1923
http://dbpedia.org/resource/Tom_Barker_(basketball),Tom Barker (basketball),1738
http://dbpedia.org/resource/Balša_Radunović,Balša Radunović,1973
http://dbpedia.org/resource/Ed_Daniel,Ed Daniel,2117
http://dbpedia.org/resource/Ahmad_Nivins,Ahmad Nivins,1838
http://dbpedia.org/resource/Luka_Vončina,Luka Vončina,1947
http://dbpedia.org/resource/Kostja_Mushidi,Kostja Mushidi,1942
http://dbpedia.org/resource/Sarantis_Mastrogiannopoulos,Sarantis Mastrogiannopoulos,2340
http://dbpedia.org/resource/Brigitte_Ardossi,Brigitte Ardossi,1826
http://dbpedia.org/resource/Osiris_Eldridge,Osiris Eldridge,1834
http://dbpedia.org/resource/Aaron_Harrison,Aaron Harrison,1870
http://dbpedia.org/resource/Jordan_Taylor_(basketball),Jordan Taylor (basketball),2114
http://dbpedia.org/resource/Logi_Gunnarsson,Logi Gunnarsson,1678
http://dbpedia.org/resource/Jesse_Sanders,Jesse Sanders,2039
"http://dbpedia.org/resource/Mike_Davis_(basketball,_born_1956)","Mike Davis (basketball, born 1956)",1824
http://dbpedia.org/resource/Tamara_Stocks,Tamara Stocks,2192
http://dbpedia.org/resource/Adrian_Guțoaia,Adrian Guțoaia,1828
http://dbpedia.org/resource/Joe_Alexander,Joe Alexander,2134
http://dbpedia.org/resource/Baser_Amer,Baser Amer,2139
http://dbpedia.org/resource/Mike_O'Koren,Mike O'Koren,2245
http://dbpedia.org/resource/David_Doblas,David Doblas,2029
http://dbpedia.org/resource/Nick_Bradford,Nick Bradford,1755
http://dbpedia.org/resource/Adem_Mekić,Adem Mekić,2148
http://dbpedia.org/resource/Marin_Rozić,Marin Rozić,2424
http://dbpedia.org/resource/Saúl_Blanco,Saúl Blanco,2243
http://dbpedia.org/resource/Dave_Thomas_(basketball),Dave Thomas (basketball),2082
http://dbpedia.org/resource/Ray_Turner_(basketball),Ray Turner (basketball),1682
http://dbpedia.org/resource/Mike_New,Mike New,1687
http://dbpedia.org/resource/Melvin_Johnson_III,Melvin Johnson III,2311
http://dbpedia.org/resource/Isaac_Fotu,Isaac Fotu,1988
http://dbpedia.org/resource/Albert_Miralles,Albert Miralles,2045
http://dbpedia.org/resource/DeMar_DeRozan,DeMar DeRozan,1725
http://dbpedia.org/resource/Harding_Nana,Harding Nana,1875
http://dbpedia.org/resource/Yannick_Driesen,Yannick Driesen,2443
http://dbpedia.org/resource/Andre_McCarter,Andre McCarter,1994
http://dbpedia.org/resource/Milica_Dabović,Milica Dabović,2229
http://dbpedia.org/resource/Latoya_Williams,Latoya Williams,2358
http://dbpedia.org/resource/Will_Thomas_(basketball),Will Thomas (basketball),1828
http://dbpedia.org/resource/Ruslan_Pateev,Ruslan Pateev,1513
http://dbpedia.org/resource/Viktor_Efremovski,Viktor Efremovski,1912
http://dbpedia.org/resource/Eddie_Lee_Wilkins,Eddie Lee Wilkins,1841
http://dbpedia.org/resource/Rahim_Rızvanoğlu,Rahim Rızvanoğlu,1725
http://dbpedia.org/resource/Bob_Anderegg,Bob Anderegg,1860
http://dbpedia.org/resource/Jermaine_Blackburn,Jermaine Blackburn,1986
http://dbpedia.org/resource/George_Thompson_(basketball),George Thompson (basketball),2028
http://dbpedia.org/resource/Tungalagiin_Sanchir,Tungalagiin Sanchir,1897
http://dbpedia.org/resource/Dimitrios_Marmarinos,Dimitrios Marmarinos,2023
http://dbpedia.org/resource/Nathan_Crosswell,Nathan Crosswell,1985
"http://dbpedia.org/resource/Leon_Williams_(basketball,_born_1986)","Leon Williams (basketball, born 1986)",2286
http://dbpedia.org/resource/Rick_Barry,Rick Barry,1913
http://dbpedia.org/resource/Jim_McMillian,Jim McMillian,2190
http://dbpedia.org/resource/Dior_Lowhorn,Dior Lowhorn,1836
"http://dbpedia.org/resource/Ron_Anderson_(basketball,_born_1989)","Ron Anderson (basketball, born 1989)",1899
http://dbpedia.org/resource/Tony_Parker,Tony Parker,1776
http://dbpedia.org/resource/Jim_Ligon,Jim Ligon,2180
http://dbpedia.org/resource/Chris_Commons_(basketball),Chris Commons (basketball),2513
http://dbpedia.org/resource/Jelena_Stanković,Jelena Stanković,1869
http://dbpedia.org/resource/Scott_Fisher_(basketball),Scott Fisher (basketball),2334
http://dbpedia.org/resource/Jakob_Pöltl,Jakob Pöltl,1728
http://dbpedia.org/resource/Monika_Kovač,Monika Kovač,16
http://dbpedia.org/resource/Walter_Lemon_Jr.,Walter Lemon Jr.,1945
http://dbpedia.org/resource/Ron_Dunlap,Ron Dunlap,2179
http://dbpedia.org/resource/Jamaal_Wilkes,Jamaal Wilkes,1555
http://dbpedia.org/resource/Vasilije_Micić,Vasilije Micić,2172
http://dbpedia.org/resource/Tobias_Borg,Tobias Borg,2218
http://dbpedia.org/resource/Fabricio_Vay,Fabricio Vay,1857
http://dbpedia.org/resource/Silvia_Sarni,Silvia Sarni,1571
http://dbpedia.org/resource/Cade_Davis,Cade Davis,2061
http://dbpedia.org/resource/Kristo_Saage,Kristo Saage,2286
http://dbpedia.org/resource/Marko_Djurković,Marko Djurković,1679
http://dbpedia.org/resource/Erman_Kunter,Erman Kunter,1868
http://dbpedia.org/resource/Laia_Palau,Laia Palau,2496
http://dbpedia.org/resource/Benjamin_Ortner,Benjamin Ortner,1722
http://dbpedia.org/resource/Mike_McKay_(basketball),Mike McKay (basketball),1827
http://dbpedia.org/resource/Igor_Milošević,Igor Milošević,2067
http://dbpedia.org/resource/Alex_Montgomery,Alex Montgomery,1909
http://dbpedia.org/resource/Andrei_Kirilenko,Andrei Kirilenko,2231
http://dbpedia.org/resource/Antoine_Jordan,Antoine Jordan,2223
http://dbpedia.org/resource/Jimmy_King,Jimmy King,2128
http://dbpedia.org/resource/Reggie_Jordan,Reggie Jordan,2123
http://dbpedia.org/resource/Andrae_Patterson,Andrae Patterson,1849
http://dbpedia.org/resource/Caris_LeVert,Caris LeVert,1732
"http://dbpedia.org/resource/Petar_Popović_(basketball,_born_1979)","Petar Popović (basketball, born 1979)",2428
http://dbpedia.org/resource/Randy_Wittman,Randy Wittman,1967
http://dbpedia.org/resource/Dirk_Bauermann,Dirk Bauermann,1825
http://dbpedia.org/resource/Myles_Turner_(basketball),Myles Turner (basketball),2175
http://dbpedia.org/resource/Tauras_Stumbrys,Tauras Stumbrys,2241
http://dbpedia.org/resource/Astan_Dabo,Astan Dabo,2511
http://dbpedia.org/resource/Zach_Randolph,Zach Randolph,2046
http://dbpedia.org/resource/Jim_Price_(basketball),Jim Price (basketball),2112
http://dbpedia.org/resource/Joah_Tucker,Joah Tucker,2214
http://dbpedia.org/resource/Nick_Okorie,Nick Okorie,1731
http://dbpedia.org/resource/Davon_Jefferson,Davon Jefferson,2393
http://dbpedia.org/resource/Leo_Mainoldi,Leo Mainoldi,1819
http://dbpedia.org/resource/Jamar_Butler,Jamar Butler,2037
http://dbpedia.org/resource/Damien_Ryan,Damien Ryan,1884
http://dbpedia.org/resource/Acie_Earl,Acie Earl,2249
http://dbpedia.org/resource/Tayshaun_Prince,Tayshaun Prince,2276
http://dbpedia.org/resource/Denis_Krestinin,Denis Krestinin,1953
http://dbpedia.org/resource/Don_Nelson,Don Nelson,1642
http://dbpedia.org/resource/Héctor_Campana,Héctor Campana,1609
http://dbpedia.org/resource/Will_Perdue,Will Perdue,2420
http://dbpedia.org/resource/Bob_Carrington,Bob Carrington,2084
http://dbpedia.org/resource/Rait_Keerles,Rait Keerles,2293
http://dbpedia.org/resource/Hamed_Haddadi,Hamed Haddadi,1826
http://dbpedia.org/resource/Lovre_Bašić,Lovre Bašić,1999
http://dbpedia.org/resource/Byron_Beck,Byron Beck,2459
http://dbpedia.org/resource/George_Kaftan,George Kaftan,2192
http://dbpedia.org/resource/Clint_Richardson,Clint Richardson,1931
http://dbpedia.org/resource/Kaspars_Kambala,Kaspars Kambala,2050
http://dbpedia.org/resource/Šarūnas_Vasiliauskas,Šarūnas Vasiliauskas,2115
http://dbpedia.org/resource/Ronnie_Fields,Ronnie Fields,2317
http://dbpedia.org/resource/Fotios_Vasilopoulos,Fotios Vasilopoulos,1917
http://dbpedia.org/resource/Željko_Zagorac,Željko Zagorac,2083
http://dbpedia.org/resource/Larry_Nance,Larry Nance,2144
http://dbpedia.org/resource/Katie_Feenstra-Mattera,Katie Feenstra-Mattera,1975
http://dbpedia.org/resource/Sven_Schultze,Sven Schultze,1756
http://dbpedia.org/resource/Fatih_Solak,Fatih Solak,2139
http://dbpedia.org/resource/Lynbert_Johnson,Lynbert Johnson,2197
http://dbpedia.org/resource/Chris_Duhon,Chris Duhon,1796
http://dbpedia.org/resource/Baron_Davis,Baron Davis,2340
http://dbpedia.org/resource/Blake_Schilb,Blake Schilb,1802
http://dbpedia.org/resource/Seth_Tarver,Seth Tarver,2031
http://dbpedia.org/resource/Henry_Williams_(basketball),Henry Williams (basketball),1990
http://dbpedia.org/resource/Haralds_Kārlis,Haralds Kārlis,1875
http://dbpedia.org/resource/Rob_Paternostro,Rob Paternostro,1664
http://dbpedia.org/resource/Delon_Wright,Delon Wright,1841
http://dbpedia.org/resource/Vladimir_Filipović,Vladimir Filipović,2287
http://dbpedia.org/resource/Valentin_Eduque,Valentin Eduque,2057
"http://dbpedia.org/resource/Kevin_Young_(basketball,_born_1990)","Kevin Young (basketball, born 1990)",1919
http://dbpedia.org/resource/Andreas_Glyniadakis,Andreas Glyniadakis,1849
http://dbpedia.org/resource/Willie_Warren,Willie Warren,2044
http://dbpedia.org/resource/Jared_Dillinger,Jared Dillinger,1768
http://dbpedia.org/resource/Wally_Walker,Wally Walker,1886
http://dbpedia.org/resource/John_Edwards_(basketball),John Edwards (basketball),2141
http://dbpedia.org/resource/Mindaugas_Girdžiūnas,Mindaugas Girdžiūnas,2009
http://dbpedia.org/resource/Nikos_Vetoulas,Nikos Vetoulas,1677
http://dbpedia.org/resource/Aron_Baynes,Aron Baynes,2472
http://dbpedia.org/resource/Muamer_Taletović,Muamer Taletović,2313
http://dbpedia.org/resource/Matt_Costello,Matt Costello,1856
http://dbpedia.org/resource/LaRon_Dendy,LaRon Dendy,1842
http://dbpedia.org/resource/Billy_Shepherd,Billy Shepherd,1816
http://dbpedia.org/resource/Joe_Courtney_(basketball),Joe Courtney (basketball),2269
http://dbpedia.org/resource/Stephan_Hicks,Stephan Hicks,2058
http://dbpedia.org/resource/Nataša_Anđelić,Nataša Anđelić,2479
http://dbpedia.org/resource/Stephen_Black,Stephen Black,1643
http://dbpedia.org/resource/Matt_Howard,Matt Howard,1977
http://dbpedia.org/resource/İsmet_Akpınar,İsmet Akpınar,2088
http://dbpedia.org/resource/Bill_Turner_(basketball),Bill Turner (basketball),1786
http://dbpedia.org/resource/Plummer_Lott,Plummer Lott,1876
http://dbpedia.org/resource/Slater_Martin,Slater Martin,1782
http://dbpedia.org/resource/Laurence_Ekperigin,Laurence Ekperigin,2403
http://dbpedia.org/resource/Hansi_Gnad,Hansi Gnad,2148
http://dbpedia.org/resource/Duane_Causwell,Duane Causwell,1932
http://dbpedia.org/resource/Mike_Wilson_(basketball),Mike Wilson (basketball),1773
http://dbpedia.org/resource/Patrick_Mutombo,Patrick Mutombo,1812
http://dbpedia.org/resource/C._J._Webster,C. J. Webster,1986
http://dbpedia.org/resource/Radosav_Spasojević,Radosav Spasojević,2327
http://dbpedia.org/resource/Abby_Bishop,Abby Bishop,2304
http://dbpedia.org/resource/Ronnie_Shavlik,Ronnie Shavlik,1831
http://dbpedia.org/resource/Mick_Hill_(basketball),Mick Hill (basketball),2218
http://dbpedia.org/resource/Nenad_Marković,Nenad Marković,2092
http://dbpedia.org/resource/Tanhum_Cohen-Mintz,Tanhum Cohen-Mintz,1905
http://dbpedia.org/resource/Brandon_Armstrong,Brandon Armstrong,2318
http://dbpedia.org/resource/Vincent_Mendy_(basketball),Vincent Mendy (basketball),1733
http://dbpedia.org/resource/Lou_Williams,Lou Williams,1796
http://dbpedia.org/resource/Bob_Gerber,Bob Gerber,1993
http://dbpedia.org/resource/Terry_Stotts,Terry Stotts,2070
http://dbpedia.org/resource/Al_Eberhard,Al Eberhard,1703
http://dbpedia.org/resource/Paul_Davis_(basketball),Paul Davis (basketball),1816
http://dbpedia.org/resource/Trevor_Releford,Trevor Releford,1953
http://dbpedia.org/resource/Johnny_Ezersky,Johnny Ezersky,1928
http://dbpedia.org/resource/Jimmy_Butler_(basketball),Jimmy Butler (basketball),2202
http://dbpedia.org/resource/Sonja_Petrović,Sonja Petrović,1749
http://dbpedia.org/resource/Matej_Mamić,Matej Mamić,1994
http://dbpedia.org/resource/Kate_Butters,Kate Butters,1860
http://dbpedia.org/resource/Gary_David,Gary David,2329
http://dbpedia.org/resource/Yolanda_Griffith,Yolanda Griffith,1923
http://dbpedia.org/resource/Beno_Udrih,Beno Udrih,2454
http://dbpedia.org/resource/Derrick_Coleman,Derrick Coleman,1875
http://dbpedia.org/resource/Abdoulaye_Loum,Abdoulaye Loum,2105
http://dbpedia.org/resource/Cory_Carr,Cory Carr,2262
http://dbpedia.org/resource/Ioannis_Chatzinikolas,Ioannis Chatzinikolas,1706
http://dbpedia.org/resource/Justin_Holiday,Justin Holiday,2289
http://dbpedia.org/resource/Guido_Rosselli,Guido Rosselli,2036
http://dbpedia.org/resource/Cho_Sung-min_(basketball),Cho Sung-min (basketball),2185
http://dbpedia.org/resource/Milovan_Raković,Milovan Raković,1889
http://dbpedia.org/resource/Andris_Biedriņš,Andris Biedriņš,2058
http://dbpedia.org/resource/Kristen_Mann,Kristen Mann,1839
http://dbpedia.org/resource/J._J._Avila,J. J. Avila,2149
http://dbpedia.org/resource/Levi_Randolph,Levi Randolph,1758
http://dbpedia.org/resource/Junior_Cadougan,Junior Cadougan,1732
http://dbpedia.org/resource/Michael_Schachtner,Michael Schachtner,2131
http://dbpedia.org/resource/Jay_Carty,Jay Carty,2203
http://dbpedia.org/resource/Evgeny_Kolesnikov,Evgeny Kolesnikov,2375
http://dbpedia.org/resource/Akis_Kallinikidis,Akis Kallinikidis,1955
http://dbpedia.org/resource/Spyros_Motsenigos,Spyros Motsenigos,1616
http://dbpedia.org/resource/Terrell_Everett,Terrell Everett,1857
http://dbpedia.org/resource/Michalis_Pelekanos,Michalis Pelekanos,1911
"http://dbpedia.org/resource/Chris_Walker_(basketball,_born_1994)","Chris Walker (basketball, born 1994)",2420
http://dbpedia.org/resource/Nebojša_Bogavac,Nebojša Bogavac,1800
http://dbpedia.org/resource/Woody_Sauldsberry,Woody Sauldsberry,2091
http://dbpedia.org/resource/Tony_Brown_(basketball),Tony Brown (basketball),1664
http://dbpedia.org/resource/Jesse_Arnelle,Jesse Arnelle,2176
http://dbpedia.org/resource/Duke_Mondy,Duke Mondy,2087
http://dbpedia.org/resource/Mile_Ilić,Mile Ilić,2199
"http://dbpedia.org/resource/John_Brown_(basketball,_born_1992)","John Brown (basketball, born 1992)",2085
http://dbpedia.org/resource/Gregor_Fučka,Gregor Fučka,2487
http://dbpedia.org/resource/Serge_Zwikker,Serge Zwikker,2026
http://dbpedia.org/resource/Amanda_Zahui_B.,Amanda Zahui B.,2071
http://dbpedia.org/resource/Kevin_Martin_(basketball),Kevin Martin (basketball),1861
http://dbpedia.org/resource/Steve_Vacendak,Steve Vacendak,2107
http://dbpedia.org/resource/William_Antonio,William Antonio,1870
http://dbpedia.org/resource/Milan_Dozet,Milan Dozet,1991
http://dbpedia.org/resource/Paulius_Jankūnas,Paulius Jankūnas,2041
http://dbpedia.org/resource/John_Starks_(basketball),John Starks (basketball),2418
http://dbpedia.org/resource/Devin_Harris,Devin Harris,1774
http://dbpedia.org/resource/Anete_Jēkabsone-Žogota,Anete Jēkabsone-Žogota,1824
http://dbpedia.org/resource/Gal_Mekel,Gal Mekel,2094
http://dbpedia.org/resource/Tyronn_Lue,Tyronn Lue,2392
http://dbpedia.org/resource/Saša_Avramović,Saša Avramović,2045
http://dbpedia.org/resource/Antwi_Atuahene,Antwi Atuahene,2194
http://dbpedia.org/resource/Aidin_Nikkhah_Bahrami,Aidin Nikkhah Bahrami,2250
http://dbpedia.org/resource/Rudy_Tomjanovich,Rudy Tomjanovich,1630
http://dbpedia.org/resource/Roberto_Kovac,Roberto Kovac,1623
http://dbpedia.org/resource/Jovana_Rad,Jovana Rad,2112
http://dbpedia.org/resource/Cameron_Tovey,Cameron Tovey,1712
http://dbpedia.org/resource/Jordan_Baker_(basketball),Jordan Baker (basketball),1851
http://dbpedia.org/resource/Angelos_Siamandouras,Angelos Siamandouras,2196
http://dbpedia.org/resource/Michalis_Tsairelis,Michalis Tsairelis,2201
http://dbpedia.org/resource/Mohamad_Hachad,Mohamad Hachad,2400
http://dbpedia.org/resource/Temeka_Johnson,Temeka Johnson,1996
http://dbpedia.org/resource/Festus_Ezeli,Festus Ezeli,1753
http://dbpedia.org/resource/Nikola_Dragović,Nikola Dragović,1676
http://dbpedia.org/resource/Luke_Martin,Luke Martin,1869
http://dbpedia.org/resource/Wilfrid_Aka,Wilfrid Aka,2186
http://dbpedia.org/resource/Rey_Guevarra,Rey Guevarra,1702
http://dbpedia.org/resource/Fred_Hoiberg,Fred Hoiberg,2085
http://dbpedia.org/resource/Luc_Longley,Luc Longley,1969
http://dbpedia.org/resource/Roger_Yap,Roger Yap,1708
http://dbpedia.org/resource/Dan_Dickau,Dan Dickau,2135
http://dbpedia.org/resource/Logan_Stutz,Logan Stutz,1993
http://dbpedia.org/resource/Jamaal_Franklin,Jamaal Franklin,2221
http://dbpedia.org/resource/Jamal_Olasewere,Jamal Olasewere,2013
http://dbpedia.org/resource/Travis_Bader,Travis Bader,1639
http://dbpedia.org/resource/Ralph_Biggs,Ralph Biggs,1602
http://dbpedia.org/resource/Kevin_Pangos,Kevin Pangos,1983
http://dbpedia.org/resource/Bill_Walton,Bill Walton,2036
http://dbpedia.org/resource/George_Montgomery_(basketball),George Montgomery (basketball),1849
http://dbpedia.org/resource/Juan'ya_Green,Juan'ya Green,1910
http://dbpedia.org/resource/Holden_Greiner,Holden Greiner,1976
http://dbpedia.org/resource/Walter_Hodge,Walter Hodge,1876
http://dbpedia.org/resource/DeMarre_Carroll,DeMarre Carroll,1995
http://dbpedia.org/resource/Art_Spoelstra,Art Spoelstra,2166
http://dbpedia.org/resource/Emre_Bayav,Emre Bayav,2077
http://dbpedia.org/resource/Guille_Rubio,Guille Rubio,1816
http://dbpedia.org/resource/Tony_Jaros,Tony Jaros,2019
http://dbpedia.org/resource/Brett_Vroman,Brett Vroman,2012
http://dbpedia.org/resource/Paul_Cloyd,Paul Cloyd,2042
http://dbpedia.org/resource/Giedrius_Gustas,Giedrius Gustas,1872
http://dbpedia.org/resource/Richard_Roby,Richard Roby,1783
http://dbpedia.org/resource/Blake_Ahearn,Blake Ahearn,2298
http://dbpedia.org/resource/Phill_Jones,Phill Jones,2113
http://dbpedia.org/resource/Mithat_Demirel,Mithat Demirel,1951
http://dbpedia.org/resource/Ricardo_Marsh,Ricardo Marsh,2323
http://dbpedia.org/resource/Travis_Knight_(basketball),Travis Knight (basketball),2124
http://dbpedia.org/resource/J._J._Redick,J. J. Redick,1957
http://dbpedia.org/resource/Stephen_Graham_(basketball),Stephen Graham (basketball),2294
http://dbpedia.org/resource/Kyle_Lowry,Kyle Lowry,2037
"http://dbpedia.org/resource/Mike_Mitchell_(basketball,_born_1956)","Mike Mitchell (basketball, born 1956)",1937
http://dbpedia.org/resource/Hüseyin_Alp,Hüseyin Alp,2091
http://dbpedia.org/resource/Hans_Thiele,Hans Thiele,1616
http://dbpedia.org/resource/Zaza_Pachulia,Zaza Pachulia,2059
http://dbpedia.org/resource/Drew_Gordon,Drew Gordon,2099
http://dbpedia.org/resource/Efe_Aydan,Efe Aydan,2342
http://dbpedia.org/resource/Mindaugas_Timinskas,Mindaugas Timinskas,2156
http://dbpedia.org/resource/Gordan_Giriček,Gordan Giriček,1649
http://dbpedia.org/resource/Ike_Azotam,Ike Azotam,1929
http://dbpedia.org/resource/Artsiom_Parakhouski,Artsiom Parakhouski,2243
http://dbpedia.org/resource/Phil_Jackson,Phil Jackson,2325
http://dbpedia.org/resource/Igor_Rakočević,Igor Rakočević,2340
http://dbpedia.org/resource/Olumide_Oyedeji,Olumide Oyedeji,2021
http://dbpedia.org/resource/Kent_Bazemore,Kent Bazemore,1813
http://dbpedia.org/resource/Erkand_Karaj,Erkand Karaj,1928
http://dbpedia.org/resource/Marcelo_Milanesio,Marcelo Milanesio,2055
http://dbpedia.org/resource/Eniel_Polynice,Eniel Polynice,1893
http://dbpedia.org/resource/Aleksandar_Nađfeji,Aleksandar Nađfeji,2144
http://dbpedia.org/resource/Spyros_Magkounis,Spyros Magkounis,2258
http://dbpedia.org/resource/Hollis_Price,Hollis Price,1800
http://dbpedia.org/resource/Mac_Baracael,Mac Baracael,2016
http://dbpedia.org/resource/Ken_Corley,Ken Corley,1999
http://dbpedia.org/resource/Fernando_San_Emeterio,Fernando San Emeterio,1917
http://dbpedia.org/resource/Rick_Rickert,Rick Rickert,1923
http://dbpedia.org/resource/Paulo_Cunha,Paulo Cunha,2553
http://dbpedia.org/resource/Desmon_Farmer,Desmon Farmer,1910
http://dbpedia.org/resource/Dávid_Vojvoda,Dávid Vojvoda,2283
http://dbpedia.org/resource/Damir_Latović,Damir Latović,1935
http://dbpedia.org/resource/Sergei_Bazarevich,Sergei Bazarevich,1779
http://dbpedia.org/resource/Marko_Simonović,Marko Simonović,1962
http://dbpedia.org/resource/Arvin_Slagter,Arvin Slagter,2066
http://dbpedia.org/resource/Corey_Belser,Corey Belser,1834
http://dbpedia.org/resource/Joan_Sastre,Joan Sastre,2341
http://dbpedia.org/resource/Bill_Bridges_(basketball),Bill Bridges (basketball),2040
http://dbpedia.org/resource/Mario_Elie,Mario Elie,1809
http://dbpedia.org/resource/Derrick_Chievous,Derrick Chievous,2163
http://dbpedia.org/resource/Marco_Alexander,Marco Alexander,2107
http://dbpedia.org/resource/Jamal_Shuler,Jamal Shuler,1772
http://dbpedia.org/resource/Zaur_Pashayev_(basketball),Zaur Pashayev (basketball),2252
http://dbpedia.org/resource/James_Forrester_(basketball),James Forrester (basketball),1986
http://dbpedia.org/resource/Dawan_Robinson,Dawan Robinson,1742
http://dbpedia.org/resource/Jonte_Flowers,Jonte Flowers,2036
http://dbpedia.org/resource/Ian_Cathcart,Ian Cathcart,2436
http://dbpedia.org/resource/Justino_Victoriano,Justino Victoriano,2460
http://dbpedia.org/resource/Eddie_Shannon,Eddie Shannon,1881
http://dbpedia.org/resource/Zhu_Fangyu,Zhu Fangyu,2035
http://dbpedia.org/resource/Keith_Cothran,Keith Cothran,2129
http://dbpedia.org/resource/Teana_Miller,Teana Miller,1997
http://dbpedia.org/resource/Jerome_Allen_(basketball),Jerome Allen (basketball),1557
http://dbpedia.org/resource/Raitis_Grafs,Raitis Grafs,2194
http://dbpedia.org/resource/Tanner_Smith_(basketball),Tanner Smith (basketball),2499
http://dbpedia.org/resource/Guillermo_Diaz_(basketball),Guillermo Diaz (basketball),2123
http://dbpedia.org/resource/Paul_Rees_(basketball),Paul Rees (basketball),2547
http://dbpedia.org/resource/Kenny_Gabriel,Kenny Gabriel,1739
http://dbpedia.org/resource/Shaun_Pruitt,Shaun Pruitt,1796
http://dbpedia.org/resource/Kelsey_Griffin,Kelsey Griffin,2185
http://dbpedia.org/resource/Kelvin_Upshaw,Kelvin Upshaw,1729
http://dbpedia.org/resource/Brynjar_Bjornsson,Brynjar Bjornsson,2045
http://dbpedia.org/resource/Serap_Yücesir,Serap Yücesir,1857
http://dbpedia.org/resource/Tristan_Thompson,Tristan Thompson,2298
http://dbpedia.org/resource/Giuseppe_Poeta,Giuseppe Poeta,1623
http://dbpedia.org/resource/Aleksandra_Stanaćev,Aleksandra Stanaćev,1998
"http://dbpedia.org/resource/Roger_Brown_(basketball,_born_1950)","Roger Brown (basketball, born 1950)",1852
http://dbpedia.org/resource/Steve_Ross_(basketball),Steve Ross (basketball),1861
http://dbpedia.org/resource/Yaroslav_Korolev,Yaroslav Korolev,2125
http://dbpedia.org/resource/Darius_Miles,Darius Miles,1852
http://dbpedia.org/resource/Jarrius_Jackson,Jarrius Jackson,2070
http://dbpedia.org/resource/Michael_Kidd-Gilchrist,Michael Kidd-Gilchrist,2134
http://dbpedia.org/resource/Alhaji_Mohammed,Alhaji Mohammed,2080
http://dbpedia.org/resource/Ray_Felix,Ray Felix,1776
http://dbpedia.org/resource/Marty_Clarke_(basketball),Marty Clarke (basketball),1951
http://dbpedia.org/resource/Dominic_Waters,Dominic Waters,2265
http://dbpedia.org/resource/Roshown_McLeod,Roshown McLeod,1815
http://dbpedia.org/resource/Jaume_Comas,Jaume Comas,1861
http://dbpedia.org/resource/Rudy_Distrito,Rudy Distrito,1887
http://dbpedia.org/resource/Troy_Murphy,Troy Murphy,2241
http://dbpedia.org/resource/Pero_Dujmović,Pero Dujmović,1978
http://dbpedia.org/resource/Miguel_Miranda_(basketball),Miguel Miranda (basketball),1763
http://dbpedia.org/resource/Mel_Hutchins,Mel Hutchins,2013
http://dbpedia.org/resource/Jimmy_Alapag,Jimmy Alapag,1770
http://dbpedia.org/resource/José_Vargas_(basketball),José Vargas (basketball),2281
http://dbpedia.org/resource/Clinton_Smith_(basketball),Clinton Smith (basketball),1898
http://dbpedia.org/resource/Keaton_Nankivil,Keaton Nankivil,1778
http://dbpedia.org/resource/Guðni_Ólafur_Guðnason,Guðni Ólafur Guðnason,2151
http://dbpedia.org/resource/Lamar_Butler,Lamar Butler,1906
http://dbpedia.org/resource/Sammy_Mejía,Sammy Mejía,1771
http://dbpedia.org/resource/Kaspars_Bērziņš,Kaspars Bērziņš,2316
http://dbpedia.org/resource/Sherman_Douglas,Sherman Douglas,1987
http://dbpedia.org/resource/Steven_Hill_(basketball),Steven Hill (basketball),2286
http://dbpedia.org/resource/Tuğba_Taşçı,Tuğba Taşçı,1895
http://dbpedia.org/resource/Kent_Benson,Kent Benson,1892
http://dbpedia.org/resource/Richie_Regan,Richie Regan,1695
http://dbpedia.org/resource/Greg_Vanderjagt,Greg Vanderjagt,2456
http://dbpedia.org/resource/Octavius_Ellis,Octavius Ellis,1794
http://dbpedia.org/resource/Bob_Greacen,Bob Greacen,2025
http://dbpedia.org/resource/Mehrad_Atashi,Mehrad Atashi,2224
http://dbpedia.org/resource/Scott_Wood,Scott Wood,1733
http://dbpedia.org/resource/Ebi_Ere,Ebi Ere,1666
http://dbpedia.org/resource/Youssou_Ndoye,Youssou Ndoye,2315
http://dbpedia.org/resource/Lamar_Green,Lamar Green,2269
http://dbpedia.org/resource/Mihovil_Nakić,Mihovil Nakić,1907
http://dbpedia.org/resource/Jerry_Mullen,Jerry Mullen,1752
http://dbpedia.org/resource/Mick_Pennisi,Mick Pennisi,1957
http://dbpedia.org/resource/Victor_Keyru,Victor Keyru,1798
http://dbpedia.org/resource/Mario_Austin,Mario Austin,2164
http://dbpedia.org/resource/Ray_Cameron,Ray Cameron,2099
http://dbpedia.org/resource/Mel_Counts,Mel Counts,1717
http://dbpedia.org/resource/Rony_Fahed,Rony Fahed,2158
http://dbpedia.org/resource/Lamar_Odom,Lamar Odom,1845
http://dbpedia.org/resource/Stefan_Wessels_(basketball),Stefan Wessels (basketball),1986
http://dbpedia.org/resource/Jule_Rivlin,Jule Rivlin,2035
http://dbpedia.org/resource/James_Edwards_(basketball),James Edwards (basketball),2298
http://dbpedia.org/resource/Aries_Dimaunahan,Aries Dimaunahan,2251
http://dbpedia.org/resource/Walter_Herrmann,Walter Herrmann,1823
http://dbpedia.org/resource/Darion_Atkins,Darion Atkins,1961
http://dbpedia.org/resource/Rashad_Jones-Jennings,Rashad Jones-Jennings,1912
http://dbpedia.org/resource/M._J._Rhett,M. J. Rhett,2213
http://dbpedia.org/resource/Herbert_Hill_(basketball),Herbert Hill (basketball),1831
http://dbpedia.org/resource/Darko_Planinić,Darko Planinić,1761
http://dbpedia.org/resource/Al_Stewart_(basketball),Al Stewart (basketball),1935
http://dbpedia.org/resource/Spud_Webb,Spud Webb,2270
http://dbpedia.org/resource/Sydney_Carter_(basketball),Sydney Carter (basketball),1990
http://dbpedia.org/resource/Levon_Kendall,Levon Kendall,2140
http://dbpedia.org/resource/Artūras_Karnišovas,Artūras Karnišovas,1746
http://dbpedia.org/resource/Jack_Molinas,Jack Molinas,1847
http://dbpedia.org/resource/Cory_Jefferson,Cory Jefferson,2373
http://dbpedia.org/resource/Raymond_Almazan,Raymond Almazan,2226
http://dbpedia.org/resource/Kenny_Gattison,Kenny Gattison,2189
http://dbpedia.org/resource/Vassil_Evtimov,Vassil Evtimov,1768
http://dbpedia.org/resource/Jack_Kerris,Jack Kerris,2471
http://dbpedia.org/resource/Lindsey_Harding,Lindsey Harding,2249
http://dbpedia.org/resource/Sergio_Rodríguez,Sergio Rodríguez,1941
http://dbpedia.org/resource/Derrick_Zimmerman,Derrick Zimmerman,2325
http://dbpedia.org/resource/Lindsey_Moore,Lindsey Moore,2270
http://dbpedia.org/resource/Gary_Trent,Gary Trent,2034
http://dbpedia.org/resource/Eric_Atkins,Eric Atkins,2093
http://dbpedia.org/resource/Xavier_Silas,Xavier Silas,1697
http://dbpedia.org/resource/Jean-Michel_Mipoka,Jean-Michel Mipoka,1963
http://dbpedia.org/resource/Alvin_Patrimonio,Alvin Patrimonio,1781
http://dbpedia.org/resource/Jerry_Nagel,Jerry Nagel,1693
http://dbpedia.org/resource/Smiljan_Pavič,Smiljan Pavič,1637
http://dbpedia.org/resource/Ivana_Večeřová,Ivana Večeřová,2100
http://dbpedia.org/resource/Jeffrey_Cariaso,Jeffrey Cariaso,1612
http://dbpedia.org/resource/Leo_Katkaveck,Leo Katkaveck,1923
http://dbpedia.org/resource/Walt_Wesley,Walt Wesley,2259
http://dbpedia.org/resource/Sašo_Ožbolt,Sašo Ožbolt,1779
http://dbpedia.org/resource/John_Roche_(basketball),John Roche (basketball),2213
http://dbpedia.org/resource/Walker_Russell,Walker Russell,1894
http://dbpedia.org/resource/Uvis_Helmanis,Uvis Helmanis,1896
http://dbpedia.org/resource/Halil_Kanacević,Halil Kanacević,2095
http://dbpedia.org/resource/Muhamed_Tači,Muhamed Tači,2034
http://dbpedia.org/resource/Roscoe_Smith,Roscoe Smith,2104
http://dbpedia.org/resource/Travis_Reed,Travis Reed,1998
http://dbpedia.org/resource/Igor_Mijajlović,Igor Mijajlović,1995
http://dbpedia.org/resource/Solomon_Jones_(basketball),Solomon Jones (basketball),2117
http://dbpedia.org/resource/Paul_Lee_(basketball),Paul Lee (basketball),1551
http://dbpedia.org/resource/Žanis_Peiners,Žanis Peiners,2178
http://dbpedia.org/resource/Marion_Jones,Marion Jones,1695
http://dbpedia.org/resource/Jeff_Trepagnier,Jeff Trepagnier,2063
http://dbpedia.org/resource/Elena_Delle_Donne,Elena Delle Donne,2100
http://dbpedia.org/resource/James_Nunnally,James Nunnally,2132
http://dbpedia.org/resource/Eric_Salamat,Eric Salamat,1767
http://dbpedia.org/resource/Andrew_Wisniewski,Andrew Wisniewski,2324
http://dbpedia.org/resource/Christian_Ronaldo_Sitepu,Christian Ronaldo Sitepu,2232
http://dbpedia.org/resource/Paul_Birch_(basketball),Paul Birch (basketball),1687
http://dbpedia.org/resource/Edmond_Azemi,Edmond Azemi,2254
http://dbpedia.org/resource/Joffrey_Lauvergne,Joffrey Lauvergne,1625
http://dbpedia.org/resource/Nico_Elorde,Nico Elorde,1770
http://dbpedia.org/resource/Ronjay_Enrile,Ronjay Enrile,1871
http://dbpedia.org/resource/Branden_Dawson,Branden Dawson,1779
http://dbpedia.org/resource/Richie_Guerin,Richie Guerin,2271
http://dbpedia.org/resource/Vicky_Bullett,Vicky Bullett,2331
http://dbpedia.org/resource/Danilo_Barthel,Danilo Barthel,2397
http://dbpedia.org/resource/John_Ecker_(basketball),John Ecker (basketball),1604
http://dbpedia.org/resource/Steponas_Babrauskas,Steponas Babrauskas,2116
http://dbpedia.org/resource/Albert_King_(basketball),Albert King (basketball),2285
http://dbpedia.org/resource/Spyros_Mourtos,Spyros Mourtos,2517
http://dbpedia.org/resource/Gediminas_Žalalis,Gediminas Žalalis,1718
http://dbpedia.org/resource/Jean-Marc_Mwema,Jean-Marc Mwema,2134
http://dbpedia.org/resource/Edwige_Lawson-Wade,Edwige Lawson-Wade,1616
http://dbpedia.org/resource/Kristijan_Nikolov,Kristijan Nikolov,1602
http://dbpedia.org/resource/Shabazz_Muhammad,Shabazz Muhammad,1787
http://dbpedia.org/resource/Jerry_Bird,Jerry Bird,2161
http://dbpedia.org/resource/Sergio_Kerusch,Sergio Kerusch,1646
http://dbpedia.org/resource/Chris_Tiu,Chris Tiu,2403
http://dbpedia.org/resource/Mikaela_Ruef,Mikaela Ruef,2334
http://dbpedia.org/resource/Paul_Griffin_(basketball),Paul Griffin (basketball),2122
http://dbpedia.org/resource/Travis_Leslie,Travis Leslie,1723
http://dbpedia.org/resource/Jamar_Samuels,Jamar Samuels,1910
http://dbpedia.org/resource/Dinos_Angelidis,Dinos Angelidis,2341
http://dbpedia.org/resource/Kenny_Booker,Kenny Booker,2048
http://dbpedia.org/resource/Jake_Layman,Jake Layman,2037
http://dbpedia.org/resource/Justise_Winslow,Justise Winslow,2046
http://dbpedia.org/resource/Don_Meineke,Don Meineke,1751
http://dbpedia.org/resource/Dion_Prewster,Dion Prewster,2121
http://dbpedia.org/resource/Henrik_Širko,Henrik Širko,2257
http://dbpedia.org/resource/Treveon_Graham,Treveon Graham,1656
"http://dbpedia.org/resource/Dušan_Knežević_(basketball_player,_born_1980)","Dušan Knežević (basketball player, born 1980)",2274
http://dbpedia.org/resource/Reginald_Becton,Reginald Becton,1717
http://dbpedia.org/resource/Uwe_Blab,Uwe Blab,1828
http://dbpedia.org/resource/Darrell_Allums,Darrell Allums,1663
http://dbpedia.org/resource/Kevin_Love,Kevin Love,1930
http://dbpedia.org/resource/Boy_Cabahug,Boy Cabahug,1617
http://dbpedia.org/resource/DeJuan_Wright,DeJuan Wright,1778
http://dbpedia.org/resource/Jeremiah_Trueman,Jeremiah Trueman,2006
http://dbpedia.org/resource/Bob_Weiss,Bob Weiss,2311
http://dbpedia.org/resource/Dominique_Morrison,Dominique Morrison,1797
http://dbpedia.org/resource/Linton_Johnson,Linton Johnson,2078
http://dbpedia.org/resource/Tyler_Griffey,Tyler Griffey,1858
http://dbpedia.org/resource/Steve_Hayes_(basketball),Steve Hayes (basketball),1985
http://dbpedia.org/resource/Adam_Parada,Adam Parada,2188
http://dbpedia.org/resource/Darryl_Dawkins,Darryl Dawkins,1538
http://dbpedia.org/resource/Alexander_Belov,Alexander Belov,1975
http://dbpedia.org/resource/Chris_Carrawell,Chris Carrawell,1775
http://dbpedia.org/resource/Ronnie_McCollum,Ronnie McCollum,1729
http://dbpedia.org/resource/Jacqui_Zelenka,Jacqui Zelenka,2249
http://dbpedia.org/resource/Joanne_McCarthy,Joanne McCarthy,2093
http://dbpedia.org/resource/Ioannis_Athinaiou,Ioannis Athinaiou,2149
http://dbpedia.org/resource/Miloš_Bojović,Miloš Bojović,1808
http://dbpedia.org/resource/Elishay_Kadir,Elishay Kadir,1957
http://dbpedia.org/resource/Mark_Baker_(basketball),Mark Baker (basketball),1956
http://dbpedia.org/resource/Luther_Green,Luther Green,2153
http://dbpedia.org/resource/Simonas_Serapinas,Simonas Serapinas,2193
http://dbpedia.org/resource/Predrag_Drobnjak,Predrag Drobnjak,1826
http://dbpedia.org/resource/Alexey_Zhukanenko,Alexey Zhukanenko,2265
http://dbpedia.org/resource/Cho_Sang-hyun,Cho Sang-hyun,1614
http://dbpedia.org/resource/Ersan_İlyasova,Ersan İlyasova,1873
http://dbpedia.org/resource/George_Bucci,George Bucci,1751
http://dbpedia.org/resource/Domien_Loubry,Domien Loubry,2203
http://dbpedia.org/resource/Slobodan_Petrovski,Slobodan Petrovski,2335
http://dbpedia.org/resource/Andriy_Malysh,Andriy Malysh,2056
http://dbpedia.org/resource/Art_Hillhouse,Art Hillhouse,1734
http://dbpedia.org/resource/Conner_Henry,Conner Henry,1938
http://dbpedia.org/resource/Chris_Herren,Chris Herren,1729
http://dbpedia.org/resource/Kevin_Grevey,Kevin Grevey,2063
http://dbpedia.org/resource/Will_Yeguete,Will Yeguete,1671
http://dbpedia.org/resource/Ivan_Ramljak,Ivan Ramljak,2438
http://dbpedia.org/resource/Ron_Sobieszczyk,Ron Sobieszczyk,1994
http://dbpedia.org/resource/Doug_Thomas,Doug Thomas,1957
http://dbpedia.org/resource/Vladimir_Štimac,Vladimir Štimac,1861
http://dbpedia.org/resource/Cuonzo_Martin,Cuonzo Martin,2268
http://dbpedia.org/resource/Bill_Amis,Bill Amis,2162
http://dbpedia.org/resource/Bryn_Forbes,Bryn Forbes,2077
http://dbpedia.org/resource/Randolph_Keys,Randolph Keys,1669
http://dbpedia.org/resource/Marc_Jackson,Marc Jackson,2261
http://dbpedia.org/resource/Gus_Bailey,Gus Bailey,2208
http://dbpedia.org/resource/Joel_Embiid,Joel Embiid,1703
http://dbpedia.org/resource/Vince_Hizon,Vince Hizon,2002
http://dbpedia.org/resource/Dikembe_Mutombo,Dikembe Mutombo,2287
http://dbpedia.org/resource/Jon_Sundvold,Jon Sundvold,2162
http://dbpedia.org/resource/Ivana_Tikvić,Ivana Tikvić,2050
http://dbpedia.org/resource/Cliff_Levingston,Cliff Levingston,2009
http://dbpedia.org/resource/Mark_Acres,Mark Acres,1676
http://dbpedia.org/resource/Steve_Woodberry,Steve Woodberry,1985
http://dbpedia.org/resource/Natasha_Lacy,Natasha Lacy,2139
http://dbpedia.org/resource/Mike_Penberthy,Mike Penberthy,1994
http://dbpedia.org/resource/Dick_Schulz,Dick Schulz,2436
http://dbpedia.org/resource/Mike_Hall_(basketball),Mike Hall (basketball),2144
http://dbpedia.org/resource/Stephen_Curry,Stephen Curry,2100
http://dbpedia.org/resource/Wayne_Simien,Wayne Simien,2128
"http://dbpedia.org/resource/Willie_Burton_(basketball,_born_1962)","Willie Burton (basketball, born 1962)",2133
http://dbpedia.org/resource/Robert_Archibald,Robert Archibald,1983
http://dbpedia.org/resource/Jeff_Sanders,Jeff Sanders,2046
http://dbpedia.org/resource/Anatoli_Krikun,Anatoli Krikun,2105
http://dbpedia.org/resource/Corey_Stokes,Corey Stokes,2187
http://dbpedia.org/resource/Gary_Wilkinson_(basketball),Gary Wilkinson (basketball),1930
http://dbpedia.org/resource/David_Simon_(basketball),David Simon (basketball),2567
http://dbpedia.org/resource/Matt_Carroll_(basketball),Matt Carroll (basketball),1922
http://dbpedia.org/resource/Martynas_Pocius,Martynas Pocius,1796
http://dbpedia.org/resource/Dimitris_Diamantidis,Dimitris Diamantidis,2254
http://dbpedia.org/resource/Grady_Lewis,Grady Lewis,1948
http://dbpedia.org/resource/Danny_Ainge,Danny Ainge,2287
http://dbpedia.org/resource/Lee_Knorek,Lee Knorek,1957
http://dbpedia.org/resource/Jamal_Mashburn,Jamal Mashburn,2000
http://dbpedia.org/resource/Earl_Boykins,Earl Boykins,1716
http://dbpedia.org/resource/Terry_Driscoll,Terry Driscoll,1851
http://dbpedia.org/resource/Al_Fisher,Al Fisher,2178
http://dbpedia.org/resource/Sokratis_Psaropoulos,Sokratis Psaropoulos,1860
http://dbpedia.org/resource/Earl_Clark,Earl Clark,2237
http://dbpedia.org/resource/Leo_Lyons_(basketball),Leo Lyons (basketball),1910
http://dbpedia.org/resource/Slava_Medvedenko,Slava Medvedenko,2323
http://dbpedia.org/resource/Clyde_Lee,Clyde Lee,1618
http://dbpedia.org/resource/Rashad_Whack,Rashad Whack,2204
http://dbpedia.org/resource/Ralph_Simpson,Ralph Simpson,2069
http://dbpedia.org/resource/Darrius_Garrett,Darrius Garrett,1675
http://dbpedia.org/resource/Brian_Goorjian,Brian Goorjian,1637
http://dbpedia.org/resource/Slaven_Rimac,Slaven Rimac,1953
http://dbpedia.org/resource/Henry_Akin,Henry Akin,1939
http://dbpedia.org/resource/DeMarcus_Nelson,DeMarcus Nelson,2245
http://dbpedia.org/resource/John_Dickson_(basketball),John Dickson (basketball),1820
http://dbpedia.org/resource/Jerome_Williams_(basketball),Jerome Williams (basketball),1839
http://dbpedia.org/resource/Maik_Zirbes,Maik Zirbes,1796
http://dbpedia.org/resource/Darren_Morningstar,Darren Morningstar,2091
http://dbpedia.org/resource/Chay_Shegog,Chay Shegog,1847
http://dbpedia.org/resource/Dragoljub_Vidačić,Dragoljub Vidačić,2140
http://dbpedia.org/resource/Kenny_Frease,Kenny Frease,2207
"http://dbpedia.org/resource/Dee_Brown_(basketball,_born_1984)","Dee Brown (basketball, born 1984)",1789
http://dbpedia.org/resource/Chuck_Jura,Chuck Jura,1670
http://dbpedia.org/resource/Lanard_Copeland,Lanard Copeland,2052
http://dbpedia.org/resource/Bob_Feerick,Bob Feerick,1939
http://dbpedia.org/resource/Tito_Horford,Tito Horford,2379
http://dbpedia.org/resource/Wayne_Cooper_(basketball),Wayne Cooper (basketball),2011
http://dbpedia.org/resource/Evaldas_Dainys,Evaldas Dainys,2480
http://dbpedia.org/resource/Ty_Harris,Ty Harris,1937
http://dbpedia.org/resource/Kelvin_dela_Peña,Kelvin dela Peña,1845
http://dbpedia.org/resource/Biboy_Ravanes,Biboy Ravanes,1750
http://dbpedia.org/resource/Marcelinho_Machado,Marcelinho Machado,2259
http://dbpedia.org/resource/Jason_Cain,Jason Cain,1798
http://dbpedia.org/resource/Ryan_Buenafe,Ryan Buenafe,2104
http://dbpedia.org/resource/Drew_Gooden,Drew Gooden,2060
http://dbpedia.org/resource/Laron_Profit,Laron Profit,1982
http://dbpedia.org/resource/Dick_Ricketts,Dick Ricketts,2101
http://dbpedia.org/resource/Roger_Strickland_(basketball),Roger Strickland (basketball),1984
http://dbpedia.org/resource/Joe_Ingles,Joe Ingles,1664
http://dbpedia.org/resource/Jonathan_Wallace,Jonathan Wallace,2090
http://dbpedia.org/resource/Rahshon_Turner,Rahshon Turner,1892
http://dbpedia.org/resource/Ivica_Zubac,Ivica Zubac,2040
http://dbpedia.org/resource/Mike_Miller_(basketball_player),Mike Miller (basketball player),2171
http://dbpedia.org/resource/Bob_Rule,Bob Rule,1773
http://dbpedia.org/resource/Ismael_Romero,Ismael Romero,1636
http://dbpedia.org/resource/Julius_Jucikas,Julius Jucikas,1989
http://dbpedia.org/resource/Matt_Geiger,Matt Geiger,1753
http://dbpedia.org/resource/Greg_Anthony,Greg Anthony,1593
http://dbpedia.org/resource/Jelena_Škerović,Jelena Škerović,1952
http://dbpedia.org/resource/Aleksandar_Ćapin,Aleksandar Ćapin,2178
http://dbpedia.org/resource/Miladin_Peković,Miladin Peković,2055
http://dbpedia.org/resource/Jeremy_Hazell,Jeremy Hazell,1639
http://dbpedia.org/resource/Alexander_Zakharov_(basketball),Alexander Zakharov (basketball),2070
http://dbpedia.org/resource/Larry_Rodriguez_(basketball),Larry Rodriguez (basketball),2172
http://dbpedia.org/resource/Shawn_Marion,Shawn Marion,1967
http://dbpedia.org/resource/Antonio_Graves,Antonio Graves,1813
http://dbpedia.org/resource/Ilvana_Zvizdić,Ilvana Zvizdić,2311
http://dbpedia.org/resource/Harold_Ellis_(basketball),Harold Ellis (basketball),1950
http://dbpedia.org/resource/Gary_Keller,Gary Keller,1990
http://dbpedia.org/resource/John_Bagley_(basketball),John Bagley (basketball),2045
http://dbpedia.org/resource/Dave_Piontek,Dave Piontek,2033
"http://dbpedia.org/resource/Bobby_Wilson_(basketball,_born_1944)","Bobby Wilson (basketball, born 1944)",1852
http://dbpedia.org/resource/Alfonso_Reyes_(basketball),Alfonso Reyes (basketball),2217
http://dbpedia.org/resource/Uroš_Slokar,Uroš Slokar,1795
http://dbpedia.org/resource/Muratcan_Güler,Muratcan Güler,2126
http://dbpedia.org/resource/Bato_Govedarica,Bato Govedarica,1774
