http://dbpedia.org/ontology/University,University,http://dbpedia.org/ontology/numberOfStudents
http://dbpedia.org/resource/University_of_Białystok,University of Białystok,15055
http://dbpedia.org/resource/Pai_Chai_University,Pai Chai University,14085
http://dbpedia.org/resource/Northwestern_Michigan_College,Northwestern Michigan College,4923
http://dbpedia.org/resource/Sardar_Bahadur_Khan_Women's_University,Sardar Bahadur Khan Women's University,6023
http://dbpedia.org/resource/DHA_Suffa_University,DHA Suffa University,773
http://dbpedia.org/resource/Institut_national_des_sciences_appliquées_de_Toulouse,Institut national des sciences appliquées de Toulouse,2189
http://dbpedia.org/resource/Jawahar_Vidya_Mandir,Jawahar Vidya Mandir,5708
http://dbpedia.org/resource/Universidad_Autónoma_de_Yucatán,Universidad Autónoma de Yucatán,17652
http://dbpedia.org/resource/Emmaus_Bible_College_(Iowa),Emmaus Bible College (Iowa),215
http://dbpedia.org/resource/Institute_for_Law_and_Finance,Institute for Law and Finance,50
http://dbpedia.org/resource/Vasyl_Stefanyk_Ciscarpathian_National_University,Vasyl Stefanyk Ciscarpathian National University,17293
http://dbpedia.org/resource/University_of_Hamburg,University of Hamburg,43273
http://dbpedia.org/resource/Mackinac_College,Mackinac College,343
http://dbpedia.org/resource/SOSU_Aarhus,SOSU Aarhus,5725
http://dbpedia.org/resource/Universidad_Autónoma_de_la_Ciudad_de_México,Universidad Autónoma de la Ciudad de México,15247
"http://dbpedia.org/resource/Indian_Institute_of_Science_Education_and_Research,_Kolkata","Indian Institute of Science Education and Research, Kolkata",1054
http://dbpedia.org/resource/Texas_Tech_University_College_of_Agricultural_Sciences_&_Natural_Resources,Texas Tech University College of Agricultural Sciences & Natural Resources,1893
http://dbpedia.org/resource/Collège_Shawinigan,Collège Shawinigan,1157
http://dbpedia.org/resource/Sacramento_City_College,Sacramento City College,23409
http://dbpedia.org/resource/Barisal_Polytechnic_Institute,Barisal Polytechnic Institute,5992
http://dbpedia.org/resource/Earnshaw_State_College,Earnshaw State College,674
"http://dbpedia.org/resource/St._Mary's_High_School,_Quetta","St. Mary's High School, Quetta",1253
http://dbpedia.org/resource/Namibia_University_of_Science_and_Technology,Namibia University of Science and Technology,11824
http://dbpedia.org/resource/Geneva_University_of_Music,Geneva University of Music,642
http://dbpedia.org/resource/Bielefeld_University,Bielefeld University,23470
http://dbpedia.org/resource/Pachhunga_University_College,Pachhunga University College,2059
http://dbpedia.org/resource/Dr._Babasaheb_Ambedkar_Technological_University,Dr. Babasaheb Ambedkar Technological University,3938
http://dbpedia.org/resource/Sri_Venkateswara_College_of_Engineering,Sri Venkateswara College of Engineering,3562
http://dbpedia.org/resource/Epitech,Epitech,3138
http://dbpedia.org/resource/National_Taichung_University_of_Science_and_Technology,National Taichung University of Science and Technology,16587
http://dbpedia.org/resource/New_York_Film_Academy,New York Film Academy,6770
http://dbpedia.org/resource/Polytech_Group_(France),Polytech Group (France),13891
http://dbpedia.org/resource/University_of_Maine_at_Augusta,University of Maine at Augusta,5977
http://dbpedia.org/resource/Aryabhatta_College,Aryabhatta College,1783
http://dbpedia.org/resource/Kaiserslautern_University_of_Technology,Kaiserslautern University of Technology,14
"http://dbpedia.org/resource/Saint-Louis_University,_Brussels","Saint-Louis University, Brussels",3513
http://dbpedia.org/resource/University_of_New_Mexico,University of New Mexico,25986
http://dbpedia.org/resource/Saint_Thomas_Aquinas_University,Saint Thomas Aquinas University,21152
http://dbpedia.org/resource/International_Hotel_Management_Institute_Switzerland,International Hotel Management Institute Switzerland,304
http://dbpedia.org/resource/University_of_Ibagué,University of Ibagué,5235
http://dbpedia.org/resource/University_of_Jamestown,University of Jamestown,932
http://dbpedia.org/resource/Beijing_Institute_of_Technology,Beijing Institute of Technology,26490
http://dbpedia.org/resource/Johns_Hopkins_School_of_Medicine,Johns Hopkins School of Medicine,482
http://dbpedia.org/resource/Aarhus_School_of_Marine_and_Technical_Engineering,Aarhus School of Marine and Technical Engineering,924
http://dbpedia.org/resource/Saint_John's_Senior_Secondary_School,Saint John's Senior Secondary School,2050
http://dbpedia.org/resource/Community_College_of_Beaver_County,Community College of Beaver County,1770
http://dbpedia.org/resource/London_Contemporary_Dance_School,London Contemporary Dance School,188
http://dbpedia.org/resource/Texas_A&M_College_of_Architecture,Texas A&M College of Architecture,2014
http://dbpedia.org/resource/Cardinal_Stritch_University,Cardinal Stritch University,3942
http://dbpedia.org/resource/University_of_Pau_and_Pays_de_l'Adour,University of Pau and Pays de l'Adour,12312
http://dbpedia.org/resource/NED_University_of_Engineering_and_Technology,NED University of Engineering and Technology,8857
http://dbpedia.org/resource/Philippine_Science_High_School_Eastern_Visayas_Campus,Philippine Science High School Eastern Visayas Campus,348
http://dbpedia.org/resource/Texas_Tech_University_College_of_Visual_&_Performing_Arts,Texas Tech University College of Visual & Performing Arts,1066
http://dbpedia.org/resource/Madhupur_College,Madhupur College,1770
http://dbpedia.org/resource/Nagoya_University_of_Commerce_&_Business,Nagoya University of Commerce & Business,3036
http://dbpedia.org/resource/University_of_Iowa_College_of_Law,University of Iowa College of Law,374
http://dbpedia.org/resource/Pontifical_University_of_Saint_Thomas_Aquinas,Pontifical University of Saint Thomas Aquinas,981
http://dbpedia.org/resource/Centre_for_Macroeconomics,Centre for Macroeconomics,57
http://dbpedia.org/resource/Chaoyang_University_of_Technology,Chaoyang University of Technology,17763
http://dbpedia.org/resource/Vladivostok_State_University_of_Economics_and_Service,Vladivostok State University of Economics and Service,19728
http://dbpedia.org/resource/Ateneo_de_Davao_University,Ateneo de Davao University,4136
http://dbpedia.org/resource/University_of_South_Carolina,University of South Carolina,46790
http://dbpedia.org/resource/MidAmerica_Nazarene_University,MidAmerica Nazarene University,1821
http://dbpedia.org/resource/Nhill_College,Nhill College,345
http://dbpedia.org/resource/National_Pedagogical_Dragomanov_University,National Pedagogical Dragomanov University,36480
http://dbpedia.org/resource/Yusra_Medical_and_Dental_College,Yusra Medical and Dental College,512
http://dbpedia.org/resource/Istanbul_Şehir_University,Istanbul Şehir University,4042
http://dbpedia.org/resource/State_College_of_Florida_Collegiate_School,State College of Florida Collegiate School,483
http://dbpedia.org/resource/VCU_School_of_Medicine,VCU School of Medicine,793
http://dbpedia.org/resource/Coleg_y_Cymoedd,Coleg y Cymoedd,20448
http://dbpedia.org/resource/Wuhan_Institute_of_Technology,Wuhan Institute of Technology,21078
http://dbpedia.org/resource/École_supérieure_des_sciences_et_technologies_de_l'ingénieur_de_Nancy,École supérieure des sciences et technologies de l'ingénieur de Nancy,835
http://dbpedia.org/resource/Metropolitan_Andrey_Sheptytsky_Institute_of_Eastern_Christian_Studies,Metropolitan Andrey Sheptytsky Institute of Eastern Christian Studies,747
http://dbpedia.org/resource/Kettering_University,Kettering University,2004
http://dbpedia.org/resource/Alice_Lloyd_College,Alice Lloyd College,592
http://dbpedia.org/resource/Universitat_d'Andorra,Universitat d'Andorra,1300
http://dbpedia.org/resource/Dhaka_Imperial_College,Dhaka Imperial College,2277
http://dbpedia.org/resource/University_of_Bahrain,University of Bahrain,19917
http://dbpedia.org/resource/Daffodil_Institute_of_Information_Technology,Daffodil Institute of Information Technology,643
http://dbpedia.org/resource/Terbuka_University,Terbuka University,610200
http://dbpedia.org/resource/University_of_San_Francisco,University of San Francisco,10360
http://dbpedia.org/resource/Agropolis_International,Agropolis International,4938
http://dbpedia.org/resource/Louisiana_Tech_University,Louisiana Tech University,12187
http://dbpedia.org/resource/Butler_County_Community_College_(Pennsylvania),Butler County Community College (Pennsylvania),2048
http://dbpedia.org/resource/European_Business_School_Paris,European Business School Paris,1567
http://dbpedia.org/resource/A._Crawford_Mosley_High_School,A. Crawford Mosley High School,1661
http://dbpedia.org/resource/El_Camino_College,El Camino College,22959
http://dbpedia.org/resource/Qazvin_Islamic_Azad_University,Qazvin Islamic Azad University,30945
http://dbpedia.org/resource/MAM_College_of_Engineering,MAM College of Engineering,2813
http://dbpedia.org/resource/Carleton_University,Carleton University,28119
http://dbpedia.org/resource/Arunai_University,Arunai University,3346
http://dbpedia.org/resource/Marian_University_(Wisconsin),Marian University (Wisconsin),2114
http://dbpedia.org/resource/Heriot-Watt_University,Heriot-Watt University,29460
http://dbpedia.org/resource/Jamia_Uloom-ul-Islamia,Jamia Uloom-ul-Islamia,11985
http://dbpedia.org/resource/Central_University_of_Rajasthan,Central University of Rajasthan,1755
http://dbpedia.org/resource/Caramoan_Community_College,Caramoan Community College,982
http://dbpedia.org/resource/University_of_Minnesota_College_of_Biological_Sciences,University of Minnesota College of Biological Sciences,2343
http://dbpedia.org/resource/Aichi_Shukutoku_University,Aichi Shukutoku University,9333
http://dbpedia.org/resource/HAN_University_of_Applied_Sciences,HAN University of Applied Sciences,32200
http://dbpedia.org/resource/Bayamón_Central_University,Bayamón Central University,2087
http://dbpedia.org/resource/Great_Plains_College,Great Plains College,644
http://dbpedia.org/resource/National_University_(Philippines),National University (Philippines),8088
http://dbpedia.org/resource/San_Diego_Community_College_District,San Diego Community College District,132109
"http://dbpedia.org/resource/Jawaharlal_Nehru_University,_Delhi","Jawaharlal Nehru University, Delhi",8597
http://dbpedia.org/resource/Riga_Stradiņš_University,Riga Stradiņš University,6169
"http://dbpedia.org/resource/Institute_of_Management_Development_and_Research,_Pune","Institute of Management Development and Research, Pune",261
http://dbpedia.org/resource/Everett_Community_College,Everett Community College,20222
http://dbpedia.org/resource/Ukrainian_State_University_of_Finance_and_International_Trade,Ukrainian State University of Finance and International Trade,2129
http://dbpedia.org/resource/Cascadia_College,Cascadia College,2244
http://dbpedia.org/resource/Alvin_Community_College,Alvin Community College,5111
http://dbpedia.org/resource/First_Nations_Technical_Institute,First Nations Technical Institute,306
http://dbpedia.org/resource/University_of_Alaska_Fairbanks,University of Alaska Fairbanks,10163
http://dbpedia.org/resource/Deakin_University_School_of_Medicine,Deakin University School of Medicine,522
http://dbpedia.org/resource/Arizona_State_University_West_campus,Arizona State University West campus,10716
http://dbpedia.org/resource/Hebei_University_of_Science_and_Technology,Hebei University of Science and Technology,19068
http://dbpedia.org/resource/Toyota_Technological_Institute,Toyota Technological Institute,439
http://dbpedia.org/resource/Univerzitet_u_Prištini,Univerzitet u Prištini,10
http://dbpedia.org/resource/Centre_d'Etudes_Diplomatiques_et_Stratégiques,Centre d'Etudes Diplomatiques et Stratégiques,80
http://dbpedia.org/resource/Green_Park_Educational_Institutions,Green Park Educational Institutions,9673
http://dbpedia.org/resource/Ovidius_University,Ovidius University,16559
http://dbpedia.org/resource/Bay_of_Plenty_Polytechnic,Bay of Plenty Polytechnic,3228
http://dbpedia.org/resource/Pontifical_Catholic_University_of_São_Paulo,Pontifical Catholic University of São Paulo,20919
http://dbpedia.org/resource/Capital_University_of_Medical_Sciences,Capital University of Medical Sciences,24832
http://dbpedia.org/resource/Saint-Petersburg_State_University_of_Culture_and_Arts,Saint-Petersburg State University of Culture and Arts,10107
http://dbpedia.org/resource/Kyungpook_National_University_School_of_Medicine,Kyungpook National University School of Medicine,95
http://dbpedia.org/resource/University_College_of_the_North,University College of the North,1760
http://dbpedia.org/resource/University_of_Maine,University of Maine,11297
http://dbpedia.org/resource/University_of_North_Alabama,University of North Alabama,6777
http://dbpedia.org/resource/Nuova_Accademia_di_Belle_Arti,Nuova Accademia di Belle Arti,2908
http://dbpedia.org/resource/São_Paulo_State_University,São Paulo State University,49196
http://dbpedia.org/resource/John_D._Odegard_School_of_Aerospace_Sciences,John D. Odegard School of Aerospace Sciences,1493
"http://dbpedia.org/resource/Queens_College,_City_University_of_New_York","Queens College, City University of New York",17680
http://dbpedia.org/resource/Les_Roches_Marbella_International_School_of_Hotel_Management,Les Roches Marbella International School of Hotel Management,776
http://dbpedia.org/resource/Jönköping_School_of_Engineering,Jönköping School of Engineering,2650
http://dbpedia.org/resource/Hochschule_für_bildende_Künste_Hamburg,Hochschule für bildende Künste Hamburg,658
http://dbpedia.org/resource/Carthage_University,Carthage University,48834
http://dbpedia.org/resource/Kisii_University,Kisii University,10353
http://dbpedia.org/resource/Nanjing_Ninghai_Middle_School,Nanjing Ninghai Middle School,1971
http://dbpedia.org/resource/Bastyr_University,Bastyr University,1039
http://dbpedia.org/resource/King_Faisal_University,King Faisal University,90485
http://dbpedia.org/resource/Lees–McRae_College,Lees–McRae College,1022
http://dbpedia.org/resource/ICMA_Centre,ICMA Centre,0
http://dbpedia.org/resource/Howard_Community_College,Howard Community College,27648
http://dbpedia.org/resource/Pamukkale_University,Pamukkale University,45
http://dbpedia.org/resource/University_of_Oran,University of Oran,26622
http://dbpedia.org/resource/Daemen_College,Daemen College,3054
http://dbpedia.org/resource/Trevecca_Nazarene_University,Trevecca Nazarene University,3099
http://dbpedia.org/resource/Idaho_State_University,Idaho State University,12975
http://dbpedia.org/resource/St._Stephen's_University,St. Stephen's University,96
http://dbpedia.org/resource/Guilford_College,Guilford College,2146
http://dbpedia.org/resource/The_Chef's_Academy,The Chef's Academy,425
http://dbpedia.org/resource/University_of_Eastern_Finland,University of Eastern Finland,14980
http://dbpedia.org/resource/Islamic_Azad_University_of_Sabzevar,Islamic Azad University of Sabzevar,6228
http://dbpedia.org/resource/Southern_Regional_College,Southern Regional College,31101
http://dbpedia.org/resource/University_of_Tulsa_College_of_Law,University of Tulsa College of Law,288
http://dbpedia.org/resource/Rio_de_Janeiro_State_University,Rio de Janeiro State University,23294
http://dbpedia.org/resource/University_of_Arts_in_Belgrade,University of Arts in Belgrade,248
http://dbpedia.org/resource/Academy_of_Economic_Studies_of_Moldova,Academy of Economic Studies of Moldova,16662
http://dbpedia.org/resource/Southern_Baptist_Theological_Seminary,Southern Baptist Theological Seminary,5089
http://dbpedia.org/resource/École_supérieure_de_commerce_de_La_Rochelle,École supérieure de commerce de La Rochelle,3410
http://dbpedia.org/resource/Brojomohun_College,Brojomohun College,22601
http://dbpedia.org/resource/Aston_Business_School,Aston Business School,3029
http://dbpedia.org/resource/Lapland_University_of_Applied_Sciences,Lapland University of Applied Sciences,5749
http://dbpedia.org/resource/Hendrix_College,Hendrix College,1344
http://dbpedia.org/resource/St._Pölten_University_of_Applied_Sciences,St. Pölten University of Applied Sciences,2264
http://dbpedia.org/resource/University_of_Tsukuba,University of Tsukuba,15880
http://dbpedia.org/resource/Feinberg_School_of_Medicine,Feinberg School of Medicine,3372
http://dbpedia.org/resource/PATTS_College_of_Aeronautics,PATTS College of Aeronautics,2102
http://dbpedia.org/resource/University_of_Kentucky_College_of_Arts_and_Sciences,University of Kentucky College of Arts and Sciences,5033
http://dbpedia.org/resource/University_of_Lima,University of Lima,16431
http://dbpedia.org/resource/Universidad_Adventista_del_Plata,Universidad Adventista del Plata,2436
http://dbpedia.org/resource/Prime_University,Prime University,7628
http://dbpedia.org/resource/Open_Universities_Australia,Open Universities Australia,57436
http://dbpedia.org/resource/University_of_Minnesota,University of Minnesota,47174
http://dbpedia.org/resource/Prince_William_Sound_College,Prince William Sound College,1047
http://dbpedia.org/resource/Rider_University,Rider University,5220
http://dbpedia.org/resource/Çukurova_University,Çukurova University,40652
http://dbpedia.org/resource/Converse_College,Converse College,1368
http://dbpedia.org/resource/Institute_of_Animal_Biotechnology,Institute of Animal Biotechnology,52140
http://dbpedia.org/resource/Boston_University_School_of_Public_Health,Boston University School of Public Health,1081
http://dbpedia.org/resource/Imi-Nova_International_Management_Institute,Imi-Nova International Management Institute,2099
http://dbpedia.org/resource/Tishreen_University,Tishreen University,71672
http://dbpedia.org/resource/Solvay_Brussels_School_of_Economics_and_Management,Solvay Brussels School of Economics and Management,3661
http://dbpedia.org/resource/Azerbaijan_State_University_of_Culture_and_Arts,Azerbaijan State University of Culture and Arts,7470
"http://dbpedia.org/resource/College_of_Engineering_and_Management,_Kolaghat","College of Engineering and Management, Kolaghat",1491
http://dbpedia.org/resource/Oulu_University_of_Applied_Sciences,Oulu University of Applied Sciences,8877
http://dbpedia.org/resource/Pace_University,Pace University,12434
http://dbpedia.org/resource/Allegany_College_of_Maryland,Allegany College of Maryland,3821
http://dbpedia.org/resource/Duke_University_School_of_Medicine,Duke University School of Medicine,456
http://dbpedia.org/resource/Saint_Michael's_College,Saint Michael's College,2362
http://dbpedia.org/resource/Cape_Cod_Community_College,Cape Cod Community College,6419
http://dbpedia.org/resource/Gomal_Medical_College,Gomal Medical College,261
http://dbpedia.org/resource/University_of_Bologna,University of Bologna,84645
http://dbpedia.org/resource/Frankfurt_School_of_Finance_&_Management,Frankfurt School of Finance & Management,1422
http://dbpedia.org/resource/Conestoga_College,Conestoga College,11432
http://dbpedia.org/resource/Fulda_University_of_Applied_Sciences,Fulda University of Applied Sciences,7278
http://dbpedia.org/resource/Umeå_School_of_Business,Umeå School of Business,2065
http://dbpedia.org/resource/SIU_College_of_Business,SIU College of Business,1900
http://dbpedia.org/resource/Moberly_Area_Community_College,Moberly Area Community College,5724
http://dbpedia.org/resource/VCU_School_of_Allied_Health_Professions,VCU School of Allied Health Professions,1120
http://dbpedia.org/resource/Escuela_Nacional_Preparatoria,Escuela Nacional Preparatoria,52
http://dbpedia.org/resource/ORT_Braude_College_of_Engineering,ORT Braude College of Engineering,5332
http://dbpedia.org/resource/Washington_County_Community_College,Washington County Community College,505
http://dbpedia.org/resource/SIES_College_of_Commerce_and_Economics,SIES College of Commerce and Economics,3420
http://dbpedia.org/resource/Milwaukee_Area_Technical_College,Milwaukee Area Technical College,13210
http://dbpedia.org/resource/College_of_Medicine_&_Sagore_Dutta_Hospital,College of Medicine & Sagore Dutta Hospital,10
http://dbpedia.org/resource/School_of_Professional_&_Extended_Studies,School of Professional & Extended Studies,1029
http://dbpedia.org/resource/United_Tribes_Technical_College,United Tribes Technical College,863
http://dbpedia.org/resource/Bahria_University,Bahria University,9760
http://dbpedia.org/resource/UNSW_School_of_Computer_Science_and_Engineering,UNSW School of Computer Science and Engineering,1020
http://dbpedia.org/resource/European_University_at_Saint_Petersburg,European University at Saint Petersburg,175
http://dbpedia.org/resource/Kristianstad_University,Kristianstad University,11411
http://dbpedia.org/resource/ICAT_Design_&_Media_College,ICAT Design & Media College,605
http://dbpedia.org/resource/Sir_John_Kothalawala_College,Sir John Kothalawala College,6244
http://dbpedia.org/resource/Noorul_Islam_University,Noorul Islam University,42966
http://dbpedia.org/resource/Saddleback_College,Saddleback College,26775
http://dbpedia.org/resource/Harvard_Business_School,Harvard Business School,144
http://dbpedia.org/resource/Canadore_College,Canadore College,3558
http://dbpedia.org/resource/Shimonoseki_City_University,Shimonoseki City University,2138
http://dbpedia.org/resource/Simón_Bolívar_University,Simón Bolívar University,15
http://dbpedia.org/resource/ESC_Rennes_School_of_Business,ESC Rennes School of Business,3878
http://dbpedia.org/resource/State_University_of_Padang,State University of Padang,29110
http://dbpedia.org/resource/Cumberland_School_District,Cumberland School District,395
http://dbpedia.org/resource/Asia_University_(Taiwan),Asia University (Taiwan),12492
http://dbpedia.org/resource/Eszterházy_Károly_University,Eszterházy Károly University,8402
http://dbpedia.org/resource/SVCE_Indore,SVCE Indore,1980
http://dbpedia.org/resource/Illinois_Valley_Community_College,Illinois Valley Community College,6481
http://dbpedia.org/resource/Framingham_State_University,Framingham State University,6119
http://dbpedia.org/resource/Hiwassee_College,Hiwassee College,381
http://dbpedia.org/resource/Middle_Georgia_Technical_College,Middle Georgia Technical College,7325
http://dbpedia.org/resource/Kyiv_National_University_of_Construction_and_Architecture,Kyiv National University of Construction and Architecture,10704
http://dbpedia.org/resource/Hajera_Taju_University_College,Hajera Taju University College,4328
http://dbpedia.org/resource/Samrat_Ashok_Technological_Institute,Samrat Ashok Technological Institute,2460
http://dbpedia.org/resource/Paradise_Valley_Community_College,Paradise Valley Community College,9303
http://dbpedia.org/resource/Hofstra_University,Hofstra University,10529
http://dbpedia.org/resource/Runshaw_College,Runshaw College,8100
http://dbpedia.org/resource/Lugansk_State_Medical_University,Lugansk State Medical University,6933
http://dbpedia.org/resource/Zaporizhzhya_National_University,Zaporizhzhya National University,13868
"http://dbpedia.org/resource/The_Pentecostal_Assembly_School,_Bokaro","The Pentecostal Assembly School, Bokaro",1635
http://dbpedia.org/resource/Delft_University_of_Technology,Delft University of Technology,19354
http://dbpedia.org/resource/John_Molson_School_of_Business,John Molson School of Business,9313
http://dbpedia.org/resource/Taipei_Medical_University,Taipei Medical University,6004
http://dbpedia.org/resource/University_of_Trier,University of Trier,14997
"http://dbpedia.org/resource/Faculty_of_Social_Sciences,_Charles_University_in_Prague","Faculty of Social Sciences, Charles University in Prague",4141
http://dbpedia.org/resource/Ayub_Medical_College,Ayub Medical College,1446
http://dbpedia.org/resource/University_of_Kansas_School_of_Business,University of Kansas School of Business,1562
http://dbpedia.org/resource/Florida_Memorial_University,Florida Memorial University,1747
http://dbpedia.org/resource/Mindanao_State_University-Buug_Campus,Mindanao State University-Buug Campus,1549
http://dbpedia.org/resource/Pabna_Medical_College,Pabna Medical College,240
http://dbpedia.org/resource/Obninsk_Institute_for_Nuclear_Power_Engineering,Obninsk Institute for Nuclear Power Engineering,3149
http://dbpedia.org/resource/German_School_of_Milan,German School of Milan,767
http://dbpedia.org/resource/Beijing_Institute_of_Petrochemical_Technology,Beijing Institute of Petrochemical Technology,7932
http://dbpedia.org/resource/Pritzker_School_of_Medicine,Pritzker School of Medicine,410
http://dbpedia.org/resource/University_of_Michigan–Dearborn,University of Michigan–Dearborn,9555
http://dbpedia.org/resource/Excelsia_College,Excelsia College,554
http://dbpedia.org/resource/Yale_School_of_Art,Yale School of Art,128
http://dbpedia.org/resource/Jorhat_Engineering_College,Jorhat Engineering College,1552
"http://dbpedia.org/resource/Institute_of_Science_and_Technology,_West_Bengal","Institute of Science and Technology, West Bengal",1439
http://dbpedia.org/resource/Saint_Joseph_Seminary_College,Saint Joseph Seminary College,149
http://dbpedia.org/resource/School_of_Pedagogical_and_Technological_Education,School of Pedagogical and Technological Education,1926
http://dbpedia.org/resource/Ara_Institute_of_Canterbury,Ara Institute of Canterbury,6101
http://dbpedia.org/resource/Zealand_Institute_of_Business_and_Technology,Zealand Institute of Business and Technology,3195
http://dbpedia.org/resource/M.S.S.Wakf_Board_College,M.S.S.Wakf Board College,1339
http://dbpedia.org/resource/Wa_Senior_High_Technical_School,Wa Senior High Technical School,2247
http://dbpedia.org/resource/José_María_Aguirre_T9,José María Aguirre T9,302
http://dbpedia.org/resource/Bush_School_of_Government_and_Public_Service,Bush School of Government and Public Service,597
http://dbpedia.org/resource/Maryland_Institute_College_of_Art,Maryland Institute College of Art,1816
http://dbpedia.org/resource/Henry_Baker_College,Henry Baker College,374
http://dbpedia.org/resource/Plekhanov_Russian_University_of_Economics,Plekhanov Russian University of Economics,14431
http://dbpedia.org/resource/Bowling_Green_State_University_College_of_Education_and_Human_Development,Bowling Green State University College of Education and Human Development,8938
http://dbpedia.org/resource/Dar_Al_Uloom_University,Dar Al Uloom University,2603
http://dbpedia.org/resource/Campus_of_the_University_of_Montana,Campus of the University of Montana,15724
http://dbpedia.org/resource/Macquarie_University_Faculty_of_Arts,Macquarie University Faculty of Arts,6327
http://dbpedia.org/resource/University_of_Applied_Sciences_Wedel,University of Applied Sciences Wedel,999
http://dbpedia.org/resource/New_Brunswick_Bible_Institute,New Brunswick Bible Institute,106
http://dbpedia.org/resource/Federal_University_of_Rio_de_Janeiro,Federal University of Rio de Janeiro,64376
http://dbpedia.org/resource/Birmingham_School_of_Acting,Birmingham School of Acting,130
"http://dbpedia.org/resource/Faculty_of_Pharmaceutical_Sciences,_Chulalongkorn_University","Faculty of Pharmaceutical Sciences, Chulalongkorn University",1119
http://dbpedia.org/resource/Changwon_National_University,Changwon National University,14425
http://dbpedia.org/resource/Lake_Superior_College,Lake Superior College,5812
http://dbpedia.org/resource/Missouri_Southern_State_University,Missouri Southern State University,5598
http://dbpedia.org/resource/Ripon_College_(Wisconsin),Ripon College (Wisconsin),842
"http://dbpedia.org/resource/Chenab_College,_Ahmedpur_Sial","Chenab College, Ahmedpur Sial",518
http://dbpedia.org/resource/Union_College_(Nebraska),Union College (Nebraska),878
http://dbpedia.org/resource/CvSU-College_of_Arts_and_Sciences,CvSU-College of Arts and Sciences,736
http://dbpedia.org/resource/Capitol_University,Capitol University,11656
http://dbpedia.org/resource/Hindustan_College_of_Science_and_Technology,Hindustan College of Science and Technology,4982
http://dbpedia.org/resource/University_of_Zanjan,University of Zanjan,10062
http://dbpedia.org/resource/Marconi_University,Marconi University,15668
http://dbpedia.org/resource/Quinsigamond_Community_College,Quinsigamond Community College,8115
http://dbpedia.org/resource/Fundação_Educacional_do_Município_de_Assis,Fundação Educacional do Município de Assis,2326
http://dbpedia.org/resource/Coleg_Cambria,Coleg Cambria,28065
http://dbpedia.org/resource/O._P._Jindal_Global_University,O. P. Jindal Global University,1479
http://dbpedia.org/resource/Medical_University_of_Łódź,Medical University of Łódź,8377
http://dbpedia.org/resource/Central_University_of_Chile,Central University of Chile,11718
http://dbpedia.org/resource/John_Brown_University,John Brown University,2231
http://dbpedia.org/resource/Omsk_State_University,Omsk State University,13560
http://dbpedia.org/resource/National_University_of_Trujillo,National University of Trujillo,18324
http://dbpedia.org/resource/Sigmund_Freud_University_Vienna,Sigmund Freud University Vienna,889
http://dbpedia.org/resource/DIT_School_of_Electrical_&_Electronic_Engineering,DIT School of Electrical & Electronic Engineering,1148
http://dbpedia.org/resource/Lake_Land_College,Lake Land College,7333
http://dbpedia.org/resource/Faculty_of_Political_Sciences_at_Sakarya_University,Faculty of Political Sciences at Sakarya University,7265
http://dbpedia.org/resource/Chatham_University,Chatham University,2320
http://dbpedia.org/resource/Enugu_State_University_of_Science_and_Technology,Enugu State University of Science and Technology,47903
"http://dbpedia.org/resource/University_College_of_Science,_Technology_&_Agriculture","University College of Science, Technology & Agriculture",21740
http://dbpedia.org/resource/École_supérieure_de_commerce_et_management,École supérieure de commerce et management,2661
http://dbpedia.org/resource/Zhejiang_Chinese_Medical_University,Zhejiang Chinese Medical University,5465
http://dbpedia.org/resource/École_Duperré,École Duperré,483
http://dbpedia.org/resource/Tuvalu_Maritime_Training_Institute,Tuvalu Maritime Training Institute,118
http://dbpedia.org/resource/Daytona_State_College,Daytona State College,10054
"http://dbpedia.org/resource/École_nationale_supérieure_d’électronique,_informatique,_télécommunications,_mathématique_et_mécanique_de_Bordeaux","École nationale supérieure d’électronique, informatique, télécommunications, mathématique et mécanique de Bordeaux",1152
http://dbpedia.org/resource/Virginia_Tech_College_of_Science,Virginia Tech College of Science,4454
http://dbpedia.org/resource/Collège_de_Maisonneuve,Collège de Maisonneuve,5507
"http://dbpedia.org/resource/Bengal_Institute_of_Technology,_Kolkata","Bengal Institute of Technology, Kolkata",1029
http://dbpedia.org/resource/USC_Division_of_Biokinesiology_and_Physical_Therapy,USC Division of Biokinesiology and Physical Therapy,8
http://dbpedia.org/resource/Cleveland_State_University,Cleveland State University,16998
"http://dbpedia.org/resource/St._Joseph's_College_of_Engineering_and_Technology,_Palai","St. Joseph's College of Engineering and Technology, Palai",2208
http://dbpedia.org/resource/University_of_the_Fraser_Valley,University of the Fraser Valley,14831
http://dbpedia.org/resource/Chu_Hai_College_of_Higher_Education,Chu Hai College of Higher Education,1738
http://dbpedia.org/resource/University_of_Modena_and_Reggio_Emilia,University of Modena and Reggio Emilia,20640
http://dbpedia.org/resource/Winston-Salem_State_University,Winston-Salem State University,6662
http://dbpedia.org/resource/Tra_Vinh_University,Tra Vinh University,20048
http://dbpedia.org/resource/Coleg_Meirion-Dwyfor,Coleg Meirion-Dwyfor,22664
http://dbpedia.org/resource/Kalinga_Polytechnic,Kalinga Polytechnic,1286
http://dbpedia.org/resource/University_of_Fribourg,University of Fribourg,10171
http://dbpedia.org/resource/Vilnius_University,Vilnius University,20529
http://dbpedia.org/resource/Ädelfors_folkhögskola,Ädelfors folkhögskola,302
http://dbpedia.org/resource/Southern_Institute_of_Technology,Southern Institute of Technology,4591
http://dbpedia.org/resource/Concordia_University_(Nebraska),Concordia University (Nebraska),2221
http://dbpedia.org/resource/St._Louis_Community_College–Meramec,St. Louis Community College–Meramec,12432
http://dbpedia.org/resource/Imam_Muhammad_ibn_Saud_Islamic_University,Imam Muhammad ibn Saud Islamic University,98050
http://dbpedia.org/resource/University_of_Glasgow_Medical_School,University of Glasgow Medical School,1266
http://dbpedia.org/resource/FIU_College_of_Nursing_and_Health_Sciences,FIU College of Nursing and Health Sciences,5217
http://dbpedia.org/resource/Husson_University,Husson University,2886
"http://dbpedia.org/resource/Mar_Gregorios_College_of_Arts_and_Science,_Chennai","Mar Gregorios College of Arts and Science, Chennai",1027
http://dbpedia.org/resource/Caritas_Bianchi_College_of_Careers,Caritas Bianchi College of Careers,385
http://dbpedia.org/resource/Cetana_PSB_International_College-English_Business_Tourism_Hospitality,Cetana PSB International College-English Business Tourism Hospitality,312
http://dbpedia.org/resource/Riphah_International_University_Faisalabad,Riphah International University Faisalabad,520
http://dbpedia.org/resource/Columbia_Basin_College,Columbia Basin College,6903
http://dbpedia.org/resource/Zhejiang_Normal_University,Zhejiang Normal University,19764
http://dbpedia.org/resource/Hameed_Al_Husseinie_College,Hameed Al Husseinie College,2804
http://dbpedia.org/resource/Centre_for_High_Energy_Physics,Centre for High Energy Physics,390
http://dbpedia.org/resource/University_of_Novi_Sad,University of Novi Sad,49378
http://dbpedia.org/resource/History_of_Fenn_College,History of Fenn College,1650
http://dbpedia.org/resource/Thammasat_University,Thammasat University,33097
http://dbpedia.org/resource/Bruce_Hall_(Australian_National_University),Bruce Hall (Australian National University),331
http://dbpedia.org/resource/University_of_Santo_Tomas_College_of_Science,University of Santo Tomas College of Science,2577
http://dbpedia.org/resource/Coggin_College_of_Business,Coggin College of Business,508
http://dbpedia.org/resource/Ukrainian_Humanities_Lyceum,Ukrainian Humanities Lyceum,341
http://dbpedia.org/resource/National_University_of_the_Littoral,National University of the Littoral,34802
http://dbpedia.org/resource/China_Agricultural_University,China Agricultural University,12474
http://dbpedia.org/resource/Ecole_Polytechnique_de_l'Université_d'Orléans,Ecole Polytechnique de l'Université d'Orléans,983
http://dbpedia.org/resource/EBS_University_of_Business_and_Law,EBS University of Business and Law,1537
http://dbpedia.org/resource/Mid_Cheshire_College,Mid Cheshire College,9450
http://dbpedia.org/resource/Erasmus_University_College,Erasmus University College,172
http://dbpedia.org/resource/J.N.N_Matriculation_&_Higher_Secondary_School,J.N.N Matriculation & Higher Secondary School,807
http://dbpedia.org/resource/Pierpont_Community_and_Technical_College,Pierpont Community and Technical College,3
http://dbpedia.org/resource/United_African_University_of_Tanzania,United African University of Tanzania,49
http://dbpedia.org/resource/Rangia_Higher_Secondary_School,Rangia Higher Secondary School,1349
http://dbpedia.org/resource/Muscle_Shoals_High_School,Muscle Shoals High School,718
http://dbpedia.org/resource/University_of_Oulu,University of Oulu,16442
http://dbpedia.org/resource/American_River_College,American River College,40766
http://dbpedia.org/resource/Kohinoor_College_of_Hotel_and_Tourism_Management,Kohinoor College of Hotel and Tourism Management,710
http://dbpedia.org/resource/Catholic_University_of_Lyon,Catholic University of Lyon,10178
"http://dbpedia.org/resource/School_of_Law,_University_of_Mumbai","School of Law, University of Mumbai",173
http://dbpedia.org/resource/Escola_Brasileira_de_Administração_Pública_e_de_Empresas,Escola Brasileira de Administração Pública e de Empresas,774
http://dbpedia.org/resource/College_of_Electrical_and_Mechanical_Engineering,College of Electrical and Mechanical Engineering,1650
http://dbpedia.org/resource/Abasaheb_Garware_College,Abasaheb Garware College,5181
http://dbpedia.org/resource/Cerro_Coso_Community_College,Cerro Coso Community College,4828
http://dbpedia.org/resource/École_nationale_de_l'aviation_civile,École nationale de l'aviation civile,1986
http://dbpedia.org/resource/St._Joseph_School_(Addis_Ababa),St. Joseph School (Addis Ababa),1562
http://dbpedia.org/resource/College_of_Westchester,College of Westchester,968
"http://dbpedia.org/resource/National_Institute_of_Technology,_Tiruchirappalli","National Institute of Technology, Tiruchirappalli",5946
http://dbpedia.org/resource/Kyushu_University,Kyushu University,18123
http://dbpedia.org/resource/LeMoyne–Owen_College,LeMoyne–Owen College,625
http://dbpedia.org/resource/Cincinnati_State_Technical_and_Community_College,Cincinnati State Technical and Community College,12479
http://dbpedia.org/resource/University_of_the_Llanos,University of the Llanos,5500
http://dbpedia.org/resource/Naval_Justice_School,Naval Justice School,152
http://dbpedia.org/resource/Hochschule_Konstanz,Hochschule Konstanz,3
http://dbpedia.org/resource/Maulana_Azad_National_Institute_of_Technology,Maulana Azad National Institute of Technology,4165
http://dbpedia.org/resource/Mission_College_(California),Mission College (California),9806
http://dbpedia.org/resource/Joseph_Ayo_Babalola_University,Joseph Ayo Babalola University,4018
http://dbpedia.org/resource/Eta_College,Eta College,801
http://dbpedia.org/resource/Pune_Institute_of_Computer_Technology,Pune Institute of Computer Technology,2641
http://dbpedia.org/resource/Brockenhurst_College,Brockenhurst College,1931
http://dbpedia.org/resource/University_of_Miskolc,University of Miskolc,14638
http://dbpedia.org/resource/Rutgers_School_of_Business_–_Camden,Rutgers School of Business – Camden,1343
http://dbpedia.org/resource/Kodiak_College,Kodiak College,959
http://dbpedia.org/resource/University_of_Texas_at_Austin_College_of_Education,University of Texas at Austin College of Education,3327
http://dbpedia.org/resource/Roma_Tre_University,Roma Tre University,34485
http://dbpedia.org/resource/Max_M._Fisher_College_of_Business,Max M. Fisher College of Business,5419
http://dbpedia.org/resource/Ss._Cyril_and_Methodius_University_of_Skopje,Ss. Cyril and Methodius University of Skopje,49112
"http://dbpedia.org/resource/Jamiah_Farooqia,_Karachi","Jamiah Farooqia, Karachi",2217
http://dbpedia.org/resource/Barstow_Community_College,Barstow Community College,3580
http://dbpedia.org/resource/Ekiti_State_University,Ekiti State University,26178
http://dbpedia.org/resource/Keio_University,Keio University,34211
http://dbpedia.org/resource/North_Central_University,North Central University,1135
http://dbpedia.org/resource/University_of_California,University of California,246973
http://dbpedia.org/resource/University_of_London,University of London,162670
http://dbpedia.org/resource/Spelman_College,Spelman College,2153
http://dbpedia.org/resource/United_States_Military_Academy,United States Military Academy,4228
http://dbpedia.org/resource/New_York_Chiropractic_College,New York Chiropractic College,859
http://dbpedia.org/resource/Harrison_College_(Indiana),Harrison College (Indiana),2966
http://dbpedia.org/resource/AGH_University_of_Science_and_Technology,AGH University of Science and Technology,20355
http://dbpedia.org/resource/Texas_Tech_University_Graduate_School,Texas Tech University Graduate School,5104
http://dbpedia.org/resource/Guru_Gobind_Singh_Sports_College,Guru Gobind Singh Sports College,346
http://dbpedia.org/resource/Padjadjaran_University,Padjadjaran University,43
http://dbpedia.org/resource/Jiangsu_University,Jiangsu University,35329
http://dbpedia.org/resource/R.I.C._Dildar_Nagar,R.I.C. Dildar Nagar,10184
http://dbpedia.org/resource/Myanmar_Aerospace_Engineering_University,Myanmar Aerospace Engineering University,284
http://dbpedia.org/resource/Trinity_University_(Texas),Trinity University (Texas),2426
http://dbpedia.org/resource/Doncaster_Collegiate_Sixth_Form,Doncaster Collegiate Sixth Form,622
http://dbpedia.org/resource/University_of_Mosul,University of Mosul,29081
http://dbpedia.org/resource/Tallinn_University_of_Technology,Tallinn University of Technology,409
http://dbpedia.org/resource/HMFA_Memorial_Institute_of_Engineering_and_Technology,HMFA Memorial Institute of Engineering and Technology,1482
http://dbpedia.org/resource/Great_Bay_Community_College,Great Bay Community College,2208
"http://dbpedia.org/resource/Palacký_University,_Olomouc","Palacký University, Olomouc",6
"http://dbpedia.org/resource/Birla_Institute_of_Technology_and_Science,_Pilani_–_Hyderabad_Campus","Birla Institute of Technology and Science, Pilani – Hyderabad Campus",3321
http://dbpedia.org/resource/Oslo_School_of_Architecture_and_Design,Oslo School of Architecture and Design,623
http://dbpedia.org/resource/Daytona_State_College,Daytona State College,7829
http://dbpedia.org/resource/Westsächsische_Hochschule_Zwickau_-_University_of_Applied_Sciences_Zwickau,Westsächsische Hochschule Zwickau - University of Applied Sciences Zwickau,5
http://dbpedia.org/resource/University_of_Alcalá,University of Alcalá,22144
http://dbpedia.org/resource/St._Thomas_University_(Florida),St. Thomas University (Florida),4163
http://dbpedia.org/resource/Bangladesh_Agricultural_University,Bangladesh Agricultural University,5361
"http://dbpedia.org/resource/Faculty_of_Architecture,_University_of_Zagreb","Faculty of Architecture, University of Zagreb",969
http://dbpedia.org/resource/University_of_Reims_Champagne-Ardenne,University of Reims Champagne-Ardenne,21535
http://dbpedia.org/resource/A.T._Still_University_School_of_Osteopathic_Medicine_in_Arizona,A.T. Still University School of Osteopathic Medicine in Arizona,410
http://dbpedia.org/resource/Metropolitan_University_of_Educational_Sciences,Metropolitan University of Educational Sciences,6564
http://dbpedia.org/resource/Punjab_Institute_of_Computer_Science,Punjab Institute of Computer Science,18517
http://dbpedia.org/resource/Abilene_Christian_University,Abilene Christian University,4614
http://dbpedia.org/resource/HITEC_University,HITEC University,2617
http://dbpedia.org/resource/Black_Mountain_College,Black Mountain College,1221
http://dbpedia.org/resource/Arizona_State_University,Arizona State University,11479
http://dbpedia.org/resource/University_of_Messina,University of Messina,21829
http://dbpedia.org/resource/Penn_State_Brandywine,Penn State Brandywine,1728
http://dbpedia.org/resource/International_Institute_for_Management_Development,International Institute for Management Development,8053
"http://dbpedia.org/resource/California_State_University,_Fresno","California State University, Fresno",24346
http://dbpedia.org/resource/Bishop's_University,Bishop's University,2856
http://dbpedia.org/resource/Petra_University,Petra University,7637
http://dbpedia.org/resource/Karolinska_Institutet,Karolinska Institutet,6063
http://dbpedia.org/resource/Divine_Word_University,Divine Word University,3062
http://dbpedia.org/resource/Canisius_College,Canisius College,4640
"http://dbpedia.org/resource/Stella_Maris_College,_Chennai","Stella Maris College, Chennai",3057
http://dbpedia.org/resource/University_of_Al-Qadisiyah,University of Al-Qadisiyah,22080
http://dbpedia.org/resource/Technion_–_Israel_Institute_of_Technology,Technion – Israel Institute of Technology,13118
http://dbpedia.org/resource/Banking_Institute_/_College_of_Banking,Banking Institute / College of Banking,5625
http://dbpedia.org/resource/J._Reuben_Clark_Law_School,J. Reuben Clark Law School,453
"http://dbpedia.org/resource/Institute_of_Technology,_Tallaght","Institute of Technology, Tallaght",3717
http://dbpedia.org/resource/Institute_of_Technology_and_Marine_Engineering,Institute of Technology and Marine Engineering,1341
"http://dbpedia.org/resource/National_University_of_Arts_and_Culture,_Yangon","National University of Arts and Culture, Yangon",425
http://dbpedia.org/resource/S_C_G_M_Inter_College_Madhupur_Sonebhadra,S C G M Inter College Madhupur Sonebhadra,15537
http://dbpedia.org/resource/Comilla_Victoria_Government_College,Comilla Victoria Government College,30786
http://dbpedia.org/resource/American_InterContinental_University,American InterContinental University,15396
http://dbpedia.org/resource/Trinity_Washington_University,Trinity Washington University,2031
http://dbpedia.org/resource/Jaipur_National_University,Jaipur National University,10002
http://dbpedia.org/resource/Hackney_College,Hackney College,9307
http://dbpedia.org/resource/İnönü_University,İnönü University,41197
http://dbpedia.org/resource/New_York_Institute_of_Technology_College_of_Osteopathic_Medicine,New York Institute of Technology College of Osteopathic Medicine,1200
http://dbpedia.org/resource/UCLA_Henry_Samueli_School_of_Engineering_and_Applied_Science,UCLA Henry Samueli School of Engineering and Applied Science,5539
http://dbpedia.org/resource/National_Film_School_of_Denmark,National Film School of Denmark,95
http://dbpedia.org/resource/Ludwig_Maximilian_University_of_Munich,Ludwig Maximilian University of Munich,15
http://dbpedia.org/resource/Chinese_Culture_University,Chinese Culture University,28660
http://dbpedia.org/resource/Kurigram_Government_College,Kurigram Government College,10129
http://dbpedia.org/resource/Point_Park_University,Point Park University,3750
http://dbpedia.org/resource/Technische_Hochschule_Mittelhessen—University_of_Applied_Sciences,Technische Hochschule Mittelhessen—University of Applied Sciences,15862
http://dbpedia.org/resource/Southwest_College_of_Naturopathic_Medicine,Southwest College of Naturopathic Medicine,380
http://dbpedia.org/resource/Tianjin_Crafts_and_Arts_Vocational_College,Tianjin Crafts and Arts Vocational College,1500
http://dbpedia.org/resource/Liberal_Arts_and_Sciences_at_Tilburg_University,Liberal Arts and Sciences at Tilburg University,94
http://dbpedia.org/resource/Bunsei_University_of_Art,Bunsei University of Art,380
http://dbpedia.org/resource/Southern_Alberta_Institute_of_Technology,Southern Alberta Institute of Technology,1324
http://dbpedia.org/resource/University_of_Zurich,University of Zurich,24670
http://dbpedia.org/resource/Yale_School_of_Medicine,Yale School of Medicine,746
http://dbpedia.org/resource/China_Jiliang_University,China Jiliang University,12673
http://dbpedia.org/resource/Ashfield_College,Ashfield College,260
http://dbpedia.org/resource/Jackson_Institute_for_Global_Affairs,Jackson Institute for Global Affairs,204
http://dbpedia.org/resource/Rzeszów_University_of_Technology,Rzeszów University of Technology,13
http://dbpedia.org/resource/Al-Jamiatul_Islamiah_Azizul_Uloom_Babunagar,Al-Jamiatul Islamiah Azizul Uloom Babunagar,2880
http://dbpedia.org/resource/Université_des_Montagnes,Université des Montagnes,336
http://dbpedia.org/resource/Savonia_University_of_Applied_Sciences,Savonia University of Applied Sciences,4709
http://dbpedia.org/resource/Lovely_Professional_University,Lovely Professional University,24924
http://dbpedia.org/resource/East_Tennessee_State_University_James_H._Quillen_College_of_Medicine,East Tennessee State University James H. Quillen College of Medicine,267
http://dbpedia.org/resource/National_University_of_Comahue,National University of Comahue,25394
http://dbpedia.org/resource/Florida_Atlantic_University,Florida Atlantic University,30876
http://dbpedia.org/resource/University_of_Edinburgh_School_of_Informatics,University of Edinburgh School of Informatics,1180
http://dbpedia.org/resource/Presbyterian_College,Presbyterian College,1144
http://dbpedia.org/resource/St_Charles_Borromeo_Seminary,St Charles Borromeo Seminary,39
http://dbpedia.org/resource/St._Katherine_College,St. Katherine College,96
http://dbpedia.org/resource/Krishna_Engineering_College,Krishna Engineering College,2698
http://dbpedia.org/resource/Erwin_Technical_Center,Erwin Technical Center,821
http://dbpedia.org/resource/Northern_Kentucky_University,Northern Kentucky University,15999
"http://dbpedia.org/resource/La_Salle_University,_Colombia","La Salle University, Colombia",15
http://dbpedia.org/resource/MIT_School_of_Architecture_and_Planning,MIT School of Architecture and Planning,399
http://dbpedia.org/resource/Case_School_of_Engineering,Case School of Engineering,1870
http://dbpedia.org/resource/DeVry_University,DeVry University,43808
http://dbpedia.org/resource/Grenoble_Institute_of_Political_Studies,Grenoble Institute of Political Studies,1845
http://dbpedia.org/resource/West_Lothian_College,West Lothian College,8078
"http://dbpedia.org/resource/King_Edward_VI_College,_Nuneaton","King Edward VI College, Nuneaton",1134
http://dbpedia.org/resource/Bergen_University_College,Bergen University College,7859
http://dbpedia.org/resource/Belarusian_State_University_Faculty_of_Biology,Belarusian State University Faculty of Biology,2108
http://dbpedia.org/resource/Antioch_University_New_England,Antioch University New England,1159
http://dbpedia.org/resource/Oslo_National_Academy_of_the_Arts,Oslo National Academy of the Arts,497
http://dbpedia.org/resource/Methodist_University_College_Ghana,Methodist University College Ghana,1870
http://dbpedia.org/resource/Chengalpattu_Medical_College,Chengalpattu Medical College,475
http://dbpedia.org/resource/Bellevue_University,Bellevue University,10734
"http://dbpedia.org/resource/University_of_Technology,_Mauritius","University of Technology, Mauritius",4665
http://dbpedia.org/resource/Kilgore_College,Kilgore College,3633
http://dbpedia.org/resource/Aquinas_College_(Michigan),Aquinas College (Michigan),2029
http://dbpedia.org/resource/Yili_Normal_University,Yili Normal University,12146
http://dbpedia.org/resource/Telecom_SudParis,Telecom SudParis,700
http://dbpedia.org/resource/St._Elizabeth_College_of_Nursing,St. Elizabeth College of Nursing,214
http://dbpedia.org/resource/Coulsdon_Sixth_Form_College,Coulsdon Sixth Form College,779
http://dbpedia.org/resource/Ruston_Academy,Ruston Academy,725
http://dbpedia.org/resource/Kyiv_National_Economic_University,Kyiv National Economic University,20236
http://dbpedia.org/resource/Northampton_Community_College,Northampton Community College,3328
http://dbpedia.org/resource/Sophia_University,Sophia University,12568
"http://dbpedia.org/resource/Faculty_of_Social_Sciences,_Chiang_Mai_University","Faculty of Social Sciences, Chiang Mai University",1133
http://dbpedia.org/resource/University_of_Novi_Sad_Faculty_of_Technical_Sciences,University of Novi Sad Faculty of Technical Sciences,13301
"http://dbpedia.org/resource/MES_College_Marampally,_Aluva","MES College Marampally, Aluva",1885
http://dbpedia.org/resource/University_of_Applied_Sciences_Kufstein,University of Applied Sciences Kufstein,1189
"http://dbpedia.org/resource/Presidency_College,_Bangalore","Presidency College, Bangalore",4071
http://dbpedia.org/resource/West_Valley_College,West Valley College,14495
http://dbpedia.org/resource/Professional_Business_School_of_Higher_Education_LIBERTAS,Professional Business School of Higher Education LIBERTAS,602
http://dbpedia.org/resource/Wrocław_University_of_Science_and_Technology,Wrocław University of Science and Technology,34376
http://dbpedia.org/resource/Edinboro_University_of_Pennsylvania,Edinboro University of Pennsylvania,6491
http://dbpedia.org/resource/Northrise_University,Northrise University,416
http://dbpedia.org/resource/Connecticut_State_University_System,Connecticut State University System,36072
http://dbpedia.org/resource/University_of_Wisconsin–Stevens_Point,University of Wisconsin–Stevens Point,9808
http://dbpedia.org/resource/Nagoya_University_of_Foreign_Studies,Nagoya University of Foreign Studies,3826
http://dbpedia.org/resource/Prometeu-Prim_Lyceum,Prometeu-Prim Lyceum,1141
http://dbpedia.org/resource/Allegany_College_of_Maryland,Allegany College of Maryland,15143
http://dbpedia.org/resource/Central_Oregon_Community_College,Central Oregon Community College,17535
http://dbpedia.org/resource/Polytechnic_University_of_the_Philippines_Santo_Tomas,Polytechnic University of the Philippines Santo Tomas,3145
http://dbpedia.org/resource/Mustafa_Kemal_University,Mustafa Kemal University,23815
"http://dbpedia.org/resource/Newman_University,_Wichita","Newman University, Wichita",3846
http://dbpedia.org/resource/University_of_Nebraska_at_Kearney,University of Nebraska at Kearney,6718
http://dbpedia.org/resource/Open_University_of_Catalonia,Open University of Catalonia,52297
http://dbpedia.org/resource/Al-Zaytoonah_University_of_Jordan,Al-Zaytoonah University of Jordan,7742
http://dbpedia.org/resource/Amity_University_Kolkata,Amity University Kolkata,3491
http://dbpedia.org/resource/University_of_Michigan,University of Michigan,44842
http://dbpedia.org/resource/Nipawin_Bible_College,Nipawin Bible College,51
http://dbpedia.org/resource/Central_Sussex_College,Central Sussex College,2913
http://dbpedia.org/resource/Montana_State_University–Northern,Montana State University–Northern,1141
http://dbpedia.org/resource/Federal_University_of_Santa_Maria,Federal University of Santa Maria,27355
http://dbpedia.org/resource/Waldorf_University,Waldorf University,694
http://dbpedia.org/resource/National_University_of_Laos,National University of Laos,27829
http://dbpedia.org/resource/University_of_Lubumbashi,University of Lubumbashi,31542
http://dbpedia.org/resource/University_of_the_Philippines_College_of_Science,University of the Philippines College of Science,1589
http://dbpedia.org/resource/Texas_Woman's_University,Texas Woman's University,12986
http://dbpedia.org/resource/Texas_Health_and_Science_University,Texas Health and Science University,77
http://dbpedia.org/resource/Eureka_College,Eureka College,786
http://dbpedia.org/resource/Hussey_College_Warri,Hussey College Warri,3118
http://dbpedia.org/resource/Adolfo_Ibáñez_University,Adolfo Ibáñez University,7
http://dbpedia.org/resource/MiraCosta_College,MiraCosta College,17539
http://dbpedia.org/resource/National_University_of_Tres_de_Febrero,National University of Tres de Febrero,9095
http://dbpedia.org/resource/Polk_State_College,Polk State College,20493
http://dbpedia.org/resource/Indiana_University_Kokomo,Indiana University Kokomo,4321
http://dbpedia.org/resource/University_of_Pennsylvania,University of Pennsylvania,23649
http://dbpedia.org/resource/The_Master's_Seminary,The Master's Seminary,398
http://dbpedia.org/resource/York_County_Community_College,York County Community College,1411
http://dbpedia.org/resource/Irkutsk_State_Linguistic_University,Irkutsk State Linguistic University,4211
http://dbpedia.org/resource/Connors_State_College,Connors State College,2366
http://dbpedia.org/resource/United_Medical_and_Dental_College,United Medical and Dental College,100
http://dbpedia.org/resource/Williamsburg_High_School_for_Architecture_and_Design,Williamsburg High School for Architecture and Design,477
http://dbpedia.org/resource/University_of_Applied_Sciences_Biberach,University of Applied Sciences Biberach,1886
http://dbpedia.org/resource/Holy_Child_Academy,Holy Child Academy,1241
"http://dbpedia.org/resource/Faculty_of_Agriculture,_University_of_Peradeniya","Faculty of Agriculture, University of Peradeniya",1268
http://dbpedia.org/resource/Yamagata_University,Yamagata University,9225
http://dbpedia.org/resource/LASALLE_College_of_the_Arts,LASALLE College of the Arts,2706
http://dbpedia.org/resource/McFatter_Technical_College_and_Technical_High_School,McFatter Technical College and Technical High School,629
http://dbpedia.org/resource/Chinese_University_of_Hong_Kong,Chinese University of Hong Kong,29357
http://dbpedia.org/resource/Niels_Brock_Copenhagen_Business_College,Niels Brock Copenhagen Business College,14
http://dbpedia.org/resource/University_of_St._Thomas_(Minnesota),University of St. Thomas (Minnesota),9950
http://dbpedia.org/resource/Ștefan_cel_Mare_University_of_Suceava,Ștefan cel Mare University of Suceava,10317
http://dbpedia.org/resource/University_of_North_Dakota_School_of_Medicine_and_Health_Sciences,University of North Dakota School of Medicine and Health Sciences,256
http://dbpedia.org/resource/Fuzhou_University,Fuzhou University,28918
http://dbpedia.org/resource/Tulane_University,Tulane University,13938
http://dbpedia.org/resource/Stony_Brook_Southampton,Stony Brook Southampton,308
http://dbpedia.org/resource/Nebraska_Indian_Community_College,Nebraska Indian Community College,95
http://dbpedia.org/resource/Kelley_School_of_Business,Kelley School of Business,1872
http://dbpedia.org/resource/Rajiv_Gandhi_University,Rajiv Gandhi University,990
http://dbpedia.org/resource/Nigerian_Defence_Academy,Nigerian Defence Academy,4319
http://dbpedia.org/resource/Turkmen_State_University,Turkmen State University,4873
http://dbpedia.org/resource/Midpeninsula_Free_University,Midpeninsula Free University,992
http://dbpedia.org/resource/Boston_University_School_of_Education,Boston University School of Education,1069
http://dbpedia.org/resource/Division_of_Health_Sciences_(UQROO),Division of Health Sciences (UQROO),1106
http://dbpedia.org/resource/Daniel_Alcides_Carrión_National_University,Daniel Alcides Carrión National University,7470
http://dbpedia.org/resource/'Aiea_High_School,'Aiea High School,1309
"http://dbpedia.org/resource/Panjab_University_Swami_Sarvanand_Giri_Regional_Centre,_Hoshiarpur","Panjab University Swami Sarvanand Giri Regional Centre, Hoshiarpur",2111
http://dbpedia.org/resource/Maastricht_University,Maastricht University,15137
http://dbpedia.org/resource/Allen_East_Local_School_District,Allen East Local School District,955
http://dbpedia.org/resource/Telecom_&_Management_SudParis,Telecom & Management SudParis,1551
http://dbpedia.org/resource/Hlukhiv_National_Pedagogical_University_of_Oleksandr_Dovzhenko,Hlukhiv National Pedagogical University of Oleksandr Dovzhenko,5184
http://dbpedia.org/resource/Aarhus_Academy,Aarhus Academy,851
http://dbpedia.org/resource/Royal_Roads_University,Royal Roads University,2609
http://dbpedia.org/resource/State_University_of_Zanzibar,State University of Zanzibar,2090
http://dbpedia.org/resource/Jingdezhen_Ceramic_Institute,Jingdezhen Ceramic Institute,15
http://dbpedia.org/resource/University_of_Dubuque,University of Dubuque,1585
http://dbpedia.org/resource/University_of_South_Carolina_Lancaster,University of South Carolina Lancaster,1872
http://dbpedia.org/resource/Chancellor_University,Chancellor University,792
http://dbpedia.org/resource/VCU_School_of_Business,VCU School of Business,3913
http://dbpedia.org/resource/Herberger_Institute_for_Design_and_the_Arts,Herberger Institute for Design and the Arts,4753
http://dbpedia.org/resource/Tokyo_Metropolitan_University,Tokyo Metropolitan University,8580
http://dbpedia.org/resource/University_of_Delhi,University of Delhi,138484
http://dbpedia.org/resource/Zanjan_University_of_Medical_Sciences,Zanjan University of Medical Sciences,3058
http://dbpedia.org/resource/Champlain_College_Lennoxville,Champlain College Lennoxville,1113
http://dbpedia.org/resource/Sierra_College,Sierra College,19799
http://dbpedia.org/resource/Najand_Institute_of_Higher_Education,Najand Institute of Higher Education,6270
http://dbpedia.org/resource/Škoda_Auto_University,Škoda Auto University,957
http://dbpedia.org/resource/Amguri_College,Amguri College,1474
http://dbpedia.org/resource/Samtse_College_of_Education,Samtse College of Education,341
http://dbpedia.org/resource/University_of_Kent_–_School_of_Sport_&_Exercise_Sciences,University of Kent – School of Sport & Exercise Sciences,477
http://dbpedia.org/resource/Zurich_University_of_Applied_Sciences/ZHAW,Zurich University of Applied Sciences/ZHAW,10680
http://dbpedia.org/resource/Guanghua_School_of_Management,Guanghua School of Management,802
http://dbpedia.org/resource/University_of_Alaska_Anchorage,University of Alaska Anchorage,2850
http://dbpedia.org/resource/Washington_State_University,Washington State University,3326
http://dbpedia.org/resource/Shoreline_Community_College,Shoreline Community College,13647
http://dbpedia.org/resource/Northwestern_University_(Philippines),Northwestern University (Philippines),60293
http://dbpedia.org/resource/Central_Queensland_University,Central Queensland University,34640
http://dbpedia.org/resource/Kielce_University_of_Technology,Kielce University of Technology,10191
http://dbpedia.org/resource/Olympic_College,Olympic College,13247
"http://dbpedia.org/resource/La_Salle_High_School_(Pasadena,_California)","La Salle High School (Pasadena, California)",708
http://dbpedia.org/resource/Pretoria_Boys_High_School,Pretoria Boys High School,1446
http://dbpedia.org/resource/Delta_State_University,Delta State University,3259
http://dbpedia.org/resource/Northwest_University_(China),Northwest University (China),17682
http://dbpedia.org/resource/Presbyterian_University_of_East_Africa,Presbyterian University of East Africa,1622
http://dbpedia.org/resource/Weston_College,Weston College,29954
http://dbpedia.org/resource/Holy_Spirit_University_of_Kaslik,Holy Spirit University of Kaslik,7719
http://dbpedia.org/resource/University_of_Szczecin,University of Szczecin,33939
http://dbpedia.org/resource/Gordon_Institute_of_TAFE,Gordon Institute of TAFE,23450
http://dbpedia.org/resource/Ishan_Institute_of_Law,Ishan Institute of Law,117
http://dbpedia.org/resource/Itawamba_Community_College,Itawamba Community College,5838
http://dbpedia.org/resource/International_School_of_Bergen,International School of Bergen,217
http://dbpedia.org/resource/Daido_University,Daido University,3409
"http://dbpedia.org/resource/Indira_Gandhi_Balika_College,_Rajesultanpur","Indira Gandhi Balika College, Rajesultanpur",3328
http://dbpedia.org/resource/Oil_&_Gas_University_of_Ploiești,Oil & Gas University of Ploiești,8761
http://dbpedia.org/resource/Liaoning_University_of_Technology,Liaoning University of Technology,14739
http://dbpedia.org/resource/Silver_Lake_College,Silver Lake College,519
http://dbpedia.org/resource/Dalarna_University_College,Dalarna University College,16481
http://dbpedia.org/resource/Guanghua_School_of_Management,Guanghua School of Management,3589
http://dbpedia.org/resource/National_University_of_Santiago_del_Estero,National University of Santiago del Estero,11557
http://dbpedia.org/resource/Anbil_Dharmalingam_Agricultural_College_and_Research_Institute,Anbil Dharmalingam Agricultural College and Research Institute,752
"http://dbpedia.org/resource/St._Angela's_College,_Sligo","St. Angela's College, Sligo",1459
http://dbpedia.org/resource/Warren_National_University,Warren National University,29612
http://dbpedia.org/resource/Averett_University,Averett University,2783
http://dbpedia.org/resource/Concordia_University_(Michigan),Concordia University (Michigan),698
"http://dbpedia.org/resource/Latin_American_Bible_Institute,_California","Latin American Bible Institute, California",91
http://dbpedia.org/resource/College_of_Traditional_Chinese_Medicine_of_Xinjiang_Medical_University,College of Traditional Chinese Medicine of Xinjiang Medical University,811
http://dbpedia.org/resource/Paxon_School_for_Advanced_Studies,Paxon School for Advanced Studies,1496
"http://dbpedia.org/resource/International_Business_College_(El_Paso,_Texas)","International Business College (El Paso, Texas)",309
http://dbpedia.org/resource/Johnson_C._Smith_University,Johnson C. Smith University,1352
http://dbpedia.org/resource/University_of_Central_Florida,University of Central Florida,60186
http://dbpedia.org/resource/Siberian_State_Industrial_University,Siberian State Industrial University,14743
http://dbpedia.org/resource/Collegio_Borromeo,Collegio Borromeo,141
http://dbpedia.org/resource/Indian_Institute_of_Management_Shillong,Indian Institute of Management Shillong,336
http://dbpedia.org/resource/Ystrad_Mynach_College,Ystrad Mynach College,12766
http://dbpedia.org/resource/INSEEC_Business_School,INSEEC Business School,3409
http://dbpedia.org/resource/Government_Saadat_College,Government Saadat College,14625
http://dbpedia.org/resource/Southwest_Minnesota_State_University,Southwest Minnesota State University,8397
http://dbpedia.org/resource/University_of_Giessen,University of Giessen,27157
http://dbpedia.org/resource/University_of_Tennessee_system,University of Tennessee system,50975
http://dbpedia.org/resource/Al-Baath_University,Al-Baath University,119487
http://dbpedia.org/resource/KIMEP_University,KIMEP University,2695
http://dbpedia.org/resource/Lüneburg_University,Lüneburg University,7683
http://dbpedia.org/resource/University_of_Nebraska_Omaha,University of Nebraska Omaha,14898
http://dbpedia.org/resource/Oslo_University_College,Oslo University College,12512
http://dbpedia.org/resource/Calvary_Baptist_Theological_Seminary,Calvary Baptist Theological Seminary,104
http://dbpedia.org/resource/Prince_Matriculation_Higher_Secondary_School,Prince Matriculation Higher Secondary School,3126
http://dbpedia.org/resource/University_of_Missouri_College_of_Education,University of Missouri College of Education,2801
http://dbpedia.org/resource/Arturo_Prat_University,Arturo Prat University,17311
http://dbpedia.org/resource/Dartmouth_College,Dartmouth College,6414
http://dbpedia.org/resource/Tallinn_University,Tallinn University,10038
http://dbpedia.org/resource/Kapiolani_Community_College,Kapiolani Community College,30415
http://dbpedia.org/resource/Abdul_Wali_Khan_University_Mardan,Abdul Wali Khan University Mardan,11955
http://dbpedia.org/resource/National_Institute_of_Technology_Agartala,National Institute of Technology Agartala,3341
"http://dbpedia.org/resource/Ramakrishna_Mission_Siksha_Mandir,_Sarisha","Ramakrishna Mission Siksha Mandir, Sarisha",1137
http://dbpedia.org/resource/Jalalabad_Cantonment_Public_School_and_College,Jalalabad Cantonment Public School and College,49990
http://dbpedia.org/resource/University_of_Concepción,University of Concepción,23739
http://dbpedia.org/resource/Minsk_Institute_of_Management,Minsk Institute of Management,12469
http://dbpedia.org/resource/Centro_de_Investigación_y_Docencia_Económicas,Centro de Investigación y Docencia Económicas,416
http://dbpedia.org/resource/Havering_College_of_Further_and_Higher_Education,Havering College of Further and Higher Education,1986
http://dbpedia.org/resource/Islamic_Azad_University_Central_Tehran_Branch,Islamic Azad University Central Tehran Branch,59228
"http://dbpedia.org/resource/Bright_School,_Baroda","Bright School, Baroda",14354
http://dbpedia.org/resource/Southern_New_Hampshire_University,Southern New Hampshire University,58593
http://dbpedia.org/resource/Gulf_Medical_University,Gulf Medical University,711
http://dbpedia.org/resource/Wayne_State_College,Wayne State College,3410
http://dbpedia.org/resource/Bangabasi_College,Bangabasi College,2494
http://dbpedia.org/resource/Nuclear_Power_School,Nuclear Power School,2602
http://dbpedia.org/resource/Alfaisal_University,Alfaisal University,1562
http://dbpedia.org/resource/Penn_State_Hazleton,Penn State Hazleton,962
http://dbpedia.org/resource/University_of_Montpellier_1,University of Montpellier 1,20444
http://dbpedia.org/resource/Reigate_College,Reigate College,1957
http://dbpedia.org/resource/Pwani_University,Pwani University,8216
http://dbpedia.org/resource/British_Columbia_Institute_of_Technology,British Columbia Institute of Technology,18774
http://dbpedia.org/resource/Korea_Polytechnic_VII_Busan,Korea Polytechnic VII Busan,881
http://dbpedia.org/resource/UAM_Xochimilco,UAM Xochimilco,21466
http://dbpedia.org/resource/New_York_Medical_College,New York Medical College,1663
http://dbpedia.org/resource/Emory_and_Henry_College,Emory and Henry College,974
http://dbpedia.org/resource/New_Shah_Faiz_Public_School,New Shah Faiz Public School,3378
http://dbpedia.org/resource/Umeå_University,Umeå University,29999
http://dbpedia.org/resource/Ambedkar_Polytechnic,Ambedkar Polytechnic,1037
http://dbpedia.org/resource/Acıbadem_University,Acıbadem University,830
http://dbpedia.org/resource/University_of_Portland,University of Portland,3992
http://dbpedia.org/resource/Australian_Maritime_College,Australian Maritime College,884
http://dbpedia.org/resource/Ural_State_Academy_of_Architecture_and_Arts,Ural State Academy of Architecture and Arts,2201
http://dbpedia.org/resource/Rosemount_Technology_Centre,Rosemount Technology Centre,818
http://dbpedia.org/resource/Boston_University_Academy,Boston University Academy,160
http://dbpedia.org/resource/International_University_of_East_Africa,International University of East Africa,1776
http://dbpedia.org/resource/Oklahoma_Panhandle_State_University,Oklahoma Panhandle State University,1723
http://dbpedia.org/resource/Bharati_College,Bharati College,2070
http://dbpedia.org/resource/City_of_Westminster_College,City of Westminster College,7232
http://dbpedia.org/resource/Southwestern_Michigan_College,Southwestern Michigan College,3528
http://dbpedia.org/resource/Mitchell_College,Mitchell College,780
http://dbpedia.org/resource/Columbia_College_(Virginia),Columbia College (Virginia),648
http://dbpedia.org/resource/Zhejiang_A_&_F_University,Zhejiang A & F University,17729
http://dbpedia.org/resource/Mar_Baselios_College_of_Engineering_and_Technology,Mar Baselios College of Engineering and Technology,2602
http://dbpedia.org/resource/University_of_Lyon,University of Lyon,118050
"http://dbpedia.org/resource/Centre_for_Clinical_Legal_Education_(Palacký_University,_Faculty_of_Law)","Centre for Clinical Legal Education (Palacký University, Faculty of Law)",144
http://dbpedia.org/resource/University_of_Montenegro,University of Montenegro,20981
http://dbpedia.org/resource/Perelman_School_of_Medicine_at_the_University_of_Pennsylvania,Perelman School of Medicine at the University of Pennsylvania,713
http://dbpedia.org/resource/Asian_Institute_of_Tourism,Asian Institute of Tourism,10
http://dbpedia.org/resource/Transcona_Collegiate_Institute,Transcona Collegiate Institute,629
http://dbpedia.org/resource/Shaheed_Ziaur_Rahman_Medical_College,Shaheed Ziaur Rahman Medical College,880
http://dbpedia.org/resource/Makerere_University_Business_School,Makerere University Business School,5087
http://dbpedia.org/resource/Presidents_of_the_University_of_Montana,Presidents of the University of Montana,15078
"http://dbpedia.org/resource/Queen's_College,_Hong_Kong","Queen's College, Hong Kong",1041
http://dbpedia.org/resource/Woodrow_Wilson_School_of_Public_and_International_Affairs,Woodrow Wilson School of Public and International Affairs,309
http://dbpedia.org/resource/Hannover_Medical_School,Hannover Medical School,2566
http://dbpedia.org/resource/Santa_Monica_College,Santa Monica College,33180
http://dbpedia.org/resource/University_of_Texas_at_San_Antonio_College_of_Liberal_and_Fine_Arts,University of Texas at San Antonio College of Liberal and Fine Arts,6043
http://dbpedia.org/resource/Toulouse_Business_School,Toulouse Business School,5184
http://dbpedia.org/resource/Linfield_College,Linfield College,2425
http://dbpedia.org/resource/Tromsø_University_College,Tromsø University College,2850
http://dbpedia.org/resource/Beaconhouse_National_University,Beaconhouse National University,1493
http://dbpedia.org/resource/University_of_Guadalajara,University of Guadalajara,260468
http://dbpedia.org/resource/Johnson_College,Johnson College,474
"http://dbpedia.org/resource/Army_Institute_of_Business_Administration,_Savar","Army Institute of Business Administration, Savar",108
http://dbpedia.org/resource/Midway_University,Midway University,130
http://dbpedia.org/resource/Ryukoku_University,Ryukoku University,19999
http://dbpedia.org/resource/Russian_State_Social_University,Russian State Social University,24012
http://dbpedia.org/resource/Cairn_University,Cairn University,1009
http://dbpedia.org/resource/Cerritos_College,Cerritos College,24848
http://dbpedia.org/resource/Denver_Seminary,Denver Seminary,994
http://dbpedia.org/resource/Ehime_University,Ehime University,9627
http://dbpedia.org/resource/Swiss_Hotel_Management_School,Swiss Hotel Management School,2006
http://dbpedia.org/resource/Stanford_Graduate_School_of_Education,Stanford Graduate School of Education,370
http://dbpedia.org/resource/Taylor_College_and_Seminary,Taylor College and Seminary,126
http://dbpedia.org/resource/DUFE—Surrey_International_Institute,DUFE—Surrey International Institute,1440
http://dbpedia.org/resource/Siberian_State_Technological_University,Siberian State Technological University,14879
http://dbpedia.org/resource/University_of_the_Philippines_Manila,University of the Philippines Manila,5729
http://dbpedia.org/resource/EET_Nº7_Taller_Regional_Quilmes_(IMPA),EET Nº7 Taller Regional Quilmes (IMPA),797
http://dbpedia.org/resource/Chiba_Institute_of_Technology,Chiba Institute of Technology,9469
http://dbpedia.org/resource/Faculty_of_Chemical_Technology,Faculty of Chemical Technology,1035
http://dbpedia.org/resource/Cyprus_College,Cyprus College,3390
http://dbpedia.org/resource/University_of_Florence,University of Florence,49244
http://dbpedia.org/resource/Russian_State_University_for_the_Humanities,Russian State University for the Humanities,5258
http://dbpedia.org/resource/National_University_of_Physical_Education_and_Sport_of_Ukraine,National University of Physical Education and Sport of Ukraine,3042
http://dbpedia.org/resource/Bristol_Law_School,Bristol Law School,1649
http://dbpedia.org/resource/University_of_Piura,University of Piura,6393
http://dbpedia.org/resource/Anand_Bhawan_School,Anand Bhawan School,1480
http://dbpedia.org/resource/Bicol_Regional_Science_High_School,Bicol Regional Science High School,298
http://dbpedia.org/resource/Jersey_College,Jersey College,1653
http://dbpedia.org/resource/Rochester_Institute_of_Technology_Croatia,Rochester Institute of Technology Croatia,476
http://dbpedia.org/resource/El_Paso_Community_College,El Paso Community College,23711
http://dbpedia.org/resource/Desautels_Faculty_of_Management,Desautels Faculty of Management,2550
http://dbpedia.org/resource/MCKV_Institute_of_Engineering,MCKV Institute of Engineering,1537
http://dbpedia.org/resource/Universitas_Siswa_Bangsa_Internasional,Universitas Siswa Bangsa Internasional,490
http://dbpedia.org/resource/Valparaiso_University,Valparaiso University,4413
http://dbpedia.org/resource/Fleming_College,Fleming College,10429
"http://dbpedia.org/resource/Gandhi_Smarak_Inter_College,_Rajesultanpur","Gandhi Smarak Inter College, Rajesultanpur",4428
http://dbpedia.org/resource/University_of_Toronto_School_of_Public_Policy_and_Governance,University of Toronto School of Public Policy and Governance,76
http://dbpedia.org/resource/Case_Western_Reserve_University_School_of_Medicine,Case Western Reserve University School of Medicine,1176
http://dbpedia.org/resource/University_of_the_French_West_Indies_and_Guiana,University of the French West Indies and Guiana,13627
http://dbpedia.org/resource/Arnhem_Business_School,Arnhem Business School,951
http://dbpedia.org/resource/Mississippi_College,Mississippi College,5310
http://dbpedia.org/resource/Spring_Hill_College,Spring Hill College,1415
http://dbpedia.org/resource/Emirates_College_of_Technology,Emirates College of Technology,2816
http://dbpedia.org/resource/Savannah_Technical_College,Savannah Technical College,3537
http://dbpedia.org/resource/McMaster_Divinity_College,McMaster Divinity College,192
http://dbpedia.org/resource/Columbia_College_Hollywood,Columbia College Hollywood,291
http://dbpedia.org/resource/Kentucky_Wesleyan_College,Kentucky Wesleyan College,688
http://dbpedia.org/resource/Sir_Salimullah_Medical_College,Sir Salimullah Medical College,1005
http://dbpedia.org/resource/Sohar_University,Sohar University,6279
http://dbpedia.org/resource/New_York_University_Institute_of_Fine_Arts,New York University Institute of Fine Arts,295
http://dbpedia.org/resource/Bryan_College,Bryan College,755
http://dbpedia.org/resource/Gujarat_University,Gujarat University,329030
http://dbpedia.org/resource/Ridley_College_(Melbourne),Ridley College (Melbourne),178
http://dbpedia.org/resource/Alabama_School_of_Fine_Arts,Alabama School of Fine Arts,345
http://dbpedia.org/resource/University_of_Vaasa,University of Vaasa,5204
http://dbpedia.org/resource/Laguna_College_of_Art_and_Design,Laguna College of Art and Design,573
http://dbpedia.org/resource/Syed_Jamaluddin_Afghan_University,Syed Jamaluddin Afghan University,2677
http://dbpedia.org/resource/West_Los_Angeles_College,West Los Angeles College,9774
http://dbpedia.org/resource/Aarhus_School_of_Architecture,Aarhus School of Architecture,715
"http://dbpedia.org/resource/Department_of_Computer_Science,_University_of_Oxford","Department of Computer Science, University of Oxford",894
http://dbpedia.org/resource/Changsha_Normal_University,Changsha Normal University,10440
http://dbpedia.org/resource/Samford_University,Samford University,5009
http://dbpedia.org/resource/Federal_University_of_Sergipe,Federal University of Sergipe,31112
http://dbpedia.org/resource/Arkansas_Northeastern_College,Arkansas Northeastern College,1871
http://dbpedia.org/resource/Batangas_State_University_Apolinario_R._Apacible_School_of_Fisheries,Batangas State University Apolinario R. Apacible School of Fisheries,4170
http://dbpedia.org/resource/Adventist_University_of_Health_Sciences,Adventist University of Health Sciences,1878
http://dbpedia.org/resource/Mindanao_State_University_–_Iligan_Institute_of_Technology,Mindanao State University – Iligan Institute of Technology,11434
http://dbpedia.org/resource/School_of_Business_and_Engineering_Vaud,School of Business and Engineering Vaud,1937
http://dbpedia.org/resource/International_Psychoanalytic_University_Berlin,International Psychoanalytic University Berlin,413
http://dbpedia.org/resource/Royal_University_of_Phnom_Penh,Royal University of Phnom Penh,20159
http://dbpedia.org/resource/Sorbonne_University_(alliance),Sorbonne University (alliance),60606
http://dbpedia.org/resource/Tomsk_State_University_of_Architecture_and_Construction,Tomsk State University of Architecture and Construction,7871
http://dbpedia.org/resource/National_Yunlin_University_of_Science_and_Technology,National Yunlin University of Science and Technology,9677
http://dbpedia.org/resource/Raman_Research_Institute,Raman Research Institute,55
http://dbpedia.org/resource/South_University_of_Science_and_Technology_of_China,South University of Science and Technology of China,1202
http://dbpedia.org/resource/Richard_Taunton_Sixth_Form_College,Richard Taunton Sixth Form College,1322
http://dbpedia.org/resource/University_of_Naples_Federico_II,University of Naples Federico II,74605
http://dbpedia.org/resource/Gustavus_Adolphus_College,Gustavus Adolphus College,2567
http://dbpedia.org/resource/Cebu_Institute_of_Technology_–_University,Cebu Institute of Technology – University,36280
http://dbpedia.org/resource/Kyung_Hee_University,Kyung Hee University,30356
http://dbpedia.org/resource/National_University_of_Lesotho,National University of Lesotho,1951
