http://dbpedia.org/ontology/BasketballPlayer,BasketballPlayer,http://dbpedia.org/ontology/activeYearsStartYear
http://dbpedia.org/resource/Ryan_Broekhoff,Ryan Broekhoff,1805
http://dbpedia.org/resource/DeMarre_Carroll,DeMarre Carroll,2193
http://dbpedia.org/resource/Carlos_Cazorla,Carlos Cazorla,2274
http://dbpedia.org/resource/Julie_McBride,Julie McBride,1728
http://dbpedia.org/resource/Artūras_Valeika,Artūras Valeika,2085
http://dbpedia.org/resource/John_Stroud,John Stroud,1754
http://dbpedia.org/resource/Jeff_Foster_(basketball),Jeff Foster (basketball),2192
http://dbpedia.org/resource/Chris_Herren,Chris Herren,2155
http://dbpedia.org/resource/Marcio_Lassiter,Marcio Lassiter,1922
http://dbpedia.org/resource/Duško_Savanović,Duško Savanović,1997
http://dbpedia.org/resource/John_Hazen_(basketball),John Hazen (basketball),2018
http://dbpedia.org/resource/Ricardo_Guillén,Ricardo Guillén,2036
http://dbpedia.org/resource/Michael_Brooks_(basketball),Michael Brooks (basketball),2194
http://dbpedia.org/resource/Luka_Lapornik,Luka Lapornik,1890
http://dbpedia.org/resource/Sotiris_Manolopoulos,Sotiris Manolopoulos,2125
http://dbpedia.org/resource/Mark_Dickel,Mark Dickel,1897
http://dbpedia.org/resource/Kristjan_Kangur,Kristjan Kangur,1718
http://dbpedia.org/resource/Darryl_Partin,Darryl Partin,1735
http://dbpedia.org/resource/Talvin_Skinner,Talvin Skinner,2147
http://dbpedia.org/resource/Travis_Leslie,Travis Leslie,2061
http://dbpedia.org/resource/Stefan_Stojačić,Stefan Stojačić,1712
http://dbpedia.org/resource/Tony_Allen_(basketball),Tony Allen (basketball),2257
http://dbpedia.org/resource/Tyrell_Vernon,Tyrell Vernon,1756
http://dbpedia.org/resource/Stefan_Marković,Stefan Marković,2152
http://dbpedia.org/resource/Sergiy_Gladyr,Sergiy Gladyr,1883
http://dbpedia.org/resource/Jeremy_Evans,Jeremy Evans,2298
http://dbpedia.org/resource/Robert_Traylor,Robert Traylor,1966
http://dbpedia.org/resource/Ralph_Vaughn,Ralph Vaughn,1753
http://dbpedia.org/resource/Anthony_Lee-Ingram,Anthony Lee-Ingram,1783
http://dbpedia.org/resource/Ian_Vougioukas,Ian Vougioukas,2107
http://dbpedia.org/resource/Jawad_Williams,Jawad Williams,2097
http://dbpedia.org/resource/Darren_Duncan,Darren Duncan,2070
http://dbpedia.org/resource/Reshanda_Gray,Reshanda Gray,1782
http://dbpedia.org/resource/Reggie_Carter,Reggie Carter,2140
http://dbpedia.org/resource/Becky_Hammon,Becky Hammon,1953
http://dbpedia.org/resource/Rudy_Tomjanovich,Rudy Tomjanovich,2173
http://dbpedia.org/resource/Laurie_Koehn,Laurie Koehn,2245
http://dbpedia.org/resource/Brad_Daugherty_(basketball),Brad Daugherty (basketball),2150
http://dbpedia.org/resource/Frank_Johnson_(basketball),Frank Johnson (basketball),1856
http://dbpedia.org/resource/Brandon_Bowman,Brandon Bowman,2073
http://dbpedia.org/resource/Peter_van_Paassen,Peter van Paassen,2024
http://dbpedia.org/resource/Denzel_Livingston,Denzel Livingston,1831
http://dbpedia.org/resource/Josan_Nimes,Josan Nimes,1970
http://dbpedia.org/resource/Alfa_Diallo,Alfa Diallo,2162
http://dbpedia.org/resource/Ryan_Thompson_(basketball),Ryan Thompson (basketball),1892
http://dbpedia.org/resource/Margo_Dydek,Margo Dydek,1839
http://dbpedia.org/resource/John_Janisch,John Janisch,2095
http://dbpedia.org/resource/Roger_Powell_(basketball),Roger Powell (basketball),1731
http://dbpedia.org/resource/Xane_D'Almeida,Xane D'Almeida,2044
http://dbpedia.org/resource/M._J._Rhett,M. J. Rhett,1761
http://dbpedia.org/resource/Steve_Bracey,Steve Bracey,1947
http://dbpedia.org/resource/Endrit_Hysenagolli,Endrit Hysenagolli,1915
http://dbpedia.org/resource/Jerry_Smith_(basketball),Jerry Smith (basketball),2041
http://dbpedia.org/resource/T._J._Warren,T. J. Warren,2275
http://dbpedia.org/resource/Mike_Cortez,Mike Cortez,2086
http://dbpedia.org/resource/Fabien_Ateba,Fabien Ateba,1906
http://dbpedia.org/resource/Đoko_Šalić,Đoko Šalić,2311
http://dbpedia.org/resource/Richard_Hendrix,Richard Hendrix,2277
http://dbpedia.org/resource/Bill_Cartwright,Bill Cartwright,1703
http://dbpedia.org/resource/Donnie_McGrath,Donnie McGrath,1898
http://dbpedia.org/resource/Sanjin_Kalaica,Sanjin Kalaica,2230
http://dbpedia.org/resource/Shawnta_Rogers,Shawnta Rogers,1812
http://dbpedia.org/resource/Vlade_Divac,Vlade Divac,2226
http://dbpedia.org/resource/Steve_Sheppard,Steve Sheppard,2150
http://dbpedia.org/resource/Xavier_Silas,Xavier Silas,2269
http://dbpedia.org/resource/Wilfrid_Aka,Wilfrid Aka,1812
http://dbpedia.org/resource/Phil_Ford_(basketball),Phil Ford (basketball),1944
http://dbpedia.org/resource/Dane_Smith_(basketball),Dane Smith (basketball),1953
http://dbpedia.org/resource/Karla_Vreš,Karla Vreš,1993
http://dbpedia.org/resource/Orbie_Bowling,Orbie Bowling,2017
http://dbpedia.org/resource/Japeth_Aguilar,Japeth Aguilar,1880
http://dbpedia.org/resource/Jerami_Grant,Jerami Grant,1856
http://dbpedia.org/resource/Alec_Burks,Alec Burks,2198
http://dbpedia.org/resource/Vesna_Bajkuša,Vesna Bajkuša,19
http://dbpedia.org/resource/Epiphanny_Prince,Epiphanny Prince,2144
http://dbpedia.org/resource/Semyon_Antonov,Semyon Antonov,2159
http://dbpedia.org/resource/Dimitrios_Verginis,Dimitrios Verginis,2249
http://dbpedia.org/resource/Dirk_Bauermann,Dirk Bauermann,1853
http://dbpedia.org/resource/İlkan_Karaman,İlkan Karaman,1897
http://dbpedia.org/resource/Slick_Watts,Slick Watts,2222
http://dbpedia.org/resource/Wilbur_Holland,Wilbur Holland,1894
http://dbpedia.org/resource/Denis_Wucherer,Denis Wucherer,2134
http://dbpedia.org/resource/Jerry_West,Jerry West,1886
http://dbpedia.org/resource/Alicia_Froling,Alicia Froling,2151
http://dbpedia.org/resource/Goo_Kennedy,Goo Kennedy,1993
"http://dbpedia.org/resource/Mike_Jones_(basketball,_born_1984)","Mike Jones (basketball, born 1984)",1738
http://dbpedia.org/resource/Aymeric_Jeanneau,Aymeric Jeanneau,2088
http://dbpedia.org/resource/José_Gregorio_Vargas,José Gregorio Vargas,1807
http://dbpedia.org/resource/Candace_Parker,Candace Parker,2202
http://dbpedia.org/resource/Razija_Mujanović,Razija Mujanović,2059
http://dbpedia.org/resource/Marko_Luković,Marko Luković,1979
http://dbpedia.org/resource/Bill_Hanson_(basketball),Bill Hanson (basketball),2109
http://dbpedia.org/resource/Sergio_Llorente,Sergio Llorente,1992
http://dbpedia.org/resource/Hank_Whitney,Hank Whitney,2060
http://dbpedia.org/resource/Steve_Hood,Steve Hood,1891
http://dbpedia.org/resource/Bato_Govedarica,Bato Govedarica,2029
http://dbpedia.org/resource/Léo_Westermann,Léo Westermann,2015
http://dbpedia.org/resource/Tom_Copa,Tom Copa,1858
http://dbpedia.org/resource/Ive_Ivanov,Ive Ivanov,1714
http://dbpedia.org/resource/Ron_Sobieszczyk,Ron Sobieszczyk,2229
http://dbpedia.org/resource/Luis_Cequeira,Luis Cequeira,1957
http://dbpedia.org/resource/Greg_Kite,Greg Kite,1740
http://dbpedia.org/resource/John_Thomas_(basketball),John Thomas (basketball),1736
http://dbpedia.org/resource/Andreas_Glyniadakis,Andreas Glyniadakis,1725
http://dbpedia.org/resource/Oscar_Robertson,Oscar Robertson,1763
http://dbpedia.org/resource/Artsiom_Parakhouski,Artsiom Parakhouski,2244
http://dbpedia.org/resource/Lloyd_Pierce,Lloyd Pierce,2133
http://dbpedia.org/resource/Dajuan_Wagner,Dajuan Wagner,2099
http://dbpedia.org/resource/Daniel_Santiago,Daniel Santiago,2011
http://dbpedia.org/resource/Aimie_Clydesdale,Aimie Clydesdale,2020
http://dbpedia.org/resource/Ivan_Harris,Ivan Harris,2251
http://dbpedia.org/resource/Rudy_Lingganay,Rudy Lingganay,2021
http://dbpedia.org/resource/Marco_van_den_Berg,Marco van den Berg,1814
http://dbpedia.org/resource/Jim_Brewer_(basketball),Jim Brewer (basketball),1703
http://dbpedia.org/resource/Taylor_King,Taylor King,1949
http://dbpedia.org/resource/Barbara_Turner_(basketball),Barbara Turner (basketball),2306
http://dbpedia.org/resource/Glen_Dandridge,Glen Dandridge,1949
http://dbpedia.org/resource/Alvin_Patrimonio,Alvin Patrimonio,2102
http://dbpedia.org/resource/Metta_World_Peace,Metta World Peace,2052
http://dbpedia.org/resource/Andrea_Congreaves,Andrea Congreaves,1966
http://dbpedia.org/resource/Levy_Middlebrooks,Levy Middlebrooks,2145
http://dbpedia.org/resource/Juraj_Segarić,Juraj Segarić,2122
http://dbpedia.org/resource/Grant_Jerrett,Grant Jerrett,2126
http://dbpedia.org/resource/Chips_Sobek,Chips Sobek,2120
http://dbpedia.org/resource/Marcus_Taylor,Marcus Taylor,1805
http://dbpedia.org/resource/Aleksandar_Ćapin,Aleksandar Ćapin,2079
http://dbpedia.org/resource/Marija_Režan,Marija Režan,1960
http://dbpedia.org/resource/Cleanthony_Early,Cleanthony Early,1857
http://dbpedia.org/resource/Guy-Marc_Michel,Guy-Marc Michel,1899
http://dbpedia.org/resource/Gennifer_Brandon,Gennifer Brandon,1754
http://dbpedia.org/resource/Miha_Lapornik,Miha Lapornik,2307
http://dbpedia.org/resource/Marcus_Ginyard,Marcus Ginyard,1989
http://dbpedia.org/resource/Petey_Sessoms,Petey Sessoms,2197
http://dbpedia.org/resource/Desmond_Mason,Desmond Mason,2262
http://dbpedia.org/resource/Trevis_Simpson,Trevis Simpson,1826
http://dbpedia.org/resource/Obi_Muonelo,Obi Muonelo,1755
http://dbpedia.org/resource/Bob_Anderegg,Bob Anderegg,2098
http://dbpedia.org/resource/Johnny_Rogers,Johnny Rogers,2091
http://dbpedia.org/resource/Alhaji_Mohammed,Alhaji Mohammed,2171
http://dbpedia.org/resource/Yang_Hee-jong,Yang Hee-jong,2177
http://dbpedia.org/resource/Jerome_Anderson_(basketball),Jerome Anderson (basketball),2175
http://dbpedia.org/resource/John_Roberson,John Roberson,2176
http://dbpedia.org/resource/Devin_Williams,Devin Williams,2272
http://dbpedia.org/resource/Alen_Omić,Alen Omić,2256
http://dbpedia.org/resource/Vangelis_Sakellariou,Vangelis Sakellariou,1842
http://dbpedia.org/resource/Olivier_Hanlan,Olivier Hanlan,1911
http://dbpedia.org/resource/Valery_Likhodey,Valery Likhodey,2149
http://dbpedia.org/resource/Klaudio_Ndoja,Klaudio Ndoja,2190
http://dbpedia.org/resource/Tasos_Dimas,Tasos Dimas,2187
http://dbpedia.org/resource/Trajan_Langdon,Trajan Langdon,1902
http://dbpedia.org/resource/Jim_McDaniels,Jim McDaniels,1981
http://dbpedia.org/resource/Brian_Mahoney_(basketball),Brian Mahoney (basketball),1679
http://dbpedia.org/resource/John_Gianelli,John Gianelli,1930
http://dbpedia.org/resource/Nicolò_Melli,Nicolò Melli,1812
http://dbpedia.org/resource/Juan_Fernández_(basketball),Juan Fernández (basketball),1718
http://dbpedia.org/resource/Chad_Posthumus,Chad Posthumus,2000
http://dbpedia.org/resource/Charis_Giannopoulos,Charis Giannopoulos,1725
http://dbpedia.org/resource/Frank_Radovich,Frank Radovich,1980
http://dbpedia.org/resource/LeRoy_Hurd,LeRoy Hurd,1973
http://dbpedia.org/resource/Sergei_Yuryevich_Panov,Sergei Yuryevich Panov,1897
http://dbpedia.org/resource/Glen_Selbo,Glen Selbo,1893
http://dbpedia.org/resource/Tina_Periša,Tina Periša,2134
http://dbpedia.org/resource/Derrick_Byars,Derrick Byars,1934
http://dbpedia.org/resource/Jim_Chones,Jim Chones,1874
http://dbpedia.org/resource/Serhat_Çetin,Serhat Çetin,2028
http://dbpedia.org/resource/Steve_Panos,Steve Panos,2188
http://dbpedia.org/resource/Efthimios_Rentzias,Efthimios Rentzias,1787
http://dbpedia.org/resource/Saša_Avramović,Saša Avramović,1892
http://dbpedia.org/resource/Tom_Boerwinkle,Tom Boerwinkle,1875
"http://dbpedia.org/resource/Tom_Brennan_(basketball,_born_1930)","Tom Brennan (basketball, born 1930)",2173
http://dbpedia.org/resource/J._P._Primm,J. P. Primm,1932
http://dbpedia.org/resource/Don_Rigters,Don Rigters,1718
http://dbpedia.org/resource/Luke_Ridnour,Luke Ridnour,2000
http://dbpedia.org/resource/Antywane_Robinson,Antywane Robinson,2063
http://dbpedia.org/resource/Glenn_Hansen,Glenn Hansen,2114
http://dbpedia.org/resource/DeJuan_Collins,DeJuan Collins,1998
http://dbpedia.org/resource/Natalie_Burton,Natalie Burton,1723
http://dbpedia.org/resource/Toomas_Raadik,Toomas Raadik,1862
http://dbpedia.org/resource/Matt_Fish,Matt Fish,2117
http://dbpedia.org/resource/David_Simon_(basketball),David Simon (basketball),1950
http://dbpedia.org/resource/Red_Klotz,Red Klotz,1937
http://dbpedia.org/resource/Milovan_Raković,Milovan Raković,1870
http://dbpedia.org/resource/Billy_Hassett,Billy Hassett,1803
http://dbpedia.org/resource/Walter_Lemon_Jr.,Walter Lemon Jr.,2173
http://dbpedia.org/resource/Boubacar_Moungoro,Boubacar Moungoro,1808
http://dbpedia.org/resource/Howard_Eisley,Howard Eisley,2173
http://dbpedia.org/resource/Bryan_McCullough,Bryan McCullough,2301
http://dbpedia.org/resource/Samardo_Samuels,Samardo Samuels,1928
http://dbpedia.org/resource/Alberto_Reynoso,Alberto Reynoso,2149
http://dbpedia.org/resource/Josh_Smith,Josh Smith,1855
http://dbpedia.org/resource/Marko_Maravič,Marko Maravič,2142
http://dbpedia.org/resource/Evaldas_Dainys,Evaldas Dainys,2208
http://dbpedia.org/resource/Loukas_Mavrokefalidis,Loukas Mavrokefalidis,2084
http://dbpedia.org/resource/John_Tresvant,John Tresvant,2058
http://dbpedia.org/resource/Nika_Metreveli,Nika Metreveli,2084
http://dbpedia.org/resource/Carlisle_Towery,Carlisle Towery,1658
http://dbpedia.org/resource/Ivan_Opačak,Ivan Opačak,1731
http://dbpedia.org/resource/Anthony_Carter,Anthony Carter,1743
http://dbpedia.org/resource/Derrick_Alston,Derrick Alston,1899
http://dbpedia.org/resource/Jamont_Gordon,Jamont Gordon,2214
http://dbpedia.org/resource/Corey_Hawkins_(basketball),Corey Hawkins (basketball),2064
http://dbpedia.org/resource/Markel_Starks,Markel Starks,1951
http://dbpedia.org/resource/Donald_Sloan_(basketball),Donald Sloan (basketball),1811
http://dbpedia.org/resource/Harry_Gallatin,Harry Gallatin,2094
http://dbpedia.org/resource/Brian_Cusworth,Brian Cusworth,1854
http://dbpedia.org/resource/Matt_Burston,Matt Burston,2266
http://dbpedia.org/resource/Ricky_Sánchez,Ricky Sánchez,1969
http://dbpedia.org/resource/Brianna_Kiesel,Brianna Kiesel,2148
http://dbpedia.org/resource/Brandyn_Curry,Brandyn Curry,2282
http://dbpedia.org/resource/Ioannis_Gagaloudis,Ioannis Gagaloudis,1743
http://dbpedia.org/resource/Wayne_Robinson_(basketball),Wayne Robinson (basketball),1720
http://dbpedia.org/resource/Vasilije_Micić,Vasilije Micić,2217
http://dbpedia.org/resource/Bobby_Joe_Mason,Bobby Joe Mason,2151
http://dbpedia.org/resource/Alberto_Corbacho,Alberto Corbacho,1967
http://dbpedia.org/resource/Mark_Lyons,Mark Lyons,2010
http://dbpedia.org/resource/Paul_Birch_(basketball),Paul Birch (basketball),2160
http://dbpedia.org/resource/LA_Revilla,LA Revilla,1810
http://dbpedia.org/resource/Toni_Young,Toni Young,2134
http://dbpedia.org/resource/Okben_Ulubay,Okben Ulubay,2167
http://dbpedia.org/resource/Joe_Barry_Carroll,Joe Barry Carroll,2160
http://dbpedia.org/resource/Stefan_Nastić,Stefan Nastić,1914
http://dbpedia.org/resource/Alex_Poythress,Alex Poythress,2257
http://dbpedia.org/resource/Alexander_Nelcha,Alexander Nelcha,1798
http://dbpedia.org/resource/Greg_Monroe,Greg Monroe,2213
http://dbpedia.org/resource/Carolyn_Swords,Carolyn Swords,1739
http://dbpedia.org/resource/Derone_Raukawa,Derone Raukawa,1859
http://dbpedia.org/resource/Milton_Jennings,Milton Jennings,1875
http://dbpedia.org/resource/Stacey_Dales,Stacey Dales,1863
http://dbpedia.org/resource/Carl_Meinhold,Carl Meinhold,1661
http://dbpedia.org/resource/LA_Tenorio,LA Tenorio,1964
http://dbpedia.org/resource/Kiesha_Brown,Kiesha Brown,2120
http://dbpedia.org/resource/Lloyd_Walton,Lloyd Walton,2029
http://dbpedia.org/resource/Chelsea_Gray,Chelsea Gray,1819
http://dbpedia.org/resource/Matt_Hodgson_(basketball),Matt Hodgson (basketball),2028
http://dbpedia.org/resource/George_Patterson_(basketball),George Patterson (basketball),2014
http://dbpedia.org/resource/Michael_Bramos,Michael Bramos,1895
http://dbpedia.org/resource/Garrett_Stutz,Garrett Stutz,2041
http://dbpedia.org/resource/Ronnie_Magsanoc,Ronnie Magsanoc,1818
http://dbpedia.org/resource/Marko_Todorović_(basketball),Marko Todorović (basketball),2185
http://dbpedia.org/resource/Jan_Jagla,Jan Jagla,2128
http://dbpedia.org/resource/Sundiata_Gaines,Sundiata Gaines,1961
http://dbpedia.org/resource/Samad_Nikkhah_Bahrami,Samad Nikkhah Bahrami,2158
http://dbpedia.org/resource/Jake_Weber_(basketball),Jake Weber (basketball),1762
http://dbpedia.org/resource/Josep_Franch,Josep Franch,2293
http://dbpedia.org/resource/Marcus_Goree,Marcus Goree,2131
http://dbpedia.org/resource/Art_Collins_(basketball),Art Collins (basketball),2196
http://dbpedia.org/resource/Quincy_Douby,Quincy Douby,2282
http://dbpedia.org/resource/Elmer_Gainer,Elmer Gainer,2213
http://dbpedia.org/resource/Anton_Gavel,Anton Gavel,2285
http://dbpedia.org/resource/Bob_Lanier_(basketball),Bob Lanier (basketball),2124
http://dbpedia.org/resource/Cory_Higgins,Cory Higgins,2298
http://dbpedia.org/resource/Freddie_Lewis,Freddie Lewis,1921
http://dbpedia.org/resource/Nezinho_dos_Santos,Nezinho dos Santos,1949
http://dbpedia.org/resource/Justin_Gray_(basketball),Justin Gray (basketball),1790
http://dbpedia.org/resource/Aleksandar_Aranitović,Aleksandar Aranitović,1719
http://dbpedia.org/resource/Robert_Covington,Robert Covington,2273
http://dbpedia.org/resource/Cody_Ellis,Cody Ellis,2187
http://dbpedia.org/resource/Dragan_Bender,Dragan Bender,2272
http://dbpedia.org/resource/Gegê_Chaia,Gegê Chaia,2040
http://dbpedia.org/resource/T._J._McConnell,T. J. McConnell,1754
http://dbpedia.org/resource/Ross_Bekkering,Ross Bekkering,2099
http://dbpedia.org/resource/Nicolás_Brussino,Nicolás Brussino,2310
http://dbpedia.org/resource/Eric_Money,Eric Money,1971
http://dbpedia.org/resource/Christian_Kabongo,Christian Kabongo,1721
http://dbpedia.org/resource/Billy_Schaeffer,Billy Schaeffer,2111
http://dbpedia.org/resource/Robert_Smith_(basketball),Robert Smith (basketball),2106
http://dbpedia.org/resource/Ashley_Houts,Ashley Houts,1980
http://dbpedia.org/resource/Martell_Webster,Martell Webster,2139
http://dbpedia.org/resource/Rich_Manning,Rich Manning,2222
http://dbpedia.org/resource/Jabril_Trawick,Jabril Trawick,2093
http://dbpedia.org/resource/Nikos_Zisis,Nikos Zisis,2222
http://dbpedia.org/resource/Óscar_Torres,Óscar Torres,1821
http://dbpedia.org/resource/Darius_Miles,Darius Miles,1935
http://dbpedia.org/resource/Corey_Walden,Corey Walden,2189
http://dbpedia.org/resource/Tomás_Barroso,Tomás Barroso,2159
http://dbpedia.org/resource/Dzaner_Osman,Dzaner Osman,1976
http://dbpedia.org/resource/Tierra_Ruffin-Pratt,Tierra Ruffin-Pratt,1940
http://dbpedia.org/resource/Johnny_O'Bryant_III,Johnny O'Bryant III,2134
http://dbpedia.org/resource/Wilbur_Kirkland,Wilbur Kirkland,2061
http://dbpedia.org/resource/Florian_Koch,Florian Koch,2161
http://dbpedia.org/resource/Marcus_Relphorde,Marcus Relphorde,2159
http://dbpedia.org/resource/Sean_Banks,Sean Banks,1719
http://dbpedia.org/resource/Marko_Milič,Marko Milič,1703
"http://dbpedia.org/resource/Charles_Smith_(basketball,_born_1965)","Charles Smith (basketball, born 1965)",2217
http://dbpedia.org/resource/Willie_Naulls,Willie Naulls,2023
http://dbpedia.org/resource/Şemsettin_Baş,Şemsettin Baş,2215
http://dbpedia.org/resource/Sedric_Toney,Sedric Toney,1690
http://dbpedia.org/resource/Bayard_Forrest,Bayard Forrest,2073
http://dbpedia.org/resource/Aleksandar_Ugrinoski,Aleksandar Ugrinoski,1875
http://dbpedia.org/resource/Bryant_Dunston,Bryant Dunston,2309
http://dbpedia.org/resource/Babacar_Cissé,Babacar Cissé,2167
http://dbpedia.org/resource/Le'coe_Willingham,Le'coe Willingham,2167
http://dbpedia.org/resource/Ryan_Reyes,Ryan Reyes,1948
http://dbpedia.org/resource/Kelly_Tripucka,Kelly Tripucka,2222
http://dbpedia.org/resource/Theo_Ratliff,Theo Ratliff,2092
http://dbpedia.org/resource/Wendell_Ladner,Wendell Ladner,2060
http://dbpedia.org/resource/Tangela_Smith,Tangela Smith,2249
http://dbpedia.org/resource/Drew_Gooden,Drew Gooden,1755
http://dbpedia.org/resource/Goran_Ikonić,Goran Ikonić,2193
http://dbpedia.org/resource/Anthony_Ireland_(basketball),Anthony Ireland (basketball),2061
http://dbpedia.org/resource/Jameer_Nelson,Jameer Nelson,1962
http://dbpedia.org/resource/Gary_Freeman_(basketball),Gary Freeman (basketball),1815
http://dbpedia.org/resource/Karolis_Babkauskas,Karolis Babkauskas,1877
http://dbpedia.org/resource/Hal_Haskins,Hal Haskins,1957
http://dbpedia.org/resource/Dwight_Lewis,Dwight Lewis,1827
http://dbpedia.org/resource/Nemanja_Vranješ,Nemanja Vranješ,2079
http://dbpedia.org/resource/Jonas_Mačiulis,Jonas Mačiulis,2026
http://dbpedia.org/resource/Darren_Morningstar,Darren Morningstar,2033
http://dbpedia.org/resource/Thomas_Koenis,Thomas Koenis,2222
http://dbpedia.org/resource/Louie_Dampier,Louie Dampier,1885
http://dbpedia.org/resource/Paulo_Cunha,Paulo Cunha,1797
http://dbpedia.org/resource/Rumeal_Robinson,Rumeal Robinson,2249
http://dbpedia.org/resource/Mouhamed_Sene,Mouhamed Sene,2037
http://dbpedia.org/resource/Bojan_Radetić,Bojan Radetić,1853
http://dbpedia.org/resource/Jermaine_Blackburn,Jermaine Blackburn,1867
http://dbpedia.org/resource/Ivan_Lilov,Ivan Lilov,1911
http://dbpedia.org/resource/Buddy_Jeannette,Buddy Jeannette,2013
http://dbpedia.org/resource/Tomislav_Zubčić,Tomislav Zubčić,2037
http://dbpedia.org/resource/Antonio_Meeking,Antonio Meeking,2088
http://dbpedia.org/resource/Jojo_Lastimosa,Jojo Lastimosa,1929
http://dbpedia.org/resource/Moochie_Norris,Moochie Norris,1822
http://dbpedia.org/resource/Cesar_Catli,Cesar Catli,1886
http://dbpedia.org/resource/Stefano_Gentile,Stefano Gentile,1870
http://dbpedia.org/resource/Kyle_Adnam,Kyle Adnam,2025
http://dbpedia.org/resource/Larry_Mikan,Larry Mikan,1739
http://dbpedia.org/resource/Jamaal_Franklin,Jamaal Franklin,1970
http://dbpedia.org/resource/Mel_Daniels,Mel Daniels,2147
http://dbpedia.org/resource/George_Thompson_(basketball),George Thompson (basketball),1813
http://dbpedia.org/resource/Jay_Washington,Jay Washington,2087
http://dbpedia.org/resource/Zdravko_Radulović,Zdravko Radulović,1992
http://dbpedia.org/resource/Ebi_Ere,Ebi Ere,1773
http://dbpedia.org/resource/Drake_U'u,Drake U'u,1802
http://dbpedia.org/resource/Eugene_Lawrence,Eugene Lawrence,2135
http://dbpedia.org/resource/June_Mar_Fajardo,June Mar Fajardo,2193
http://dbpedia.org/resource/Al_Wood,Al Wood,1834
http://dbpedia.org/resource/Andrew_Wiggins,Andrew Wiggins,2085
http://dbpedia.org/resource/Jevohn_Shepherd,Jevohn Shepherd,1733
http://dbpedia.org/resource/Cleveland_Buckner,Cleveland Buckner,2032
http://dbpedia.org/resource/Heissler_Guillént,Heissler Guillént,2279
http://dbpedia.org/resource/Lavinia_Santucci,Lavinia Santucci,1993
http://dbpedia.org/resource/James_Nunnally,James Nunnally,2247
http://dbpedia.org/resource/Byron_Larkin,Byron Larkin,2249
http://dbpedia.org/resource/Ton_Boot,Ton Boot,2189
http://dbpedia.org/resource/Leland_Mitchell,Leland Mitchell,1844
http://dbpedia.org/resource/Lamar_Patterson,Lamar Patterson,2155
http://dbpedia.org/resource/Bill_Mayfield,Bill Mayfield,1897
http://dbpedia.org/resource/Chubby_Cox,Chubby Cox,1971
http://dbpedia.org/resource/Lionel_Chalmers,Lionel Chalmers,1829
http://dbpedia.org/resource/Erdinç_Balto,Erdinç Balto,2130
http://dbpedia.org/resource/Lukas_Lekavičius,Lukas Lekavičius,2091
http://dbpedia.org/resource/Kornél_Dávid,Kornél Dávid,2183
http://dbpedia.org/resource/Konstantin_Klein,Konstantin Klein,1901
http://dbpedia.org/resource/Krystal_Thomas,Krystal Thomas,2310
http://dbpedia.org/resource/Kostas_Sloukas,Kostas Sloukas,2258
http://dbpedia.org/resource/Terry_Dehere,Terry Dehere,2173
http://dbpedia.org/resource/Paris_Horne,Paris Horne,2213
http://dbpedia.org/resource/Zoran_Savić,Zoran Savić,1893
http://dbpedia.org/resource/Kevin_Thompson_(basketball),Kevin Thompson (basketball),2071
http://dbpedia.org/resource/Linda_Fröhlich,Linda Fröhlich,2226
http://dbpedia.org/resource/Acie_Law,Acie Law,2265
http://dbpedia.org/resource/Stojko_Vranković,Stojko Vranković,2192
http://dbpedia.org/resource/Petros_Velissariou,Petros Velissariou,2220
http://dbpedia.org/resource/Jay_Larrañaga,Jay Larrañaga,1769
http://dbpedia.org/resource/Scott_May,Scott May,1728
http://dbpedia.org/resource/Kyle_Macy,Kyle Macy,1710
http://dbpedia.org/resource/Jessie_Hicks,Jessie Hicks,2075
http://dbpedia.org/resource/Brad_Lohaus,Brad Lohaus,2003
http://dbpedia.org/resource/Mike_Farmer,Mike Farmer,1674
http://dbpedia.org/resource/Damien_Wilkins,Damien Wilkins,1951
http://dbpedia.org/resource/Serap_Yücesir,Serap Yücesir,2231
http://dbpedia.org/resource/Craig_Schoen,Craig Schoen,2221
http://dbpedia.org/resource/Eddie_Jones_(basketball),Eddie Jones (basketball),1860
http://dbpedia.org/resource/Jack_Cooley,Jack Cooley,2305
http://dbpedia.org/resource/Jan_Martín,Jan Martín,1758
http://dbpedia.org/resource/Uroš_Luković,Uroš Luković,1725
http://dbpedia.org/resource/Chris_Christoffersen,Chris Christoffersen,2074
http://dbpedia.org/resource/Jared_Homan,Jared Homan,1864
http://dbpedia.org/resource/Bob_Allen_(basketball),Bob Allen (basketball),1863
"http://dbpedia.org/resource/Reggie_Williams_(basketball,_born_1964)","Reggie Williams (basketball, born 1964)",2161
http://dbpedia.org/resource/Miguel_Martinez_(basketball),Miguel Martinez (basketball),2067
http://dbpedia.org/resource/Aleksa_Popović,Aleksa Popović,2115
http://dbpedia.org/resource/Hüseyin_Alp,Hüseyin Alp,1957
http://dbpedia.org/resource/Joe_Kleine,Joe Kleine,1997
http://dbpedia.org/resource/Brandon_Penn,Brandon Penn,2080
http://dbpedia.org/resource/Angelo_Caloiaro,Angelo Caloiaro,1912
http://dbpedia.org/resource/Tim_Ohlbrecht,Tim Ohlbrecht,1942
http://dbpedia.org/resource/Matt_Costello,Matt Costello,2318
http://dbpedia.org/resource/Chris_Hunter_(basketball),Chris Hunter (basketball),2171
http://dbpedia.org/resource/Alexander_Volkov_(basketball),Alexander Volkov (basketball),2257
http://dbpedia.org/resource/Torgrim_Sommerfeldt,Torgrim Sommerfeldt,1736
http://dbpedia.org/resource/Thanasis_Antetokounmpo,Thanasis Antetokounmpo,1936
http://dbpedia.org/resource/Brett_Winkelman,Brett Winkelman,1822
http://dbpedia.org/resource/Angel_Goodrich,Angel Goodrich,1845
http://dbpedia.org/resource/William_Buford,William Buford,1728
http://dbpedia.org/resource/Darrell_Walker,Darrell Walker,2020
http://dbpedia.org/resource/Mike_Glover_(basketball),Mike Glover (basketball),1989
http://dbpedia.org/resource/Mindaugas_Kupšas,Mindaugas Kupšas,1919
http://dbpedia.org/resource/Harun_Erdenay,Harun Erdenay,1847
http://dbpedia.org/resource/Terrence_Woodyard,Terrence Woodyard,2178
http://dbpedia.org/resource/Cazzie_Russell,Cazzie Russell,2174
http://dbpedia.org/resource/Cody_Zeller,Cody Zeller,1765
http://dbpedia.org/resource/Anthony_Drmic,Anthony Drmic,1935
http://dbpedia.org/resource/William_Gradit,William Gradit,1983
http://dbpedia.org/resource/Angelo_Gigli,Angelo Gigli,2298
http://dbpedia.org/resource/Shang_Ping,Shang Ping,1717
http://dbpedia.org/resource/Ryan_Robertson,Ryan Robertson,2160
http://dbpedia.org/resource/Andrew_Bynum,Andrew Bynum,2143
http://dbpedia.org/resource/Boniface_N'Dong,Boniface N'Dong,2185
http://dbpedia.org/resource/Rudy_Fernández_(basketball),Rudy Fernández (basketball),1928
http://dbpedia.org/resource/Ömer_Yurtseven,Ömer Yurtseven,1903
http://dbpedia.org/resource/Chinemelu_Elonu,Chinemelu Elonu,1824
http://dbpedia.org/resource/Sam_Mack,Sam Mack,2093
http://dbpedia.org/resource/Ray_Blume,Ray Blume,1806
http://dbpedia.org/resource/Paulinho_Boracini,Paulinho Boracini,2194
http://dbpedia.org/resource/Tommy_Greer,Tommy Greer,2179
http://dbpedia.org/resource/Pat_Cummings,Pat Cummings,1833
http://dbpedia.org/resource/Nikola_Kuga,Nikola Kuga,2255
http://dbpedia.org/resource/Marquis_Daniels,Marquis Daniels,1904
http://dbpedia.org/resource/Haluk_Yıldırım,Haluk Yıldırım,2239
http://dbpedia.org/resource/Jerome_Meyinsse,Jerome Meyinsse,2092
http://dbpedia.org/resource/Vanja_Plisnić,Vanja Plisnić,2274
http://dbpedia.org/resource/Carlos_Delfino,Carlos Delfino,2132
http://dbpedia.org/resource/Beka_Burjanadze,Beka Burjanadze,2272
http://dbpedia.org/resource/Robert_Parish,Robert Parish,2109
http://dbpedia.org/resource/Mantas_Kalnietis,Mantas Kalnietis,1850
http://dbpedia.org/resource/Dick_Wehr,Dick Wehr,1818
http://dbpedia.org/resource/Georgios_Tsiakos,Georgios Tsiakos,2089
http://dbpedia.org/resource/Theodoros_Papaloukas,Theodoros Papaloukas,2026
http://dbpedia.org/resource/A._J._English,A. J. English,2185
http://dbpedia.org/resource/Lionel_Bomayako,Lionel Bomayako,1798
http://dbpedia.org/resource/Jamierra_Faulkner,Jamierra Faulkner,2263
http://dbpedia.org/resource/Sleepy_Floyd,Sleepy Floyd,2170
http://dbpedia.org/resource/Kristina_Topuzović,Kristina Topuzović,22
http://dbpedia.org/resource/Thabo_Sefolosha,Thabo Sefolosha,2174
http://dbpedia.org/resource/Matt_Kenyon_(basketball),Matt Kenyon (basketball),2016
http://dbpedia.org/resource/Armon_Johnson,Armon Johnson,1960
http://dbpedia.org/resource/Malcolm_Miller_(basketball),Malcolm Miller (basketball),2144
http://dbpedia.org/resource/Charles_Jackson_(basketball),Charles Jackson (basketball),1741
http://dbpedia.org/resource/B._J._Anthony,B. J. Anthony,1842
http://dbpedia.org/resource/Armands_Šķēle,Armands Šķēle,1786
http://dbpedia.org/resource/Danielle_McCray,Danielle McCray,2179
http://dbpedia.org/resource/Matt_Zunic,Matt Zunic,1730
http://dbpedia.org/resource/Kenny_Hall_(basketball),Kenny Hall (basketball),1871
http://dbpedia.org/resource/Filiberto_Rivera,Filiberto Rivera,2031
http://dbpedia.org/resource/Doron_Jamchi,Doron Jamchi,1888
http://dbpedia.org/resource/Zeb_Cope,Zeb Cope,2290
http://dbpedia.org/resource/Justino_Victoriano,Justino Victoriano,2157
http://dbpedia.org/resource/Nikos_Galis,Nikos Galis,1712
http://dbpedia.org/resource/Samuel_Haanpää,Samuel Haanpää,1945
http://dbpedia.org/resource/Duke_Mondy,Duke Mondy,2023
http://dbpedia.org/resource/Sergio_Llull,Sergio Llull,2018
http://dbpedia.org/resource/Behdad_Sami,Behdad Sami,2292
http://dbpedia.org/resource/Álex_Suárez,Álex Suárez,1835
http://dbpedia.org/resource/Lorrenzo_Wade,Lorrenzo Wade,1914
http://dbpedia.org/resource/Nicolás_Laprovíttola,Nicolás Laprovíttola,1777
http://dbpedia.org/resource/Bria_Hartley,Bria Hartley,2306
http://dbpedia.org/resource/Kostja_Mushidi,Kostja Mushidi,1759
http://dbpedia.org/resource/C._J._Miles,C. J. Miles,2211
http://dbpedia.org/resource/Adam_Morrison,Adam Morrison,1760
http://dbpedia.org/resource/Vera_Perostiyska,Vera Perostiyska,2108
http://dbpedia.org/resource/Jason_Westrol,Jason Westrol,2221
http://dbpedia.org/resource/Nedu_Onyeuku,Nedu Onyeuku,1852
http://dbpedia.org/resource/Sebastian_Fülle,Sebastian Fülle,1874
http://dbpedia.org/resource/Damon_Bailey,Damon Bailey,1725
http://dbpedia.org/resource/Dragiša_Drobnjak,Dragiša Drobnjak,2191
http://dbpedia.org/resource/Ricardo_Greer,Ricardo Greer,2002
http://dbpedia.org/resource/Yen_Hsing-su,Yen Hsing-su,2056
http://dbpedia.org/resource/Brad_Williamson_(basketball),Brad Williamson (basketball),1957
"http://dbpedia.org/resource/Kevin_Martin_(basketball,_born_1975)","Kevin Martin (basketball, born 1975)",2090
http://dbpedia.org/resource/Jerome_James,Jerome James,1814
http://dbpedia.org/resource/Sheryl_Swoopes,Sheryl Swoopes,2148
http://dbpedia.org/resource/Miguel_Lutonda,Miguel Lutonda,2075
http://dbpedia.org/resource/Mauro_Liburdi,Mauro Liburdi,1834
http://dbpedia.org/resource/Jerome_Mincy,Jerome Mincy,2269
http://dbpedia.org/resource/Stan_Okoye,Stan Okoye,2278
http://dbpedia.org/resource/Rudy_White,Rudy White,2088
http://dbpedia.org/resource/Leo_Klier,Leo Klier,2131
http://dbpedia.org/resource/Gene_Guarilia,Gene Guarilia,1843
http://dbpedia.org/resource/Channing_Frye,Channing Frye,2009
http://dbpedia.org/resource/Vander_Blue,Vander Blue,1946
http://dbpedia.org/resource/Darrin_Hancock,Darrin Hancock,2278
http://dbpedia.org/resource/Dennis_Horner,Dennis Horner,1729
http://dbpedia.org/resource/Renee_Montgomery,Renee Montgomery,1747
http://dbpedia.org/resource/Oleksandr_Lypovyy,Oleksandr Lypovyy,2234
http://dbpedia.org/resource/Dairis_Bertāns,Dairis Bertāns,1897
http://dbpedia.org/resource/Ed_O'Bannon,Ed O'Bannon,2097
http://dbpedia.org/resource/Derek_Cooke,Derek Cooke,1724
http://dbpedia.org/resource/Malik_Dixon,Malik Dixon,1708
http://dbpedia.org/resource/Renardo_Sidney,Renardo Sidney,1893
http://dbpedia.org/resource/Norman_Gonzales,Norman Gonzales,2248
http://dbpedia.org/resource/Scoonie_Penn,Scoonie Penn,2271
http://dbpedia.org/resource/Povilas_Butkevičius,Povilas Butkevičius,1839
http://dbpedia.org/resource/Manny_Quezada,Manny Quezada,1826
http://dbpedia.org/resource/Matt_Unicomb,Matt Unicomb,1913
http://dbpedia.org/resource/Antoine_Rigaudeau,Antoine Rigaudeau,2112
http://dbpedia.org/resource/Chris_Czerapowicz,Chris Czerapowicz,2229
http://dbpedia.org/resource/Josh_Vanlandingham,Josh Vanlandingham,1854
http://dbpedia.org/resource/Jackie_Stiles,Jackie Stiles,2257
http://dbpedia.org/resource/Michael_Kidd-Gilchrist,Michael Kidd-Gilchrist,2207
http://dbpedia.org/resource/Luka_Kraljević,Luka Kraljević,1751
http://dbpedia.org/resource/Rachel_Antoniadou,Rachel Antoniadou,2156
http://dbpedia.org/resource/Christos_Charissis,Christos Charissis,2035
http://dbpedia.org/resource/Larry_Robinson_(basketball),Larry Robinson (basketball),1815
http://dbpedia.org/resource/Jim_Davis_(basketball),Jim Davis (basketball),1830
http://dbpedia.org/resource/David_Chiotti,David Chiotti,2145
http://dbpedia.org/resource/Ivan_Strebkov,Ivan Strebkov,2197
http://dbpedia.org/resource/Viacheslav_Kravtsov,Viacheslav Kravtsov,2020
http://dbpedia.org/resource/Kevin_Granger,Kevin Granger,2255
http://dbpedia.org/resource/Obie_Trotter,Obie Trotter,2297
http://dbpedia.org/resource/Garrett_Temple,Garrett Temple,2047
http://dbpedia.org/resource/Calvin_Abueva,Calvin Abueva,2231
http://dbpedia.org/resource/Andre_Wakefield,Andre Wakefield,1861
http://dbpedia.org/resource/Manu_Rodríguez,Manu Rodríguez,1866
http://dbpedia.org/resource/Jack_McMahon,Jack McMahon,1893
http://dbpedia.org/resource/Petey_Rosenberg,Petey Rosenberg,2042
http://dbpedia.org/resource/Bob_Ford_(basketball),Bob Ford (basketball),1759
http://dbpedia.org/resource/Jim_Cleamons,Jim Cleamons,1710
http://dbpedia.org/resource/Sean_Lampley,Sean Lampley,2062
http://dbpedia.org/resource/Leon_Blevins,Leon Blevins,1752
http://dbpedia.org/resource/Avery_Bradley,Avery Bradley,2154
http://dbpedia.org/resource/Dondon_Ampalayo,Dondon Ampalayo,1808
http://dbpedia.org/resource/Devin_Gibson_(basketball),Devin Gibson (basketball),2155
http://dbpedia.org/resource/Karam_Mashour,Karam Mashour,2052
http://dbpedia.org/resource/Sam_Young_(basketball),Sam Young (basketball),2181
http://dbpedia.org/resource/Jimmy_Carruth,Jimmy Carruth,1988
http://dbpedia.org/resource/Tom_Hammonds,Tom Hammonds,1947
http://dbpedia.org/resource/Ricky_Berry,Ricky Berry,1779
http://dbpedia.org/resource/John_Beasley_(basketball),John Beasley (basketball),2072
http://dbpedia.org/resource/Rafi_Menco,Rafi Menco,1888
http://dbpedia.org/resource/Elvin_Hayes,Elvin Hayes,2038
http://dbpedia.org/resource/Bob_Davies,Bob Davies,2027
"http://dbpedia.org/resource/Leon_Williams_(basketball,_born_1986)","Leon Williams (basketball, born 1986)",2003
http://dbpedia.org/resource/Jay_Carty,Jay Carty,1801
http://dbpedia.org/resource/JR_Cawaling,JR Cawaling,2291
http://dbpedia.org/resource/Tu_Holloway,Tu Holloway,2085
http://dbpedia.org/resource/Marquin_Chandler,Marquin Chandler,2151
http://dbpedia.org/resource/Ivona_Matić,Ivona Matić,212
http://dbpedia.org/resource/Christian_Ronaldo_Sitepu,Christian Ronaldo Sitepu,2274
http://dbpedia.org/resource/Wayne_Radford,Wayne Radford,2040
http://dbpedia.org/resource/Antreas_Christodoulou,Antreas Christodoulou,1957
http://dbpedia.org/resource/Bobby_Cattage,Bobby Cattage,1945
http://dbpedia.org/resource/Alex_Johnson_(basketball),Alex Johnson (basketball),2082
http://dbpedia.org/resource/Nizar_Knioua,Nizar Knioua,1859
http://dbpedia.org/resource/Keith_Wright_(basketball),Keith Wright (basketball),2298
http://dbpedia.org/resource/Jud_Buechler,Jud Buechler,1793
http://dbpedia.org/resource/Al_Carlson_(basketball),Al Carlson (basketball),2260
http://dbpedia.org/resource/Sydney_Carter_(basketball),Sydney Carter (basketball),1836
http://dbpedia.org/resource/Andrija_Žižić,Andrija Žižić,2136
http://dbpedia.org/resource/Mickaël_Piétrus,Mickaël Piétrus,1816
http://dbpedia.org/resource/Ed_Siudut,Ed Siudut,1868
http://dbpedia.org/resource/Carey_Scurry,Carey Scurry,1965
http://dbpedia.org/resource/Soner_Şentürk,Soner Şentürk,2027
http://dbpedia.org/resource/James_Gist,James Gist,2022
http://dbpedia.org/resource/Richie_Frahm,Richie Frahm,1978
http://dbpedia.org/resource/Duško_Bunić,Duško Bunić,2283
http://dbpedia.org/resource/Andrés_Rodríguez_(basketball),Andrés Rodríguez (basketball),1979
http://dbpedia.org/resource/Damiris_Dantas,Damiris Dantas,2103
http://dbpedia.org/resource/Rik_Smits,Rik Smits,1744
http://dbpedia.org/resource/Paul_Rogers_(basketball),Paul Rogers (basketball),1847
http://dbpedia.org/resource/José_Fabio,José Fabio,2100
http://dbpedia.org/resource/Nate_James_(basketball),Nate James (basketball),1924
http://dbpedia.org/resource/Žanis_Peiners,Žanis Peiners,1991
http://dbpedia.org/resource/Anthony_Peeler,Anthony Peeler,1882
http://dbpedia.org/resource/Peyton_Siva,Peyton Siva,2280
http://dbpedia.org/resource/Mark_Crow,Mark Crow,2111
http://dbpedia.org/resource/Jamaal_Tatum,Jamaal Tatum,1946
http://dbpedia.org/resource/Luke_Loucks,Luke Loucks,1922
http://dbpedia.org/resource/Ford_Arao,Ford Arao,2048
http://dbpedia.org/resource/Bob_Pettit,Bob Pettit,1869
http://dbpedia.org/resource/Deolinda_Ngulela,Deolinda Ngulela,2178
http://dbpedia.org/resource/Trey_Britton,Trey Britton,2282
http://dbpedia.org/resource/Kevin_Fletcher,Kevin Fletcher,2183
http://dbpedia.org/resource/Imani_Boyette,Imani Boyette,2313
http://dbpedia.org/resource/Fred_Hoiberg,Fred Hoiberg,1900
http://dbpedia.org/resource/Kevinn_Pinkney,Kevinn Pinkney,1980
http://dbpedia.org/resource/Jayjay_Helterbrand,Jayjay Helterbrand,1886
http://dbpedia.org/resource/Andreas_Kanonidis,Andreas Kanonidis,2259
http://dbpedia.org/resource/Rodney_Williams_(basketball),Rodney Williams (basketball),2031
http://dbpedia.org/resource/Seth_Tuttle,Seth Tuttle,2212
http://dbpedia.org/resource/Klay_Thompson,Klay Thompson,2047
http://dbpedia.org/resource/D._J._Covington,D. J. Covington,2216
http://dbpedia.org/resource/Billy_Shepherd,Billy Shepherd,1787
http://dbpedia.org/resource/Pankracije_Barać,Pankracije Barać,2174
http://dbpedia.org/resource/Joe_Ingles,Joe Ingles,2299
http://dbpedia.org/resource/Mark_Acres,Mark Acres,1906
http://dbpedia.org/resource/Keith_Langford,Keith Langford,2045
http://dbpedia.org/resource/Roberto_Bergersen,Roberto Bergersen,1850
http://dbpedia.org/resource/Sani_Bečirovič,Sani Bečirovič,1787
http://dbpedia.org/resource/Ryan_Richards,Ryan Richards,2065
http://dbpedia.org/resource/Joan_Sastre,Joan Sastre,1893
"http://dbpedia.org/resource/Jim_O'Brien_(basketball,_born_1951)","Jim O'Brien (basketball, born 1951)",1859
http://dbpedia.org/resource/Will_Thomas_(basketball),Will Thomas (basketball),2157
http://dbpedia.org/resource/Terry_Driscoll,Terry Driscoll,2259
http://dbpedia.org/resource/Jaylen_Brown,Jaylen Brown,1765
http://dbpedia.org/resource/Neal_Walk,Neal Walk,2041
http://dbpedia.org/resource/Todd_Day,Todd Day,2232
http://dbpedia.org/resource/Yolanda_Griffith,Yolanda Griffith,2203
http://dbpedia.org/resource/Christian_Eyenga,Christian Eyenga,2071
http://dbpedia.org/resource/Mohammad_Reza_Akbari,Mohammad Reza Akbari,1959
http://dbpedia.org/resource/Eric_Washington,Eric Washington,2249
http://dbpedia.org/resource/Tayler_Hill,Tayler Hill,2010
http://dbpedia.org/resource/Elena_Baranova,Elena Baranova,2200
http://dbpedia.org/resource/Ed_Macauley,Ed Macauley,1715
http://dbpedia.org/resource/Fúlvio_de_Assis,Fúlvio de Assis,1978
http://dbpedia.org/resource/Michael_Fraser_(basketball),Michael Fraser (basketball),1905
http://dbpedia.org/resource/Patrick_Heckmann,Patrick Heckmann,2233
http://dbpedia.org/resource/John_Roche_(basketball),John Roche (basketball),2240
http://dbpedia.org/resource/Aleksandar_Nađfeji,Aleksandar Nađfeji,1818
http://dbpedia.org/resource/Earl_Gardner_(basketball),Earl Gardner (basketball),1891
http://dbpedia.org/resource/John_Dorge,John Dorge,2079
http://dbpedia.org/resource/Dior_Lowhorn,Dior Lowhorn,1895
http://dbpedia.org/resource/Leo_Austria,Leo Austria,1982
http://dbpedia.org/resource/Gerald_Green,Gerald Green,1891
http://dbpedia.org/resource/Ryan_Gomes,Ryan Gomes,1991
http://dbpedia.org/resource/Sydmill_Harris,Sydmill Harris,1739
http://dbpedia.org/resource/Tre_Kelley,Tre Kelley,2288
http://dbpedia.org/resource/Miranda_Ayim,Miranda Ayim,2280
http://dbpedia.org/resource/Brad_Sellers,Brad Sellers,1763
http://dbpedia.org/resource/Nick_Anderson,Nick Anderson,1850
http://dbpedia.org/resource/Jurica_Golemac,Jurica Golemac,1915
http://dbpedia.org/resource/Malcolm_Lee_(basketball),Malcolm Lee (basketball),2262
http://dbpedia.org/resource/Terrence_Rencher,Terrence Rencher,1889
http://dbpedia.org/resource/Eldridge_Recasner,Eldridge Recasner,1911
http://dbpedia.org/resource/Doug_Smith_(basketball),Doug Smith (basketball),1943
http://dbpedia.org/resource/Nicole_How,Nicole How,2169
http://dbpedia.org/resource/Jared_Jordan,Jared Jordan,1928
"http://dbpedia.org/resource/Darius_Washington,_Jr.","Darius Washington, Jr.",2165
http://dbpedia.org/resource/Laura_Herrera,Laura Herrera,1903
http://dbpedia.org/resource/Zelmo_Beaty,Zelmo Beaty,1850
http://dbpedia.org/resource/José_Ortiz,José Ortiz,2141
http://dbpedia.org/resource/Patrick_Hilliman,Patrick Hilliman,1845
http://dbpedia.org/resource/John_Morton_(basketball),John Morton (basketball),1710
http://dbpedia.org/resource/Michael_Wiley_(basketball),Michael Wiley (basketball),1986
http://dbpedia.org/resource/Reggie_Redding,Reggie Redding,1978
http://dbpedia.org/resource/Gary_Wilkinson_(basketball),Gary Wilkinson (basketball),2129
http://dbpedia.org/resource/Radomir_Šaper,Radomir Šaper,2169
http://dbpedia.org/resource/Ronald_Tubid,Ronald Tubid,1932
http://dbpedia.org/resource/Ken_Brown_(basketball),Ken Brown (basketball),2143
http://dbpedia.org/resource/Dimitrios_Stamatis_(basketball),Dimitrios Stamatis (basketball),2136
http://dbpedia.org/resource/Aries_Dimaunahan,Aries Dimaunahan,2281
http://dbpedia.org/resource/Predrag_Šuput,Predrag Šuput,2060
http://dbpedia.org/resource/Johnny_Egan,Johnny Egan,1977
http://dbpedia.org/resource/Lior_Eliyahu,Lior Eliyahu,2097
http://dbpedia.org/resource/Dennis_Boyd_(basketball),Dennis Boyd (basketball),2057
http://dbpedia.org/resource/Eddie_Miles,Eddie Miles,1978
http://dbpedia.org/resource/Harold_Keeling,Harold Keeling,2143
http://dbpedia.org/resource/Luca_Garri,Luca Garri,1853
http://dbpedia.org/resource/Khris_Middleton,Khris Middleton,2154
http://dbpedia.org/resource/Gabrielius_Maldūnas,Gabrielius Maldūnas,1763
http://dbpedia.org/resource/Mark_Telan,Mark Telan,2118
http://dbpedia.org/resource/Albert_Margai_(basketball),Albert Margai (basketball),2041
http://dbpedia.org/resource/Panagiotis_Tsiros,Panagiotis Tsiros,1764
http://dbpedia.org/resource/Booker_Woodfox,Booker Woodfox,1759
http://dbpedia.org/resource/Rick_Jackson,Rick Jackson,1884
http://dbpedia.org/resource/Terrence_Roberts_(basketball),Terrence Roberts (basketball),1947
http://dbpedia.org/resource/George_Reese_(basketball),George Reese (basketball),1915
http://dbpedia.org/resource/Demetrius_Conger,Demetrius Conger,2062
http://dbpedia.org/resource/Jamison_Brewer,Jamison Brewer,1858
http://dbpedia.org/resource/Dušan_Šakota,Dušan Šakota,2293
http://dbpedia.org/resource/John_%22Hot_Rod%22_Williams,"John ""Hot Rod"" Williams",1720
http://dbpedia.org/resource/Clay_Johnson_(basketball),Clay Johnson (basketball),2204
http://dbpedia.org/resource/Žygimantas_Janavičius,Žygimantas Janavičius,2213
http://dbpedia.org/resource/Dar_Tucker,Dar Tucker,2035
http://dbpedia.org/resource/Adam_Harrington_(basketball),Adam Harrington (basketball),2200
http://dbpedia.org/resource/Jovana_Karakašević,Jovana Karakašević,2138
http://dbpedia.org/resource/Howard_Bayne,Howard Bayne,1858
http://dbpedia.org/resource/Bojan_Tadić_(basketball),Bojan Tadić (basketball),1729
http://dbpedia.org/resource/Ivica_Radić,Ivica Radić,2296
http://dbpedia.org/resource/Rita_Williams,Rita Williams,1922
http://dbpedia.org/resource/Rashad_Phillips,Rashad Phillips,1844
http://dbpedia.org/resource/Justas_Sinica,Justas Sinica,2188
http://dbpedia.org/resource/Chris_Burgess,Chris Burgess,2035
http://dbpedia.org/resource/Gregory_Pinas,Gregory Pinas,1895
http://dbpedia.org/resource/Bruno_Caboclo,Bruno Caboclo,2272
http://dbpedia.org/resource/Eduardo_Mingas,Eduardo Mingas,1775
http://dbpedia.org/resource/Wesley_Person,Wesley Person,1777
http://dbpedia.org/resource/Kara_Wolters,Kara Wolters,2106
http://dbpedia.org/resource/Louis_Labeyrie,Louis Labeyrie,1965
http://dbpedia.org/resource/Yoni_Dray,Yoni Dray,2274
http://dbpedia.org/resource/Chris_Kaman,Chris Kaman,2049
http://dbpedia.org/resource/Mikaela_Dombkins,Mikaela Dombkins,1904
"http://dbpedia.org/resource/Jerry_Reynolds_(basketball,_born_1962)","Jerry Reynolds (basketball, born 1962)",2226
http://dbpedia.org/resource/Darrell_Arthur,Darrell Arthur,1827
http://dbpedia.org/resource/John_Pinone,John Pinone,1930
http://dbpedia.org/resource/DeAndre_Jordan,DeAndre Jordan,2159
http://dbpedia.org/resource/Dan_Roundfield,Dan Roundfield,2124
http://dbpedia.org/resource/Edson_Ndoniema,Edson Ndoniema,1857
http://dbpedia.org/resource/Marina_Kress,Marina Kress,1744
http://dbpedia.org/resource/Madeleine_Garrick,Madeleine Garrick,1919
http://dbpedia.org/resource/Dwayne_Broyles,Dwayne Broyles,1705
http://dbpedia.org/resource/Mokhtar_Ghyaza,Mokhtar Ghyaza,2157
http://dbpedia.org/resource/Edgaras_Stanionis,Edgaras Stanionis,2078
http://dbpedia.org/resource/Peter_Myers_(basketball),Peter Myers (basketball),1817
http://dbpedia.org/resource/Kosta_Perović,Kosta Perović,2229
http://dbpedia.org/resource/Ferran_Laviña,Ferran Laviña,1757
http://dbpedia.org/resource/Rashard_Lewis,Rashard Lewis,1886
http://dbpedia.org/resource/Bob_Christian_(basketball),Bob Christian (basketball),2192
http://dbpedia.org/resource/Roy_Hibbert,Roy Hibbert,2188
http://dbpedia.org/resource/Tex_Ritter_(basketball),Tex Ritter (basketball),2006
http://dbpedia.org/resource/Aron_Baynes,Aron Baynes,1849
http://dbpedia.org/resource/Hakan_Köseoğlu,Hakan Köseoğlu,2134
http://dbpedia.org/resource/Andrea_Conti_(basketball),Andrea Conti (basketball),2103
http://dbpedia.org/resource/Caio_Torres,Caio Torres,2273
http://dbpedia.org/resource/Sergio_De_Randamie,Sergio De Randamie,2156
http://dbpedia.org/resource/Gerald_Lewis_(basketball),Gerald Lewis (basketball),1950
http://dbpedia.org/resource/Phil_Hubbard,Phil Hubbard,2235
http://dbpedia.org/resource/Sam_Cassell,Sam Cassell,2230
http://dbpedia.org/resource/Ian_Sangalang,Ian Sangalang,1944
http://dbpedia.org/resource/Vojdan_Stojanovski,Vojdan Stojanovski,2115
"http://dbpedia.org/resource/Justin_Hamilton_(basketball,_born_1980)","Justin Hamilton (basketball, born 1980)",1968
http://dbpedia.org/resource/Tree_Rollins,Tree Rollins,1778
http://dbpedia.org/resource/Bob_Weiss,Bob Weiss,1907
http://dbpedia.org/resource/Elden_Campbell,Elden Campbell,1795
http://dbpedia.org/resource/Bill_Buntin,Bill Buntin,1801
http://dbpedia.org/resource/Charles_Rhodes,Charles Rhodes,2123
http://dbpedia.org/resource/Ryan_Merkx,Ryan Merkx,2046
http://dbpedia.org/resource/Cierra_Burdick,Cierra Burdick,2029
http://dbpedia.org/resource/Stephen_Curry,Stephen Curry,2067
http://dbpedia.org/resource/Jason_Kapono,Jason Kapono,1929
"http://dbpedia.org/resource/Charles_Smith_(basketball,_born_1975)","Charles Smith (basketball, born 1975)",1735
http://dbpedia.org/resource/Maurice_Whitfield,Maurice Whitfield,1850
http://dbpedia.org/resource/Derrick_Gervin,Derrick Gervin,1926
http://dbpedia.org/resource/Ed_Conlin,Ed Conlin,2149
http://dbpedia.org/resource/Draymond_Green,Draymond Green,2170
http://dbpedia.org/resource/Amir_Amini,Amir Amini,2133
http://dbpedia.org/resource/Ronjay_Buenafe,Ronjay Buenafe,1877
http://dbpedia.org/resource/Larry_Moffett,Larry Moffett,2060
http://dbpedia.org/resource/Elijah_Johnson_(basketball),Elijah Johnson (basketball),2242
http://dbpedia.org/resource/Nadeen_Payne,Nadeen Payne,2253
http://dbpedia.org/resource/Dejan_Musli,Dejan Musli,1826
http://dbpedia.org/resource/Danny_Schayes,Danny Schayes,1786
http://dbpedia.org/resource/Elias_Harris,Elias Harris,2221
http://dbpedia.org/resource/Fisnik_Rugova,Fisnik Rugova,217
http://dbpedia.org/resource/Caron_Butler,Caron Butler,1781
http://dbpedia.org/resource/Stefanie_Dolson,Stefanie Dolson,2019
http://dbpedia.org/resource/Ivan_Todorović_(basketball),Ivan Todorović (basketball),1747
http://dbpedia.org/resource/Karolis_Guščikas,Karolis Guščikas,1916
http://dbpedia.org/resource/Goran_Jagodnik,Goran Jagodnik,2162
http://dbpedia.org/resource/Gilvydas_Biruta,Gilvydas Biruta,1965
http://dbpedia.org/resource/Jesse_Sanders,Jesse Sanders,2183
http://dbpedia.org/resource/Pete_Myers,Pete Myers,2117
http://dbpedia.org/resource/Antonio_Lang,Antonio Lang,2184
http://dbpedia.org/resource/Marcus_Faison,Marcus Faison,1829
http://dbpedia.org/resource/Ron_Rowan,Ron Rowan,1968
http://dbpedia.org/resource/Leo_Barnhorst,Leo Barnhorst,1976
http://dbpedia.org/resource/Matt_Guokas_Sr.,Matt Guokas Sr.,1859
http://dbpedia.org/resource/Rareş_Mandache,Rareş Mandache,1833
http://dbpedia.org/resource/Johnny_Cox,Johnny Cox,1950
http://dbpedia.org/resource/Viktor_Zubkov_(basketball),Viktor Zubkov (basketball),2015
http://dbpedia.org/resource/Mousa_Nabipour,Mousa Nabipour,1916
http://dbpedia.org/resource/Ronald_Murray,Ronald Murray,2032
http://dbpedia.org/resource/Mike_Hall_(basketball),Mike Hall (basketball),1757
http://dbpedia.org/resource/Mangisto_Arop,Mangisto Arop,1938
http://dbpedia.org/resource/Dragoslava_Žakula,Dragoslava Žakula,18
http://dbpedia.org/resource/Emil_Rajković,Emil Rajković,2078
http://dbpedia.org/resource/Román_Martínez_(basketball),Román Martínez (basketball),2083
http://dbpedia.org/resource/Frédéric_Weis,Frédéric Weis,1879
http://dbpedia.org/resource/Nikola_Ivanović,Nikola Ivanović,1831
http://dbpedia.org/resource/Andrea_Crosariol,Andrea Crosariol,1720
http://dbpedia.org/resource/Morlon_Wiley,Morlon Wiley,1851
http://dbpedia.org/resource/Bojan_Radulović,Bojan Radulović,1823
http://dbpedia.org/resource/Fred_House,Fred House,2037
http://dbpedia.org/resource/Vincent_Mendy_(basketball),Vincent Mendy (basketball),2118
http://dbpedia.org/resource/Bob_Love,Bob Love,1911
http://dbpedia.org/resource/Giorgi_Tsintsadze,Giorgi Tsintsadze,1947
"http://dbpedia.org/resource/Corey_Brewer_(basketball,_born_1975)","Corey Brewer (basketball, born 1975)",2271
http://dbpedia.org/resource/Samantha_Logic,Samantha Logic,2101
http://dbpedia.org/resource/Othell_Wilson,Othell Wilson,2267
http://dbpedia.org/resource/Vicky_Bullett,Vicky Bullett,1738
http://dbpedia.org/resource/Horace_Jenkins,Horace Jenkins,1724
http://dbpedia.org/resource/Will_Hudson,Will Hudson,1916
http://dbpedia.org/resource/Bob_Kurland,Bob Kurland,2021
http://dbpedia.org/resource/İnanç_Koç,İnanç Koç,2131
http://dbpedia.org/resource/Harry_Davis_(basketball),Harry Davis (basketball),1732
http://dbpedia.org/resource/Vin_Baker,Vin Baker,2237
http://dbpedia.org/resource/Jodie_Meeks,Jodie Meeks,2009
http://dbpedia.org/resource/Jelena_Ivezić,Jelena Ivezić,1941
http://dbpedia.org/resource/Ron_Baker_(basketball),Ron Baker (basketball),2036
http://dbpedia.org/resource/JaJuan_Johnson,JaJuan Johnson,2285
http://dbpedia.org/resource/Asia_Taylor,Asia Taylor,1725
http://dbpedia.org/resource/Dennis_Rodman,Dennis Rodman,1901
http://dbpedia.org/resource/Dick_Van_Arsdale,Dick Van Arsdale,1791
http://dbpedia.org/resource/Aleksandar_Čubrilo,Aleksandar Čubrilo,2245
http://dbpedia.org/resource/Evers_Burns,Evers Burns,1873
http://dbpedia.org/resource/Matt_Dickey,Matt Dickey,1975
http://dbpedia.org/resource/Ron_Behagen,Ron Behagen,2002
http://dbpedia.org/resource/Chay_Shegog,Chay Shegog,2312
http://dbpedia.org/resource/Casey_Frank,Casey Frank,2049
http://dbpedia.org/resource/Mahmoud_Abdul-Rauf,Mahmoud Abdul-Rauf,1961
http://dbpedia.org/resource/Robert_Sampson_(basketball),Robert Sampson (basketball),1961
http://dbpedia.org/resource/Zhou_Peng_(basketball),Zhou Peng (basketball),2006
http://dbpedia.org/resource/Matthew_Nielsen,Matthew Nielsen,2156
http://dbpedia.org/resource/Anton_Kazarnovski,Anton Kazarnovski,1894
http://dbpedia.org/resource/Aleksei_Tammiste,Aleksei Tammiste,1741
http://dbpedia.org/resource/Merlakia_Jones,Merlakia Jones,2080
http://dbpedia.org/resource/Phil_Sellers,Phil Sellers,1934
http://dbpedia.org/resource/Nikola_Vasić,Nikola Vasić,2168
http://dbpedia.org/resource/George_Tinsley,George Tinsley,2180
http://dbpedia.org/resource/Tamara_Stocks,Tamara Stocks,2148
http://dbpedia.org/resource/Kris_Joseph,Kris Joseph,2221
http://dbpedia.org/resource/Brian_Qvale,Brian Qvale,1733
http://dbpedia.org/resource/Ronald_Dupree,Ronald Dupree,2279
http://dbpedia.org/resource/Damond_Williams,Damond Williams,2167
http://dbpedia.org/resource/Richaun_Holmes,Richaun Holmes,2236
http://dbpedia.org/resource/Jumaine_Jones,Jumaine Jones,1793
http://dbpedia.org/resource/Craig_Callahan,Craig Callahan,2012
http://dbpedia.org/resource/Palmira_Barbosa,Palmira Barbosa,1793
http://dbpedia.org/resource/Nat_Hickey,Nat Hickey,1650
http://dbpedia.org/resource/Bootsy_Thornton,Bootsy Thornton,2113
http://dbpedia.org/resource/Babacar_Camara,Babacar Camara,1759
http://dbpedia.org/resource/Tyrus_Thomas,Tyrus Thomas,2234
http://dbpedia.org/resource/Victor_Pablo,Victor Pablo,2101
http://dbpedia.org/resource/Kšyštof_Lavrinovič,Kšyštof Lavrinovič,1704
http://dbpedia.org/resource/Bill_Martin_(basketball),Bill Martin (basketball),2254
http://dbpedia.org/resource/Derek_Fisher,Derek Fisher,1984
http://dbpedia.org/resource/Tauras_Stumbrys,Tauras Stumbrys,1856
http://dbpedia.org/resource/Sam_Muldrow,Sam Muldrow,1804
http://dbpedia.org/resource/Ernests_Kalve,Ernests Kalve,2230
http://dbpedia.org/resource/Marouan_Laghnej,Marouan Laghnej,2088
http://dbpedia.org/resource/Cedric_Maxwell,Cedric Maxwell,1920
http://dbpedia.org/resource/Halil_Kanacević,Halil Kanacević,2279
http://dbpedia.org/resource/Patrick_Ewing_Jr.,Patrick Ewing Jr.,2014
http://dbpedia.org/resource/John_Brisker,John Brisker,1758
http://dbpedia.org/resource/Laurence_Ekperigin,Laurence Ekperigin,1941
http://dbpedia.org/resource/David_Hawkins_(basketball),David Hawkins (basketball),2124
http://dbpedia.org/resource/Gustavo_Barrera,Gustavo Barrera,1842
"http://dbpedia.org/resource/Cedric_Henderson_(basketball,_born_1975)","Cedric Henderson (basketball, born 1975)",1993
http://dbpedia.org/resource/İbrahim_Kutluay,İbrahim Kutluay,1842
http://dbpedia.org/resource/Hollis_Copeland,Hollis Copeland,1809
http://dbpedia.org/resource/Tom_Sluby,Tom Sluby,1782
http://dbpedia.org/resource/Price_Brookfield,Price Brookfield,1676
http://dbpedia.org/resource/Gerald_Madkins,Gerald Madkins,1961
http://dbpedia.org/resource/Arvydas_Šikšnius,Arvydas Šikšnius,2241
http://dbpedia.org/resource/Briann_January,Briann January,2058
http://dbpedia.org/resource/Rashad_Vaughn,Rashad Vaughn,1908
http://dbpedia.org/resource/Billy_White_(basketball),Billy White (basketball),2067
http://dbpedia.org/resource/Yousif_Aljamal,Yousif Aljamal,1930
http://dbpedia.org/resource/Mehmet_Ali_Yatağan,Mehmet Ali Yatağan,2226
http://dbpedia.org/resource/Ralph_O'Brien,Ralph O'Brien,1748
http://dbpedia.org/resource/Guy_Goodes,Guy Goodes,2168
http://dbpedia.org/resource/Wally_Szczerbiak,Wally Szczerbiak,2019
http://dbpedia.org/resource/Courtney_Clements,Courtney Clements,1743
http://dbpedia.org/resource/Brady_Heslip,Brady Heslip,1773
http://dbpedia.org/resource/Phil_Smyth,Phil Smyth,2194
http://dbpedia.org/resource/Roy_Pugh,Roy Pugh,1753
http://dbpedia.org/resource/Amber_Harris,Amber Harris,1831
http://dbpedia.org/resource/Wei_Jian_Hong,Wei Jian Hong,1919
http://dbpedia.org/resource/Bob_Riedy,Bob Riedy,2065
http://dbpedia.org/resource/Hanno_Möttölä,Hanno Möttölä,1847
http://dbpedia.org/resource/Howie_Janotta,Howie Janotta,2118
http://dbpedia.org/resource/David_Wesley,David Wesley,2181
http://dbpedia.org/resource/Filippos_Moschovitis,Filippos Moschovitis,1754
http://dbpedia.org/resource/Rakeem_Christmas,Rakeem Christmas,2206
http://dbpedia.org/resource/Javi_Salgado,Javi Salgado,2274
http://dbpedia.org/resource/Isaiah_Canaan,Isaiah Canaan,2092
http://dbpedia.org/resource/Attarius_Norwood,Attarius Norwood,2171
http://dbpedia.org/resource/Brian_Howard_(basketball),Brian Howard (basketball),1759
http://dbpedia.org/resource/Chris_Fleming_(basketball),Chris Fleming (basketball),1949
"http://dbpedia.org/resource/Marvin_Williams_(basketball,_born_1993)","Marvin Williams (basketball, born 1993)",2145
http://dbpedia.org/resource/Gordana_Bogojević,Gordana Bogojević,1737
http://dbpedia.org/resource/Jayne_Appel,Jayne Appel,1882
http://dbpedia.org/resource/Coleman_Collins,Coleman Collins,2145
http://dbpedia.org/resource/Med_Park,Med Park,1977
http://dbpedia.org/resource/Mindaugas_Kačinas,Mindaugas Kačinas,2065
http://dbpedia.org/resource/Mick_Hill_(basketball),Mick Hill (basketball),2255
http://dbpedia.org/resource/Lou_Roe,Lou Roe,2144
http://dbpedia.org/resource/Andrew_Parkinson_(basketball),Andrew Parkinson (basketball),1705
http://dbpedia.org/resource/Adrián_Zamora,Adrián Zamora,1724
http://dbpedia.org/resource/Damen_Bell-Holter,Damen Bell-Holter,1945
http://dbpedia.org/resource/Bill_Hanzlik,Bill Hanzlik,2229
http://dbpedia.org/resource/Lamine_Kanté,Lamine Kanté,1740
http://dbpedia.org/resource/Jeff_Horner,Jeff Horner,2214
http://dbpedia.org/resource/Luca_Ivanković,Luca Ivanković,1746
http://dbpedia.org/resource/Melvin_Ely,Melvin Ely,1774
http://dbpedia.org/resource/Diego_Ciorciari,Diego Ciorciari,1831
http://dbpedia.org/resource/Butch_Lee,Butch Lee,1702
http://dbpedia.org/resource/Brandon_Knight_(basketball),Brandon Knight (basketball),1916
http://dbpedia.org/resource/Jason_Conrad,Jason Conrad,2292
http://dbpedia.org/resource/Dairese_Gary,Dairese Gary,2001
http://dbpedia.org/resource/Jabari_Parker,Jabari Parker,1833
http://dbpedia.org/resource/Earl_Tatum,Earl Tatum,2016
http://dbpedia.org/resource/Ed_Beach,Ed Beach,1770
http://dbpedia.org/resource/Evan_Turner,Evan Turner,2103
http://dbpedia.org/resource/Jamal_Olasewere,Jamal Olasewere,2101
http://dbpedia.org/resource/Bimbo_Coles,Bimbo Coles,1875
http://dbpedia.org/resource/Archie_Clark_(basketball),Archie Clark (basketball),1752
http://dbpedia.org/resource/Thon_Maker,Thon Maker,2260
http://dbpedia.org/resource/Bill_Amis,Bill Amis,2118
http://dbpedia.org/resource/Glen_Rice,Glen Rice,2123
http://dbpedia.org/resource/Dimitar_Angelov,Dimitar Angelov,1720
http://dbpedia.org/resource/Wee_Willie_Smith,Wee Willie Smith,2138
http://dbpedia.org/resource/Chris_Timberlake,Chris Timberlake,1813
http://dbpedia.org/resource/Novica_Veličković,Novica Veličković,2183
http://dbpedia.org/resource/Marko_Čakarević,Marko Čakarević,2162
http://dbpedia.org/resource/Jānis_Blūms,Jānis Blūms,2195
http://dbpedia.org/resource/Eric_Atkins,Eric Atkins,2015
http://dbpedia.org/resource/Giannis_Giannoulis,Giannis Giannoulis,2140
http://dbpedia.org/resource/Aneika_Henry,Aneika Henry,1733
http://dbpedia.org/resource/Pape_Sy,Pape Sy,1712
http://dbpedia.org/resource/Em_Bryant,Em Bryant,2168
http://dbpedia.org/resource/Spider_Bennett,Spider Bennett,1774
http://dbpedia.org/resource/Terrell_Brandon,Terrell Brandon,1982
http://dbpedia.org/resource/Aleksey_Savrasenko,Aleksey Savrasenko,2148
http://dbpedia.org/resource/Vassil_Evtimov,Vassil Evtimov,1774
http://dbpedia.org/resource/Kristina_Raković,Kristina Raković,1877
http://dbpedia.org/resource/Giorgos_Danas,Giorgos Danas,2111
http://dbpedia.org/resource/Farhiya_Abdi,Farhiya Abdi,2218
http://dbpedia.org/resource/Ann_Wauters,Ann Wauters,1847
http://dbpedia.org/resource/Earl_Shannon,Earl Shannon,1744
http://dbpedia.org/resource/Jonathan_Gibson_(basketball),Jonathan Gibson (basketball),2063
http://dbpedia.org/resource/Davide_Pascolo,Davide Pascolo,1763
http://dbpedia.org/resource/Marcus_Webb,Marcus Webb,1789
http://dbpedia.org/resource/Timofey_Mozgov,Timofey Mozgov,1781
http://dbpedia.org/resource/Mike_Gibson_(basketball),Mike Gibson (basketball),2083
http://dbpedia.org/resource/Stefan_Peno,Stefan Peno,1713
http://dbpedia.org/resource/Cliff_Barker,Cliff Barker,2031
http://dbpedia.org/resource/Don_Bielke,Don Bielke,2097
http://dbpedia.org/resource/Dainius_Šalenga,Dainius Šalenga,2266
http://dbpedia.org/resource/Alexander_Belov,Alexander Belov,1693
http://dbpedia.org/resource/Arvydas_Eitutavičius,Arvydas Eitutavičius,1937
http://dbpedia.org/resource/Harvey_Marlatt,Harvey Marlatt,1928
http://dbpedia.org/resource/Marko_Ljubičić,Marko Ljubičić,2248
http://dbpedia.org/resource/Kerem_Özkan,Kerem Özkan,2226
http://dbpedia.org/resource/Keith_Erickson,Keith Erickson,1772
http://dbpedia.org/resource/Harold_Sergent,Harold Sergent,2039
http://dbpedia.org/resource/Fran_Harris,Fran Harris,2157
http://dbpedia.org/resource/Tellis_Frank,Tellis Frank,2135
http://dbpedia.org/resource/Franz_Pumaren,Franz Pumaren,2079
http://dbpedia.org/resource/Frank_Gaines_(basketball),Frank Gaines (basketball),1801
http://dbpedia.org/resource/Eric_Buckner,Eric Buckner,1920
http://dbpedia.org/resource/Mekeli_Wesley,Mekeli Wesley,2027
http://dbpedia.org/resource/Pavel_Marinov,Pavel Marinov,2033
http://dbpedia.org/resource/Igor_Mihajlovski,Igor Mihajlovski,1703
http://dbpedia.org/resource/Akeem_Ellis,Akeem Ellis,1970
http://dbpedia.org/resource/Quinton_Ross,Quinton Ross,2281
http://dbpedia.org/resource/Ricardo_Glenn,Ricardo Glenn,2196
http://dbpedia.org/resource/Kostas_Papanikolaou,Kostas Papanikolaou,2173
http://dbpedia.org/resource/Bader_Makki,Bader Makki,1973
http://dbpedia.org/resource/Gareth_Dawson,Gareth Dawson,2000
http://dbpedia.org/resource/LeRoy_Ellis,LeRoy Ellis,1835
http://dbpedia.org/resource/Andrej_Džaković,Andrej Džaković,2025
http://dbpedia.org/resource/Keith_Booth,Keith Booth,2046
http://dbpedia.org/resource/Tim_Thomas_(basketball),Tim Thomas (basketball),1735
http://dbpedia.org/resource/Zhao_Jiwei,Zhao Jiwei,1915
http://dbpedia.org/resource/Sylvia_Fowles,Sylvia Fowles,1781
http://dbpedia.org/resource/Faruk_Kulenović,Faruk Kulenović,1749
http://dbpedia.org/resource/Jorge_Gutiérrez_(basketball),Jorge Gutiérrez (basketball),2212
http://dbpedia.org/resource/Corey_Brewer,Corey Brewer,1766
http://dbpedia.org/resource/Myck_Kabongo,Myck Kabongo,2218
http://dbpedia.org/resource/John_Allen_(basketball),John Allen (basketball),1765
http://dbpedia.org/resource/Ward_Williams,Ward Williams,1895
http://dbpedia.org/resource/Angelos_Tsamis,Angelos Tsamis,2299
http://dbpedia.org/resource/Tate_George,Tate George,1695
http://dbpedia.org/resource/Ben_McDonald_(basketball),Ben McDonald (basketball),2009
http://dbpedia.org/resource/Augustus_Gilchrist,Augustus Gilchrist,2257
http://dbpedia.org/resource/Leon_Wood,Leon Wood,2260
http://dbpedia.org/resource/Jack_McClinton,Jack McClinton,2000
http://dbpedia.org/resource/Jessey_Voorn,Jessey Voorn,2208
http://dbpedia.org/resource/Elgin_Cook,Elgin Cook,1872
http://dbpedia.org/resource/Paul_Miller_(basketball),Paul Miller (basketball),1710
http://dbpedia.org/resource/Saša_Zagorac,Saša Zagorac,1880
http://dbpedia.org/resource/Ike_Azotam,Ike Azotam,1746
http://dbpedia.org/resource/Randal_Falker,Randal Falker,2221
http://dbpedia.org/resource/Ainsley_Walsh,Ainsley Walsh,2220
http://dbpedia.org/resource/Jimbo_Aquino,Jimbo Aquino,2157
http://dbpedia.org/resource/Ralf_de_Pagter,Ralf de Pagter,1758
http://dbpedia.org/resource/Jarrius_Jackson,Jarrius Jackson,2260
http://dbpedia.org/resource/Milica_Dabović,Milica Dabović,2149
http://dbpedia.org/resource/Robert_Loe,Robert Loe,1777
http://dbpedia.org/resource/Khalid_El-Amin,Khalid El-Amin,1788
http://dbpedia.org/resource/Olavi_Ahonen_(basketball),Olavi Ahonen (basketball),2247
http://dbpedia.org/resource/Jin_Lipeng,Jin Lipeng,1845
http://dbpedia.org/resource/Cavell_Johnson,Cavell Johnson,1966
http://dbpedia.org/resource/Maik_Zirbes,Maik Zirbes,2104
http://dbpedia.org/resource/Jerry_Beck_(basketball),Jerry Beck (basketball),2057
http://dbpedia.org/resource/Sean_Elliott,Sean Elliott,1899
http://dbpedia.org/resource/Lorenzo_Charles,Lorenzo Charles,2006
http://dbpedia.org/resource/Damir_Markota,Damir Markota,1892
http://dbpedia.org/resource/Shawn_Taggart,Shawn Taggart,2183
http://dbpedia.org/resource/Jack_Toomay,Jack Toomay,2120
http://dbpedia.org/resource/Ognjen_Aškrabić,Ognjen Aškrabić,2229
http://dbpedia.org/resource/Josh_McRoberts,Josh McRoberts,1708
http://dbpedia.org/resource/Sherron_Mills,Sherron Mills,2279
http://dbpedia.org/resource/Julius_Randle,Julius Randle,1771
http://dbpedia.org/resource/Francisco_García_(basketball),Francisco García (basketball),1943
http://dbpedia.org/resource/David_Arseneault_Jr.,David Arseneault Jr.,1966
http://dbpedia.org/resource/Cuonzo_Martin,Cuonzo Martin,2170
http://dbpedia.org/resource/Žan_Tabak,Žan Tabak,2190
http://dbpedia.org/resource/Kennedy_McIntosh,Kennedy McIntosh,2151
http://dbpedia.org/resource/Oliver_Popović,Oliver Popović,1827
http://dbpedia.org/resource/Tim_Blue,Tim Blue,1836
http://dbpedia.org/resource/Joe_Roberts_(basketball),Joe Roberts (basketball),2229
http://dbpedia.org/resource/Ted_Manakas,Ted Manakas,1835
http://dbpedia.org/resource/Harry_Donovan,Harry Donovan,2121
http://dbpedia.org/resource/Ron_Feiereisel,Ron Feiereisel,1745
http://dbpedia.org/resource/Darrell_Armstrong,Darrell Armstrong,2163
http://dbpedia.org/resource/Matija_Češković,Matija Češković,1762
http://dbpedia.org/resource/Riccardo_Cervi,Riccardo Cervi,2068
http://dbpedia.org/resource/Barry_Clemens,Barry Clemens,2047
http://dbpedia.org/resource/Teddy_Apriyana_Romadonsyah,Teddy Apriyana Romadonsyah,1861
http://dbpedia.org/resource/Hassan_Whiteside,Hassan Whiteside,2157
http://dbpedia.org/resource/James_Michael_McAdoo,James Michael McAdoo,2301
http://dbpedia.org/resource/Ante_Krapić,Ante Krapić,2278
http://dbpedia.org/resource/Keyon_Dooling,Keyon Dooling,2235
http://dbpedia.org/resource/Tyler_Haws,Tyler Haws,2147
http://dbpedia.org/resource/Simonas_Kymantas,Simonas Kymantas,2170
http://dbpedia.org/resource/Trevor_Booker,Trevor Booker,1900
http://dbpedia.org/resource/Josip_Sesar,Josip Sesar,2203
http://dbpedia.org/resource/Greg_Graham,Greg Graham,1888
http://dbpedia.org/resource/Isaac_Spencer,Isaac Spencer,2198
http://dbpedia.org/resource/Ricky_Calimag,Ricky Calimag,1873
http://dbpedia.org/resource/Tony_Delk,Tony Delk,2204
http://dbpedia.org/resource/C._J._Reed,C. J. Reed,2013
http://dbpedia.org/resource/Brian_Heruela,Brian Heruela,1902
http://dbpedia.org/resource/Alex_Gynes,Alex Gynes,1723
http://dbpedia.org/resource/Akis_Kallinikidis,Akis Kallinikidis,1730
http://dbpedia.org/resource/Atoy_Co,Atoy Co,2135
http://dbpedia.org/resource/Kerryn_Harrington,Kerryn Harrington,2094
http://dbpedia.org/resource/Joe_Arlauckas,Joe Arlauckas,1800
http://dbpedia.org/resource/Jay_Bilas,Jay Bilas,1829
http://dbpedia.org/resource/J._J._Anderson,J. J. Anderson,2212
http://dbpedia.org/resource/Tarik_Black,Tarik Black,2128
http://dbpedia.org/resource/Bill_Walton,Bill Walton,2194
http://dbpedia.org/resource/Frankie_Sanders,Frankie Sanders,2209
http://dbpedia.org/resource/Dmitri_Sokolov_(basketball),Dmitri Sokolov (basketball),1800
http://dbpedia.org/resource/Seth_Curry,Seth Curry,2152
http://dbpedia.org/resource/Can_Maxim_Mutaf,Can Maxim Mutaf,2086
http://dbpedia.org/resource/Kiril_Nikolovski,Kiril Nikolovski,2206
http://dbpedia.org/resource/Carlos_Cabezas,Carlos Cabezas,2279
http://dbpedia.org/resource/Jerry_Codiñera,Jerry Codiñera,2194
http://dbpedia.org/resource/Kim_Joo-sung_(basketball),Kim Joo-sung (basketball),1930
http://dbpedia.org/resource/Carmelo_Antrone_Lee,Carmelo Antrone Lee,1702
http://dbpedia.org/resource/Jerod_Ward,Jerod Ward,1962
http://dbpedia.org/resource/Pace_Mannion,Pace Mannion,1844
http://dbpedia.org/resource/Walt_Davis,Walt Davis,2242
http://dbpedia.org/resource/George_Blaney,George Blaney,2051
http://dbpedia.org/resource/Kyrie_Irving,Kyrie Irving,1768
http://dbpedia.org/resource/Dmitry_Kulagin,Dmitry Kulagin,2045
http://dbpedia.org/resource/Dexter_Strickland,Dexter Strickland,1770
http://dbpedia.org/resource/Rony_Seikaly,Rony Seikaly,2258
http://dbpedia.org/resource/Rashad_Jones-Jennings,Rashad Jones-Jennings,1896
http://dbpedia.org/resource/Max_van_Schaik,Max van Schaik,1900
http://dbpedia.org/resource/Felipe_Reyes,Felipe Reyes,2244
http://dbpedia.org/resource/Radoslav_Nesterović,Radoslav Nesterović,1713
http://dbpedia.org/resource/Sven_Kaldre,Sven Kaldre,2091
http://dbpedia.org/resource/Andre_Riddick,Andre Riddick,2012
"http://dbpedia.org/resource/Charles_Jones_(basketball,_born_1957)","Charles Jones (basketball, born 1957)",2005
http://dbpedia.org/resource/Lynn_Greer,Lynn Greer,2195
http://dbpedia.org/resource/Sariye_Kumral,Sariye Kumral,1744
http://dbpedia.org/resource/Keith_Simmons,Keith Simmons,2195
http://dbpedia.org/resource/Johannes_Voigtmann,Johannes Voigtmann,2289
http://dbpedia.org/resource/Reggie_Jordan,Reggie Jordan,1818
http://dbpedia.org/resource/Felizarda_Jorge,Felizarda Jorge,2057
"http://dbpedia.org/resource/John_Brown_(basketball,_born_1992)","John Brown (basketball, born 1992)",1782
http://dbpedia.org/resource/Jerime_Anderson,Jerime Anderson,1796
http://dbpedia.org/resource/Demonte_Harper,Demonte Harper,1760
http://dbpedia.org/resource/Micheal_Williams,Micheal Williams,1762
http://dbpedia.org/resource/José_Calderón_(basketball),José Calderón (basketball),1941
http://dbpedia.org/resource/Sim_Bhullar,Sim Bhullar,1923
http://dbpedia.org/resource/Art_Becker,Art Becker,1675
http://dbpedia.org/resource/Shavlik_Randolph,Shavlik Randolph,1951
http://dbpedia.org/resource/Albert_Burditt,Albert Burditt,2208
http://dbpedia.org/resource/Reggie_Theus,Reggie Theus,2005
http://dbpedia.org/resource/Nestoras_Kommatos,Nestoras Kommatos,2237
http://dbpedia.org/resource/Jasmine_Gill,Jasmine Gill,18
http://dbpedia.org/resource/Ivo_Nakić,Ivo Nakić,2092
http://dbpedia.org/resource/Rob_Wainwright_(basketball),Rob Wainwright (basketball),1813
http://dbpedia.org/resource/Lou_Hudson,Lou Hudson,2159
http://dbpedia.org/resource/Zydrunas_Ilgauskas,Zydrunas Ilgauskas,2149
http://dbpedia.org/resource/Guido_Grünheid,Guido Grünheid,2292
http://dbpedia.org/resource/Anna_Cruz,Anna Cruz,2161
http://dbpedia.org/resource/Dimeo_van_der_Horst,Dimeo van der Horst,2008
http://dbpedia.org/resource/Amir_Saoud,Amir Saoud,2189
http://dbpedia.org/resource/Daniel_Theis,Daniel Theis,1866
http://dbpedia.org/resource/Jimmy_Santos_(actor),Jimmy Santos (actor),2003
http://dbpedia.org/resource/Stephanie_Bairstow,Stephanie Bairstow,2297
http://dbpedia.org/resource/Worthy_de_Jong,Worthy de Jong,2063
http://dbpedia.org/resource/Corky_Calhoun,Corky Calhoun,1821
http://dbpedia.org/resource/Odie_Spears,Odie Spears,1963
http://dbpedia.org/resource/Juan'ya_Green,Juan'ya Green,1866
http://dbpedia.org/resource/Georgios_Tsalmpouris,Georgios Tsalmpouris,2293
http://dbpedia.org/resource/Michael_Mokongo,Michael Mokongo,2178
http://dbpedia.org/resource/Will_Clyburn,Will Clyburn,2067
http://dbpedia.org/resource/Andre_Miller,Andre Miller,2276
http://dbpedia.org/resource/Dick_Cunningham,Dick Cunningham,2129
http://dbpedia.org/resource/Nikos_Angelopoulos,Nikos Angelopoulos,2301
http://dbpedia.org/resource/Natalie_Novosel,Natalie Novosel,2120
http://dbpedia.org/resource/Paul_Hoffman_(basketball),Paul Hoffman (basketball),2167
http://dbpedia.org/resource/T._J._Sorrentine,T. J. Sorrentine,1756
http://dbpedia.org/resource/Michale_Kyser,Michale Kyser,2174
http://dbpedia.org/resource/Al_Tucker,Al Tucker,2153
http://dbpedia.org/resource/Stan_McKenzie,Stan McKenzie,1781
http://dbpedia.org/resource/Marcus_Denmon,Marcus Denmon,1989
http://dbpedia.org/resource/Muhamed_Tači,Muhamed Tači,1875
http://dbpedia.org/resource/Betty_Lennox,Betty Lennox,2037
http://dbpedia.org/resource/George_Banks_(basketball),George Banks (basketball),1759
http://dbpedia.org/resource/Jeff_Wilkins_(basketball),Jeff Wilkins (basketball),2204
http://dbpedia.org/resource/Joe_Hamilton_(basketball),Joe Hamilton (basketball),2179
http://dbpedia.org/resource/Richard_Jefferson,Richard Jefferson,2266
http://dbpedia.org/resource/Mustafa_Abi,Mustafa Abi,2217
http://dbpedia.org/resource/Jayson_Williams,Jayson Williams,2080
http://dbpedia.org/resource/Bong_Ravena,Bong Ravena,2232
http://dbpedia.org/resource/Robert_Hite,Robert Hite,2105
http://dbpedia.org/resource/Jonathan_Aka,Jonathan Aka,2014
http://dbpedia.org/resource/Wally_Anderzunas,Wally Anderzunas,2039
http://dbpedia.org/resource/Pero_Dujmović,Pero Dujmović,2115
http://dbpedia.org/resource/Yousef_Taha,Yousef Taha,2100
http://dbpedia.org/resource/Harvey_Grant,Harvey Grant,1908
http://dbpedia.org/resource/Rubén_Wolkowyski,Rubén Wolkowyski,2155
http://dbpedia.org/resource/Anatoli_Krikun,Anatoli Krikun,2187
http://dbpedia.org/resource/Doug_Overton,Doug Overton,1749
http://dbpedia.org/resource/Marlon_Maxey,Marlon Maxey,2065
http://dbpedia.org/resource/Norm_Nixon,Norm Nixon,1693
http://dbpedia.org/resource/Dimitris_Flionis,Dimitris Flionis,2290
http://dbpedia.org/resource/Dominique_Wilkins,Dominique Wilkins,1979
http://dbpedia.org/resource/Layshia_Clarendon,Layshia Clarendon,1863
http://dbpedia.org/resource/Chavis_Holmes,Chavis Holmes,2266
http://dbpedia.org/resource/Carlos_Powell,Carlos Powell,2239
http://dbpedia.org/resource/Erron_Maxey,Erron Maxey,2014
http://dbpedia.org/resource/Rick_Mount,Rick Mount,1953
http://dbpedia.org/resource/Dion_Dixon,Dion Dixon,2296
http://dbpedia.org/resource/Lefteris_Bochoridis,Lefteris Bochoridis,1963
http://dbpedia.org/resource/Tadas_Klimavičius,Tadas Klimavičius,1990
http://dbpedia.org/resource/Terrance_Ferguson,Terrance Ferguson,1919
http://dbpedia.org/resource/Jordan_Mickey,Jordan Mickey,1941
http://dbpedia.org/resource/Chris_Commons_(basketball),Chris Commons (basketball),2173
http://dbpedia.org/resource/Mike_Barr_(basketball),Mike Barr (basketball),2251
http://dbpedia.org/resource/Melvin_Booker,Melvin Booker,1823
http://dbpedia.org/resource/Manix_Auriantal,Manix Auriantal,2275
http://dbpedia.org/resource/Elton_Brand,Elton Brand,1921
http://dbpedia.org/resource/Henry_Walker_(basketball),Henry Walker (basketball),2183
http://dbpedia.org/resource/Antoine_Carr,Antoine Carr,1977
http://dbpedia.org/resource/Sid_Catlett_(basketball),Sid Catlett (basketball),1852
http://dbpedia.org/resource/Ish_Smith,Ish Smith,2184
http://dbpedia.org/resource/Scott_Armstrong_(basketball),Scott Armstrong (basketball),2196
http://dbpedia.org/resource/Marreese_Speights,Marreese Speights,2257
http://dbpedia.org/resource/Lauren_Thomas-Johnson,Lauren Thomas-Johnson,22
http://dbpedia.org/resource/Davion_Berry,Davion Berry,1828
http://dbpedia.org/resource/Ron_Lewis_(basketball),Ron Lewis (basketball),2018
http://dbpedia.org/resource/Mathieu_Wojciechowski,Mathieu Wojciechowski,1864
http://dbpedia.org/resource/Jahlil_Okafor,Jahlil Okafor,1944
http://dbpedia.org/resource/Johnny_Taylor_(basketball),Johnny Taylor (basketball),2253
http://dbpedia.org/resource/Mladen_Pantić,Mladen Pantić,2201
http://dbpedia.org/resource/Samet_Geyik,Samet Geyik,2277
http://dbpedia.org/resource/Donald_Sims,Donald Sims,2023
http://dbpedia.org/resource/Sonny_Cabatu,Sonny Cabatu,2062
http://dbpedia.org/resource/Ângelo_Victoriano,Ângelo Victoriano,1923
http://dbpedia.org/resource/Simo_Atanacković,Simo Atanacković,2206
http://dbpedia.org/resource/Samigue_Eman,Samigue Eman,1854
http://dbpedia.org/resource/Jim_Holstein,Jim Holstein,1939
http://dbpedia.org/resource/Antonio_Ballard,Antonio Ballard,1820
http://dbpedia.org/resource/Travis_Best,Travis Best,1812
http://dbpedia.org/resource/Rich_Jones_(basketball),Rich Jones (basketball),2003
http://dbpedia.org/resource/Thomas_Jackson_(basketball),Thomas Jackson (basketball),2223
http://dbpedia.org/resource/Jermaine_Love,Jermaine Love,1881
http://dbpedia.org/resource/LaMarcus_Aldridge,LaMarcus Aldridge,2097
http://dbpedia.org/resource/Lionel_Billingy,Lionel Billingy,2120
http://dbpedia.org/resource/Kelly_Mazzante,Kelly Mazzante,1919
http://dbpedia.org/resource/Michael_Cage,Michael Cage,1881
http://dbpedia.org/resource/Steve_Rogers_(basketball),Steve Rogers (basketball),2012
http://dbpedia.org/resource/Slaven_Čupković,Slaven Čupković,2254
http://dbpedia.org/resource/Vincent_Collet,Vincent Collet,2129
http://dbpedia.org/resource/Jon_Kreft,Jon Kreft,2229
http://dbpedia.org/resource/Jordan_Railey,Jordan Railey,1857
"http://dbpedia.org/resource/Mike_Green_(basketball,_born_1951)","Mike Green (basketball, born 1951)",2003
http://dbpedia.org/resource/Kristjan_Makke,Kristjan Makke,1821
http://dbpedia.org/resource/Cindy_Blodgett,Cindy Blodgett,2073
http://dbpedia.org/resource/Andrea_Renzi_(basketball),Andrea Renzi (basketball),1903
http://dbpedia.org/resource/Trey_Freeman,Trey Freeman,2223
http://dbpedia.org/resource/Al-Farouq_Aminu,Al-Farouq Aminu,2107
http://dbpedia.org/resource/Earl_Clark,Earl Clark,2147
http://dbpedia.org/resource/Rod_Brown,Rod Brown,2018
http://dbpedia.org/resource/Mirza_Delibašić,Mirza Delibašić,1808
http://dbpedia.org/resource/Eddie_Basden,Eddie Basden,2009
http://dbpedia.org/resource/Caldwell_Jones,Caldwell Jones,2236
http://dbpedia.org/resource/Ronnie_Price,Ronnie Price,1765
http://dbpedia.org/resource/Nnanna_Egwu,Nnanna Egwu,2174
http://dbpedia.org/resource/Pong_Escobal,Pong Escobal,1864
http://dbpedia.org/resource/Kevon_Looney,Kevon Looney,1836
http://dbpedia.org/resource/Dan_Kraus,Dan Kraus,1998
http://dbpedia.org/resource/Dusty_Rychart,Dusty Rychart,2235
http://dbpedia.org/resource/Christos_Tapoutos,Christos Tapoutos,1929
http://dbpedia.org/resource/Doron_Lamb,Doron Lamb,1923
http://dbpedia.org/resource/Thaddeus_Young,Thaddeus Young,1761
http://dbpedia.org/resource/Steve_Hamer,Steve Hamer,2273
http://dbpedia.org/resource/Dimitrios_Katiakos,Dimitrios Katiakos,2088
http://dbpedia.org/resource/Albena_Branzova,Albena Branzova,21
http://dbpedia.org/resource/Larry_Nance,Larry Nance,1990
http://dbpedia.org/resource/Ricky_Minard,Ricky Minard,1776
http://dbpedia.org/resource/Brynjar_Bjornsson,Brynjar Bjornsson,1908
http://dbpedia.org/resource/Greg_Slaughter,Greg Slaughter,2105
http://dbpedia.org/resource/Jarell_Martin,Jarell Martin,1714
http://dbpedia.org/resource/Rich_Kelley,Rich Kelley,1992
http://dbpedia.org/resource/David_Holston,David Holston,2270
http://dbpedia.org/resource/Takuya_Kawamura,Takuya Kawamura,2242
http://dbpedia.org/resource/Sean_Singletary,Sean Singletary,1859
http://dbpedia.org/resource/Andrianos_Perdikaris,Andrianos Perdikaris,2281
http://dbpedia.org/resource/Tammy_Sutton-Brown,Tammy Sutton-Brown,1973
http://dbpedia.org/resource/Bob_Cousy,Bob Cousy,1835
http://dbpedia.org/resource/Corey_Beck,Corey Beck,1705
http://dbpedia.org/resource/Ty_Lawson,Ty Lawson,2231
http://dbpedia.org/resource/Pablo_Prigioni,Pablo Prigioni,1970
http://dbpedia.org/resource/Donald_Whiteside,Donald Whiteside,2262
http://dbpedia.org/resource/Sam_Vincent,Sam Vincent,2268
http://dbpedia.org/resource/JaKarr_Sampson,JaKarr Sampson,2223
http://dbpedia.org/resource/Michael_Takahashi,Michael Takahashi,1812
http://dbpedia.org/resource/Alisa_Burras,Alisa Burras,1988
http://dbpedia.org/resource/B._H._Born,B. H. Born,1883
http://dbpedia.org/resource/Chamberlain_Oguchi,Chamberlain Oguchi,1943
http://dbpedia.org/resource/Dimitar_Mirakovski,Dimitar Mirakovski,2120
http://dbpedia.org/resource/Chris_Mullin_(basketball),Chris Mullin (basketball),2247
http://dbpedia.org/resource/Kristofer_Acox,Kristofer Acox,2062
"http://dbpedia.org/resource/Dave_Simmons_(basketball,_born_1963)","Dave Simmons (basketball, born 1963)",2138
http://dbpedia.org/resource/Chuck_Noble,Chuck Noble,2240
http://dbpedia.org/resource/Nikola_Prkačin,Nikola Prkačin,1803
http://dbpedia.org/resource/Iva_Todorić,Iva Todorić,1997
http://dbpedia.org/resource/Can_Akın,Can Akın,1852
http://dbpedia.org/resource/Gerald_Paddio,Gerald Paddio,2017
http://dbpedia.org/resource/Eric_Boateng,Eric Boateng,1793
http://dbpedia.org/resource/Erik_Daniels,Erik Daniels,2261
http://dbpedia.org/resource/Aleks_Marić,Aleks Marić,1938
http://dbpedia.org/resource/Keith_Bogans,Keith Bogans,2106
http://dbpedia.org/resource/Paolo_Bugia,Paolo Bugia,2198
http://dbpedia.org/resource/Benjamin_Cleofas,Benjamin Cleofas,2181
http://dbpedia.org/resource/Riego_Gamalinda,Riego Gamalinda,2069
http://dbpedia.org/resource/Rashad_McCants,Rashad McCants,1882
http://dbpedia.org/resource/Alexander_Zakharov_(basketball),Alexander Zakharov (basketball),2112
http://dbpedia.org/resource/Mike_Vreeswyk,Mike Vreeswyk,2083
http://dbpedia.org/resource/Daniel_Kickert,Daniel Kickert,2181
http://dbpedia.org/resource/Joe_Johnson_(basketball),Joe Johnson (basketball),2208
http://dbpedia.org/resource/Maurice_Ndour,Maurice Ndour,2309
http://dbpedia.org/resource/Julius_Nwosu,Julius Nwosu,2158
http://dbpedia.org/resource/Francis_Arnaiz,Francis Arnaiz,2174
http://dbpedia.org/resource/Erick_Barkley,Erick Barkley,1780
http://dbpedia.org/resource/Jacinta_Kennedy,Jacinta Kennedy,2105
http://dbpedia.org/resource/Robby_Bostain,Robby Bostain,2028
http://dbpedia.org/resource/Ricky_Marsh,Ricky Marsh,1828
http://dbpedia.org/resource/James_Robinson_(basketball),James Robinson (basketball),1717
http://dbpedia.org/resource/Anton_Ponomarev,Anton Ponomarev,1937
http://dbpedia.org/resource/Selem_Safar,Selem Safar,2024
http://dbpedia.org/resource/Nicole_Ohlde,Nicole Ohlde,2040
http://dbpedia.org/resource/Jelena_Ćulafić,Jelena Ćulafić,1863
http://dbpedia.org/resource/Zoran_Vrkić,Zoran Vrkić,2099
http://dbpedia.org/resource/Ken_Boyd_(basketball),Ken Boyd (basketball),2237
http://dbpedia.org/resource/Jacqui_Zelenka,Jacqui Zelenka,1944
http://dbpedia.org/resource/Joakim_Kjellbom,Joakim Kjellbom,2088
http://dbpedia.org/resource/Friðrik_Erlendur_Stefánsson,Friðrik Erlendur Stefánsson,2029
http://dbpedia.org/resource/Hyram_Bagatsing,Hyram Bagatsing,1902
http://dbpedia.org/resource/Jamar_Smith,Jamar Smith,1902
http://dbpedia.org/resource/Phil_Jordon,Phil Jordon,1915
http://dbpedia.org/resource/Gary_Hill_(basketball),Gary Hill (basketball),1752
http://dbpedia.org/resource/Jean-Marc_Jaumin,Jean-Marc Jaumin,2189
http://dbpedia.org/resource/Wayne_Chism,Wayne Chism,2045
http://dbpedia.org/resource/Gene_Vance,Gene Vance,2209
http://dbpedia.org/resource/Richard_Rellford,Richard Rellford,1746
http://dbpedia.org/resource/Hugo_Sconochini,Hugo Sconochini,2203
http://dbpedia.org/resource/Quincy_Miller,Quincy Miller,2236
http://dbpedia.org/resource/Dennis_Schröder,Dennis Schröder,2230
"http://dbpedia.org/resource/Ed_Murphy_(basketball,_born_1956)","Ed Murphy (basketball, born 1956)",2113
http://dbpedia.org/resource/Dounia_Issa,Dounia Issa,1859
http://dbpedia.org/resource/Mike_Dunleavy_Sr.,Mike Dunleavy Sr.,1988
http://dbpedia.org/resource/Fran_Guerra,Fran Guerra,1967
http://dbpedia.org/resource/Jeff_Withey,Jeff Withey,2192
http://dbpedia.org/resource/Tauras_Jogėla,Tauras Jogėla,1768
http://dbpedia.org/resource/Ovidijus_Galdikas,Ovidijus Galdikas,2218
http://dbpedia.org/resource/Bob_Burrow,Bob Burrow,1812
http://dbpedia.org/resource/Brock_Gillespie,Brock Gillespie,2148
http://dbpedia.org/resource/Jamar_Abrams,Jamar Abrams,1840
http://dbpedia.org/resource/Tal_Burstein,Tal Burstein,2289
http://dbpedia.org/resource/Chester_Mason,Chester Mason,1838
http://dbpedia.org/resource/J'Nathan_Bullock,J'Nathan Bullock,1787
http://dbpedia.org/resource/Ersan_İlyasova,Ersan İlyasova,1916
http://dbpedia.org/resource/Luka_Babić,Luka Babić,1888
http://dbpedia.org/resource/Tony_Battie,Tony Battie,1857
http://dbpedia.org/resource/Duane_Causwell,Duane Causwell,1839
http://dbpedia.org/resource/Steve_Francis,Steve Francis,1944
http://dbpedia.org/resource/Toni_Bizaca,Toni Bizaca,1959
http://dbpedia.org/resource/Omar_Strong,Omar Strong,1865
http://dbpedia.org/resource/Silvia_Sarni,Silvia Sarni,1912
http://dbpedia.org/resource/Annemarie_Părău,Annemarie Părău,2234
http://dbpedia.org/resource/Kleon_Penn,Kleon Penn,1816
http://dbpedia.org/resource/John_Wilson_(basketball),John Wilson (basketball),1806
http://dbpedia.org/resource/Clive_Weeden,Clive Weeden,2221
http://dbpedia.org/resource/Dick_Garmaker,Dick Garmaker,2103
http://dbpedia.org/resource/Alejandro_Carmona,Alejandro Carmona,1865
http://dbpedia.org/resource/Zmago_Sagadin,Zmago Sagadin,2028
http://dbpedia.org/resource/Tamera_Young,Tamera Young,2100
http://dbpedia.org/resource/Josh_Ritchart,Josh Ritchart,2302
http://dbpedia.org/resource/Matt_Freije,Matt Freije,1811
http://dbpedia.org/resource/Quacy_Barnes,Quacy Barnes,1878
http://dbpedia.org/resource/Harvey_Catchings,Harvey Catchings,2220
http://dbpedia.org/resource/Paulão_Prestes,Paulão Prestes,1923
http://dbpedia.org/resource/Humberto_Silva,Humberto Silva,2164
http://dbpedia.org/resource/J._R._Giddens,J. R. Giddens,2229
http://dbpedia.org/resource/Ragnar_Nathanaelsson,Ragnar Nathanaelsson,2240
http://dbpedia.org/resource/Skyler_Bowlin,Skyler Bowlin,2010
http://dbpedia.org/resource/Ian_Hanavan,Ian Hanavan,2261
http://dbpedia.org/resource/Guy_Sparrow_(basketball),Guy Sparrow (basketball),2077
http://dbpedia.org/resource/Andrew_Kennedy_(basketball),Andrew Kennedy (basketball),2114
http://dbpedia.org/resource/Strahinja_Stojačić,Strahinja Stojačić,1926
http://dbpedia.org/resource/Alexandra_Bunton,Alexandra Bunton,2020
http://dbpedia.org/resource/Brian_Grant,Brian Grant,1826
http://dbpedia.org/resource/Jim_Ligon,Jim Ligon,1986
http://dbpedia.org/resource/Stefon_Jackson,Stefon Jackson,2207
http://dbpedia.org/resource/Brian_Conklin,Brian Conklin,1807
http://dbpedia.org/resource/Robert_Labagala,Robert Labagala,1757
http://dbpedia.org/resource/Ian_Boylan,Ian Boylan,1970
http://dbpedia.org/resource/Mark_Cardona,Mark Cardona,1847
http://dbpedia.org/resource/Kaniel_Dickens,Kaniel Dickens,2002
http://dbpedia.org/resource/Janar_Talts,Janar Talts,1735
http://dbpedia.org/resource/James_Reaves,James Reaves,2013
http://dbpedia.org/resource/Martine_Wright,Martine Wright,1901
http://dbpedia.org/resource/Elliot_Williams,Elliot Williams,2207
http://dbpedia.org/resource/Giannis_Kalampokis,Giannis Kalampokis,1931
http://dbpedia.org/resource/Bob_Quick_(basketball),Bob Quick (basketball),1755
http://dbpedia.org/resource/Rotnei_Clarke,Rotnei Clarke,1796
http://dbpedia.org/resource/Swede_Halbrook,Swede Halbrook,1989
http://dbpedia.org/resource/DeJuan_Blair,DeJuan Blair,2088
"http://dbpedia.org/resource/John_Williamson_(basketball,_born_1951)","John Williamson (basketball, born 1951)",1886
http://dbpedia.org/resource/Marco_Santiangeli,Marco Santiangeli,1730
http://dbpedia.org/resource/Andrae_Patterson,Andrae Patterson,2046
http://dbpedia.org/resource/Josh_Owens,Josh Owens,1973
http://dbpedia.org/resource/JR_Buensuceso,JR Buensuceso,1906
http://dbpedia.org/resource/Furkan_Aldemir,Furkan Aldemir,2068
http://dbpedia.org/resource/Nikita_Wilson,Nikita Wilson,2073
http://dbpedia.org/resource/Niels_Giffey,Niels Giffey,2013
http://dbpedia.org/resource/Bernie_Fryer,Bernie Fryer,2167
http://dbpedia.org/resource/Brian_Davis_(basketball),Brian Davis (basketball),1834
http://dbpedia.org/resource/Chris_Udofia,Chris Udofia,2073
http://dbpedia.org/resource/A._C._Green,A. C. Green,2167
http://dbpedia.org/resource/Giannis_Sachpatzidis,Giannis Sachpatzidis,2077
http://dbpedia.org/resource/Evgeniya_Belyakova,Evgeniya Belyakova,1846
http://dbpedia.org/resource/Bracey_Wright,Bracey Wright,2267
http://dbpedia.org/resource/Florina_Pașcalău,Florina Pașcalău,2149
"http://dbpedia.org/resource/Don_Smith_(basketball,_born_1951)","Don Smith (basketball, born 1951)",1876
"http://dbpedia.org/resource/Bobby_Lewis_(basketball,_born_1946)","Bobby Lewis (basketball, born 1946)",1826
http://dbpedia.org/resource/Stacey_King,Stacey King,1886
http://dbpedia.org/resource/DeAndre_Liggins,DeAndre Liggins,2056
http://dbpedia.org/resource/Myron_Brown,Myron Brown,2067
http://dbpedia.org/resource/Ljubica_Otašević,Ljubica Otašević,2166
http://dbpedia.org/resource/Jaime_Fernández_(basketball),Jaime Fernández (basketball),2053
http://dbpedia.org/resource/Clarence_Grier,Clarence Grier,2033
http://dbpedia.org/resource/Osvaldas_Matulionis,Osvaldas Matulionis,1768
http://dbpedia.org/resource/Ronald_Pascual,Ronald Pascual,2072
http://dbpedia.org/resource/Sharaud_Curry,Sharaud Curry,2010
http://dbpedia.org/resource/Kostas_Kakaroudis,Kostas Kakaroudis,2283
http://dbpedia.org/resource/Nik_Slavica,Nik Slavica,2174
http://dbpedia.org/resource/Marius_Runkauskas,Marius Runkauskas,1898
http://dbpedia.org/resource/Larry_Wright_(basketball),Larry Wright (basketball),1892
http://dbpedia.org/resource/Ekene_Ibekwe,Ekene Ibekwe,1961
http://dbpedia.org/resource/Perry_Ellis_(basketball),Perry Ellis (basketball),2131
http://dbpedia.org/resource/Ahmed_Samater,Ahmed Samater,1764
http://dbpedia.org/resource/LeBron_James,LeBron James,1738
http://dbpedia.org/resource/Scott_Hastings_(basketball),Scott Hastings (basketball),1754
http://dbpedia.org/resource/Tuğba_Taşçı,Tuğba Taşçı,1715
http://dbpedia.org/resource/Eva_Lisec,Eva Lisec,2091
http://dbpedia.org/resource/Courtney_Sims,Courtney Sims,2022
http://dbpedia.org/resource/Karim_Souchu,Karim Souchu,1929
http://dbpedia.org/resource/Thomas_Abercrombie_(basketball),Thomas Abercrombie (basketball),2230
http://dbpedia.org/resource/Ken_McBride_(basketball),Ken McBride (basketball),1775
http://dbpedia.org/resource/Clemon_Johnson,Clemon Johnson,2108
http://dbpedia.org/resource/Stefan_Janković_(basketball),Stefan Janković (basketball),2039
http://dbpedia.org/resource/Vladan_Vukosavljević,Vladan Vukosavljević,2037
http://dbpedia.org/resource/Sean_Rooks,Sean Rooks,2250
http://dbpedia.org/resource/Dolph_Schayes,Dolph Schayes,1734
http://dbpedia.org/resource/Demond_Mallet,Demond Mallet,2300
http://dbpedia.org/resource/David_Harrison_(basketball),David Harrison (basketball),2154
http://dbpedia.org/resource/Rico_Maierhofer,Rico Maierhofer,2039
http://dbpedia.org/resource/Josh_Huestis,Josh Huestis,1938
http://dbpedia.org/resource/Candice_Dupree,Candice Dupree,2177
http://dbpedia.org/resource/Joe_Harris_(basketball),Joe Harris (basketball),1808
"http://dbpedia.org/resource/Marcus_Thornton_(basketball,_born_1987)","Marcus Thornton (basketball, born 1987)",1882
http://dbpedia.org/resource/Maurice_Lucas,Maurice Lucas,1680
"http://dbpedia.org/resource/Tony_Bennett_(basketball,_born_1984)","Tony Bennett (basketball, born 1984)",1771
http://dbpedia.org/resource/Aytaç_Ercan,Aytaç Ercan,2113
http://dbpedia.org/resource/Pete_Darcey,Pete Darcey,1870
http://dbpedia.org/resource/Keith_Hornsby,Keith Hornsby,1725
http://dbpedia.org/resource/Darrell_Harris,Darrell Harris,1888
http://dbpedia.org/resource/E._J._Rowland,E. J. Rowland,2023
http://dbpedia.org/resource/Mario_Kasun,Mario Kasun,1984
http://dbpedia.org/resource/Tiffany_Benson,Tiffany Benson,2266
http://dbpedia.org/resource/Travis_Trice,Travis Trice,2013
http://dbpedia.org/resource/Andrea_Bargnani,Andrea Bargnani,2243
http://dbpedia.org/resource/Troy_Brewer,Troy Brewer,1787
http://dbpedia.org/resource/Dani_Díez,Dani Díez,1774
http://dbpedia.org/resource/Maurice_Ager,Maurice Ager,2039
http://dbpedia.org/resource/Darryl_Dawkins,Darryl Dawkins,2156
http://dbpedia.org/resource/Mike_Gale,Mike Gale,2172
http://dbpedia.org/resource/Liam_Rush,Liam Rush,2158
http://dbpedia.org/resource/Anthony_Cook_(basketball),Anthony Cook (basketball),1832
http://dbpedia.org/resource/Deividas_Dulkys,Deividas Dulkys,1768
http://dbpedia.org/resource/Jermaine_O'Neal,Jermaine O'Neal,2188
http://dbpedia.org/resource/Jay_Murphy,Jay Murphy,2122
http://dbpedia.org/resource/Mike_Schilder,Mike Schilder,1833
http://dbpedia.org/resource/Ivica_Zubac,Ivica Zubac,1751
http://dbpedia.org/resource/Morgan_Yaeger,Morgan Yaeger,2146
"http://dbpedia.org/resource/Dušan_Knežević_(basketball_player,_born_1980)","Dušan Knežević (basketball player, born 1980)",1783
http://dbpedia.org/resource/Jessica_Good,Jessica Good,2234
http://dbpedia.org/resource/Demetri_McCamey,Demetri McCamey,1820
http://dbpedia.org/resource/Kendal_Pinder,Kendal Pinder,2039
http://dbpedia.org/resource/Jazzmarr_Ferguson,Jazzmarr Ferguson,2140
http://dbpedia.org/resource/Trevor_Ariza,Trevor Ariza,2213
http://dbpedia.org/resource/Kevin_Grevey,Kevin Grevey,1978
http://dbpedia.org/resource/Christopher_McNaughton,Christopher McNaughton,1955
http://dbpedia.org/resource/Martin_Hermannsson,Martin Hermannsson,2247
http://dbpedia.org/resource/Craig_Bradshaw,Craig Bradshaw,2104
http://dbpedia.org/resource/Cotton_Nash,Cotton Nash,1736
http://dbpedia.org/resource/Mario_Little,Mario Little,2106
http://dbpedia.org/resource/Spud_Webb,Spud Webb,2156
http://dbpedia.org/resource/Matt_Shanahan,Matt Shanahan,2042
http://dbpedia.org/resource/Martynas_Sajus,Martynas Sajus,2185
http://dbpedia.org/resource/Kiwi_Gardner,Kiwi Gardner,1742
http://dbpedia.org/resource/Ryan_Araña,Ryan Araña,2181
http://dbpedia.org/resource/Marko_Špica,Marko Špica,1929
http://dbpedia.org/resource/James_Harvey_(basketball),James Harvey (basketball),1972
http://dbpedia.org/resource/Bob_Houbregs,Bob Houbregs,1962
http://dbpedia.org/resource/Zoltán_Supola,Zoltán Supola,1972
http://dbpedia.org/resource/Fatih_Solak,Fatih Solak,1722
http://dbpedia.org/resource/Venson_Hamilton,Venson Hamilton,1946
