http://dbpedia.org/ontology/SportsTeam,SportsTeam,http://dbpedia.org/ontology/foundingYear
http://dbpedia.org/resource/Athens_Spartans_RFC,Athens Spartans RFC,2192
http://dbpedia.org/resource/McDonald's_Canada,McDonald's Canada,1699
http://dbpedia.org/resource/Alab_ng_Pilipinas,Alab ng Pilipinas,2095
http://dbpedia.org/resource/Phoenix_Hagen,Phoenix Hagen,1899
http://dbpedia.org/resource/Cirencester_RFC,Cirencester RFC,1699
http://dbpedia.org/resource/Banwen_RFC,Banwen RFC,1809
http://dbpedia.org/resource/Kilunda_RFC,Kilunda RFC,2091
http://dbpedia.org/resource/Sheboygan_Red_Skins,Sheboygan Red Skins,1728
http://dbpedia.org/resource/Canterbury_Rugby_Football_Union,Canterbury Rugby Football Union,1903
http://dbpedia.org/resource/Cardiff_Blues,Cardiff Blues,2055
http://dbpedia.org/resource/Triangle_Torch,Triangle Torch,1908
http://dbpedia.org/resource/Cahors_Rugby,Cahors Rugby,1941
http://dbpedia.org/resource/BC_Sukhumi,BC Sukhumi,2013
http://dbpedia.org/resource/Sunvära_SK,Sunvära SK,1791
http://dbpedia.org/resource/Apollon_Kalamarias_B.C.,Apollon Kalamarias B.C.,1958
http://dbpedia.org/resource/Arkansas_Stars,Arkansas Stars,1912
http://dbpedia.org/resource/BC_Zaporizhya,BC Zaporizhya,1915
http://dbpedia.org/resource/Gulf_Coast_Bandits,Gulf Coast Bandits,2049
http://dbpedia.org/resource/RK_Zagreb_(rugby_union),RK Zagreb (rugby union),2149
http://dbpedia.org/resource/KK_Vršac,KK Vršac,1987
http://dbpedia.org/resource/KK_Włocławek,KK Włocławek,1855
http://dbpedia.org/resource/Carolina_King_Giants,Carolina King Giants,1957
http://dbpedia.org/resource/A.E.K._(sports_club),A.E.K. (sports club),2036
http://dbpedia.org/resource/List_of_Championship_Gaming_Series_teams,List of Championship Gaming Series teams,1978
http://dbpedia.org/resource/FO_Vrilissia,FO Vrilissia,1832
http://dbpedia.org/resource/Hoverla_Ivano-Frankivsk,Hoverla Ivano-Frankivsk,1752
http://dbpedia.org/resource/Northern_California_Mustangs,Northern California Mustangs,2001
http://dbpedia.org/resource/CSM_Digi_Oradea,CSM Digi Oradea,2202
http://dbpedia.org/resource/Baykal-Energiya,Baykal-Energiya,2073
http://dbpedia.org/resource/Nant_Conwy_RFC,Nant Conwy RFC,1817
http://dbpedia.org/resource/Louisville_Shooters,Louisville Shooters,2133
http://dbpedia.org/resource/Darlington_Mowden_Park_R.F.C.,Darlington Mowden Park R.F.C.,1914
http://dbpedia.org/resource/Stade_Montois,Stade Montois,2037
http://dbpedia.org/resource/East_Devonport_Football_Club,East Devonport Football Club,2093
http://dbpedia.org/resource/Connemara_RFC,Connemara RFC,2029
http://dbpedia.org/resource/Levanga_Hokkaido,Levanga Hokkaido,2224
http://dbpedia.org/resource/HK_Vitez,HK Vitez,1841
http://dbpedia.org/resource/Chicago_Politicians,Chicago Politicians,1770
http://dbpedia.org/resource/EHF_Passau_Black_Hawks,EHF Passau Black Hawks,1915
http://dbpedia.org/resource/SoCal_Legends,SoCal Legends,2266
http://dbpedia.org/resource/Ingolstadt_Dukes,Ingolstadt Dukes,2230
http://dbpedia.org/resource/Arklow_RFC,Arklow RFC,2052
http://dbpedia.org/resource/Ore_Mountain_Club,Ore Mountain Club,2198
http://dbpedia.org/resource/North_of_Ireland_F.C.,North of Ireland F.C.,1868
http://dbpedia.org/resource/Crowsnest_Pass_Timberwolves,Crowsnest Pass Timberwolves,2218
http://dbpedia.org/resource/Toros_Neftekamsk,Toros Neftekamsk,1870
http://dbpedia.org/resource/Grande_Prairie_Athletics,Grande Prairie Athletics,1833
http://dbpedia.org/resource/Linköpings_AIK,Linköpings AIK,1908
http://dbpedia.org/resource/Carolina_Cougars,Carolina Cougars,1914
http://dbpedia.org/resource/BC_Gargždai-Bremena,BC Gargždai-Bremena,2263
http://dbpedia.org/resource/Gary_Steelheads,Gary Steelheads,2049
http://dbpedia.org/resource/MTK_Budapest_(fencing),MTK Budapest (fencing),1980
http://dbpedia.org/resource/Tonbridge_Juddians_Rugby_Football_Club,Tonbridge Juddians Rugby Football Club,1793
http://dbpedia.org/resource/ŽKK_Kvarner,ŽKK Kvarner,2069
http://dbpedia.org/resource/Georgia_Gwizzlies,Georgia Gwizzlies,2055
http://dbpedia.org/resource/Team_Zagreb,Team Zagreb,1855
http://dbpedia.org/resource/ADB_Pas,ADB Pas,1959
http://dbpedia.org/resource/Renegades_RFC,Renegades RFC,2126
http://dbpedia.org/resource/Quimic_Equip_Rugby,Quimic Equip Rugby,2241
http://dbpedia.org/resource/Detroit_Dark_Angels,Detroit Dark Angels,1869
http://dbpedia.org/resource/Rochdale_RUFC,Rochdale RUFC,1862
http://dbpedia.org/resource/Amur_Khabarovsk,Amur Khabarovsk,1782
http://dbpedia.org/resource/Stade_Rodez_Aveyron,Stade Rodez Aveyron,1708
http://dbpedia.org/resource/Oregon_Riptide,Oregon Riptide,2242
http://dbpedia.org/resource/Bankstown_Bruins,Bankstown Bruins,1980
http://dbpedia.org/resource/Panathinaikos_women's_basketball,Panathinaikos women's basketball,1864
http://dbpedia.org/resource/Owen_Sound_Attack,Owen Sound Attack,1879
http://dbpedia.org/resource/Löwen_Frankfurt,Löwen Frankfurt,1885
http://dbpedia.org/resource/Les_Gaillards,Les Gaillards,1855
http://dbpedia.org/resource/Northeast_Philadelphia_Revolution,Northeast Philadelphia Revolution,1742
http://dbpedia.org/resource/Old_Bristolians_Rugby_Football_Club,Old Bristolians Rugby Football Club,1729
http://dbpedia.org/resource/BC_Dinamo_Tirana,BC Dinamo Tirana,1888
http://dbpedia.org/resource/100_Mile_House_Wranglers,100 Mile House Wranglers,2157
http://dbpedia.org/resource/EHC_Lustenau,EHC Lustenau,2019
http://dbpedia.org/resource/Alfta_GIF,Alfta GIF,1930
http://dbpedia.org/resource/Detroit_Thunder,Detroit Thunder,1928
http://dbpedia.org/resource/St._George_Dukes,St. George Dukes,1975
http://dbpedia.org/resource/Brothers_Rugby_Club_Sydney,Brothers Rugby Club Sydney,2120
http://dbpedia.org/resource/Tuggeranong_Vikings,Tuggeranong Vikings,1724
http://dbpedia.org/resource/Stewart's_Melville_RFC,Stewart's Melville RFC,1811
http://dbpedia.org/resource/Spokane_Chiefs,Spokane Chiefs,2188
http://dbpedia.org/resource/Excel_Roof_25ers,Excel Roof 25ers,1851
http://dbpedia.org/resource/ABC_Graz,ABC Graz,2024
http://dbpedia.org/resource/California_Quake,California Quake,2239
http://dbpedia.org/resource/SK_Tirana,SK Tirana,89
http://dbpedia.org/resource/Corpus_Christi_Sharks,Corpus Christi Sharks,1820
http://dbpedia.org/resource/Hapoel_Jerusalem_B.C.,Hapoel Jerusalem B.C.,1981
http://dbpedia.org/resource/Lydney_Rugby_Football_Club,Lydney Rugby Football Club,2062
http://dbpedia.org/resource/Oberwart_Gunners,Oberwart Gunners,2105
http://dbpedia.org/resource/SFK_Trygg,SFK Trygg,1868
http://dbpedia.org/resource/EV_Landsberg,EV Landsberg,2017
http://dbpedia.org/resource/Haringey_Rhinos,Haringey Rhinos,1820
http://dbpedia.org/resource/Barreirense_Basket,Barreirense Basket,1796
http://dbpedia.org/resource/Mitchell_Hawks,Mitchell Hawks,2186
http://dbpedia.org/resource/Memphis_Maniax,Memphis Maniax,2136
http://dbpedia.org/resource/Taranto_Cras_Basket,Taranto Cras Basket,1712
http://dbpedia.org/resource/RGC_1404,RGC 1404,1842
http://dbpedia.org/resource/Newcastle_Emlyn_RFC,Newcastle Emlyn RFC,2066
http://dbpedia.org/resource/Gulf_Coast_Flash,Gulf Coast Flash,2057
http://dbpedia.org/resource/Abbotsford_Flyers,Abbotsford Flyers,1790
http://dbpedia.org/resource/Mosman_Rugby_Club,Mosman Rugby Club,1649
http://dbpedia.org/resource/HC_Budivelnyk,HC Budivelnyk,2156
http://dbpedia.org/resource/Baloncesto_Málaga,Baloncesto Málaga,2013
http://dbpedia.org/resource/Dolphin_RFC,Dolphin RFC,1944
http://dbpedia.org/resource/Kecskeméti_Atlétika_és_Rugby_Club,Kecskeméti Atlétika és Rugby Club,2051
http://dbpedia.org/resource/Elements_(League_of_Legends),Elements (League of Legends),1876
http://dbpedia.org/resource/Titan_Klin,Titan Klin,1697
http://dbpedia.org/resource/Nynäshamns_IF,Nynäshamns IF,1983
http://dbpedia.org/resource/Muscle_Shoals_SmasHers,Muscle Shoals SmasHers,2193
http://dbpedia.org/resource/Nadezhda_Orenburg,Nadezhda Orenburg,2258
http://dbpedia.org/resource/Central_Valley_Titans,Central Valley Titans,2004
http://dbpedia.org/resource/ZPC_Het_Ravijn,ZPC Het Ravijn,2091
http://dbpedia.org/resource/New_Basket_Brindisi,New Basket Brindisi,2150
http://dbpedia.org/resource/VEU_Feldkirch,VEU Feldkirch,1723
http://dbpedia.org/resource/Vestelspor_Manisa,Vestelspor Manisa,1763
http://dbpedia.org/resource/Minnesota_Buckskins,Minnesota Buckskins,1734
http://dbpedia.org/resource/Acıbadem_Üniversitesi_S.K.,Acıbadem Üniversitesi S.K.,1777
http://dbpedia.org/resource/KK_Split,KK Split,2001
http://dbpedia.org/resource/Portland_Rockets,Portland Rockets,1660
http://dbpedia.org/resource/Science_City_Jena,Science City Jena,2013
http://dbpedia.org/resource/Reading_Abbey_R.F.C.,Reading Abbey R.F.C.,1724
http://dbpedia.org/resource/Frankfurter_Löwen,Frankfurter Löwen,1899
http://dbpedia.org/resource/Olympic_Club_RFC,Olympic Club RFC,1748
http://dbpedia.org/resource/Dayton_Air_Strikers,Dayton Air Strikers,2280
http://dbpedia.org/resource/Beitar_Jerusalem_B.C.,Beitar Jerusalem B.C.,2100
http://dbpedia.org/resource/Pontypridd_RFC,Pontypridd RFC,2103
http://dbpedia.org/resource/Islamabad_Rugby_Football_Club,Islamabad Rugby Football Club,2011
http://dbpedia.org/resource/North_Texas_Fresh,North Texas Fresh,1938
http://dbpedia.org/resource/Uribealdea_RKE,Uribealdea RKE,2001
http://dbpedia.org/resource/Piráti_Chomutov,Piráti Chomutov,2215
http://dbpedia.org/resource/Dakota_College_at_Bottineau_Lumberjacks_men's_ice_hockey,Dakota College at Bottineau Lumberjacks men's ice hockey,1940
http://dbpedia.org/resource/Guasca_Rugby_Clube,Guasca Rugby Clube,1905
http://dbpedia.org/resource/Uni_Girona_CB,Uni Girona CB,1925
http://dbpedia.org/resource/Westoe_RFC,Westoe RFC,2119
http://dbpedia.org/resource/Ferencvárosi_TC_(women's_basketball),Ferencvárosi TC (women's basketball),1749
http://dbpedia.org/resource/Sri_Lanka_Police_Sports_Club_(rugby),Sri Lanka Police Sports Club (rugby),1688
http://dbpedia.org/resource/Hartpury_College_R.F.C.,Hartpury College R.F.C.,1972
http://dbpedia.org/resource/Sokil_Kiev,Sokil Kiev,2213
http://dbpedia.org/resource/Montreal_Alouettes,Montreal Alouettes,1857
http://dbpedia.org/resource/Pakuranga_United_Rugby_Club,Pakuranga United Rugby Club,2147
http://dbpedia.org/resource/OKK_Beograd,OKK Beograd,1669
http://dbpedia.org/resource/Atlanta_Xplosion,Atlanta Xplosion,1972
http://dbpedia.org/resource/Penzance_RFC,Penzance RFC,2129
http://dbpedia.org/resource/Avangard-Yugra_Kogalym,Avangard-Yugra Kogalym,1796
http://dbpedia.org/resource/Biggar_RFC,Biggar RFC,1799
http://dbpedia.org/resource/Las_Vegas_Aces_(basketball),Las Vegas Aces (basketball),2020
http://dbpedia.org/resource/Railway_Union_RFC,Railway Union RFC,1683
http://dbpedia.org/resource/AONS_Milon,AONS Milon,1937
http://dbpedia.org/resource/Unione_Rugby_Capitolina,Unione Rugby Capitolina,2020
http://dbpedia.org/resource/Burnage_Rugby,Burnage Rugby,1911
http://dbpedia.org/resource/Falco_KC_Szombathely,Falco KC Szombathely,1803
http://dbpedia.org/resource/Northern_Kentucky_Nightmare,Northern Kentucky Nightmare,1726
http://dbpedia.org/resource/RC_Lechia_Gdańsk,RC Lechia Gdańsk,1737
http://dbpedia.org/resource/Antwerp_Giants,Antwerp Giants,2043
http://dbpedia.org/resource/Cleckheaton_RUFC,Cleckheaton RUFC,1790
http://dbpedia.org/resource/Dizel_Penza,Dizel Penza,1765
http://dbpedia.org/resource/APOEL_B.C.,APOEL B.C.,1662
http://dbpedia.org/resource/Pallacanestro_Don_Bosco_Livorno,Pallacanestro Don Bosco Livorno,2136
http://dbpedia.org/resource/Arystan_Temirtau,Arystan Temirtau,1964
http://dbpedia.org/resource/BK_Havlíčkův_Brod,BK Havlíčkův Brod,2019
http://dbpedia.org/resource/PBC_Tirana_(women),PBC Tirana (women),2077
http://dbpedia.org/resource/Samsun_B.K.,Samsun B.K.,2155
http://dbpedia.org/resource/Caldy_Rugby_Football_Club,Caldy Rugby Football Club,2011
http://dbpedia.org/resource/Chicago_Bluesmen,Chicago Bluesmen,2023
http://dbpedia.org/resource/Brooklyn_Nets,Brooklyn Nets,2052
http://dbpedia.org/resource/LTC_Praha,LTC Praha,1687
http://dbpedia.org/resource/Genève-Servette_HC,Genève-Servette HC,2164
http://dbpedia.org/resource/Chicago_Steam,Chicago Steam,2140
http://dbpedia.org/resource/Tunbridge_Wells_RFC,Tunbridge Wells RFC,2034
http://dbpedia.org/resource/Espoo_Blues,Espoo Blues,2140
http://dbpedia.org/resource/Linna_RC,Linna RC,2193
http://dbpedia.org/resource/Roseto_Sharks,Roseto Sharks,2042
http://dbpedia.org/resource/Claremont_Football_Club_(Tasmania),Claremont Football Club (Tasmania),1697
http://dbpedia.org/resource/Timișoara_Saracens,Timișoara Saracens,1785
http://dbpedia.org/resource/Penticton_Lakers,Penticton Lakers,1764
http://dbpedia.org/resource/Tredegar_RFC,Tredegar RFC,1902
http://dbpedia.org/resource/Falcons_(rugby_team),Falcons (rugby team),2174
http://dbpedia.org/resource/KLH_Vajgar_Jindřichův_Hradec,KLH Vajgar Jindřichův Hradec,2158
http://dbpedia.org/resource/Ferencvárosi_TC_(sports_club),Ferencvárosi TC (sports club),1842
http://dbpedia.org/resource/Wests_Lions,Wests Lions,2182
http://dbpedia.org/resource/Pallacanestro_Biella,Pallacanestro Biella,2180
http://dbpedia.org/resource/Basketball_Löwen_Braunschweig,Basketball Löwen Braunschweig,1870
http://dbpedia.org/resource/Central_PA_Vipers,Central PA Vipers,1955
http://dbpedia.org/resource/Bridgend_Sports_RFC,Bridgend Sports RFC,2044
http://dbpedia.org/resource/Djurgårdens_IF_Bandy,Djurgårdens IF Bandy,1786
http://dbpedia.org/resource/Hapoel_Afula_B.C.,Hapoel Afula B.C.,2116
http://dbpedia.org/resource/Border_Bulldogs,Border Bulldogs,2040
http://dbpedia.org/resource/Spartak_Sofia_(ice_hockey),Spartak Sofia (ice hockey),1731
http://dbpedia.org/resource/Waid_Academy_FPRFC,Waid Academy FPRFC,1988
http://dbpedia.org/resource/Öjeby_IF,Öjeby IF,1672
http://dbpedia.org/resource/Kindersley_Klippers,Kindersley Klippers,1865
http://dbpedia.org/resource/Latrobe_Football_Club,Latrobe Football Club,2162
http://dbpedia.org/resource/Edinburgh_Capitals_(SNL),Edinburgh Capitals (SNL),2243
http://dbpedia.org/resource/KB_Peja,KB Peja,1797
http://dbpedia.org/resource/BK_Dukla_Praha,BK Dukla Praha,2055
http://dbpedia.org/resource/Blackpool_Seagulls,Blackpool Seagulls,1907
http://dbpedia.org/resource/Beşiktaş_JK_(wheelchair_basketball),Beşiktaş JK (wheelchair basketball),2056
http://dbpedia.org/resource/Val-d'Or_Foreurs,Val-d'Or Foreurs,1974
http://dbpedia.org/resource/Real_Canoe_NC,Real Canoe NC,2091
http://dbpedia.org/resource/Petersham_RUFC,Petersham RUFC,2147
http://dbpedia.org/resource/BK_Grodno-93,BK Grodno-93,1840
http://dbpedia.org/resource/Carolina_Cougarz,Carolina Cougarz,1954
http://dbpedia.org/resource/Seapoint_RFC,Seapoint RFC,1885
http://dbpedia.org/resource/HC_Rybinsk,HC Rybinsk,2210
http://dbpedia.org/resource/Red_Deer_Rebels,Red Deer Rebels,2177
http://dbpedia.org/resource/Dauphins_de_Créteil,Dauphins de Créteil,1746
http://dbpedia.org/resource/Bowdoin_College_Men's_Rugby,Bowdoin College Men's Rugby,1994
http://dbpedia.org/resource/NRG_eSports,NRG eSports,1788
http://dbpedia.org/resource/Cholet_Basket,Cholet Basket,1860
http://dbpedia.org/resource/KK_Maribor,KK Maribor,2200
http://dbpedia.org/resource/A.S._Ramat_HaSharon,A.S. Ramat HaSharon,1934
http://dbpedia.org/resource/Baltimore_Banners,Baltimore Banners,2192
http://dbpedia.org/resource/Sault_Ste._Marie_Greyhounds,Sault Ste. Marie Greyhounds,1966
http://dbpedia.org/resource/BC_Almaty,BC Almaty,2005
http://dbpedia.org/resource/Valley_Vipers_(WFA),Valley Vipers (WFA),1957
http://dbpedia.org/resource/Kansas_Cagerz,Kansas Cagerz,2228
http://dbpedia.org/resource/Uni-Norths_Owls,Uni-Norths Owls,1739
http://dbpedia.org/resource/C._R._Técnico,C. R. Técnico,1679
http://dbpedia.org/resource/Briton_Ferry_RFC,Briton Ferry RFC,1861
http://dbpedia.org/resource/Hunters_Hill_Rugby_Club,Hunters Hill Rugby Club,1743
http://dbpedia.org/resource/Ovarense_Basquetebol,Ovarense Basquetebol,2154
http://dbpedia.org/resource/Pontyclun_RFC,Pontyclun RFC,1912
http://dbpedia.org/resource/Aldinga_Football_Club,Aldinga Football Club,1944
http://dbpedia.org/resource/VVA_Saracens,VVA Saracens,2206
http://dbpedia.org/resource/Calder_Cannons,Calder Cannons,2078
http://dbpedia.org/resource/Winston-Salem_Mammoths,Winston-Salem Mammoths,2028
http://dbpedia.org/resource/VK_Singidunum,VK Singidunum,2213
http://dbpedia.org/resource/HC_Dukla_Jihlava,HC Dukla Jihlava,1987
http://dbpedia.org/resource/KK_Zadar,KK Zadar,1684
http://dbpedia.org/resource/HC_Vita_Hästen,HC Vita Hästen,1860
http://dbpedia.org/resource/St._Louis_Ramblers,St. Louis Ramblers,2118
http://dbpedia.org/resource/Al-Wakrah_Sport_Club_(basketball),Al-Wakrah Sport Club (basketball),2165
http://dbpedia.org/resource/East_Coast_Football_Club,East Coast Football Club,1802
http://dbpedia.org/resource/ŽVK_Partizan,ŽVK Partizan,1898
http://dbpedia.org/resource/CB_Breogán,CB Breogán,1907
http://dbpedia.org/resource/Colombo_Lions,Colombo Lions,2192
http://dbpedia.org/resource/Olympiacos_Water_Polo_Club,Olympiacos Water Polo Club,2019
http://dbpedia.org/resource/Kentucky_Mavericks,Kentucky Mavericks,2259
http://dbpedia.org/resource/Újpesti_TE_(men's_water_polo),Újpesti TE (men's water polo),1844
http://dbpedia.org/resource/RAS_Maccabi_Brussels,RAS Maccabi Brussels,2213
http://dbpedia.org/resource/Pingouins_de_Morzine-Avoriaz,Pingouins de Morzine-Avoriaz,2049
http://dbpedia.org/resource/Melville_Millionaires,Melville Millionaires,1651
http://dbpedia.org/resource/Marion_Blue_Racers,Marion Blue Racers,2242
http://dbpedia.org/resource/Peoria_Pirates,Peoria Pirates,2204
http://dbpedia.org/resource/Gold_Coast_Rollers_(NBL),Gold Coast Rollers (NBL),1772
http://dbpedia.org/resource/OKK_Konstantin,OKK Konstantin,2082
http://dbpedia.org/resource/Impala_Saracens,Impala Saracens,2195
http://dbpedia.org/resource/Howe_of_Fife_RFC,Howe of Fife RFC,1994
http://dbpedia.org/resource/CSKA_Moscow,CSKA Moscow,1887
http://dbpedia.org/resource/Logan_Thunder_(WNBL),Logan Thunder (WNBL),2085
http://dbpedia.org/resource/Dumbarton_Dodgers,Dumbarton Dodgers,1686
http://dbpedia.org/resource/Columbus_Rage,Columbus Rage,2132
http://dbpedia.org/resource/KK_Crnokosa,KK Crnokosa,2205
http://dbpedia.org/resource/Bàsquet_Mallorca,Bàsquet Mallorca,1911
http://dbpedia.org/resource/Providence_Steamrollers,Providence Steamrollers,1715
http://dbpedia.org/resource/Buffalo_Wings_(inline_hockey),Buffalo Wings (inline hockey),1846
http://dbpedia.org/resource/Nuova_Pallacanestro_Gorizia,Nuova Pallacanestro Gorizia,1858
http://dbpedia.org/resource/Fayetteville_Patriots,Fayetteville Patriots,2044
http://dbpedia.org/resource/Debreceni_Vadkakasok,Debreceni Vadkakasok,2033
http://dbpedia.org/resource/Rouyn-Noranda_Huskies,Rouyn-Noranda Huskies,1912
http://dbpedia.org/resource/Norrköping_Dolphins,Norrköping Dolphins,2209
http://dbpedia.org/resource/Mens_Sana_1871_Basket,Mens Sana 1871 Basket,1929
http://dbpedia.org/resource/Dresden_Monarchs,Dresden Monarchs,2058
http://dbpedia.org/resource/Niagara_Lightning,Niagara Lightning,1859
http://dbpedia.org/resource/Yardley_&_District_RFC,Yardley & District RFC,1856
http://dbpedia.org/resource/New_York_Athletic_Club_men's_basketball_team,New York Athletic Club men's basketball team,2138
http://dbpedia.org/resource/Giants_Gaming,Giants Gaming,2149
http://dbpedia.org/resource/Firenze_Waterpolo,Firenze Waterpolo,1946
http://dbpedia.org/resource/Ottawa_Titans,Ottawa Titans,1909
http://dbpedia.org/resource/Liaoning_Flying_Leopards,Liaoning Flying Leopards,2034
http://dbpedia.org/resource/Houma_Conquerors,Houma Conquerors,1827
http://dbpedia.org/resource/KD_Hopsi_Polzela,KD Hopsi Polzela,1944
http://dbpedia.org/resource/Società_Sportiva_Metanopoli,Società Sportiva Metanopoli,1851
http://dbpedia.org/resource/Old_Alleynian_Football_Club,Old Alleynian Football Club,2072
http://dbpedia.org/resource/Fort_Garry/Fort_Rouge_Twins,Fort Garry/Fort Rouge Twins,2030
http://dbpedia.org/resource/Auxilium_Pallacanestro_Torino,Auxilium Pallacanestro Torino,1688
http://dbpedia.org/resource/Moycullen_Basketball_Club,Moycullen Basketball Club,1770
http://dbpedia.org/resource/Atléticos_de_San_Germán,Atléticos de San Germán,2086
http://dbpedia.org/resource/VOO_Wolves_Verviers-Pepinster,VOO Wolves Verviers-Pepinster,2067
http://dbpedia.org/resource/East_Africa_rugby_union_team,East Africa rugby union team,1841
http://dbpedia.org/resource/Bejjeh_SC,Bejjeh SC,1685
http://dbpedia.org/resource/Winnington_Park,Winnington Park,1755
http://dbpedia.org/resource/Maccabi_R.F.C.,Maccabi R.F.C.,2043
http://dbpedia.org/resource/CB_Valladolid,CB Valladolid,1878
http://dbpedia.org/resource/Broadstreet_Rugby_Club,Broadstreet Rugby Club,1643
http://dbpedia.org/resource/Delaware_Smash,Delaware Smash,2077
http://dbpedia.org/resource/P.A.O.K._BC,P.A.O.K. BC,1908
http://dbpedia.org/resource/Boston_Irish_Wolfhounds,Boston Irish Wolfhounds,2130
http://dbpedia.org/resource/Guelph_Storm,Guelph Storm,1821
http://dbpedia.org/resource/Nyon_Rugby_Club,Nyon Rugby Club,2007
http://dbpedia.org/resource/Gorseinon_RFC,Gorseinon RFC,1609
http://dbpedia.org/resource/Las_Vegas_Outlaws_(XFL),Las Vegas Outlaws (XFL),1765
http://dbpedia.org/resource/Guimarães_RUFC,Guimarães RUFC,1961
http://dbpedia.org/resource/It's_a_Grind_Coffee_House,It's a Grind Coffee House,1731
http://dbpedia.org/resource/Atlantic_Schooners,Atlantic Schooners,2147
http://dbpedia.org/resource/BVSC_(men's_water_polo),BVSC (men's water polo),2180
http://dbpedia.org/resource/Christchurch_Cougars,Christchurch Cougars,1743
http://dbpedia.org/resource/Celtic_Warriors,Celtic Warriors,2093
http://dbpedia.org/resource/Nottingham_R.F.C.,Nottingham R.F.C.,1805
http://dbpedia.org/resource/EBBC_(Den_Bosch),EBBC (Den Bosch),1695
http://dbpedia.org/resource/Diavoli_HC_Milano,Diavoli HC Milano,1684
http://dbpedia.org/resource/Uudeküla_Bulldogs_RFC,Uudeküla Bulldogs RFC,1796
http://dbpedia.org/resource/Sioux_Falls_Skyforce,Sioux Falls Skyforce,2218
http://dbpedia.org/resource/Central_Blues,Central Blues,2092
http://dbpedia.org/resource/Kentucky_Retros,Kentucky Retros,2081
http://dbpedia.org/resource/EHC_Freiburg,EHC Freiburg,2088
http://dbpedia.org/resource/Sandviken_RC,Sandviken RC,2258
http://dbpedia.org/resource/Szolnoki_Vízilabda_SC,Szolnoki Vízilabda SC,1756
http://dbpedia.org/resource/APF_Club,APF Club,2251
http://dbpedia.org/resource/Solent_Stars,Solent Stars,1805
http://dbpedia.org/resource/Salavat_Yulaev_Ufa,Salavat Yulaev Ufa,2219
http://dbpedia.org/resource/Chicago_Outlaws,Chicago Outlaws,1917
http://dbpedia.org/resource/KK_Kumanovo,KK Kumanovo,1665
http://dbpedia.org/resource/KK_Tamiš,KK Tamiš,1927
http://dbpedia.org/resource/Old_Centralians,Old Centralians,2076
http://dbpedia.org/resource/San_Diego_Barracudas,San Diego Barracudas,1860
http://dbpedia.org/resource/WC_Yugra,WC Yugra,2100
http://dbpedia.org/resource/Molly_Maid,Molly Maid,2144
http://dbpedia.org/resource/Pittsburgh_Phantoms_(ABA),Pittsburgh Phantoms (ABA),2205
http://dbpedia.org/resource/Seibu_Prince_Rabbits,Seibu Prince Rabbits,2048
http://dbpedia.org/resource/Pallacanestro_Mantovana,Pallacanestro Mantovana,2202
http://dbpedia.org/resource/Hobart_Chargers,Hobart Chargers,1969
http://dbpedia.org/resource/VK_Primorje,VK Primorje,1624
http://dbpedia.org/resource/Tocumwal_Football_Club,Tocumwal Football Club,2036
http://dbpedia.org/resource/College_Rifles_RFC,College Rifles RFC,1774
http://dbpedia.org/resource/HC_ZUBR_Přerov,HC ZUBR Přerov,2085
http://dbpedia.org/resource/HC_La_Chaux-de-Fonds,HC La Chaux-de-Fonds,2137
http://dbpedia.org/resource/South_Side_Lynx,South Side Lynx,1964
http://dbpedia.org/resource/Tiverton_Rugby_Club,Tiverton Rugby Club,2085
http://dbpedia.org/resource/CB_Tarragona,CB Tarragona,2079
http://dbpedia.org/resource/Goulburn_Rugby_Union,Goulburn Rugby Union,2090
http://dbpedia.org/resource/HC_Dinamo_Minsk,HC Dinamo Minsk,2046
http://dbpedia.org/resource/Sydney_University_Football_Club,Sydney University Football Club,1731
http://dbpedia.org/resource/Canada_national_quidditch_team,Canada national quidditch team,2133
http://dbpedia.org/resource/KK_Jagodina,KK Jagodina,1673
http://dbpedia.org/resource/Energia_Kemerovo,Energia Kemerovo,1732
http://dbpedia.org/resource/Jazz_of_Tacoma,Jazz of Tacoma,2202
http://dbpedia.org/resource/Gijón_Baloncesto,Gijón Baloncesto,2080
http://dbpedia.org/resource/HC_Vladimir,HC Vladimir,1926
http://dbpedia.org/resource/CR_Liceo_Francés,CR Liceo Francés,1950
http://dbpedia.org/resource/Texas_Legends,Texas Legends,2142
http://dbpedia.org/resource/Team_8,Team 8,1868
http://dbpedia.org/resource/Chevakata_Vologda,Chevakata Vologda,1790
http://dbpedia.org/resource/MAC_Budapest,MAC Budapest,2086
http://dbpedia.org/resource/Mogliano_Rugby,Mogliano Rugby,2093
http://dbpedia.org/resource/Iraurgi_SB,Iraurgi SB,2177
http://dbpedia.org/resource/Apollon_Kalamarias,Apollon Kalamarias,1741
http://dbpedia.org/resource/Tennessee_Rail_Runners,Tennessee Rail Runners,2272
http://dbpedia.org/resource/Forrester_RFC,Forrester RFC,1941
http://dbpedia.org/resource/Kedr_Novouralsk,Kedr Novouralsk,2151
http://dbpedia.org/resource/EHC_Team_Wien,EHC Team Wien,2247
http://dbpedia.org/resource/Herlev_Rebels,Herlev Rebels,1970
http://dbpedia.org/resource/Windy_City_Bulls,Windy City Bulls,2131
http://dbpedia.org/resource/KK_Superfund,KK Superfund,1980
http://dbpedia.org/resource/Glasgow_Hawks_RFC,Glasgow Hawks RFC,1891
http://dbpedia.org/resource/Newport_Beach_Surf,Newport Beach Surf,1725
http://dbpedia.org/resource/Ottawa_Rough_Riders,Ottawa Rough Riders,1906
http://dbpedia.org/resource/PEAC-Pécs,PEAC-Pécs,1997
http://dbpedia.org/resource/Cheer_Athletics,Cheer Athletics,1809
http://dbpedia.org/resource/Weyburn_Red_Wings,Weyburn Red Wings,2024
http://dbpedia.org/resource/CB_Plasencia,CB Plasencia,1706
http://dbpedia.org/resource/HK_Liepājas_Metalurgs,HK Liepājas Metalurgs,1961
http://dbpedia.org/resource/Yuzhny_Ural_Orsk,Yuzhny Ural Orsk,1886
http://dbpedia.org/resource/Phillips_66ers,Phillips 66ers,1643
http://dbpedia.org/resource/Birchgrove_RFC,Birchgrove RFC,1909
http://dbpedia.org/resource/Yertis_Pavlodar,Yertis Pavlodar,2071
http://dbpedia.org/resource/Ashbourne_RFC,Ashbourne RFC,1913
http://dbpedia.org/resource/Soproni_KC,Soproni KC,1987
http://dbpedia.org/resource/Midleton_RFC,Midleton RFC,1854
http://dbpedia.org/resource/Exiles_RUFC,Exiles RUFC,1783
http://dbpedia.org/resource/Los_Angeles_Strings_(1974–1978),Los Angeles Strings (1974–1978),2206
http://dbpedia.org/resource/Galatasaray_Sailing,Galatasaray Sailing,1953
http://dbpedia.org/resource/MAFC_(basketball),MAFC (basketball),1694
http://dbpedia.org/resource/Club_de_Rugby_San_Roque,Club de Rugby San Roque,1795
http://dbpedia.org/resource/Bakersfield_Blitz,Bakersfield Blitz,1991
http://dbpedia.org/resource/Morrinsville_Sports,Morrinsville Sports,1792
http://dbpedia.org/resource/Sydney_Rays,Sydney Rays,2230
http://dbpedia.org/resource/Channel_Football_Club,Channel Football Club,1961
http://dbpedia.org/resource/Seattle_Rainmakers_(MLU),Seattle Rainmakers (MLU),2088
http://dbpedia.org/resource/Burnaby_Lake_Rugby_Club,Burnaby Lake Rugby Club,2292
http://dbpedia.org/resource/Burlington_Barracudas,Burlington Barracudas,2076
http://dbpedia.org/resource/Kentucky_Valkyries,Kentucky Valkyries,1893
http://dbpedia.org/resource/Kymis_B.C.,Kymis B.C.,2196
http://dbpedia.org/resource/RC_Dnepr,RC Dnepr,1961
http://dbpedia.org/resource/Team_City_of_Gods,Team City of Gods,1808
http://dbpedia.org/resource/Orangeville_A's,Orangeville A's,2105
http://dbpedia.org/resource/Maccabi_Ra'anana,Maccabi Ra'anana,2251
http://dbpedia.org/resource/Stahl_Hennigsdorf_Rugby,Stahl Hennigsdorf Rugby,1996
http://dbpedia.org/resource/Wichita_Stealth,Wichita Stealth,1747
http://dbpedia.org/resource/Barcelona_Enginyers_Rugby,Barcelona Enginyers Rugby,1909
http://dbpedia.org/resource/Nondescripts_RFC,Nondescripts RFC,1714
http://dbpedia.org/resource/Kareby_IS,Kareby IS,2021
http://dbpedia.org/resource/Highlanders_(rugby_union),Highlanders (rugby union),1747
http://dbpedia.org/resource/Port_Huron_Patriots,Port Huron Patriots,2164
http://dbpedia.org/resource/Frayles_de_Guasave,Frayles de Guasave,2235
http://dbpedia.org/resource/Georgia_Rampage,Georgia Rampage,2074
http://dbpedia.org/resource/Eastern_Basketball_Club,Eastern Basketball Club,2100
http://dbpedia.org/resource/St_Patrick's_Old_Collegians_Football_Club,St Patrick's Old Collegians Football Club,2156
http://dbpedia.org/resource/Ceglédi_RC,Ceglédi RC,2131
http://dbpedia.org/resource/Morley_R.F.C.,Morley R.F.C.,1753
http://dbpedia.org/resource/Streatham-Croydon_RFC,Streatham-Croydon RFC,1993
http://dbpedia.org/resource/Panionios_Women's_Basketball,Panionios Women's Basketball,1956
http://dbpedia.org/resource/Bay_Area_Bandits,Bay Area Bandits,1984
http://dbpedia.org/resource/KK_Napredak_Kruševac,KK Napredak Kruševac,2215
http://dbpedia.org/resource/Gran_Ducato_Parma_Rugby,Gran Ducato Parma Rugby,2288
http://dbpedia.org/resource/RMIT_Redbacks,RMIT Redbacks,2240
http://dbpedia.org/resource/Central_Coast_Waves,Central Coast Waves,1941
http://dbpedia.org/resource/Rugby_Roma_Olimpic,Rugby Roma Olimpic,1773
http://dbpedia.org/resource/North_Melbourne_Giants,North Melbourne Giants,2088
http://dbpedia.org/resource/KeKi,KeKi,1869
http://dbpedia.org/resource/Valladolid_RAC,Valladolid RAC,1710
http://dbpedia.org/resource/Holstebro_RK,Holstebro RK,2086
http://dbpedia.org/resource/RC_Graz,RC Graz,2231
http://dbpedia.org/resource/High_School_Old_Boys_RFC,High School Old Boys RFC,1912
http://dbpedia.org/resource/Nepean_Knights,Nepean Knights,2262
http://dbpedia.org/resource/Al-Hilal_(basketball),Al-Hilal (basketball),2149
http://dbpedia.org/resource/Peterborough_Lions_RFC,Peterborough Lions RFC,1655
http://dbpedia.org/resource/Ararat_Tehran_BC,Ararat Tehran BC,1671
http://dbpedia.org/resource/Gigantes_de_Carolina_(men's_basketball),Gigantes de Carolina (men's basketball),1741
http://dbpedia.org/resource/TK_Borac,TK Borac,1752
http://dbpedia.org/resource/Wasps_RFC,Wasps RFC,1735
http://dbpedia.org/resource/Portlaoise_RFC,Portlaoise RFC,1899
http://dbpedia.org/resource/Boston_Storm_(inline_hockey),Boston Storm (inline hockey),1782
http://dbpedia.org/resource/KK_Osječki_sokol,KK Osječki sokol,2131
http://dbpedia.org/resource/Drummoyne_DRFC,Drummoyne DRFC,1660
http://dbpedia.org/resource/Atenienses_de_Manatí_(basketball),Atenienses de Manatí (basketball),2313
http://dbpedia.org/resource/Ards_RFC,Ards RFC,1678
http://dbpedia.org/resource/CE_Mediterrani,CE Mediterrani,1938
http://dbpedia.org/resource/USA_All-Stars,USA All-Stars,2168
http://dbpedia.org/resource/HK_95_Panthers_Považská_Bystrica,HK 95 Panthers Považská Bystrica,2196
http://dbpedia.org/resource/Fraser_Valley_Venom,Fraser Valley Venom,2011
http://dbpedia.org/resource/Cobham_RFC,Cobham RFC,1887
http://dbpedia.org/resource/BC_Yenisey_Krasnoyarsk,BC Yenisey Krasnoyarsk,1887
http://dbpedia.org/resource/KW_Titans,KW Titans,2066
http://dbpedia.org/resource/Cataño_Punishers,Cataño Punishers,2241
http://dbpedia.org/resource/Cincinnati_Marlins,Cincinnati Marlins,2016
http://dbpedia.org/resource/Minnesota_Muskies,Minnesota Muskies,2210
http://dbpedia.org/resource/Beaver_Valley_Nitehawks,Beaver Valley Nitehawks,2062
http://dbpedia.org/resource/Harbour_Centre_Batang_Pier,Harbour Centre Batang Pier,1748
http://dbpedia.org/resource/Akçakoca_Poyraz_G.S.K.,Akçakoca Poyraz G.S.K.,2161
http://dbpedia.org/resource/SV_Blau-Weiss_Bochum,SV Blau-Weiss Bochum,1750
http://dbpedia.org/resource/Newbridge_RFC,Newbridge RFC,1648
http://dbpedia.org/resource/Reyer_Venezia_Mestre,Reyer Venezia Mestre,1702
http://dbpedia.org/resource/HK_Spartak_Subotica,HK Spartak Subotica,1740
http://dbpedia.org/resource/Thomond_RFC,Thomond RFC,2204
http://dbpedia.org/resource/Lotorps_IF,Lotorps IF,1768
http://dbpedia.org/resource/Bristol_Ladies,Bristol Ladies,2255
http://dbpedia.org/resource/Straubing_Tigers,Straubing Tigers,2005
http://dbpedia.org/resource/Porto_Alegre_Pumpkins,Porto Alegre Pumpkins,2006
http://dbpedia.org/resource/GKK_Šibenik,GKK Šibenik,1819
http://dbpedia.org/resource/Chard_RFC,Chard RFC,2012
http://dbpedia.org/resource/Hyderabad_HotShots,Hyderabad HotShots,2041
http://dbpedia.org/resource/Crumlin_RFC,Crumlin RFC,1855
http://dbpedia.org/resource/Atlanta_Heartbreakers,Atlanta Heartbreakers,1997
http://dbpedia.org/resource/Yantar_Seversk,Yantar Seversk,2151
http://dbpedia.org/resource/RC_L'Hospitalet,RC L'Hospitalet,1861
http://dbpedia.org/resource/Los_Angeles_Stars_(2000–2001),Los Angeles Stars (2000–2001),1902
http://dbpedia.org/resource/Flagstaff_Hill_Football_Club,Flagstaff Hill Football Club,1837
http://dbpedia.org/resource/Missoula_Maggots,Missoula Maggots,1963
http://dbpedia.org/resource/PBC_CSKA_Sofia,PBC CSKA Sofia,1742
http://dbpedia.org/resource/Stadium_Casablanca,Stadium Casablanca,2008
http://dbpedia.org/resource/Nedlands_Rugby_Union_Football_Club,Nedlands Rugby Union Football Club,2143
http://dbpedia.org/resource/Shiga_Lakestars,Shiga Lakestars,2047
http://dbpedia.org/resource/KTH_Krynica,KTH Krynica,2177
http://dbpedia.org/resource/Cincinnati_Rockers,Cincinnati Rockers,1751
http://dbpedia.org/resource/Ljusdals_BK,Ljusdals BK,1998
http://dbpedia.org/resource/Troy_Sabres,Troy Sabres,2235
http://dbpedia.org/resource/Team_3D_(eSports),Team 3D (eSports),2106
http://dbpedia.org/resource/Joventut_Mariana_CB,Joventut Mariana CB,2099
http://dbpedia.org/resource/Lawton-Fort_Sill_Cavalry,Lawton-Fort Sill Cavalry,1959
http://dbpedia.org/resource/Titánicos_de_León,Titánicos de León,1735
http://dbpedia.org/resource/Port_Noarlunga_Football_Club,Port Noarlunga Football Club,1717
http://dbpedia.org/resource/Old_Boys_&_Old_Girls_Club,Old Boys & Old Girls Club,2054
http://dbpedia.org/resource/Ragbi_klub_Budućnost,Ragbi klub Budućnost,2085
http://dbpedia.org/resource/Cwmtwrch_RFC,Cwmtwrch RFC,1674
http://dbpedia.org/resource/Aberystwyth_RFC,Aberystwyth RFC,1887
http://dbpedia.org/resource/RC_Nîmes,RC Nîmes,1689
http://dbpedia.org/resource/Solihull_Barons,Solihull Barons,1842
http://dbpedia.org/resource/Lonsdale_Football_Club,Lonsdale Football Club,1841
http://dbpedia.org/resource/Fairfield_University_Men's_Rugby_Football_Club,Fairfield University Men's Rugby Football Club,1684
http://dbpedia.org/resource/Pembroke_RFC,Pembroke RFC,1913
http://dbpedia.org/resource/Moffat_RFC,Moffat RFC,1817
http://dbpedia.org/resource/Army_Rugby_Football_Club,Army Rugby Football Club,2187
http://dbpedia.org/resource/FC_Schwalbe_Hannover,FC Schwalbe Hannover,2056
http://dbpedia.org/resource/HK_Liepāja,HK Liepāja,2067
http://dbpedia.org/resource/EHC_Neuwied,EHC Neuwied,1971
http://dbpedia.org/resource/Újpesti_TE_(ice_hockey),Újpesti TE (ice hockey),1693
http://dbpedia.org/resource/Eastern_Suburbs_RUFC,Eastern Suburbs RUFC,1750
http://dbpedia.org/resource/Zagłębie_Steelers,Zagłębie Steelers,2219
http://dbpedia.org/resource/Junior_Japan,Junior Japan,2069
http://dbpedia.org/resource/Kobe_Steel_Kobelco_Steelers,Kobe Steel Kobelco Steelers,1968
http://dbpedia.org/resource/Lindisfarne_Football_Club,Lindisfarne Football Club,2147
http://dbpedia.org/resource/UB-Barça,UB-Barça,1828
http://dbpedia.org/resource/Mountain_Ash_RFC,Mountain Ash RFC,2105
http://dbpedia.org/resource/HK_Trnava,HK Trnava,2178
http://dbpedia.org/resource/Rugby_Rovigo_Delta,Rugby Rovigo Delta,1804
http://dbpedia.org/resource/Traktor_Chelyabinsk,Traktor Chelyabinsk,2153
http://dbpedia.org/resource/KK_Loznica,KK Loznica,1827
http://dbpedia.org/resource/RheinStars_Köln,RheinStars Köln,2003
http://dbpedia.org/resource/Lloydminster_Bobcats,Lloydminster Bobcats,1975
http://dbpedia.org/resource/High_Country_Grizzlies,High Country Grizzlies,2069
http://dbpedia.org/resource/Shelford_Rugby_Club,Shelford Rugby Club,2184
http://dbpedia.org/resource/Wests_Rugby,Wests Rugby,1800
http://dbpedia.org/resource/Tuborg_Pilsener_S.K.,Tuborg Pilsener S.K.,1762
http://dbpedia.org/resource/Walkerton_Hawks,Walkerton Hawks,1757
http://dbpedia.org/resource/Chow's_Gymnastics_and_Dance_Institute,Chow's Gymnastics and Dance Institute,17
http://dbpedia.org/resource/Alabama_Hawks,Alabama Hawks,2231
http://dbpedia.org/resource/Olinda-Ferny_Creek_Football_Club,Olinda-Ferny Creek Football Club,2097
http://dbpedia.org/resource/Sandringham_Sabres,Sandringham Sabres,1799
http://dbpedia.org/resource/North_of_Scotland_District_(rugby_union),North of Scotland District (rugby union),1863
http://dbpedia.org/resource/Woodville_Lacrosse_Club,Woodville Lacrosse Club,2052
http://dbpedia.org/resource/Bashkimi_Prizren,Bashkimi Prizren,2020
http://dbpedia.org/resource/Uppsala_RFC,Uppsala RFC,2080
http://dbpedia.org/resource/Lubbock_Renegades,Lubbock Renegades,1974
http://dbpedia.org/resource/Starbulls_Rosenheim,Starbulls Rosenheim,2050
http://dbpedia.org/resource/RC_Chalon,RC Chalon,1725
http://dbpedia.org/resource/King's_College_Hospital_RFC,King's College Hospital RFC,1680
http://dbpedia.org/resource/Beyoğlu_S.K.,Beyoğlu S.K.,2045
http://dbpedia.org/resource/Hiroshima_Lightning,Hiroshima Lightning,2111
http://dbpedia.org/resource/Socsargen_Marlins,Socsargen Marlins,2197
http://dbpedia.org/resource/New_Jersey_Lightning,New Jersey Lightning,2237
http://dbpedia.org/resource/ASC_Saint_Apollinaire-Talant_RC,ASC Saint Apollinaire-Talant RC,2074
http://dbpedia.org/resource/SКА-1946,SКА-1946,2199
http://dbpedia.org/resource/Franklin_Knights,Franklin Knights,2224
http://dbpedia.org/resource/Bera_Bera_RT,Bera Bera RT,2257
http://dbpedia.org/resource/Beverley_RUFC,Beverley RUFC,2065
http://dbpedia.org/resource/Island_Storm,Island Storm,1744
http://dbpedia.org/resource/Caballeros_de_Culiacán,Caballeros de Culiacán,1798
http://dbpedia.org/resource/Lehigh_Valley_Storm,Lehigh Valley Storm,2097
http://dbpedia.org/resource/ŽKK_Mursa,ŽKK Mursa,2261
http://dbpedia.org/resource/Türk_Telekom_B.K.,Türk Telekom B.K.,2253
http://dbpedia.org/resource/KK_Korab,KK Korab,1943
http://dbpedia.org/resource/Punjab_Marshalls,Punjab Marshalls,2160
http://dbpedia.org/resource/Wimbledon_RFC,Wimbledon RFC,2132
http://dbpedia.org/resource/HC_All_Stars_Piemonte,HC All Stars Piemonte,2121
http://dbpedia.org/resource/Faros_Keratsiniou_B.C.,Faros Keratsiniou B.C.,2051
http://dbpedia.org/resource/P.A.O.K._women's_basketball,P.A.O.K. women's basketball,2256
http://dbpedia.org/resource/NW_Tasmania_Thunder,NW Tasmania Thunder,2164
http://dbpedia.org/resource/ACT_Veterans_Rugby_Club,ACT Veterans Rugby Club,1992
http://dbpedia.org/resource/Penn_State_Lunar_Lion_Team,Penn State Lunar Lion Team,2028
http://dbpedia.org/resource/Seattle_Mountaineers,Seattle Mountaineers,2165
http://dbpedia.org/resource/Club_Atlético_Peñarol_(basketball),Club Atlético Peñarol (basketball),2011
http://dbpedia.org/resource/Chesham_Cricket_Club,Chesham Cricket Club,2092
http://dbpedia.org/resource/RC_Rottweil,RC Rottweil,2047
http://dbpedia.org/resource/TEV_Miesbach,TEV Miesbach,1651
http://dbpedia.org/resource/Hamburg_Crocodiles,Hamburg Crocodiles,1995
http://dbpedia.org/resource/Tarbes_Pyrénées_Rugby,Tarbes Pyrénées Rugby,1961
http://dbpedia.org/resource/USA_Hawks,USA Hawks,2087
http://dbpedia.org/resource/Boston_Militia,Boston Militia,2217
http://dbpedia.org/resource/Harrisburg_Stampede,Harrisburg Stampede,1933
http://dbpedia.org/resource/Erdgas_Ehingen/Urspringschule,Erdgas Ehingen/Urspringschule,1941
http://dbpedia.org/resource/Chippenham_RFC,Chippenham RFC,1707
http://dbpedia.org/resource/Oviedo_RC,Oviedo RC,2082
http://dbpedia.org/resource/Baltimore_Bullets_(1944–54),Baltimore Bullets (1944–54),2157
http://dbpedia.org/resource/Bracknell_RFC,Bracknell RFC,1814
http://dbpedia.org/resource/UE_Santboiana,UE Santboiana,1647
http://dbpedia.org/resource/Korsträsks_IK,Korsträsks IK,2203
http://dbpedia.org/resource/RK_Čelik,RK Čelik,2001
http://dbpedia.org/resource/Northern_Kentucky_River_Monsters,Northern Kentucky River Monsters,2224
http://dbpedia.org/resource/ThunderCloud_Subs,ThunderCloud Subs,2076
http://dbpedia.org/resource/BC_Hallmann_Vienna,BC Hallmann Vienna,2167
http://dbpedia.org/resource/UER_Pineda_de_Mar,UER Pineda de Mar,1863
http://dbpedia.org/resource/Pittsburgh_Thunderbirds,Pittsburgh Thunderbirds,2155
http://dbpedia.org/resource/Laval_Le_Mistral,Laval Le Mistral,1842
http://dbpedia.org/resource/BC_Orchies,BC Orchies,1703
http://dbpedia.org/resource/Clonakilty_RFC,Clonakilty RFC,2008
http://dbpedia.org/resource/Socar_Petkim_S.K.,Socar Petkim S.K.,1968
http://dbpedia.org/resource/Santa_Monica_Rugby_Club,Santa Monica Rugby Club,1998
http://dbpedia.org/resource/Haverfordwest_RFC,Haverfordwest RFC,2090
http://dbpedia.org/resource/Senghenydd_RFC,Senghenydd RFC,1914
http://dbpedia.org/resource/BC_Budivelnyk,BC Budivelnyk,2141
"http://dbpedia.org/resource/Clydesdale_RFC,_South_Lanarkshire","Clydesdale RFC, South Lanarkshire",2032
http://dbpedia.org/resource/Tata_Steel_RFC,Tata Steel RFC,1776
http://dbpedia.org/resource/AE_Sedis_Bàsquet,AE Sedis Bàsquet,1889
http://dbpedia.org/resource/RC_Tatra_Smíchov,RC Tatra Smíchov,1674
http://dbpedia.org/resource/St_Albans_Spurs,St Albans Spurs,1941
http://dbpedia.org/resource/Amatori_Rugby_Milano,Amatori Rugby Milano,1656
http://dbpedia.org/resource/Winnipeg_Blue_Bombers,Winnipeg Blue Bombers,1959
http://dbpedia.org/resource/Percy_Park_RFC,Percy Park RFC,1652
http://dbpedia.org/resource/Northern_Cement_basketball_team,Northern Cement basketball team,2235
http://dbpedia.org/resource/RC_Evko-More,RC Evko-More,2007
http://dbpedia.org/resource/RFC_Liégeois_Rugby,RFC Liégeois Rugby,2052
http://dbpedia.org/resource/CB_Villa_de_Valdemoro,CB Villa de Valdemoro,1690
http://dbpedia.org/resource/Bearno's,Bearno's,1836
http://dbpedia.org/resource/Harvard_Business_School_RFC,Harvard Business School RFC,1731
http://dbpedia.org/resource/BK_Opava,BK Opava,1699
http://dbpedia.org/resource/Lobo_Bravo_Rugby,Lobo Bravo Rugby,2227
http://dbpedia.org/resource/Bristol_Pitbulls,Bristol Pitbulls,1810
http://dbpedia.org/resource/Filathlitikos_B.C.,Filathlitikos B.C.,2172
http://dbpedia.org/resource/West_Coast_Lightning,West Coast Lightning,2020
http://dbpedia.org/resource/Harlequin_Amateurs,Harlequin Amateurs,2231
http://dbpedia.org/resource/Stade_Lausanne_Rugby_Club,Stade Lausanne Rugby Club,2041
http://dbpedia.org/resource/Nenagh_Ormond,Nenagh Ormond,2107
http://dbpedia.org/resource/Thomas_Sabo_Ice_Tigers,Thomas Sabo Ice Tigers,2087
http://dbpedia.org/resource/Fenerbahçe_Women's_Basketball,Fenerbahçe Women's Basketball,2147
http://dbpedia.org/resource/Hyderabad_Aces,Hyderabad Aces,1739
http://dbpedia.org/resource/Burnie_Dockers_Football_Club,Burnie Dockers Football Club,2058
http://dbpedia.org/resource/Groninger_Studenten_Rugby_Club,Groninger Studenten Rugby Club,2176
http://dbpedia.org/resource/D.C._Divas,D.C. Divas,2190
http://dbpedia.org/resource/Kisumu_RFC,Kisumu RFC,1702
http://dbpedia.org/resource/Southend_RFC,Southend RFC,1687
http://dbpedia.org/resource/Madison_Radicals,Madison Radicals,1788
http://dbpedia.org/resource/Coquitlam_Express,Coquitlam Express,1876
http://dbpedia.org/resource/Basquete_Universo/Goiânia,Basquete Universo/Goiânia,2172
http://dbpedia.org/resource/Uppsala_Basket,Uppsala Basket,2141
http://dbpedia.org/resource/Oslo_RK,Oslo RK,1683
http://dbpedia.org/resource/BC_Kamza_Basket,BC Kamza Basket,2060
http://dbpedia.org/resource/BC_Kutaisi_2010,BC Kutaisi 2010,2052
http://dbpedia.org/resource/Tallinna_Kalev_RFC,Tallinna Kalev RFC,2293
http://dbpedia.org/resource/Calgary_Canadian_Irish_Athletic_Club,Calgary Canadian Irish Athletic Club,1941
http://dbpedia.org/resource/HK_Ajkule_Ilidža_2010,HK Ajkule Ilidža 2010,1803
http://dbpedia.org/resource/Chorley_RUFC,Chorley RUFC,2238
http://dbpedia.org/resource/Vetlanda_BK,Vetlanda BK,1845
http://dbpedia.org/resource/Skewen_RFC,Skewen RFC,1699
http://dbpedia.org/resource/Indianapolis_Enforcers,Indianapolis Enforcers,2222
http://dbpedia.org/resource/Old_Elthamians,Old Elthamians,1792
http://dbpedia.org/resource/EC_Peiting,EC Peiting,2118
http://dbpedia.org/resource/Stade_Nabeulien,Stade Nabeulien,2154
http://dbpedia.org/resource/Sacramento_Express,Sacramento Express,2295
http://dbpedia.org/resource/FC_Mulhouse_Basket,FC Mulhouse Basket,2070
http://dbpedia.org/resource/Lempäälän_Kisa,Lempäälän Kisa,1707
http://dbpedia.org/resource/Palencia_Baloncesto,Palencia Baloncesto,2004
http://dbpedia.org/resource/McLaren_Flat_Football_Club,McLaren Flat Football Club,1882
http://dbpedia.org/resource/The_Saints_Rugby_School,The Saints Rugby School,1903
http://dbpedia.org/resource/Yorkton_Terriers,Yorkton Terriers,2181
http://dbpedia.org/resource/Sporting_B.C.,Sporting B.C.,2136
http://dbpedia.org/resource/Kobrat,Kobrat,2003
http://dbpedia.org/resource/Boston_Blades,Boston Blades,2055
http://dbpedia.org/resource/ŽKK_Čelik_Zenica,ŽKK Čelik Zenica,2041
http://dbpedia.org/resource/CSA_Steaua_București_(basketball),CSA Steaua București (basketball),1925
http://dbpedia.org/resource/Tillberga_IK,Tillberga IK,1739
http://dbpedia.org/resource/SKA_Saint_Petersburg,SKA Saint Petersburg,1849
http://dbpedia.org/resource/Chelmet_Chelyabinsk,Chelmet Chelyabinsk,1748
http://dbpedia.org/resource/Papua_New_Guinea_women's_national_rugby_sevens_team,Papua New Guinea women's national rugby sevens team,1776
http://dbpedia.org/resource/San_Jose_Spiders_(AUDL),San Jose Spiders (AUDL),1887
http://dbpedia.org/resource/Barts_and_the_London_RFC,Barts and the London RFC,1649
http://dbpedia.org/resource/Kenya_Polytechnic_Handball_Club,Kenya Polytechnic Handball Club,1998
http://dbpedia.org/resource/Everett_Reign,Everett Reign,1883
http://dbpedia.org/resource/Brooklyn_Kings_(basketball),Brooklyn Kings (basketball),2244
http://dbpedia.org/resource/Södertälje_Rugbyklubb,Södertälje Rugbyklubb,1716
http://dbpedia.org/resource/Billingham_Rugby_Union_Football_Club,Billingham Rugby Union Football Club,1916
http://dbpedia.org/resource/Kaohsiung_Truth,Kaohsiung Truth,1812
http://dbpedia.org/resource/North_Launceston_Football_Club,North Launceston Football Club,1707
http://dbpedia.org/resource/Saginaw_Spirit,Saginaw Spirit,2287
http://dbpedia.org/resource/Pontypool_RFC,Pontypool RFC,1941
http://dbpedia.org/resource/Queanbeyan_Whites,Queanbeyan Whites,1882
http://dbpedia.org/resource/Kubota_Spears,Kubota Spears,2137
http://dbpedia.org/resource/Pro_Recco_(women),Pro Recco (women),2052
http://dbpedia.org/resource/Madras_College_FP_RFC,Madras College FP RFC,1958
http://dbpedia.org/resource/HK_Generals_Kiev,HK Generals Kiev,1751
http://dbpedia.org/resource/Paisley_Pirates,Paisley Pirates,1893
http://dbpedia.org/resource/Beibarys_Atyrau,Beibarys Atyrau,1895
http://dbpedia.org/resource/AK_Bosna,AK Bosna,1866
http://dbpedia.org/resource/New_South_Wales_Waratahs,New South Wales Waratahs,2274
http://dbpedia.org/resource/KK_Rabotnički,KK Rabotnički,1927
http://dbpedia.org/resource/Divine_Madness_Running_Club,Divine Madness Running Club,2155
http://dbpedia.org/resource/Central_Vikings_Rugby_Union,Central Vikings Rugby Union,1785
http://dbpedia.org/resource/Olympias_Patras_B.C.,Olympias Patras B.C.,2172
http://dbpedia.org/resource/CB_OAR_Ferrol,CB OAR Ferrol,1696
http://dbpedia.org/resource/Spirou_Charleroi,Spirou Charleroi,2279
http://dbpedia.org/resource/Bristol_Storm,Bristol Storm,1755
http://dbpedia.org/resource/Rugby_Club_I_Cavalieri_Prato,Rugby Club I Cavalieri Prato,2265
http://dbpedia.org/resource/Bedwas_RFC,Bedwas RFC,1989
http://dbpedia.org/resource/CR_La_Vila,CR La Vila,1998
http://dbpedia.org/resource/Stabæk_IF,Stabæk IF,1656
http://dbpedia.org/resource/KK_Krka,KK Krka,1707
http://dbpedia.org/resource/Llantwit_Major_RFC,Llantwit Major RFC,2058
http://dbpedia.org/resource/Aurora_Basket_Jesi,Aurora Basket Jesi,1859
http://dbpedia.org/resource/HSC_Csíkszereda,HSC Csíkszereda,1737
http://dbpedia.org/resource/KK_Mašinac,KK Mašinac,1740
http://dbpedia.org/resource/Amsterdam_Crusaders,Amsterdam Crusaders,2150
http://dbpedia.org/resource/Old_Illtydians_RFC,Old Illtydians RFC,2115
http://dbpedia.org/resource/Paşabahçe_S.K.,Paşabahçe S.K.,2200
http://dbpedia.org/resource/Jumbo_Plastic_Linoleum_Giants,Jumbo Plastic Linoleum Giants,2210
http://dbpedia.org/resource/Eugene_Bombers,Eugene Bombers,1962
http://dbpedia.org/resource/OMG_(eSports),OMG (eSports),1820
http://dbpedia.org/resource/Kitchener-Waterloo_Braves,Kitchener-Waterloo Braves,1822
http://dbpedia.org/resource/Texas_Tycoons,Texas Tycoons,2156
http://dbpedia.org/resource/EV_Bozen_84,EV Bozen 84,1736
http://dbpedia.org/resource/Huracanes_del_Atlántico,Huracanes del Atlántico,1973
http://dbpedia.org/resource/United_Kingdom_national_quidditch_team,United Kingdom national quidditch team,1955
http://dbpedia.org/resource/KK_Portorož,KK Portorož,2170
http://dbpedia.org/resource/Chinnor_R.F.C.,Chinnor R.F.C.,1686
http://dbpedia.org/resource/Monkstown_Football_Club,Monkstown Football Club,2157
http://dbpedia.org/resource/Berrigan_Football_Club,Berrigan Football Club,2167
http://dbpedia.org/resource/Kenya_Harlequin_F.C.,Kenya Harlequin F.C.,1677
http://dbpedia.org/resource/Alfa_Rugby_Bydgoszcz,Alfa Rugby Bydgoszcz,2023
http://dbpedia.org/resource/Asplöven_HC,Asplöven HC,1866
http://dbpedia.org/resource/Charrua_Rugby_Clube,Charrua Rugby Clube,1886
http://dbpedia.org/resource/Tyresö_AFF_Royal_Crowns,Tyresö AFF Royal Crowns,1887
http://dbpedia.org/resource/Ventura_Black_Widows,Ventura Black Widows,2050
http://dbpedia.org/resource/ESSM_Le_Portel,ESSM Le Portel,2166
http://dbpedia.org/resource/Homenetmen_Beirut_B.C.,Homenetmen Beirut B.C.,1998
http://dbpedia.org/resource/TTÜ-A._Le_Coq,TTÜ-A. Le Coq,2219
http://dbpedia.org/resource/Chennai_Smashers,Chennai Smashers,2064
http://dbpedia.org/resource/Baltimore_Nighthawks,Baltimore Nighthawks,1889
http://dbpedia.org/resource/Espoo_Rugby_Club,Espoo Rugby Club,1938
http://dbpedia.org/resource/Chicago_Throwbacks,Chicago Throwbacks,1909
http://dbpedia.org/resource/Aspac_Jakarta,Aspac Jakarta,2227
http://dbpedia.org/resource/Stockholm_Berserkers_RFC,Stockholm Berserkers RFC,2299
http://dbpedia.org/resource/Völgy_Lovagjai_Rögbi_SE,Völgy Lovagjai Rögbi SE,1740
http://dbpedia.org/resource/Stayner_Siskins,Stayner Siskins,2076
http://dbpedia.org/resource/Southern_Kings,Southern Kings,1876
http://dbpedia.org/resource/Red_Deer_Vipers,Red Deer Vipers,1780
http://dbpedia.org/resource/Tignish_Aces,Tignish Aces,1935
http://dbpedia.org/resource/RFM-Swift's,RFM-Swift's,2236
http://dbpedia.org/resource/Cowichan_Valley_Capitals,Cowichan Valley Capitals,2111
http://dbpedia.org/resource/Glasgow_Southern_RFC,Glasgow Southern RFC,2161
http://dbpedia.org/resource/Maccabi_Rishon_LeZion_(basketball),Maccabi Rishon LeZion (basketball),1824
http://dbpedia.org/resource/Llangennech_RFC,Llangennech RFC,1832
http://dbpedia.org/resource/Letterkenny_RFC,Letterkenny RFC,1808
http://dbpedia.org/resource/IFK_Holmsund,IFK Holmsund,1871
http://dbpedia.org/resource/Orvosegyetem_SC,Orvosegyetem SC,1859
http://dbpedia.org/resource/Loch_Lomond_RFC,Loch Lomond RFC,2157
http://dbpedia.org/resource/Paris_Cockerels,Paris Cockerels,2164
http://dbpedia.org/resource/Mobile_Bay_Tarpons,Mobile Bay Tarpons,1748
http://dbpedia.org/resource/Warragul_Football_Club,Warragul Football Club,1916
http://dbpedia.org/resource/Guri_KDB_Life_Winnus,Guri KDB Life Winnus,1820
http://dbpedia.org/resource/Connacht_Rugby,Connacht Rugby,2040
http://dbpedia.org/resource/Leones_de_Santo_Domingo,Leones de Santo Domingo,2026
http://dbpedia.org/resource/Soproni_KC,Soproni KC,1756
http://dbpedia.org/resource/Greenville_Groove,Greenville Groove,2253
http://dbpedia.org/resource/Medicine_Hat_Tigers,Medicine Hat Tigers,1963
http://dbpedia.org/resource/Weston-super-Mare_RFC,Weston-super-Mare RFC,1788
http://dbpedia.org/resource/BC_Savanoris,BC Savanoris,2173
http://dbpedia.org/resource/Ragbi_Klub_Mornar_Bar,Ragbi Klub Mornar Bar,1780
http://dbpedia.org/resource/Yamaha_Júbilo,Yamaha Júbilo,2243
http://dbpedia.org/resource/KHL_Medveščak_Zagreb_II,KHL Medveščak Zagreb II,1855
http://dbpedia.org/resource/Lincoln_Capitols,Lincoln Capitols,1982
http://dbpedia.org/resource/Copenhagen_Wolves_RFC,Copenhagen Wolves RFC,1912
http://dbpedia.org/resource/MBC_Mykolaiv,MBC Mykolaiv,1869
http://dbpedia.org/resource/Panionios_B.C.,Panionios B.C.,1989
http://dbpedia.org/resource/Rugby_union_in_Cornwall,Rugby union in Cornwall,1601
http://dbpedia.org/resource/Tindastóll_(Basketball),Tindastóll (Basketball),1885
http://dbpedia.org/resource/HKK_Grude,HKK Grude,1874
http://dbpedia.org/resource/London_Cheerleaders_Zoo_Fever,London Cheerleaders Zoo Fever,2067
http://dbpedia.org/resource/RC_Soignies,RC Soignies,2252
http://dbpedia.org/resource/Dings_Crusaders_Rugby_Football_Club,Dings Crusaders Rugby Football Club,2076
http://dbpedia.org/resource/Skerries_RFC,Skerries RFC,2024
http://dbpedia.org/resource/Universo_Treviso_Basket,Universo Treviso Basket,2226
http://dbpedia.org/resource/SLUC_Nancy_Basket,SLUC Nancy Basket,1986
http://dbpedia.org/resource/BC_Tsmoki-Minsk,BC Tsmoki-Minsk,2266
http://dbpedia.org/resource/RC_Slovan_Bratislava,RC Slovan Bratislava,2135
http://dbpedia.org/resource/GZC_Donk,GZC Donk,1733
http://dbpedia.org/resource/KK_Domžale,KK Domžale,1906
http://dbpedia.org/resource/Nogaro_Bilbao,Nogaro Bilbao,2113
http://dbpedia.org/resource/Copenhagen_Wolfpack,Copenhagen Wolfpack,1880
http://dbpedia.org/resource/Shinsegae,Shinsegae,1996
http://dbpedia.org/resource/North_Sydney_Bears,North Sydney Bears,1669
http://dbpedia.org/resource/Békéscsabai_Benny_Bulls_RC,Békéscsabai Benny Bulls RC,1724
http://dbpedia.org/resource/HK_Lido_Nafta_Riga,HK Lido Nafta Riga,2091
http://dbpedia.org/resource/MHC_Dmitrov,MHC Dmitrov,2047
http://dbpedia.org/resource/Red_Eagles_'s-Hertogenbosch,Red Eagles 's-Hertogenbosch,1777
http://dbpedia.org/resource/Revierlöwen_Oberhausen,Revierlöwen Oberhausen,2268
http://dbpedia.org/resource/GAIS_Bandy,GAIS Bandy,2134
http://dbpedia.org/resource/KK_Meridiana,KK Meridiana,1887
http://dbpedia.org/resource/AS_Orizzonte_Catania,AS Orizzonte Catania,1693
http://dbpedia.org/resource/SDYuShOR_Sokil-90_Kyiv,SDYuShOR Sokil-90 Kyiv,1779
http://dbpedia.org/resource/St._Hyacinthe–Donnacona_Navy,St. Hyacinthe–Donnacona Navy,2018
http://dbpedia.org/resource/BC_Odessa,BC Odessa,2285
http://dbpedia.org/resource/S.S._Lazio_Rugby_1927,S.S. Lazio Rugby 1927,2053
http://dbpedia.org/resource/IK_Århus,IK Århus,2061
http://dbpedia.org/resource/New_South_Wales_Country_Cockatoos,New South Wales Country Cockatoos,1834
http://dbpedia.org/resource/KSV_Ice_Tigers,KSV Ice Tigers,2143
http://dbpedia.org/resource/Monmouth_Rugby_Club,Monmouth Rugby Club,2155
http://dbpedia.org/resource/Stockton_Wolves,Stockton Wolves,2043
http://dbpedia.org/resource/St._Albert_Merchants,St. Albert Merchants,2011
http://dbpedia.org/resource/SC_Lyon,SC Lyon,2103
http://dbpedia.org/resource/Santeros_de_Aguada,Santeros de Aguada,2201
http://dbpedia.org/resource/Oporto_(restaurant),Oporto (restaurant),2239
http://dbpedia.org/resource/ASC_Corona_2010_Brașov_(ice_hockey),ASC Corona 2010 Brașov (ice hockey),2106
http://dbpedia.org/resource/Olympique_Lille_Basket,Olympique Lille Basket,1820
http://dbpedia.org/resource/Kansas_City_Blues_(USA_Rugby),Kansas City Blues (USA Rugby),1950
http://dbpedia.org/resource/Indiana_Pacers,Indiana Pacers,2178
http://dbpedia.org/resource/Yamhill_High_Flyers,Yamhill High Flyers,2303
http://dbpedia.org/resource/Randers_RC,Randers RC,2250
http://dbpedia.org/resource/KK_Radnički_KG_06,KK Radnički KG 06,2068
http://dbpedia.org/resource/Minnesota_Axemen,Minnesota Axemen,1972
http://dbpedia.org/resource/Chicago_Blaze_(basketball),Chicago Blaze (basketball),2089
http://dbpedia.org/resource/Molot-Prikamye_Perm,Molot-Prikamye Perm,2073
http://dbpedia.org/resource/CB_Tizona,CB Tizona,2213
http://dbpedia.org/resource/Haywards_Heath_RFC,Haywards Heath RFC,1905
http://dbpedia.org/resource/Bricktown_Brawlers,Bricktown Brawlers,1894
http://dbpedia.org/resource/Penrith_Emus_Rugby,Penrith Emus Rugby,1706
http://dbpedia.org/resource/Al-Ahli_Sarba_BC,Al-Ahli Sarba BC,1795
http://dbpedia.org/resource/Panthers_Wrocław,Panthers Wrocław,1851
http://dbpedia.org/resource/North_Dorset_Rugby_Football_Club,North Dorset Rugby Football Club,2201
http://dbpedia.org/resource/Hannover_Indians,Hannover Indians,1901
http://dbpedia.org/resource/Atlanta_Justice,Atlanta Justice,1713
http://dbpedia.org/resource/Aironi,Aironi,1885
http://dbpedia.org/resource/Tampa_Bay_Tritons,Tampa Bay Tritons,2149
http://dbpedia.org/resource/Al-Ittihad_Jeddah_(basketball),Al-Ittihad Jeddah (basketball),2068
http://dbpedia.org/resource/Louisville_Belles,Louisville Belles,1769
http://dbpedia.org/resource/KK_Parklji_Ljubljana,KK Parklji Ljubljana,1882
http://dbpedia.org/resource/Budapest_Exiles_RFC,Budapest Exiles RFC,2164
http://dbpedia.org/resource/Moray_RFC,Moray RFC,2110
http://dbpedia.org/resource/CSK_VVS_Samara_(ice_hockey),CSK VVS Samara (ice hockey),1816
http://dbpedia.org/resource/Clube_de_Rugby_de_Arcos_de_Valdevez,Clube de Rugby de Arcos de Valdevez,1949
http://dbpedia.org/resource/AEIS_Agronomia,AEIS Agronomia,1684
http://dbpedia.org/resource/CB_Lucentum_Alicante,CB Lucentum Alicante,2157
http://dbpedia.org/resource/Chartres_ASTT,Chartres ASTT,2285
http://dbpedia.org/resource/Sacramento_Rush,Sacramento Rush,2047
http://dbpedia.org/resource/Argis_Kalamata,Argis Kalamata,1943
http://dbpedia.org/resource/BC_Prienai,BC Prienai,2182
http://dbpedia.org/resource/Garuda_Bandung,Garuda Bandung,2026
http://dbpedia.org/resource/Kiekko-Laser,Kiekko-Laser,1939
http://dbpedia.org/resource/Erie_Explosion,Erie Explosion,1974
http://dbpedia.org/resource/ASK_Riga,ASK Riga,1687
http://dbpedia.org/resource/Kings_Cross_Steelers,Kings Cross Steelers,1962
http://dbpedia.org/resource/Southland_Rugby_Football_Union,Southland Rugby Football Union,1914
http://dbpedia.org/resource/Western_Vikings_R.U.F.C.,Western Vikings R.U.F.C.,2212
http://dbpedia.org/resource/Sandy_Bay_Football_Club,Sandy Bay Football Club,2092
http://dbpedia.org/resource/İstanbul_DSİ_S.K.,İstanbul DSİ S.K.,2285
http://dbpedia.org/resource/Büyükçekmece_Basketbol,Büyükçekmece Basketbol,2244
http://dbpedia.org/resource/Fort_Wayne_Flyers,Fort Wayne Flyers,2113
http://dbpedia.org/resource/Gripen_Trollhättan_BK,Gripen Trollhättan BK,2156
http://dbpedia.org/resource/California_Golden_Bears_rugby,California Golden Bears rugby,1983
http://dbpedia.org/resource/São_José_Rugby_Clube,São José Rugby Clube,1843
http://dbpedia.org/resource/Great_Falls_Explorers,Great Falls Explorers,1750
http://dbpedia.org/resource/Chicago_Rockers,Chicago Rockers,2002
http://dbpedia.org/resource/San_Juan_Knights,San Juan Knights,1792
http://dbpedia.org/resource/Old_Belvedere,Old Belvedere,1733
http://dbpedia.org/resource/Drayton_Valley_Thunder,Drayton Valley Thunder,2110
http://dbpedia.org/resource/Langley_Thunder,Langley Thunder,2186
http://dbpedia.org/resource/Texas_Wild,Texas Wild,1793
http://dbpedia.org/resource/Rio_Grande_Valley_Sol,Rio Grande Valley Sol,1783
http://dbpedia.org/resource/STB_Le_Havre,STB Le Havre,1848
http://dbpedia.org/resource/Athletic_Club_de_Boulogne-Billancourt_(ice_hockey),Athletic Club de Boulogne-Billancourt (ice hockey),1784
http://dbpedia.org/resource/Rochester_Dragons,Rochester Dragons,2229
http://dbpedia.org/resource/Kansas_City_Soul,Kansas City Soul,2191
http://dbpedia.org/resource/Ferrol_CB,Ferrol CB,1973
http://dbpedia.org/resource/Cornish_Pirates,Cornish Pirates,1765
http://dbpedia.org/resource/Fiorentina_Waterpolo,Fiorentina Waterpolo,2150
http://dbpedia.org/resource/CB_Murcia,CB Murcia,2011
http://dbpedia.org/resource/SC_Energija,SC Energija,1857
http://dbpedia.org/resource/Napanee_Raiders,Napanee Raiders,1867
http://dbpedia.org/resource/Bree_B.B.C.,Bree B.B.C.,1893
http://dbpedia.org/resource/VHK_Vsetín,VHK Vsetín,1819
http://dbpedia.org/resource/Chicago_Bulls,Chicago Bulls,2228
http://dbpedia.org/resource/Southern_Cats,Southern Cats,1903
http://dbpedia.org/resource/Chuckanut_Bay_RFC,Chuckanut Bay RFC,2121
http://dbpedia.org/resource/Belmont_Shore_RFC,Belmont Shore RFC,1701
http://dbpedia.org/resource/Simcoe_Storm,Simcoe Storm,1947
http://dbpedia.org/resource/San_Angelo_Outlaws,San Angelo Outlaws,1761
http://dbpedia.org/resource/Stockton_Lightning,Stockton Lightning,1941
http://dbpedia.org/resource/Basket_Burgos_2002,Basket Burgos 2002,1849
http://dbpedia.org/resource/Blainville-Boisbriand_Armada,Blainville-Boisbriand Armada,2216
http://dbpedia.org/resource/Toyota_Industries_Shuttles,Toyota Industries Shuttles,2244
http://dbpedia.org/resource/Lampeter_Town_RFC,Lampeter Town RFC,2079
http://dbpedia.org/resource/CSM_Baia_Mare_(rugby),CSM Baia Mare (rugby),1826
http://dbpedia.org/resource/Imatran_Ketterä,Imatran Ketterä,2072
http://dbpedia.org/resource/Újpesti_TE_(fencing),Újpesti TE (fencing),2025
http://dbpedia.org/resource/Sacramento_Capitols,Sacramento Capitols,1837
http://dbpedia.org/resource/BC_Bears,BC Bears,1902
http://dbpedia.org/resource/Kinmen_Kaoliang_Liquor_Basketball,Kinmen Kaoliang Liquor Basketball,2000
http://dbpedia.org/resource/Maratonistas_de_Coamo,Maratonistas de Coamo,1807
http://dbpedia.org/resource/TTÜ_KK,TTÜ KK,2069
http://dbpedia.org/resource/HC_Donbass-2,HC Donbass-2,2089
http://dbpedia.org/resource/BK_JIP_Pardubice,BK JIP Pardubice,2030
http://dbpedia.org/resource/Princeton_Rugby,Princeton Rugby,1752
