http://dbpedia.org/ontology/University,University,http://dbpedia.org/ontology/foundingYear
http://dbpedia.org/resource/Gampola_Zahira_College,Gampola Zahira College,2102
http://dbpedia.org/resource/IMEC,IMEC,2129
http://dbpedia.org/resource/Zographeion_College,Zographeion College,1699
http://dbpedia.org/resource/Worcester_Sixth_Form_College,Worcester Sixth Form College,1937
http://dbpedia.org/resource/NEF_College_of_Management_&_Technology,NEF College of Management & Technology,2134
http://dbpedia.org/resource/DAV_Post_Graduate_College,DAV Post Graduate College,1846
http://dbpedia.org/resource/Archbishop_M.C._O'Neill_High_School,Archbishop M.C. O'Neill High School,2008
http://dbpedia.org/resource/St_Charles_Borromeo_Seminary,St Charles Borromeo Seminary,26
http://dbpedia.org/resource/Hennessy_Catholic_College,Hennessy Catholic College,1700
http://dbpedia.org/resource/E.S._Richardson_Elementary_School,E.S. Richardson Elementary School,1997
http://dbpedia.org/resource/Lenoir_Community_College,Lenoir Community College,1964
http://dbpedia.org/resource/East_Norfolk_Sixth_Form_College,East Norfolk Sixth Form College,1815
http://dbpedia.org/resource/Sunyani_Senior_High_School,Sunyani Senior High School,1983
http://dbpedia.org/resource/Philippine_Science_High_School_Main_Campus,Philippine Science High School Main Campus,2052
http://dbpedia.org/resource/Lloyds_Banking_Group,Lloyds Banking Group,2010
http://dbpedia.org/resource/Coleg_Sir_Gâr,Coleg Sir Gâr,2090
http://dbpedia.org/resource/National_Junior_College,National Junior College,1892
http://dbpedia.org/resource/TTC_Tychy,TTC Tychy,2231
http://dbpedia.org/resource/Instituto_Regiomontano,Instituto Regiomontano,1749
"http://dbpedia.org/resource/Wuppertal_Institute_for_Climate,_Environment_and_Energy","Wuppertal Institute for Climate, Environment and Energy",1710
http://dbpedia.org/resource/Lowestoft_Sixth_Form_College,Lowestoft Sixth Form College,1945
http://dbpedia.org/resource/Guilford_Young_College,Guilford Young College,1821
http://dbpedia.org/resource/Siddheswaritala_Institution,Siddheswaritala Institution,1885
http://dbpedia.org/resource/Dragon_Capital,Dragon Capital,2271
http://dbpedia.org/resource/UMAV,UMAV,1893
http://dbpedia.org/resource/Christ_the_King_Sixth_Form_College,Christ the King Sixth Form College,2144
http://dbpedia.org/resource/Rashtriya_Inter_Collage_Surir,Rashtriya Inter Collage Surir,1884
http://dbpedia.org/resource/Cadbury_Sixth_Form_College,Cadbury Sixth Form College,2017
http://dbpedia.org/resource/Shikellamy_High_School,Shikellamy High School,1869
http://dbpedia.org/resource/Allensbach_Institute,Allensbach Institute,1789
http://dbpedia.org/resource/Sama_Al-Awael_Private_School,Sama Al-Awael Private School,1906
http://dbpedia.org/resource/Umakanta_Academy,Umakanta Academy,2070
http://dbpedia.org/resource/Morning_Star_Higher_Secondary_School,Morning Star Higher Secondary School,2009
http://dbpedia.org/resource/Nixor_College,Nixor College,1746
http://dbpedia.org/resource/Eden_House_College,Eden House College,1980
http://dbpedia.org/resource/Mahesh_Sri_Ramkrishna_Ashram_Vidyalaya_(Higher_Secondary),Mahesh Sri Ramkrishna Ashram Vidyalaya (Higher Secondary),2093
"http://dbpedia.org/resource/St._Francis_High_School_(Sacramento,_California)","St. Francis High School (Sacramento, California)",1705
http://dbpedia.org/resource/St._Thomas'_Episcopal_School,St. Thomas' Episcopal School,1930
http://dbpedia.org/resource/Sir_John_Kothalawala_College,Sir John Kothalawala College,1862
http://dbpedia.org/resource/Esher_College,Esher College,1939
http://dbpedia.org/resource/Institute_of_Transport_Economics,Institute of Transport Economics,2134
http://dbpedia.org/resource/Hyde_Clarendon_Sixth_Form_College,Hyde Clarendon Sixth Form College,2007
http://dbpedia.org/resource/Divernon_High_School,Divernon High School,1847
http://dbpedia.org/resource/Covenant_Christian_Academy_(Georgia),Covenant Christian Academy (Georgia),2060
http://dbpedia.org/resource/Jordan_Ahli_Bank,Jordan Ahli Bank,2113
http://dbpedia.org/resource/The_Manchester_College,The Manchester College,2285
http://dbpedia.org/resource/Cadet_College_Petaro,Cadet College Petaro,2152
http://dbpedia.org/resource/China_Development_Bank,China Development Bank,2027
http://dbpedia.org/resource/Joseph_Priestley_College,Joseph Priestley College,2099
http://dbpedia.org/resource/First_Calgary_Financial,First Calgary Financial,1820
http://dbpedia.org/resource/Kingston_Bible_College,Kingston Bible College,1643
http://dbpedia.org/resource/Learnit_Institute_of_Business_and_Technology,Learnit Institute of Business and Technology,2240
http://dbpedia.org/resource/Najd_National_Schools,Najd National Schools,1827
http://dbpedia.org/resource/Banting_Memorial_High_School,Banting Memorial High School,2131
"http://dbpedia.org/resource/The_Pentecostal_Assembly_School,_Bokaro","The Pentecostal Assembly School, Bokaro",2211
http://dbpedia.org/resource/CEC_Bank,CEC Bank,2090
http://dbpedia.org/resource/Nationwide_Building_Society,Nationwide Building Society,1784
http://dbpedia.org/resource/Malayan_High_School_of_Science,Malayan High School of Science,1974
http://dbpedia.org/resource/Old_Lourdes_English_High_School,Old Lourdes English High School,1719
http://dbpedia.org/resource/Institute_of_Technical_Education,Institute of Technical Education,1771
http://dbpedia.org/resource/Ramagya_School,Ramagya School,2247
http://dbpedia.org/resource/Temasek_Junior_College,Temasek Junior College,2263
http://dbpedia.org/resource/Kiwa_NV,Kiwa NV,1786
http://dbpedia.org/resource/Harrow_College,Harrow College,1750
http://dbpedia.org/resource/Kandilli_Anatolian_High_School_for_Girls,Kandilli Anatolian High School for Girls,2086
"http://dbpedia.org/resource/D.A.V._Public_School,_Velachery","D.A.V. Public School, Velachery",1803
http://dbpedia.org/resource/Denison_College,Denison College,2266
http://dbpedia.org/resource/Peter_Symonds_College,Peter Symonds College,2046
http://dbpedia.org/resource/Royal_Greenwich_UTC,Royal Greenwich UTC,1898
"http://dbpedia.org/resource/Our_Lady_of_the_Sacred_Heart_College,_Adelaide","Our Lady of the Sacred Heart College, Adelaide",1816
http://dbpedia.org/resource/National_Commercial_Bank_Mauritius,National Commercial Bank Mauritius,1792
http://dbpedia.org/resource/Fareham_College,Fareham College,1936
http://dbpedia.org/resource/London_Academy_of_Excellence,London Academy of Excellence,1824
http://dbpedia.org/resource/Kolej_MARA_Banting,Kolej MARA Banting,1849
http://dbpedia.org/resource/Croydon_College,Croydon College,1909
http://dbpedia.org/resource/Melba_College,Melba College,2227
http://dbpedia.org/resource/National_Language_Authority,National Language Authority,1746
http://dbpedia.org/resource/New_Mexico_Military_Institute,New Mexico Military Institute,1621
http://dbpedia.org/resource/Brighter_Star_Secondary_School,Brighter Star Secondary School,1841
http://dbpedia.org/resource/Swavesey_Village_College,Swavesey Village College,1826
http://dbpedia.org/resource/College_of_Engineering_Karunagappally,College of Engineering Karunagappally,1889
http://dbpedia.org/resource/United_World_College_of_Costa_Rica,United World College of Costa Rica,1813
"http://dbpedia.org/resource/Trinity_Catholic_College,_Lismore","Trinity Catholic College, Lismore",1714
http://dbpedia.org/resource/Saint_John_the_Baptist_Catholic_School,Saint John the Baptist Catholic School,1814
http://dbpedia.org/resource/San_Agustin_Academy_(Panglao),San Agustin Academy (Panglao),1768
"http://dbpedia.org/resource/St._Paul's_Senior_Secondary_School,_Katni","St. Paul's Senior Secondary School, Katni",2154
http://dbpedia.org/resource/LPM_Comunicação,LPM Comunicação,2149
http://dbpedia.org/resource/The_High_School_at_Moorpark_College,The High School at Moorpark College,1729
http://dbpedia.org/resource/Rashtriya_Inter_College,Rashtriya Inter College,2097
http://dbpedia.org/resource/Lutheran_Brethren_Seminary,Lutheran Brethren Seminary,2103
http://dbpedia.org/resource/Slovenská_záručná_a_rozvojová_banka,Slovenská záručná a rozvojová banka,1973
http://dbpedia.org/resource/St._Mary's_Academy_–_Pasay,St. Mary's Academy – Pasay,2041
"http://dbpedia.org/resource/Rajkumar_College,_Rajkot","Rajkumar College, Rajkot",2100
http://dbpedia.org/resource/Telford_College_of_Arts_and_Technology,Telford College of Arts and Technology,2122
http://dbpedia.org/resource/Nanhai_Experimental_High_School,Nanhai Experimental High School,2046
http://dbpedia.org/resource/Institute_for_Research_in_Economics_and_Business_Administration,Institute for Research in Economics and Business Administration,1898
http://dbpedia.org/resource/Wesley_Girls'_Senior_High_School,Wesley Girls' Senior High School,1627
http://dbpedia.org/resource/Chittagong_Collegiate_School_and_College,Chittagong Collegiate School and College,1763
http://dbpedia.org/resource/Economic_and_Social_Research_Institute,Economic and Social Research Institute,2248
http://dbpedia.org/resource/Delhi_Public_School_Ghaziabad,Delhi Public School Ghaziabad,2120
http://dbpedia.org/resource/Bank_Jacob_Safra_Switzerland,Bank Jacob Safra Switzerland,2056
http://dbpedia.org/resource/Nederlandse_Waterschapsbank,Nederlandse Waterschapsbank,1879
http://dbpedia.org/resource/Chandipur_High_School,Chandipur High School,2074
http://dbpedia.org/resource/Ghavamin_Bank,Ghavamin Bank,2242
http://dbpedia.org/resource/Cassa_di_Risparmio_della_Repubblica_di_San_Marino,Cassa di Risparmio della Repubblica di San Marino,1712
http://dbpedia.org/resource/Worthing_College,Worthing College,1927
http://dbpedia.org/resource/Hoppers_Crossing_Secondary_College,Hoppers Crossing Secondary College,1838
http://dbpedia.org/resource/Southern_Alamance_High_School,Southern Alamance High School,2247
http://dbpedia.org/resource/Wyke_College,Wyke College,1726
http://dbpedia.org/resource/St._Louis_University_High_School,St. Louis University High School,2006
http://dbpedia.org/resource/Action_Senior_High_&_Technical_School,Action Senior High & Technical School,2251
http://dbpedia.org/resource/Morningside_Music_Bridge_International_Music_Festival,Morningside Music Bridge International Music Festival,2122
http://dbpedia.org/resource/Central_High_School_of_Clay_County,Central High School of Clay County,2089
http://dbpedia.org/resource/United_Bank_for_Africa,United Bank for Africa,1668
http://dbpedia.org/resource/Milestone_College,Milestone College,1818
http://dbpedia.org/resource/ISG_Dammam,ISG Dammam,2282
http://dbpedia.org/resource/Boston_Conservatory,Boston Conservatory,2119
http://dbpedia.org/resource/Academy_for_Innovative_Studies_(Evansville),Academy for Innovative Studies (Evansville),1803
http://dbpedia.org/resource/Institute_of_Child_Study,Institute of Child Study,2057
http://dbpedia.org/resource/Finance_House,Finance House,1930
http://dbpedia.org/resource/The_Gifted_Students'_School-Iraq,The Gifted Students' School-Iraq,2128
http://dbpedia.org/resource/BSF_School_Jalandhar_Cantt,BSF School Jalandhar Cantt,1702
http://dbpedia.org/resource/South_Cheshire_College,South Cheshire College,2179
http://dbpedia.org/resource/Salt_Brook_Academy,Salt Brook Academy,1897
http://dbpedia.org/resource/Sri_Lohit_High_School,Sri Lohit High School,1835
http://dbpedia.org/resource/Marthoma_Residential_School,Marthoma Residential School,1720
http://dbpedia.org/resource/Hong_Kong_Jockey_Club,Hong Kong Jockey Club,2161
http://dbpedia.org/resource/Army_Public_College_Kakul_Campus,Army Public College Kakul Campus,1781
http://dbpedia.org/resource/Royal_Forest_of_Dean_College,Royal Forest of Dean College,2007
http://dbpedia.org/resource/Morioka_First_High_School,Morioka First High School,1833
http://dbpedia.org/resource/Dharumavantha_School,Dharumavantha School,1855
http://dbpedia.org/resource/Joanneum_Research,Joanneum Research,2051
http://dbpedia.org/resource/Afyon_Kocatepe_University,Afyon Kocatepe University,1992
http://dbpedia.org/resource/Colegio_San_Agustín_(Chile),Colegio San Agustín (Chile),1878
http://dbpedia.org/resource/Séminaire_de_Sherbrooke,Séminaire de Sherbrooke,1901
http://dbpedia.org/resource/Bridgerland_Applied_Technology_College,Bridgerland Applied Technology College,2112
http://dbpedia.org/resource/Highbury_College,Highbury College,2139
http://dbpedia.org/resource/St._Katherine_College,St. Katherine College,1817
http://dbpedia.org/resource/Eastview_High_School,Eastview High School,2171
http://dbpedia.org/resource/Chanel_College_(Gladstone),Chanel College (Gladstone),1790
http://dbpedia.org/resource/Anstey_College_of_Physical_Education,Anstey College of Physical Education,2151
http://dbpedia.org/resource/Muscle_Shoals_High_School,Muscle Shoals High School,1775
http://dbpedia.org/resource/Jain_International_Residential_School,Jain International Residential School,1782
"http://dbpedia.org/resource/St_John_Rigby_College,_Wigan","St John Rigby College, Wigan",2207
http://dbpedia.org/resource/Uttara_High_School_and_College,Uttara High School and College,1756
"http://dbpedia.org/resource/Sindhi_High_School,_Hebbal","Sindhi High School, Hebbal",1920
http://dbpedia.org/resource/Claverham_Community_College,Claverham Community College,1925
http://dbpedia.org/resource/Institute_for_Systems_Biology,Institute for Systems Biology,2296
http://dbpedia.org/resource/Rotherham_College_of_Arts_and_Technology,Rotherham College of Arts and Technology,2214
http://dbpedia.org/resource/Bangladesh_Academy_for_Rural_Development,Bangladesh Academy for Rural Development,2212
http://dbpedia.org/resource/Conservatorio_Nacional_de_Música_(Mexico),Conservatorio Nacional de Música (Mexico),1657
http://dbpedia.org/resource/St._Mary’s_High_School_SSC,St. Mary’s High School SSC,1797
http://dbpedia.org/resource/Armand_Hammer_United_World_College_of_the_American_West,Armand Hammer United World College of the American West,2228
http://dbpedia.org/resource/South_Devon_UTC,South Devon UTC,1806
"http://dbpedia.org/resource/The_Indian_High_School,_Dubai","The Indian High School, Dubai",1900
http://dbpedia.org/resource/Mid-Peninsula_High_School,Mid-Peninsula High School,1724
http://dbpedia.org/resource/SIETK,SIETK,2094
"http://dbpedia.org/resource/St._Edmund's_College,_Shillong","St. Edmund's College, Shillong",2186
http://dbpedia.org/resource/Bangladesh_Police_Academy,Bangladesh Police Academy,2180
http://dbpedia.org/resource/Andhra_Pradesh_Residential_Degree_College,Andhra Pradesh Residential Degree College,2135
http://dbpedia.org/resource/The_Young_Americans_College_of_the_Performing_Arts,The Young Americans College of the Performing Arts,2036
http://dbpedia.org/resource/Bethlehem_Campus,Bethlehem Campus,2172
http://dbpedia.org/resource/Serangoon_Junior_College,Serangoon Junior College,1967
http://dbpedia.org/resource/Translational_Genomics_Research_Institute,Translational Genomics Research Institute,2217
http://dbpedia.org/resource/Akademiet_Norge,Akademiet Norge,1940
