http://dbpedia.org/ontology/Artist,Artist,http://dbpedia.org/ontology/deathYear
http://dbpedia.org/resource/Richard_Stone_(composer),Richard Stone (composer),2001
http://dbpedia.org/resource/Birgitta_Valberg,Birgitta Valberg,2014
http://dbpedia.org/resource/Charlie_Hall_(actor),Charlie Hall (actor),1959
http://dbpedia.org/resource/Christian_Casadesus,Christian Casadesus,2014
http://dbpedia.org/resource/Claude_Bertrand_(actor),Claude Bertrand (actor),1986
http://dbpedia.org/resource/Francesco_Cozza_(painter),Francesco Cozza (painter),1682
http://dbpedia.org/resource/Guy_Newall,Guy Newall,1937
http://dbpedia.org/resource/Hideo_Murota,Hideo Murota,2002
http://dbpedia.org/resource/Jeffrey_Perry_(British_actor),Jeffrey Perry (British actor),2012
http://dbpedia.org/resource/Michael_Hawkins_(British_actor),Michael Hawkins (British actor),2014
http://dbpedia.org/resource/Minoru_Chiaki,Minoru Chiaki,1999
http://dbpedia.org/resource/Mona_Geijer-Falkner,Mona Geijer-Falkner,1973
http://dbpedia.org/resource/Renée_Björling,Renée Björling,1975
http://dbpedia.org/resource/Robert_Urquhart_(actor),Robert Urquhart (actor),1995
http://dbpedia.org/resource/Shinsuke_Ashida,Shinsuke Ashida,1999
http://dbpedia.org/resource/Anton_Urspruch,Anton Urspruch,1907
http://dbpedia.org/resource/Evelyn_Cameron,Evelyn Cameron,1928
http://dbpedia.org/resource/Clifford_Mollison,Clifford Mollison,1986
http://dbpedia.org/resource/David_Avison,David Avison,2004
http://dbpedia.org/resource/Henry_Mollison,Henry Mollison,1985
http://dbpedia.org/resource/John_Avison,John Avison,1983
http://dbpedia.org/resource/Alfred_Hickman,Alfred Hickman,1931
http://dbpedia.org/resource/Anne_Crawford,Anne Crawford,1956
http://dbpedia.org/resource/Arthur_Margetson,Arthur Margetson,1951
http://dbpedia.org/resource/Cameron_Carr_(actor),Cameron Carr (actor),1944
http://dbpedia.org/resource/Charles_Goldner,Charles Goldner,1955
http://dbpedia.org/resource/Cyril_McLaglen,Cyril McLaglen,1987
http://dbpedia.org/resource/Eivor_Landström,Eivor Landström,2004
http://dbpedia.org/resource/Gustaf_Molander,Gustaf Molander,1973
http://dbpedia.org/resource/Jacques_Herlin,Jacques Herlin,2014
http://dbpedia.org/resource/Jacquie_Lyn,Jacquie Lyn,2002
http://dbpedia.org/resource/Jimmy_Godden,Jimmy Godden,1955
http://dbpedia.org/resource/Jo_Peignot,Jo Peignot,1969
http://dbpedia.org/resource/Mark_Daly_(actor),Mark Daly (actor),1957
http://dbpedia.org/resource/Meggie_Albanesi,Meggie Albanesi,1923
http://dbpedia.org/resource/Naemi_Briese,Naemi Briese,1980
http://dbpedia.org/resource/Walter_Greene,Walter Greene,1983
http://dbpedia.org/resource/Walter_Hudd,Walter Hudd,1963
http://dbpedia.org/resource/Åke_Claesson,Åke Claesson,1967
http://dbpedia.org/resource/Fred_Emney,Fred Emney,1980
http://dbpedia.org/resource/Xavier_Saint-Macary,Xavier Saint-Macary,1988
http://dbpedia.org/resource/Bernard_Gruver,Bernard Gruver,1985
http://dbpedia.org/resource/George_Kuwa,George Kuwa,1931
http://dbpedia.org/resource/Pietrafesa_(painter),Pietrafesa (painter),1656
http://dbpedia.org/resource/Ben_Warriss,Ben Warriss,1993
http://dbpedia.org/resource/Danny_O'Dea,Danny O'Dea,2003
http://dbpedia.org/resource/Ingrid_Luterkort,Ingrid Luterkort,2011
http://dbpedia.org/resource/Lila_Leslie,Lila Leslie,1940
http://dbpedia.org/resource/Sōjin_Kamiyama,Sōjin Kamiyama,1954
http://dbpedia.org/resource/Victor_Jorgensen,Victor Jorgensen,1994
http://dbpedia.org/resource/A._E._Coleby,A. E. Coleby,1930
http://dbpedia.org/resource/Adam_Adamowicz,Adam Adamowicz,2012
http://dbpedia.org/resource/Cecil_Humphreys,Cecil Humphreys,1947
http://dbpedia.org/resource/Davina_Craig,Davina Craig,1983
http://dbpedia.org/resource/Ernst_Günther,Ernst Günther,1999
http://dbpedia.org/resource/Frederick_Culley,Frederick Culley,1942
http://dbpedia.org/resource/Hal_Gordon,Hal Gordon,1946
http://dbpedia.org/resource/Helen_Goss,Helen Goss,1985
http://dbpedia.org/resource/Hilary_Pritchard,Hilary Pritchard,1996
http://dbpedia.org/resource/Hugh_Buckler,Hugh Buckler,1936
http://dbpedia.org/resource/Kenneth_Kove,Kenneth Kove,1984
http://dbpedia.org/resource/Langhorn_Burton,Langhorn Burton,1949
http://dbpedia.org/resource/Lesley_Brook,Lesley Brook,2009
http://dbpedia.org/resource/Louise_Hampton,Louise Hampton,1954
http://dbpedia.org/resource/Manning_Haynes,Manning Haynes,1957
http://dbpedia.org/resource/Merle_Tottenham,Merle Tottenham,1958
http://dbpedia.org/resource/Philippa_Gail,Philippa Gail,1999
http://dbpedia.org/resource/Randal_Hilton,Randal Hilton,2010
http://dbpedia.org/resource/Sonia_Holm,Sonia Holm,1974
http://dbpedia.org/resource/Tyrell_Davis,Tyrell Davis,1970
http://dbpedia.org/resource/Tōru_Minegishi,Tōru Minegishi,2008
http://dbpedia.org/resource/Umewaka_Minoru_I,Umewaka Minoru I,1909
http://dbpedia.org/resource/Viola_Compton,Viola Compton,1971
http://dbpedia.org/resource/Robert_Cameron_(photographer),Robert Cameron (photographer),2009
http://dbpedia.org/resource/Carey_Blyton,Carey Blyton,2002
http://dbpedia.org/resource/Vincent_Winter,Vincent Winter,1998
http://dbpedia.org/resource/Christoph_Heinrich_Kniep,Christoph Heinrich Kniep,1825
http://dbpedia.org/resource/Fred_Goodwins,Fred Goodwins,1923
http://dbpedia.org/resource/Anna_Cropper,Anna Cropper,2007
http://dbpedia.org/resource/Barry_MacKay_(actor),Barry MacKay (actor),1985
http://dbpedia.org/resource/Halvar_Björk,Halvar Björk,2000
http://dbpedia.org/resource/Joseph_A._Bennett,Joseph A. Bennett,2015
http://dbpedia.org/resource/Lars_Ekborg,Lars Ekborg,1969
http://dbpedia.org/resource/Mary_Forbes,Mary Forbes,1974
http://dbpedia.org/resource/Maurice_Dorléac,Maurice Dorléac,1979
http://dbpedia.org/resource/Miko_Sotto,Miko Sotto,2003
http://dbpedia.org/resource/William_Marlowe,William Marlowe,2003
http://dbpedia.org/resource/Ellen_Andrée,Ellen Andrée,1925
http://dbpedia.org/resource/Gabrielle_Robinne,Gabrielle Robinne,1980
http://dbpedia.org/resource/A.B._Imeson,A.B. Imeson,1944
http://dbpedia.org/resource/Anna-Lisa_Baude,Anna-Lisa Baude,1968
http://dbpedia.org/resource/Arne_Lindblad,Arne Lindblad,1964
http://dbpedia.org/resource/Barbro_Flodquist,Barbro Flodquist,1971
http://dbpedia.org/resource/Berta_Hall,Berta Hall,1999
http://dbpedia.org/resource/Birgit_Tengroth,Birgit Tengroth,1983
http://dbpedia.org/resource/Britta_Brunius,Britta Brunius,2000
http://dbpedia.org/resource/Curt_Löwgren,Curt Löwgren,1967
http://dbpedia.org/resource/Curt_Masreliez,Curt Masreliez,1979
http://dbpedia.org/resource/Dagmar_Ebbesen,Dagmar Ebbesen,1954
http://dbpedia.org/resource/Dagmar_Olsson,Dagmar Olsson,1980
http://dbpedia.org/resource/Erik_Rosén,Erik Rosén,1967
http://dbpedia.org/resource/Gabriel_Alw,Gabriel Alw,1946
http://dbpedia.org/resource/Georg_Adelly,Georg Adelly,1997
http://dbpedia.org/resource/Georg_Skarstedt,Georg Skarstedt,1976
http://dbpedia.org/resource/Gull_Natorp,Gull Natorp,1962
http://dbpedia.org/resource/Gus_Dahlström,Gus Dahlström,1989
http://dbpedia.org/resource/Hans_Strååt,Hans Strååt,1991
http://dbpedia.org/resource/Helge_Hagerman,Helge Hagerman,1995
http://dbpedia.org/resource/Ivar_Kåge,Ivar Kåge,1951
http://dbpedia.org/resource/Jenny_Tschernichin-Larsson,Jenny Tschernichin-Larsson,1937
http://dbpedia.org/resource/John_Ekman,John Ekman,1949
http://dbpedia.org/resource/John_Melin,John Melin,1966
http://dbpedia.org/resource/Julia_Cæsar,Julia Cæsar,1971
http://dbpedia.org/resource/Jullan_Kindahl,Jullan Kindahl,1979
http://dbpedia.org/resource/Karl_Erik_Flens,Karl Erik Flens,1975
http://dbpedia.org/resource/Lasse_Krantz,Lasse Krantz,1973
http://dbpedia.org/resource/Magnus_Kesster,Magnus Kesster,1975
http://dbpedia.org/resource/Nine-Christine_Jönsson,Nine-Christine Jönsson,2011
http://dbpedia.org/resource/Richard_Lund,Richard Lund,1960
http://dbpedia.org/resource/Segol_Mann,Segol Mann,1992
http://dbpedia.org/resource/Signe_Wirff,Signe Wirff,1956
http://dbpedia.org/resource/Stig_Johanson,Stig Johanson,1986
http://dbpedia.org/resource/Takuzo_Kawatani,Takuzo Kawatani,1995
http://dbpedia.org/resource/Tor_Isedal,Tor Isedal,1990
http://dbpedia.org/resource/Tora_Teje,Tora Teje,1970
http://dbpedia.org/resource/Wiktor_Andersson,Wiktor Andersson,1966
http://dbpedia.org/resource/Yoshi_Katō,Yoshi Katō,1988
http://dbpedia.org/resource/Yōko_Mihara,Yōko Mihara,2013
http://dbpedia.org/resource/Renee_Clama,Renee Clama,1990
http://dbpedia.org/resource/Donald_Eccles,Donald Eccles,1986
http://dbpedia.org/resource/Ellen_Pollock,Ellen Pollock,1997
http://dbpedia.org/resource/Gösta_Bredefeldt,Gösta Bredefeldt,2010
http://dbpedia.org/resource/Judy_Gunn,Judy Gunn,1991
http://dbpedia.org/resource/Patricia_Plunkett,Patricia Plunkett,1974
http://dbpedia.org/resource/Sam_Livesey,Sam Livesey,1936
http://dbpedia.org/resource/Thérèse_Dorny,Thérèse Dorny,1976
http://dbpedia.org/resource/Anne-Marie_Brunius,Anne-Marie Brunius,2002
http://dbpedia.org/resource/Anthony_Hulme,Anthony Hulme,2007
http://dbpedia.org/resource/Barbara_Couper,Barbara Couper,1992
http://dbpedia.org/resource/Frederick_Burtwell,Frederick Burtwell,1948
http://dbpedia.org/resource/George_Elmer_Browne,George Elmer Browne,1946
http://dbpedia.org/resource/Ina_Clare,Ina Clare,2010
http://dbpedia.org/resource/Jack_Livesey,Jack Livesey,1961
http://dbpedia.org/resource/Jean-Baptiste_Boyer_dՃguilles,Jean-Baptiste Boyer dՃguilles,1709
http://dbpedia.org/resource/John_Botvid,John Botvid,1964
http://dbpedia.org/resource/Louis_Betts,Louis Betts,1961
http://dbpedia.org/resource/Margaretha_Krook,Margaretha Krook,2001
http://dbpedia.org/resource/Michael_Martin_Harvey,Michael Martin Harvey,1976
http://dbpedia.org/resource/Philip_Ray,Philip Ray,1978
http://dbpedia.org/resource/Rose_Alba,Rose Alba,2006
http://dbpedia.org/resource/Sidney_Vivian,Sidney Vivian,1984
http://dbpedia.org/resource/Thor_Modéen,Thor Modéen,1950
http://dbpedia.org/resource/Tollie_Zellman,Tollie Zellman,1964
http://dbpedia.org/resource/Toni_Edgar-Bruce,Toni Edgar-Bruce,1966
http://dbpedia.org/resource/Ulf_Johanson,Ulf Johanson,1990
http://dbpedia.org/resource/Åke_Ohberg,Åke Ohberg,1975
http://dbpedia.org/resource/George_Garner,George Garner,1971
http://dbpedia.org/resource/Hugh_Cross,Hugh Cross,1989
http://dbpedia.org/resource/Jane_Welsh,Jane Welsh,2001
http://dbpedia.org/resource/Ken_Yamauchi,Ken Yamauchi,2011
http://dbpedia.org/resource/Mark_Kingston,Mark Kingston,2011
http://dbpedia.org/resource/Muga_Takewaki,Muga Takewaki,2011
http://dbpedia.org/resource/Norman_Pierce,Norman Pierce,1968
http://dbpedia.org/resource/Wellington_A._Playter,Wellington A. Playter,1937
http://dbpedia.org/resource/Alexandre_Arquillière,Alexandre Arquillière,1953
http://dbpedia.org/resource/René_Donnio,René Donnio,1934
http://dbpedia.org/resource/René_Hervil,René Hervil,1960
http://dbpedia.org/resource/Aino_Taube,Aino Taube,1990
http://dbpedia.org/resource/Akiji_Kobayashi,Akiji Kobayashi,1996
http://dbpedia.org/resource/Alec_B._Francis,Alec B. Francis,1934
http://dbpedia.org/resource/Anders_Ek,Anders Ek,1979
http://dbpedia.org/resource/Charles-François_Racot_de_Grandval,Charles-François Racot de Grandval,1784
http://dbpedia.org/resource/John_Paul_(actor),John Paul (actor),1995
http://dbpedia.org/resource/Sally_Lutyens,Sally Lutyens,2005
http://dbpedia.org/resource/Scott_Sunderland_(actor),Scott Sunderland (actor),1956
http://dbpedia.org/resource/Svea_Holst,Svea Holst,1996
http://dbpedia.org/resource/Wylie_Watson,Wylie Watson,1966
http://dbpedia.org/resource/Yoshio_Inaba,Yoshio Inaba,1998
http://dbpedia.org/resource/Richard_Mayes,Richard Mayes,2006
http://dbpedia.org/resource/Tomio_Aoki,Tomio Aoki,2004
http://dbpedia.org/resource/Arthur_Young_(actor),Arthur Young (actor),1959
http://dbpedia.org/resource/Colette_Marchand,Colette Marchand,2015
http://dbpedia.org/resource/Derek_Deadman,Derek Deadman,2014
http://dbpedia.org/resource/Dorrie_Nossiter,Dorrie Nossiter,1977
http://dbpedia.org/resource/Douglas_Seale,Douglas Seale,1999
http://dbpedia.org/resource/Fabrice_Simon,Fabrice Simon,1998
http://dbpedia.org/resource/Gertan_Klauber,Gertan Klauber,2008
http://dbpedia.org/resource/Greta_Almroth,Greta Almroth,1981
http://dbpedia.org/resource/Lally_Bowers,Lally Bowers,1984
http://dbpedia.org/resource/Masayuki_Mori_(actor),Masayuki Mori (actor),1973
http://dbpedia.org/resource/Mitsuko_Mito,Mitsuko Mito,1981
http://dbpedia.org/resource/Peter_Stackpole,Peter Stackpole,1997
http://dbpedia.org/resource/Richard_Bird_(actor),Richard Bird (actor),1986
http://dbpedia.org/resource/Richard_Cooper_(actor),Richard Cooper (actor),1947
http://dbpedia.org/resource/Thomas_Russell_(painter),Thomas Russell (painter),1958
http://dbpedia.org/resource/Tutta_Rolf,Tutta Rolf,1994
http://dbpedia.org/resource/Ulf_Larsson,Ulf Larsson,2009
http://dbpedia.org/resource/Ulf_Palme,Ulf Palme,1993
http://dbpedia.org/resource/Natalie_Sleeth,Natalie Sleeth,1992
http://dbpedia.org/resource/Elizabeth_Gallagher,Elizabeth Gallagher,1974
http://dbpedia.org/resource/Heinrich_Füger,Heinrich Füger,1818
http://dbpedia.org/resource/Ken_Thorne,Ken Thorne,2014
http://dbpedia.org/resource/Kōji_Yada,Kōji Yada,2014
http://dbpedia.org/resource/Michèle_Girardon,Michèle Girardon,1975
http://dbpedia.org/resource/Richard_Cowley,Richard Cowley,1619
http://dbpedia.org/resource/Samuel_Isham,Samuel Isham,1914
http://dbpedia.org/resource/Barbara_New,Barbara New,2010
http://dbpedia.org/resource/David_Gale_(actor),David Gale (actor),1991
http://dbpedia.org/resource/Donald_Richards,Donald Richards,1953
http://dbpedia.org/resource/Marion_Keisker,Marion Keisker,1989
http://dbpedia.org/resource/Martin_Lev,Martin Lev,1992
http://dbpedia.org/resource/Michael_Graham_Cox,Michael Graham Cox,1995
http://dbpedia.org/resource/Shin_Saburi,Shin Saburi,1982
http://dbpedia.org/resource/Stanley_Lebor,Stanley Lebor,2014
http://dbpedia.org/resource/Terence_Longdon,Terence Longdon,2011
http://dbpedia.org/resource/Chrissie_White,Chrissie White,1989
http://dbpedia.org/resource/Hinrik_Funhof,Hinrik Funhof,1485
http://dbpedia.org/resource/Johann_Friedrich_Klöffler,Johann Friedrich Klöffler,1790
http://dbpedia.org/resource/David_Lloyd_Meredith,David Lloyd Meredith,2008
http://dbpedia.org/resource/Georg_Årlin,Georg Årlin,1992
http://dbpedia.org/resource/Herbert_Bunston,Herbert Bunston,1935
http://dbpedia.org/resource/Sture_Lagerwall,Sture Lagerwall,1964
http://dbpedia.org/resource/George_Beauchamp,George Beauchamp,1941
http://dbpedia.org/resource/George_Hayes_(British_actor),George Hayes (British actor),1967
http://dbpedia.org/resource/Herbert_Evans_(actor),Herbert Evans (actor),1952
http://dbpedia.org/resource/Hilda_Spong,Hilda Spong,1955
http://dbpedia.org/resource/Hiroshi_Kawaguchi_(actor),Hiroshi Kawaguchi (actor),1987
http://dbpedia.org/resource/Hiroshi_Tsuburaya,Hiroshi Tsuburaya,2001
http://dbpedia.org/resource/John_Bell_Jr.,John Bell Jr.,2013
http://dbpedia.org/resource/John_Simpson_(artist),John Simpson (artist),1847
http://dbpedia.org/resource/Kim_Gannon,Kim Gannon,1974
http://dbpedia.org/resource/Mitsuko_Mori,Mitsuko Mori,2012
http://dbpedia.org/resource/Pierre_Palau,Pierre Palau,1966
http://dbpedia.org/resource/Ranko_Hanai,Ranko Hanai,1961
http://dbpedia.org/resource/Roger_Blin,Roger Blin,1984
http://dbpedia.org/resource/Siegfried_Alkan,Siegfried Alkan,1941
http://dbpedia.org/resource/Ulla_Jacobsson,Ulla Jacobsson,1982
http://dbpedia.org/resource/Ulla_Sjöblom,Ulla Sjöblom,1989
http://dbpedia.org/resource/Gitta_Alpár,Gitta Alpár,1991
http://dbpedia.org/resource/Hudson_Mindell_Kitchell,Hudson Mindell Kitchell,1944
http://dbpedia.org/resource/Adriana_Basile,Adriana Basile,1640
http://dbpedia.org/resource/Anna_Lindahl,Anna Lindahl,1952
http://dbpedia.org/resource/Betty_Lawford,Betty Lawford,1960
http://dbpedia.org/resource/Daniel_Duval,Daniel Duval,2013
http://dbpedia.org/resource/Daphne_Heard,Daphne Heard,1983
http://dbpedia.org/resource/Giovanni_Battista_Maganza,Giovanni Battista Maganza,1586
http://dbpedia.org/resource/Hannah_Williams_(actress),Hannah Williams (actress),1973
http://dbpedia.org/resource/Hermann_Bischoff,Hermann Bischoff,1936
http://dbpedia.org/resource/Kazuo_Hasegawa,Kazuo Hasegawa,1984
"http://dbpedia.org/resource/Klaus_Pringsheim,_Sr.","Klaus Pringsheim, Sr.",1972
http://dbpedia.org/resource/Marie_Ault,Marie Ault,1951
http://dbpedia.org/resource/Nils_Ahrén,Nils Ahrén,1928
http://dbpedia.org/resource/Vincent_Scotto,Vincent Scotto,1952
http://dbpedia.org/resource/Alexander_Field_(actor),Alexander Field (actor),1971
http://dbpedia.org/resource/Edvin_Adolphson,Edvin Adolphson,1979
http://dbpedia.org/resource/Hajime_Hana,Hajime Hana,1993
http://dbpedia.org/resource/Isao_Yamagata,Isao Yamagata,1996
http://dbpedia.org/resource/James_Culliford,James Culliford,2002
http://dbpedia.org/resource/Kaoru_Shimamura,Kaoru Shimamura,2013
http://dbpedia.org/resource/Ken_Mitsuda,Ken Mitsuda,1997
http://dbpedia.org/resource/Mado_Maurin,Mado Maurin,2013
http://dbpedia.org/resource/Shigeru_Amachi,Shigeru Amachi,1985
http://dbpedia.org/resource/Barbro_Hiort_af_Ornäs,Barbro Hiort af Ornäs,2015
http://dbpedia.org/resource/Barbro_Kollberg,Barbro Kollberg,2014
http://dbpedia.org/resource/Ben_Weber_(composer),Ben Weber (composer),1979
http://dbpedia.org/resource/Bengt_Eklund,Bengt Eklund,1998
http://dbpedia.org/resource/Ernst_Eklund_(actor),Ernst Eklund (actor),1971
http://dbpedia.org/resource/Gilly_Coman,Gilly Coman,2010
http://dbpedia.org/resource/Gösta_Bernhard,Gösta Bernhard,1986
http://dbpedia.org/resource/Gösta_Prüzelius,Gösta Prüzelius,2000
http://dbpedia.org/resource/Inday_Ba,Inday Ba,2005
http://dbpedia.org/resource/Kō_Nishimura,Kō Nishimura,1997
http://dbpedia.org/resource/Saburo_Kamei,Saburo Kamei,2013
http://dbpedia.org/resource/Sif_Ruud,Sif Ruud,2011
http://dbpedia.org/resource/William_Austin_(actor),William Austin (actor),1975
http://dbpedia.org/resource/Asprilio_Pacelli,Asprilio Pacelli,1623
http://dbpedia.org/resource/Chris_Nelson_(photographer),Chris Nelson (photographer),2006
http://dbpedia.org/resource/Edward_Lexy,Edward Lexy,1970
http://dbpedia.org/resource/Gordon_McLeod_(actor),Gordon McLeod (actor),1961
http://dbpedia.org/resource/Gunnar_Olsson_(actor),Gunnar Olsson (actor),1983
http://dbpedia.org/resource/Jean_Marsan,Jean Marsan,1977
http://dbpedia.org/resource/John_Turnbull_(actor),John Turnbull (actor),1956
http://dbpedia.org/resource/Joseph_Heintz_the_Younger,Joseph Heintz the Younger,1678
http://dbpedia.org/resource/Paul_Demange_(actor),Paul Demange (actor),1983
http://dbpedia.org/resource/Shelagh_Fraser,Shelagh Fraser,2000
http://dbpedia.org/resource/Shōgo_Shimada_(actor),Shōgo Shimada (actor),2004
http://dbpedia.org/resource/Wallace_Lupino,Wallace Lupino,1961
http://dbpedia.org/resource/Cris_Alexander,Cris Alexander,2012
http://dbpedia.org/resource/Euphemia_Allen,Euphemia Allen,1949
http://dbpedia.org/resource/Fylgia_Zadig,Fylgia Zadig,1994
http://dbpedia.org/resource/Lucien_Guitry,Lucien Guitry,1925
http://dbpedia.org/resource/Rudy_Larriva,Rudy Larriva,2010
http://dbpedia.org/resource/Jenny_Alpha,Jenny Alpha,2010
http://dbpedia.org/resource/François_Chaumette,François Chaumette,1996
http://dbpedia.org/resource/Lina_Romay_(singer),Lina Romay (singer),2010
http://dbpedia.org/resource/Mary_Louisa_Kirschner,Mary Louisa Kirschner,1931
http://dbpedia.org/resource/Bill_Eppridge,Bill Eppridge,2013
http://dbpedia.org/resource/Eric_Barclay,Eric Barclay,1938
http://dbpedia.org/resource/Jean-Louis_Richard,Jean-Louis Richard,2012
http://dbpedia.org/resource/John_Witty,John Witty,1990
http://dbpedia.org/resource/Lyne_Chardonnet,Lyne Chardonnet,1980
http://dbpedia.org/resource/Marcelle_Chantal,Marcelle Chantal,1960
http://dbpedia.org/resource/Maria_Katharina_Prestel,Maria Katharina Prestel,1794
http://dbpedia.org/resource/Thomas_Häfner,Thomas Häfner,1985
http://dbpedia.org/resource/Adelaïde_Salles-Wagner,Adelaïde Salles-Wagner,1890
http://dbpedia.org/resource/Joseph_J._Lilley,Joseph J. Lilley,1971
http://dbpedia.org/resource/Philip_Stainton,Philip Stainton,1961
http://dbpedia.org/resource/André_Lefaur,André Lefaur,1952
http://dbpedia.org/resource/Bernard_Musson,Bernard Musson,2010
http://dbpedia.org/resource/Bunjaku_Han,Bunjaku Han,2002
http://dbpedia.org/resource/Elsie_Wagstaff,Elsie Wagstaff,1985
http://dbpedia.org/resource/Henry_Djanik,Henry Djanik,2008
http://dbpedia.org/resource/Jacques_Fabbri,Jacques Fabbri,1997
http://dbpedia.org/resource/Jean_Claudio,Jean Claudio,1992
http://dbpedia.org/resource/Jean_Martinelli,Jean Martinelli,1983
http://dbpedia.org/resource/Nicolas-Médard_Audinot,Nicolas-Médard Audinot,1801
http://dbpedia.org/resource/Ottmar_Elliger_the_Younger,Ottmar Elliger the Younger,1735
http://dbpedia.org/resource/Robert_Moor,Robert Moor,1972
http://dbpedia.org/resource/Roger_Vincent,Roger Vincent,1959
http://dbpedia.org/resource/Sakari_Suzuki,Sakari Suzuki,1995
http://dbpedia.org/resource/Sheila_Raynor,Sheila Raynor,1998
http://dbpedia.org/resource/Simon_Lack,Simon Lack,1980
http://dbpedia.org/resource/William_John_Wainwright,William John Wainwright,1931
http://dbpedia.org/resource/Cavan_Kendall,Cavan Kendall,1999
http://dbpedia.org/resource/Ichiro_Sugai,Ichiro Sugai,1973
http://dbpedia.org/resource/Jun_Hamamura,Jun Hamamura,1995
http://dbpedia.org/resource/Koreya_Senda,Koreya Senda,1994
http://dbpedia.org/resource/Max_Maxudian,Max Maxudian,1976
http://dbpedia.org/resource/Nobuo_Kaneko,Nobuo Kaneko,1995
http://dbpedia.org/resource/Ryosuke_Kagawa,Ryosuke Kagawa,1987
http://dbpedia.org/resource/Saburo_Date,Saburo Date,1991
http://dbpedia.org/resource/Sadako_Sawamura,Sadako Sawamura,1996
http://dbpedia.org/resource/So_Yamamura,So Yamamura,2000
http://dbpedia.org/resource/Taketoshi_Naito,Taketoshi Naito,2012
http://dbpedia.org/resource/Thecla_Åhlander,Thecla Åhlander,1925
http://dbpedia.org/resource/Augustus_Henry_Fox,Augustus Henry Fox,1895
http://dbpedia.org/resource/Edith_L._King,Edith L. King,1975
http://dbpedia.org/resource/Bellan_Roos,Bellan Roos,1990
http://dbpedia.org/resource/Birger_Lensander,Birger Lensander,1971
http://dbpedia.org/resource/Brita_Öberg,Brita Öberg,1969
http://dbpedia.org/resource/Börje_Nyberg,Börje Nyberg,2005
http://dbpedia.org/resource/Carl_Billquist,Carl Billquist,1993
http://dbpedia.org/resource/Catrin_Westerlund,Catrin Westerlund,1982
http://dbpedia.org/resource/Edward_Burnham,Edward Burnham,2015
http://dbpedia.org/resource/Göthe_Grefbo,Göthe Grefbo,1991
http://dbpedia.org/resource/Hans_Ernback,Hans Ernback,2013
http://dbpedia.org/resource/Jan_Erik_Lindqvist,Jan Erik Lindqvist,1988
http://dbpedia.org/resource/Åke_Lindström,Åke Lindström,2002
http://dbpedia.org/resource/Agda_Helin,Agda Helin,1984
http://dbpedia.org/resource/Birger_Åsander,Birger Åsander,1984
http://dbpedia.org/resource/Bretton_Byrd,Bretton Byrd,1957
http://dbpedia.org/resource/Carl-Axel_Elfving,Carl-Axel Elfving,1988
http://dbpedia.org/resource/Carl-Axel_Heiknert,Carl-Axel Heiknert,1981
http://dbpedia.org/resource/Frank_Sundström,Frank Sundström,1993
http://dbpedia.org/resource/Gerd_Hagman,Gerd Hagman,2011
http://dbpedia.org/resource/Kei_Suma,Kei Suma,2013
http://dbpedia.org/resource/Lincoln_Maazel,Lincoln Maazel,2009
http://dbpedia.org/resource/Mayna_Treanor_Avent,Mayna Treanor Avent,1959
http://dbpedia.org/resource/Olof_Bergström,Olof Bergström,1984
http://dbpedia.org/resource/Richard_Dolman,Richard Dolman,1978
http://dbpedia.org/resource/Ryōko_Kinomiya,Ryōko Kinomiya,2013
http://dbpedia.org/resource/Sune_Mangs,Sune Mangs,1994
http://dbpedia.org/resource/Suzanne_Dalbert,Suzanne Dalbert,1970
http://dbpedia.org/resource/Sven_Holmberg,Sven Holmberg,2003
http://dbpedia.org/resource/Torgny_Anderberg,Torgny Anderberg,2000
http://dbpedia.org/resource/Violet_Graham,Violet Graham,1967
http://dbpedia.org/resource/Emil_Fjellström,Emil Fjellström,1944
http://dbpedia.org/resource/Eric_Abrahamsson,Eric Abrahamsson,1942
http://dbpedia.org/resource/Hans_V._Engström,Hans V. Engström,2014
http://dbpedia.org/resource/Hilding_Gavle,Hilding Gavle,1969
http://dbpedia.org/resource/James_Charles_(artist),James Charles (artist),1907
http://dbpedia.org/resource/Karin_Ekelund,Karin Ekelund,1976
http://dbpedia.org/resource/Kyū_Sazanka,Kyū Sazanka,1971
http://dbpedia.org/resource/Lili_Ziedner,Lili Ziedner,1939
http://dbpedia.org/resource/Masakane_Yonekura,Masakane Yonekura,2014
http://dbpedia.org/resource/Agnese_Dolci,Agnese Dolci,1686
http://dbpedia.org/resource/Annie_Marie_Youngman,Annie Marie Youngman,1919
http://dbpedia.org/resource/Bert_Coote,Bert Coote,1938
http://dbpedia.org/resource/Blanche_Jenkins,Blanche Jenkins,1915
http://dbpedia.org/resource/Charles_Vane_(actor),Charles Vane (actor),1943
http://dbpedia.org/resource/Eijirō_Yanagi,Eijirō Yanagi,1984
http://dbpedia.org/resource/Fernande_Decruck,Fernande Decruck,1954
http://dbpedia.org/resource/Flora_Macdonald_Reid,Flora Macdonald Reid,1938
http://dbpedia.org/resource/Helen_Cordelia_Angell,Helen Cordelia Angell,1884
http://dbpedia.org/resource/Héléna_Arsène_Darmesteter,Héléna Arsène Darmesteter,1923
http://dbpedia.org/resource/Isao_Natsuyagi,Isao Natsuyagi,2013
http://dbpedia.org/resource/Jean_Miller,Jean Miller,2014
http://dbpedia.org/resource/Jessie_Macgregor,Jessie Macgregor,1919
http://dbpedia.org/resource/Julia_Beatrice_How,Julia Beatrice How,1932
http://dbpedia.org/resource/Kuniko_Miyake,Kuniko Miyake,1992
http://dbpedia.org/resource/Lily_Blatherwick,Lily Blatherwick,1934
http://dbpedia.org/resource/Louisa_Starr,Louisa Starr,1909
http://dbpedia.org/resource/Madeline_Marrable,Madeline Marrable,1916
http://dbpedia.org/resource/Margaret_Meen,Margaret Meen,1824
http://dbpedia.org/resource/Margot_Drake,Margot Drake,1948
http://dbpedia.org/resource/Marie_Seymour_Lucas,Marie Seymour Lucas,1921
http://dbpedia.org/resource/Mary_Ann_Criddle,Mary Ann Criddle,1880
http://dbpedia.org/resource/Masami_Shimojō,Masami Shimojō,2004
http://dbpedia.org/resource/Maude_Goodman,Maude Goodman,1938
http://dbpedia.org/resource/Meg_Lemonnier,Meg Lemonnier,1998
http://dbpedia.org/resource/Nelly_Bodenheim,Nelly Bodenheim,1951
http://dbpedia.org/resource/Nils_Kihlberg,Nils Kihlberg,1965
http://dbpedia.org/resource/Richard_Haines,Richard Haines,1984
http://dbpedia.org/resource/Ryūji_Kita,Ryūji Kita,1972
http://dbpedia.org/resource/Tatsuo_Saitō,Tatsuo Saitō,1968
http://dbpedia.org/resource/Tokuko_Takagi,Tokuko Takagi,1919
http://dbpedia.org/resource/Vera_Allinson,Vera Allinson,1971
http://dbpedia.org/resource/Yoshio_Kosugi,Yoshio Kosugi,1968
http://dbpedia.org/resource/Yūnosuke_Itō,Yūnosuke Itō,1980
http://dbpedia.org/resource/Gunnar_Björnstrand,Gunnar Björnstrand,1986
http://dbpedia.org/resource/Gunnar_Nielsen_(actor),Gunnar Nielsen (actor),2009
http://dbpedia.org/resource/Runa_Akiyama,Runa Akiyama,2014
http://dbpedia.org/resource/Edith_Martineau,Edith Martineau,1909
http://dbpedia.org/resource/Erling_Persson,Erling Persson,2002
http://dbpedia.org/resource/John_Ramage,John Ramage,1802
http://dbpedia.org/resource/Peter_Lindgren_(actor),Peter Lindgren (actor),1981
http://dbpedia.org/resource/Peter_Swanwick,Peter Swanwick,1968
http://dbpedia.org/resource/Rico_Yan,Rico Yan,2002
http://dbpedia.org/resource/Roy_Emerton,Roy Emerton,1944
http://dbpedia.org/resource/Sachiko_Murase,Sachiko Murase,1993
http://dbpedia.org/resource/Stig_Olin,Stig Olin,2008
http://dbpedia.org/resource/Tomoyuki_Dan,Tomoyuki Dan,2013
http://dbpedia.org/resource/Emil_Forselius,Emil Forselius,2010
http://dbpedia.org/resource/A._C._and_Mamie_Forehand,A. C. and Mamie Forehand,1936
http://dbpedia.org/resource/A._C._and_Mamie_Forehand,A. C. and Mamie Forehand,1972
http://dbpedia.org/resource/Brasse_Brännström,Brasse Brännström,2014
http://dbpedia.org/resource/Colette_Ripert,Colette Ripert,1999
http://dbpedia.org/resource/Florence_White_(painter),Florence White (painter),1932
http://dbpedia.org/resource/Folke_Sundquist,Folke Sundquist,2009
http://dbpedia.org/resource/Holger_Löwenadler,Holger Löwenadler,1977
http://dbpedia.org/resource/Hélène_Boschi,Hélène Boschi,1990
http://dbpedia.org/resource/Joan_Kemp-Welch,Joan Kemp-Welch,1999
http://dbpedia.org/resource/Karl-Arne_Holmsten,Karl-Arne Holmsten,1995
http://dbpedia.org/resource/Ludde_Gentzel,Ludde Gentzel,1963
http://dbpedia.org/resource/Moisés_Moleiro,Moisés Moleiro,1979
http://dbpedia.org/resource/Ruby_Miller_(actress),Ruby Miller (actress),1976
http://dbpedia.org/resource/Sacha_Pitoëff,Sacha Pitoëff,1990
http://dbpedia.org/resource/Tatsuo_Matsumura_(actor),Tatsuo Matsumura (actor),2005
http://dbpedia.org/resource/Terry_Walsh_(actor),Terry Walsh (actor),2002
http://dbpedia.org/resource/Victor_Brooks_(actor),Victor Brooks (actor),2000
http://dbpedia.org/resource/George_Relph,George Relph,1960
http://dbpedia.org/resource/Albert_Angus_Turbayne,Albert Angus Turbayne,1940
http://dbpedia.org/resource/Clive_Morton,Clive Morton,1975
http://dbpedia.org/resource/Eiji_Kanie,Eiji Kanie,1985
http://dbpedia.org/resource/Ian_Collier,Ian Collier,2008
http://dbpedia.org/resource/Joan_Rice,Joan Rice,1997
http://dbpedia.org/resource/Kōhei_Miyauchi,Kōhei Miyauchi,1995
http://dbpedia.org/resource/Madeleine_Renaud,Madeleine Renaud,1994
http://dbpedia.org/resource/Mary_Kerridge,Mary Kerridge,1999
http://dbpedia.org/resource/Roy_Herrick,Roy Herrick,1988
http://dbpedia.org/resource/Dudley_Foster,Dudley Foster,1973
http://dbpedia.org/resource/Fabrizio_Santafede,Fabrizio Santafede,1635
http://dbpedia.org/resource/Fridolf_Rhudin,Fridolf Rhudin,1935
http://dbpedia.org/resource/Jack_Purvis_(actor),Jack Purvis (actor),1997
http://dbpedia.org/resource/Pietro_Negroni,Pietro Negroni,1565
http://dbpedia.org/resource/Richard_Caldicot,Richard Caldicot,1995
http://dbpedia.org/resource/Sigurd_Wallén,Sigurd Wallén,1947
http://dbpedia.org/resource/Stephen_Hancock,Stephen Hancock,2015
http://dbpedia.org/resource/Frans_Hogenberg,Frans Hogenberg,1590
http://dbpedia.org/resource/Hans_Multscher,Hans Multscher,1467
http://dbpedia.org/resource/Joan_Morgan,Joan Morgan,2004
http://dbpedia.org/resource/Håkan_Serner,Håkan Serner,1984
http://dbpedia.org/resource/Ivy_Close,Ivy Close,1968
http://dbpedia.org/resource/Jack_Trevor,Jack Trevor,1976
http://dbpedia.org/resource/Alfred_C._Abadie,Alfred C. Abadie,1950
http://dbpedia.org/resource/Belle_Chrystall,Belle Chrystall,2003
http://dbpedia.org/resource/Elizabeth_Wallace_(actress),Elizabeth Wallace (actress),2011
http://dbpedia.org/resource/Lesley_Wareing,Lesley Wareing,1988
http://dbpedia.org/resource/Nakamura_Nakazo_I,Nakamura Nakazo I,1790
http://dbpedia.org/resource/Nicholas_Phipps,Nicholas Phipps,1980
http://dbpedia.org/resource/Ronald_Ward,Ronald Ward,1978
http://dbpedia.org/resource/Tom_Chatto,Tom Chatto,1982
http://dbpedia.org/resource/Richard_Mathews,Richard Mathews,1992
http://dbpedia.org/resource/Paulette_Noizeux,Paulette Noizeux,1971
http://dbpedia.org/resource/Tore_Svennberg,Tore Svennberg,1941
http://dbpedia.org/resource/Abel_Jacquin,Abel Jacquin,1968
http://dbpedia.org/resource/Bernard_Lancret,Bernard Lancret,1983
http://dbpedia.org/resource/Denise_Legeay,Denise Legeay,1968
http://dbpedia.org/resource/Jacques_Kapralik,Jacques Kapralik,1960
http://dbpedia.org/resource/Jean-Damascène_Sallusti,Jean-Damascène Sallusti,1781
http://dbpedia.org/resource/Jean_Marchat,Jean Marchat,1966
http://dbpedia.org/resource/Jean_Worms,Jean Worms,1943
http://dbpedia.org/resource/Marie_Déa,Marie Déa,1992
http://dbpedia.org/resource/Morgan_Andersson,Morgan Andersson,1977
http://dbpedia.org/resource/Ray_Arnett,Ray Arnett,2015
http://dbpedia.org/resource/Tania_Fédor,Tania Fédor,1985
http://dbpedia.org/resource/Theodore_Hancock,Theodore Hancock,1989
http://dbpedia.org/resource/Augusto_Martelli,Augusto Martelli,2014
http://dbpedia.org/resource/Chieko_Aioi,Chieko Aioi,2013
http://dbpedia.org/resource/Pierre_Gérald,Pierre Gérald,2012
http://dbpedia.org/resource/Charles_Granval,Charles Granval,1943
http://dbpedia.org/resource/Marcelle_Tassencourt,Marcelle Tassencourt,2001
http://dbpedia.org/resource/Raymond_Girard,Raymond Girard,1989
http://dbpedia.org/resource/Amy_Dalby,Amy Dalby,1969
http://dbpedia.org/resource/John_Welsh_(actor),John Welsh (actor),1985
http://dbpedia.org/resource/Shingo_Yamashiro,Shingo Yamashiro,2009
http://dbpedia.org/resource/Gerard_W._Ford,Gerard W. Ford,2008
http://dbpedia.org/resource/Jamie_Livingston,Jamie Livingston,1997
http://dbpedia.org/resource/Phil_Stern,Phil Stern,2014
http://dbpedia.org/resource/Michel_Lotito,Michel Lotito,2007
http://dbpedia.org/resource/Betty_Compton,Betty Compton,1944
http://dbpedia.org/resource/Bokuzen_Hidari,Bokuzen Hidari,1971
http://dbpedia.org/resource/Brian_Nissen,Brian Nissen,2001
http://dbpedia.org/resource/Declan_Mulholland,Declan Mulholland,1999
http://dbpedia.org/resource/Eleanor_Summerfield,Eleanor Summerfield,2001
http://dbpedia.org/resource/Harry_Locke,Harry Locke,1987
http://dbpedia.org/resource/John_Hewer,John Hewer,2008
http://dbpedia.org/resource/Marjorie_Rhodes,Marjorie Rhodes,1979
http://dbpedia.org/resource/Masato_Yamanouchi,Masato Yamanouchi,2003
http://dbpedia.org/resource/Michel_Galabru,Michel Galabru,2016
http://dbpedia.org/resource/Norman_Wooland,Norman Wooland,1989
http://dbpedia.org/resource/Peter_Bull,Peter Bull,1984
http://dbpedia.org/resource/Pierre_Clémenti,Pierre Clémenti,1999
http://dbpedia.org/resource/Vickery_Turner,Vickery Turner,2006
http://dbpedia.org/resource/Stefan_Askenase,Stefan Askenase,1985
http://dbpedia.org/resource/William_Henry_Gill,William Henry Gill,1923
http://dbpedia.org/resource/Gilles_Ségal,Gilles Ségal,2014
http://dbpedia.org/resource/Takahiro_Tamura,Takahiro Tamura,2006
http://dbpedia.org/resource/Adolf_Jahr,Adolf Jahr,1964
http://dbpedia.org/resource/C._V._France,C. V. France,1949
http://dbpedia.org/resource/Carl-Gunnar_Wingård,Carl-Gunnar Wingård,1977
http://dbpedia.org/resource/Carl_Ström,Carl Ström,1957
http://dbpedia.org/resource/Colin_Keith-Johnston,Colin Keith-Johnston,1980
http://dbpedia.org/resource/David_King-Wood,David King-Wood,2003
http://dbpedia.org/resource/Douglas_Håge,Douglas Håge,1959
http://dbpedia.org/resource/Eitarō_Shindō,Eitarō Shindō,1977
http://dbpedia.org/resource/Georg_Rydeberg,Georg Rydeberg,1983
http://dbpedia.org/resource/George_Fant,George Fant,1998
http://dbpedia.org/resource/Ingrid_Backlin,Ingrid Backlin,2013
http://dbpedia.org/resource/Yoichi_Numata,Yoichi Numata,2006
http://dbpedia.org/resource/Tobé_Coller_Davis,Tobé Coller Davis,1962
http://dbpedia.org/resource/Tom_Kelley_(photographer),Tom Kelley (photographer),1984
http://dbpedia.org/resource/Hiroyuki_Nishimoto,Hiroyuki Nishimoto,2015
http://dbpedia.org/resource/Junie_Astor,Junie Astor,1967
http://dbpedia.org/resource/Takeo_Chii,Takeo Chii,2012
http://dbpedia.org/resource/David_Oxley,David Oxley,1985
http://dbpedia.org/resource/Dorothy_Seacombe,Dorothy Seacombe,1994
http://dbpedia.org/resource/Gladys_Jennings,Gladys Jennings,1994
http://dbpedia.org/resource/Julie_Suedo,Julie Suedo,1978
http://dbpedia.org/resource/Lawson_Butt,Lawson Butt,1956
http://dbpedia.org/resource/Rex_O'Malley,Rex O'Malley,1976
http://dbpedia.org/resource/Andrée_Tainsy,Andrée Tainsy,2004
http://dbpedia.org/resource/Annette_Benson,Annette Benson,1965
http://dbpedia.org/resource/Eliot_Elisofon,Eliot Elisofon,1973
http://dbpedia.org/resource/Fred_Groves_(actor),Fred Groves (actor),1955
http://dbpedia.org/resource/Muriel_Rahn,Muriel Rahn,1961
http://dbpedia.org/resource/Norman_Page,Norman Page,1935
http://dbpedia.org/resource/Urylee_Leonardos,Urylee Leonardos,1986
http://dbpedia.org/resource/Wyndham_Guise,Wyndham Guise,1934
http://dbpedia.org/resource/Ann_Casson,Ann Casson,1990
http://dbpedia.org/resource/Georges_Tréville,Georges Tréville,1944
http://dbpedia.org/resource/J.V._Jelley,J.V. Jelley,1950
http://dbpedia.org/resource/Junzaburo_Ban,Junzaburo Ban,1981
http://dbpedia.org/resource/Kate_Eadie,Kate Eadie,1945
http://dbpedia.org/resource/Leo_Britt,Leo Britt,1979
http://dbpedia.org/resource/Lesley_Fitz-Simons,Lesley Fitz-Simons,2013
http://dbpedia.org/resource/Marcel_Vibert,Marcel Vibert,1959
http://dbpedia.org/resource/Stanley_Herbert,Stanley Herbert,1967
http://dbpedia.org/resource/Georg_Schumann_(composer),Georg Schumann (composer),1952
http://dbpedia.org/resource/Jarl_Kulle,Jarl Kulle,1997
http://dbpedia.org/resource/Mark_Singleton_(actor),Mark Singleton (actor),1986
http://dbpedia.org/resource/Anders_Henrikson,Anders Henrikson,1965
http://dbpedia.org/resource/Cameron_Hall_(actor),Cameron Hall (actor),1983
http://dbpedia.org/resource/Chieko_Honda,Chieko Honda,2013
http://dbpedia.org/resource/Fritha_Goodey,Fritha Goodey,2004
http://dbpedia.org/resource/Hideji_Ōtaki,Hideji Ōtaki,2012
http://dbpedia.org/resource/Karl_Gerhard,Karl Gerhard,1964
http://dbpedia.org/resource/Katie_Rolfsen,Katie Rolfsen,1966
http://dbpedia.org/resource/Kazunari_Tanaka,Kazunari Tanaka,2016
http://dbpedia.org/resource/Ken_Uehara,Ken Uehara,1991
http://dbpedia.org/resource/Louise_Plowright,Louise Plowright,2016
http://dbpedia.org/resource/Masao_Shimizu,Masao Shimizu,1975
http://dbpedia.org/resource/Michiyo_Aratama,Michiyo Aratama,2001
http://dbpedia.org/resource/Mikio_Narita,Mikio Narita,1990
http://dbpedia.org/resource/Mutsuko_Sakura,Mutsuko Sakura,2005
http://dbpedia.org/resource/Naoki_Sugiura,Naoki Sugiura,2011
http://dbpedia.org/resource/Padre_Davide_da_Bergamo,Padre Davide da Bergamo,1863
http://dbpedia.org/resource/Richard_Buckner_(artist),Richard Buckner (artist),1883
http://dbpedia.org/resource/Rikiya_Yasuoka,Rikiya Yasuoka,2012
http://dbpedia.org/resource/Rune_Lindström_(screenwriter),Rune Lindström (screenwriter),1973
http://dbpedia.org/resource/Seiji_Miyaguchi,Seiji Miyaguchi,1985
http://dbpedia.org/resource/Seizō_Katō,Seizō Katō,2014
"http://dbpedia.org/resource/Shinpei_Takagi_(actor,_born_1902)","Shinpei Takagi (actor, born 1902)",1967
http://dbpedia.org/resource/Stina_Berg,Stina Berg,1930
http://dbpedia.org/resource/Taichirō_Hirokawa,Taichirō Hirokawa,2008
http://dbpedia.org/resource/Tatsuo_Yamada,Tatsuo Yamada,2009
http://dbpedia.org/resource/Toivo_Pawlo,Toivo Pawlo,1979
http://dbpedia.org/resource/Tomiko_Suzuki,Tomiko Suzuki,2003
http://dbpedia.org/resource/Yatarō_Kurokawa,Yatarō Kurokawa,1984
http://dbpedia.org/resource/Åke_Söderblom,Åke Söderblom,1965
http://dbpedia.org/resource/Franklin_Dyall,Franklin Dyall,1950
http://dbpedia.org/resource/Giani_Esposito,Giani Esposito,1974
http://dbpedia.org/resource/Ola_Belle_Reed,Ola Belle Reed,2002
http://dbpedia.org/resource/Stanley_Caine,Stanley Caine,2013
http://dbpedia.org/resource/Derek_Farr,Derek Farr,1986
http://dbpedia.org/resource/Gerald_Ames,Gerald Ames,1933
http://dbpedia.org/resource/Kiwako_Taichi,Kiwako Taichi,1992
http://dbpedia.org/resource/Martin_Slavin,Martin Slavin,1988
http://dbpedia.org/resource/Noriko_Sengoku,Noriko Sengoku,2012
http://dbpedia.org/resource/Colette_Darfeuil,Colette Darfeuil,1998
http://dbpedia.org/resource/Denise_Bellon,Denise Bellon,1999
http://dbpedia.org/resource/Fernand_Charpin,Fernand Charpin,1944
http://dbpedia.org/resource/Harry_Sukman,Harry Sukman,1984
http://dbpedia.org/resource/Helena_Pickard,Helena Pickard,1959
http://dbpedia.org/resource/Walter_Firle,Walter Firle,1929
http://dbpedia.org/resource/René_Dary,René Dary,1974
http://dbpedia.org/resource/Will_McBride_(photographer),Will McBride (photographer),2015
http://dbpedia.org/resource/Yoshiko_Tanaka,Yoshiko Tanaka,2011
http://dbpedia.org/resource/Jack_Pepper,Jack Pepper,1979
http://dbpedia.org/resource/AK_47_Mayanja,AK 47 Mayanja,2015
http://dbpedia.org/resource/Shunsuke_Shima,Shunsuke Shima,2003
http://dbpedia.org/resource/Alice_Verne-Bredt,Alice Verne-Bredt,1958
http://dbpedia.org/resource/Allan_Bohlin,Allan Bohlin,1959
http://dbpedia.org/resource/Angela_Browne,Angela Browne,2001
http://dbpedia.org/resource/Ben_Webster_(actor),Ben Webster (actor),1947
http://dbpedia.org/resource/Henri_Attal,Henri Attal,2003
http://dbpedia.org/resource/Jack_Hobbs_(actor),Jack Hobbs (actor),1968
http://dbpedia.org/resource/John_Baskcomb,John Baskcomb,2000
http://dbpedia.org/resource/Julien_Rassam,Julien Rassam,2002
http://dbpedia.org/resource/Lew_Dockstader,Lew Dockstader,1924
http://dbpedia.org/resource/Martin_Walker_(actor),Martin Walker (actor),1955
http://dbpedia.org/resource/Morton_Selten,Morton Selten,1939
http://dbpedia.org/resource/Muriel_Aked,Muriel Aked,1955
http://dbpedia.org/resource/Nils_Hallberg,Nils Hallberg,2010
http://dbpedia.org/resource/Ralph_Young_(singer),Ralph Young (singer),2008
http://dbpedia.org/resource/Ruth_Miller_(artist),Ruth Miller (artist),1978
http://dbpedia.org/resource/Susan_Shaw,Susan Shaw,1978
http://dbpedia.org/resource/Takeshi_Katō_(actor),Takeshi Katō (actor),2015
http://dbpedia.org/resource/Dennis_King,Dennis King,1971
http://dbpedia.org/resource/Märta_Torén,Märta Torén,1957
http://dbpedia.org/resource/Angus_MacKay_(actor),Angus MacKay (actor),2013
http://dbpedia.org/resource/Daniel_Emilfork,Daniel Emilfork,2006
http://dbpedia.org/resource/Gilbert_Price,Gilbert Price,1991
http://dbpedia.org/resource/Herbert_W._Spencer,Herbert W. Spencer,1992
http://dbpedia.org/resource/Martha_Walter,Martha Walter,1976
http://dbpedia.org/resource/Penelope_Dudley-Ward,Penelope Dudley-Ward,1982
http://dbpedia.org/resource/Per-Axel_Arosenius,Per-Axel Arosenius,1981
http://dbpedia.org/resource/Rosalind_Ivan,Rosalind Ivan,1959
http://dbpedia.org/resource/Susan_Stephen,Susan Stephen,2000
http://dbpedia.org/resource/Suzanne_Desprès,Suzanne Desprès,1951
http://dbpedia.org/resource/Theresa_Merritt,Theresa Merritt,1998
http://dbpedia.org/resource/Alfie_Anido,Alfie Anido,1981
http://dbpedia.org/resource/Belita,Belita,2005
http://dbpedia.org/resource/Carmen_Zapata,Carmen Zapata,2014
http://dbpedia.org/resource/Eiji_Okada,Eiji Okada,1995
http://dbpedia.org/resource/Frances_Day,Frances Day,1984
http://dbpedia.org/resource/Franz_Bendel,Franz Bendel,1874
http://dbpedia.org/resource/Madeleine_Milhaud,Madeleine Milhaud,2008
http://dbpedia.org/resource/Marcel_Bozzuffi,Marcel Bozzuffi,1988
http://dbpedia.org/resource/Michel_Constantin,Michel Constantin,2003
http://dbpedia.org/resource/Piers_Flint-Shipman,Piers Flint-Shipman,1984
http://dbpedia.org/resource/Sam_Bernard,Sam Bernard,1927
http://dbpedia.org/resource/Donald_Brooks,Donald Brooks,2005
http://dbpedia.org/resource/Carl_Forgione,Carl Forgione,1998
http://dbpedia.org/resource/Charles_Dullin,Charles Dullin,1949
http://dbpedia.org/resource/Frank_Dicksee,Frank Dicksee,1928
http://dbpedia.org/resource/Frank_G._Carpenter,Frank G. Carpenter,1924
http://dbpedia.org/resource/Jenny_Tomasin,Jenny Tomasin,2012
http://dbpedia.org/resource/Lou_Gish,Lou Gish,2006
http://dbpedia.org/resource/Rosemary_Martin,Rosemary Martin,1998
http://dbpedia.org/resource/Sayuri_Yamauchi,Sayuri Yamauchi,2012
http://dbpedia.org/resource/Anna_Palk,Anna Palk,1990
http://dbpedia.org/resource/Art_Mooney,Art Mooney,1993
http://dbpedia.org/resource/Don_Knight_(actor),Don Knight (actor),1997
http://dbpedia.org/resource/Emily_Fitzroy,Emily Fitzroy,1954
http://dbpedia.org/resource/Herschel_McCoy,Herschel McCoy,1956
http://dbpedia.org/resource/Harry_Schaare,Harry Schaare,2008
http://dbpedia.org/resource/Ken_Yamaguchi,Ken Yamaguchi,2011
http://dbpedia.org/resource/Kinya_Aikawa,Kinya Aikawa,2015
http://dbpedia.org/resource/Sydney_Bromley,Sydney Bromley,1987
http://dbpedia.org/resource/Tommaso_Costa,Tommaso Costa,1690
http://dbpedia.org/resource/Tony_Church,Tony Church,2008
http://dbpedia.org/resource/Douglas_Simmonds,Douglas Simmonds,2011
http://dbpedia.org/resource/Edvard_Persson,Edvard Persson,1957
http://dbpedia.org/resource/Roger_Jensen,Roger Jensen,2001
http://dbpedia.org/resource/Aimé_Clariond,Aimé Clariond,1959
http://dbpedia.org/resource/Alice_Tissot,Alice Tissot,1971
http://dbpedia.org/resource/Basia_Frydman,Basia Frydman,2016
http://dbpedia.org/resource/Charles_Napier_Kennedy,Charles Napier Kennedy,1898
http://dbpedia.org/resource/Gaston_Jacquet,Gaston Jacquet,1970
http://dbpedia.org/resource/Germaine_Michel,Germaine Michel,1976
http://dbpedia.org/resource/Jacques_Toja,Jacques Toja,1996
http://dbpedia.org/resource/Jean_Témerson,Jean Témerson,1956
http://dbpedia.org/resource/Jukichi_Uno,Jukichi Uno,1988
http://dbpedia.org/resource/Luc_Andrieux,Luc Andrieux,1977
http://dbpedia.org/resource/Marcelle_Praince,Marcelle Praince,1969
http://dbpedia.org/resource/Marguerite_Pierry,Marguerite Pierry,1963
http://dbpedia.org/resource/Michel_Nastorg,Michel Nastorg,1984
http://dbpedia.org/resource/Paul_Faivre,Paul Faivre,1973
http://dbpedia.org/resource/Pierre_Etchepare,Pierre Etchepare,1943
http://dbpedia.org/resource/Robert_Vattier,Robert Vattier,1982
http://dbpedia.org/resource/Roger_Dutoit,Roger Dutoit,1988
http://dbpedia.org/resource/Roger_Karl,Roger Karl,1984
http://dbpedia.org/resource/Roger_Legris,Roger Legris,1981
http://dbpedia.org/resource/Thomy_Bourdelle,Thomy Bourdelle,1972
http://dbpedia.org/resource/Friedrich_Kühmstedt,Friedrich Kühmstedt,1858
http://dbpedia.org/resource/Hélène_Duc,Hélène Duc,2014
http://dbpedia.org/resource/Joan_Bruce,Joan Bruce,2014
http://dbpedia.org/resource/Lamberto_Landi,Lamberto Landi,1950
http://dbpedia.org/resource/Louis_Joseph_Bahin,Louis Joseph Bahin,1857
http://dbpedia.org/resource/Shinichi_Himori,Shinichi Himori,1959
http://dbpedia.org/resource/Teiji_Takahashi,Teiji Takahashi,1959
http://dbpedia.org/resource/Alec_Worcester,Alec Worcester,1952
http://dbpedia.org/resource/Ryōko_Aoyagi,Ryōko Aoyagi,2009
http://dbpedia.org/resource/Takeshi_Sakamoto,Takeshi Sakamoto,1974
http://dbpedia.org/resource/Wanda_Rothgardt,Wanda Rothgardt,1950
http://dbpedia.org/resource/Willy_Peters,Willy Peters,1976
http://dbpedia.org/resource/Wingold_Lawrence,Wingold Lawrence,1938
http://dbpedia.org/resource/Yves_Vincent,Yves Vincent,2016
http://dbpedia.org/resource/Christian_Reder,Christian Reder,1729
http://dbpedia.org/resource/Gilberte_Géniat,Gilberte Géniat,1986
http://dbpedia.org/resource/Harry_Royston,Harry Royston,1942
http://dbpedia.org/resource/Leon_Klatzkin,Leon Klatzkin,1992
http://dbpedia.org/resource/Palmyre_Levasseur,Palmyre Levasseur,1963
http://dbpedia.org/resource/Simone_Bourday,Simone Bourday,1943
http://dbpedia.org/resource/Warwick_Buckland,Warwick Buckland,1945
http://dbpedia.org/resource/Astrid_Bodin,Astrid Bodin,1961
http://dbpedia.org/resource/Connie_Emerald,Connie Emerald,1959
http://dbpedia.org/resource/Graham_Armitage,Graham Armitage,1999
http://dbpedia.org/resource/Jean-Jacques_Delbo,Jean-Jacques Delbo,1996
http://dbpedia.org/resource/Luther_Magby,Luther Magby,1966
http://dbpedia.org/resource/Marian_Dawson,Marian Dawson,1975
http://dbpedia.org/resource/Mauritz_Hugo,Mauritz Hugo,1974
http://dbpedia.org/resource/Albert_Glasser,Albert Glasser,1998
http://dbpedia.org/resource/Birger_Malmsten,Birger Malmsten,1991
http://dbpedia.org/resource/Mary_Wurm,Mary Wurm,1938
http://dbpedia.org/resource/Dagny_Lind,Dagny Lind,1992
http://dbpedia.org/resource/Edward_Meeker,Edward Meeker,1937
http://dbpedia.org/resource/Eileen_Essell,Eileen Essell,2015
http://dbpedia.org/resource/Eitaro_Ozawa,Eitaro Ozawa,1988
http://dbpedia.org/resource/Isao_Kimura,Isao Kimura,1981
http://dbpedia.org/resource/John_Hewson_(artist),John Hewson (artist),1821
http://dbpedia.org/resource/Margaret_Lacey,Margaret Lacey,1989
http://dbpedia.org/resource/Michael_Langham,Michael Langham,2011
http://dbpedia.org/resource/Terry_Scully,Terry Scully,2001
http://dbpedia.org/resource/Teru_Shimada,Teru Shimada,1988
http://dbpedia.org/resource/Thomas_Heathcote,Thomas Heathcote,1986
http://dbpedia.org/resource/William_Chatterton_Dix,William Chatterton Dix,1898
http://dbpedia.org/resource/Yō_Inoue,Yō Inoue,2003
http://dbpedia.org/resource/Larry_Crosby,Larry Crosby,1975
http://dbpedia.org/resource/Arthur_Leslie,Arthur Leslie,1970
http://dbpedia.org/resource/Aubrey_Mather,Aubrey Mather,1958
http://dbpedia.org/resource/Bill_Lee_(singer),Bill Lee (singer),1980
http://dbpedia.org/resource/Buddy_Moreno,Buddy Moreno,2015
http://dbpedia.org/resource/Eileen_Percy,Eileen Percy,1973
http://dbpedia.org/resource/Nobuo_Nakamura,Nobuo Nakamura,1991
http://dbpedia.org/resource/Noel_Coleman,Noel Coleman,2007
http://dbpedia.org/resource/Paul_Préboist,Paul Préboist,1997
http://dbpedia.org/resource/Thérèse_Elfforss,Thérèse Elfforss,1905
http://dbpedia.org/resource/Victor_Travers,Victor Travers,1948
http://dbpedia.org/resource/Yōko_Minamida,Yōko Minamida,2009
http://dbpedia.org/resource/Dorothea_Maetzel-Johannsen,Dorothea Maetzel-Johannsen,1930
http://dbpedia.org/resource/André_Nox,André Nox,1946
http://dbpedia.org/resource/Andrée_Lafayette,Andrée Lafayette,1989
http://dbpedia.org/resource/Battista_da_Vicenza,Battista da Vicenza,1438
http://dbpedia.org/resource/Bess_Phipps_Dawson,Bess Phipps Dawson,1994
http://dbpedia.org/resource/Camille_Guérini,Camille Guérini,1963
http://dbpedia.org/resource/Colette_Régis,Colette Régis,1978
http://dbpedia.org/resource/Frédéric_Duvallès,Frédéric Duvallès,1971
http://dbpedia.org/resource/Gaston_Dubosc,Gaston Dubosc,1941
http://dbpedia.org/resource/Georges_Deneubourg,Georges Deneubourg,1936
http://dbpedia.org/resource/Henri_Valbel,Henri Valbel,1956
http://dbpedia.org/resource/Jeanne_Loury,Jeanne Loury,1951
http://dbpedia.org/resource/Jules_Moy,Jules Moy,1938
http://dbpedia.org/resource/Lee_Passmore,Lee Passmore,1958
http://dbpedia.org/resource/Louis_Arbessier,Louis Arbessier,1998
http://dbpedia.org/resource/Lucien_Blondeau,Lucien Blondeau,1965
http://dbpedia.org/resource/Lucien_Dalsace,Lucien Dalsace,1980
http://dbpedia.org/resource/Léonce_Cargue,Léonce Cargue,1955
http://dbpedia.org/resource/Madeleine_Lambert,Madeleine Lambert,1977
http://dbpedia.org/resource/Marcelle_Hainia,Marcelle Hainia,1968
http://dbpedia.org/resource/Marie_Sabouret,Marie Sabouret,1960
http://dbpedia.org/resource/Max_Dalban,Max Dalban,1958
http://dbpedia.org/resource/Pierre_Nay,Pierre Nay,1978
http://dbpedia.org/resource/Raymonde_Allain,Raymonde Allain,2008
http://dbpedia.org/resource/Renée_Héribel,Renée Héribel,1952
http://dbpedia.org/resource/Sumiko_Shirakawa,Sumiko Shirakawa,2015
http://dbpedia.org/resource/Victor_Vina,Victor Vina,1961
http://dbpedia.org/resource/Yolande_Laffon,Yolande Laffon,1992
http://dbpedia.org/resource/Ernest_de_Saisset,Ernest de Saisset,1899
http://dbpedia.org/resource/Jane_White_Cooke,Jane White Cooke,2011
http://dbpedia.org/resource/Stephen_Mueller,Stephen Mueller,1924
http://dbpedia.org/resource/Willi_Sitte,Willi Sitte,2013
http://dbpedia.org/resource/George_Pullen_Jackson,George Pullen Jackson,1953
http://dbpedia.org/resource/Stacia_Napierkowska,Stacia Napierkowska,1945
http://dbpedia.org/resource/Jack_Melford,Jack Melford,1972
http://dbpedia.org/resource/Ann-Marie_Gyllenspetz,Ann-Marie Gyllenspetz,1999
http://dbpedia.org/resource/Artie_Hall,Artie Hall,1906
http://dbpedia.org/resource/Athole_Stewart,Athole Stewart,1940
http://dbpedia.org/resource/Barbara_Gott,Barbara Gott,1944
http://dbpedia.org/resource/Bertha_Belmore,Bertha Belmore,1953
http://dbpedia.org/resource/Desmond_Jeans,Desmond Jeans,1974
http://dbpedia.org/resource/Ernest_Sefton,Ernest Sefton,1954
http://dbpedia.org/resource/Francis_Lister,Francis Lister,1951
http://dbpedia.org/resource/Guy_Bellis,Guy Bellis,1980
http://dbpedia.org/resource/Hilda_Madsen,Hilda Madsen,1981
http://dbpedia.org/resource/John_Garrick,John Garrick,1966
http://dbpedia.org/resource/Joyce_Bland,Joyce Bland,1963
http://dbpedia.org/resource/Judy_Kelly,Judy Kelly,1991
http://dbpedia.org/resource/Ken_Barrie,Ken Barrie,2016
http://dbpedia.org/resource/Paula_Goodspeed,Paula Goodspeed,2008
http://dbpedia.org/resource/Minoru_Tanaka_(actor),Minoru Tanaka (actor),2011
http://dbpedia.org/resource/Kyosen_Ōhashi,Kyosen Ōhashi,2016
http://dbpedia.org/resource/Ray_Colcord,Ray Colcord,2016
http://dbpedia.org/resource/Walter_Fitzgerald,Walter Fitzgerald,1976
http://dbpedia.org/resource/Bertil_Anderberg,Bertil Anderberg,1991
http://dbpedia.org/resource/Britta_Holmberg,Britta Holmberg,2004
http://dbpedia.org/resource/Dany_Robin,Dany Robin,1995
http://dbpedia.org/resource/Domenico_Gargiulo,Domenico Gargiulo,1675
http://dbpedia.org/resource/Drusilla_Wills,Drusilla Wills,1951
http://dbpedia.org/resource/Frank_Conroy_(actor),Frank Conroy (actor),1964
http://dbpedia.org/resource/Gaby_Stenberg,Gaby Stenberg,2011
http://dbpedia.org/resource/John_%22Picayune%22_Butler,"John ""Picayune"" Butler",1864
http://dbpedia.org/resource/Lauritz_Falk,Lauritz Falk,1990
http://dbpedia.org/resource/Lena_Nyman,Lena Nyman,2011
http://dbpedia.org/resource/Minnie_Rayner,Minnie Rayner,1941
http://dbpedia.org/resource/Yngve_Gamlin,Yngve Gamlin,1995
http://dbpedia.org/resource/Ambrogio_Minoja,Ambrogio Minoja,1825
http://dbpedia.org/resource/Anita_Pollitzer,Anita Pollitzer,1975
http://dbpedia.org/resource/Arthur_Malet,Arthur Malet,2013
http://dbpedia.org/resource/Francis_Birch_(cryptographer),Francis Birch (cryptographer),1956
http://dbpedia.org/resource/Hampe_Faustman,Hampe Faustman,1961
http://dbpedia.org/resource/Harry_Ahlin,Harry Ahlin,1969
http://dbpedia.org/resource/Irma_Christenson,Irma Christenson,1993
http://dbpedia.org/resource/James_Grout,James Grout,2012
http://dbpedia.org/resource/Kazumi_Tanaka,Kazumi Tanaka,2007
http://dbpedia.org/resource/Larry_Taylor_(actor),Larry Taylor (actor),2003
http://dbpedia.org/resource/Nils_Poppe,Nils Poppe,2000
http://dbpedia.org/resource/Richard_Ainley,Richard Ainley,1967
http://dbpedia.org/resource/Yūko_Mochizuki,Yūko Mochizuki,1977
http://dbpedia.org/resource/Åke_Fridell,Åke Fridell,1985
http://dbpedia.org/resource/Arnold_Sjöstrand,Arnold Sjöstrand,1955
http://dbpedia.org/resource/Holger_Höglund,Holger Höglund,1965
http://dbpedia.org/resource/Marianne_Löfgren,Marianne Löfgren,1957
http://dbpedia.org/resource/Bengt_Djurberg,Bengt Djurberg,1941
http://dbpedia.org/resource/Bengt_Ekerot,Bengt Ekerot,1971
http://dbpedia.org/resource/Bengt_Logardt,Bengt Logardt,1994
http://dbpedia.org/resource/Breon_O'Casey,Breon O'Casey,2011
http://dbpedia.org/resource/Charles_Carson_(actor),Charles Carson (actor),1977
http://dbpedia.org/resource/Chikage_Awashima,Chikage Awashima,2012
http://dbpedia.org/resource/Fred_Wright_(cartoonist),Fred Wright (cartoonist),1984
http://dbpedia.org/resource/Harold_Warrender,Harold Warrender,1953
http://dbpedia.org/resource/Hy_Hazell,Hy Hazell,1970
http://dbpedia.org/resource/James_Kent_(composer),James Kent (composer),1776
http://dbpedia.org/resource/Kazuko_Yanaga,Kazuko Yanaga,2014
http://dbpedia.org/resource/Kazuyuki_Sogabe,Kazuyuki Sogabe,2006
http://dbpedia.org/resource/Marianne_Aminoff,Marianne Aminoff,1984
http://dbpedia.org/resource/Michiyo_Kogure,Michiyo Kogure,1990
http://dbpedia.org/resource/Sumiko_Hidaka,Sumiko Hidaka,2002
http://dbpedia.org/resource/Eric_Christmas,Eric Christmas,2000
http://dbpedia.org/resource/François-Thomas_Germain,François-Thomas Germain,1791
http://dbpedia.org/resource/Geneviève_Sorya,Geneviève Sorya,2008
http://dbpedia.org/resource/Heron_Carvic,Heron Carvic,1980
http://dbpedia.org/resource/Ian_Lake,Ian Lake,2004
http://dbpedia.org/resource/Jean_Del_Val,Jean Del Val,1975
http://dbpedia.org/resource/Jeanne_Stuart,Jeanne Stuart,2003
http://dbpedia.org/resource/Jimmy_Aubrey,Jimmy Aubrey,1983
http://dbpedia.org/resource/John_Hollis,John Hollis,2005
http://dbpedia.org/resource/Maurice_Garrel,Maurice Garrel,2011
http://dbpedia.org/resource/Anna_Nakagawa,Anna Nakagawa,2014
http://dbpedia.org/resource/Charles_Lloyd-Pack,Charles Lloyd-Pack,1983
http://dbpedia.org/resource/Cyril_Luckham,Cyril Luckham,1989
http://dbpedia.org/resource/Esther_Howland,Esther Howland,1904
http://dbpedia.org/resource/Ewa_Strömberg,Ewa Strömberg,2013
http://dbpedia.org/resource/Faith_Brook,Faith Brook,2012
http://dbpedia.org/resource/Keith_Pyott,Keith Pyott,1968
http://dbpedia.org/resource/Rosalie_King,Rosalie King,1997
http://dbpedia.org/resource/Walter_Randall,Walter Randall,2008
http://dbpedia.org/resource/Hans_Grundig,Hans Grundig,1958
http://dbpedia.org/resource/Lothar_Brühne,Lothar Brühne,1958
http://dbpedia.org/resource/Eliza_Allen_Starr,Eliza Allen Starr,1901
http://dbpedia.org/resource/Fra_Bonaventura_Bisi,Fra Bonaventura Bisi,1659
http://dbpedia.org/resource/Irene_Sunters,Irene Sunters,2005
http://dbpedia.org/resource/Kōji_Nanbara,Kōji Nanbara,2001
http://dbpedia.org/resource/Lilian_Bond,Lilian Bond,1991
http://dbpedia.org/resource/Jacques_Charby,Jacques Charby,2006
http://dbpedia.org/resource/Hugh_Burden,Hugh Burden,1985
http://dbpedia.org/resource/John_Tasker_Howard,John Tasker Howard,1964
http://dbpedia.org/resource/Mona_Seilitz,Mona Seilitz,2008
http://dbpedia.org/resource/Osamu_Takizawa,Osamu Takizawa,2000
http://dbpedia.org/resource/Ulla_Akselson,Ulla Akselson,2007
http://dbpedia.org/resource/Yumi_Shirakawa,Yumi Shirakawa,2016
http://dbpedia.org/resource/Yvonne_de_Bray,Yvonne de Bray,1954
http://dbpedia.org/resource/Denise_Grey,Denise Grey,1996
http://dbpedia.org/resource/Johann_Karl_Bähr,Johann Karl Bähr,1869
http://dbpedia.org/resource/Walter_Byron_(actor),Walter Byron (actor),1972
http://dbpedia.org/resource/Paul_Crauchet,Paul Crauchet,2012
http://dbpedia.org/resource/Arne_Ragneborn,Arne Ragneborn,1978
http://dbpedia.org/resource/Denmei_Suzuki,Denmei Suzuki,1985
http://dbpedia.org/resource/Ganjirō_Nakamura,Ganjirō Nakamura,1983
http://dbpedia.org/resource/Göran_Stangertz,Göran Stangertz,2012
http://dbpedia.org/resource/Kaku_Takashina,Kaku Takashina,1994
http://dbpedia.org/resource/Kenne_Fant,Kenne Fant,2016
http://dbpedia.org/resource/Olav_Riégo,Olav Riégo,1956
http://dbpedia.org/resource/Tord_Stål,Tord Stål,1972
http://dbpedia.org/resource/Micheline_Dax,Micheline Dax,2014
http://dbpedia.org/resource/Augusta_Lindberg,Augusta Lindberg,1943
http://dbpedia.org/resource/Geoff_Workman,Geoff Workman,2010
http://dbpedia.org/resource/Andrea_Habay,Andrea Habay,1941
http://dbpedia.org/resource/Bojan_Westin,Bojan Westin,2013
http://dbpedia.org/resource/Elliott_Mason,Elliott Mason,1949
http://dbpedia.org/resource/George_Silver_(actor),George Silver (actor),1984
http://dbpedia.org/resource/Valentine_Tessier,Valentine Tessier,1981
http://dbpedia.org/resource/Vivienne_Chatterton,Vivienne Chatterton,1974
http://dbpedia.org/resource/Walker_Calhoun,Walker Calhoun,2012
http://dbpedia.org/resource/Francine_Mussey,Francine Mussey,1933
http://dbpedia.org/resource/Carmen_Dragon,Carmen Dragon,1984
http://dbpedia.org/resource/David_Healy_(astronomer),David Healy (astronomer),2011
http://dbpedia.org/resource/Eiko_Matsuda,Eiko Matsuda,2011
http://dbpedia.org/resource/Erica_Wilson,Erica Wilson,2011
http://dbpedia.org/resource/Ezra_Stoller,Ezra Stoller,2004
http://dbpedia.org/resource/Francesco_Guarino,Francesco Guarino,1651
http://dbpedia.org/resource/Gérard_Rinaldi,Gérard Rinaldi,2012
http://dbpedia.org/resource/Hugh_Sinclair_(actor),Hugh Sinclair (actor),1962
http://dbpedia.org/resource/Jack_Lambert_(British_actor),Jack Lambert (British actor),1976
http://dbpedia.org/resource/Miyu_Uehara,Miyu Uehara,2011
http://dbpedia.org/resource/Nicholas_Selby,Nicholas Selby,2010
http://dbpedia.org/resource/Nobuko_Otowa,Nobuko Otowa,1994
http://dbpedia.org/resource/Zeffie_Tilbury,Zeffie Tilbury,1950
http://dbpedia.org/resource/David_Yeagley,David Yeagley,2014
http://dbpedia.org/resource/Alfred_Paget,Alfred Paget,1919
http://dbpedia.org/resource/Fritiof_Billquist,Fritiof Billquist,1972
http://dbpedia.org/resource/Kanako_Fukaura,Kanako Fukaura,2008
http://dbpedia.org/resource/Stan_Polley,Stan Polley,2009
http://dbpedia.org/resource/Brenda_De_Banzie,Brenda De Banzie,1981
http://dbpedia.org/resource/Helen_Haye,Helen Haye,1957
http://dbpedia.org/resource/Hisaya_Morishige,Hisaya Morishige,2009
http://dbpedia.org/resource/Hugh_Pryse,Hugh Pryse,1955
http://dbpedia.org/resource/Jean_Desailly,Jean Desailly,2008
http://dbpedia.org/resource/Keizō_Kanie,Keizō Kanie,2014
http://dbpedia.org/resource/Ryūtarō_Ōtomo,Ryūtarō Ōtomo,1985
http://dbpedia.org/resource/Yuriko_Hanabusa,Yuriko Hanabusa,1970
http://dbpedia.org/resource/Terence_Cooper,Terence Cooper,1997
http://dbpedia.org/resource/Hans_Erdmann,Hans Erdmann,1942
http://dbpedia.org/resource/Armand_Kaliz,Armand Kaliz,1941
http://dbpedia.org/resource/David_Buck,David Buck,1989
http://dbpedia.org/resource/Gerald_Marks,Gerald Marks,1997
http://dbpedia.org/resource/Karen_Mayo-Chandler,Karen Mayo-Chandler,2006
http://dbpedia.org/resource/Laurence_Shurtliff,Laurence Shurtliff,2006
http://dbpedia.org/resource/Martin_Ljung,Martin Ljung,2010
http://dbpedia.org/resource/Paul_Frankeur,Paul Frankeur,1974
http://dbpedia.org/resource/Torsten_Lilliecrona,Torsten Lilliecrona,1999
http://dbpedia.org/resource/Sachiko_Hidari,Sachiko Hidari,2001
http://dbpedia.org/resource/Alf_Kjellin,Alf Kjellin,1988
http://dbpedia.org/resource/Annalisa_Ericson,Annalisa Ericson,2011
http://dbpedia.org/resource/Arvid_E._Gillstrom,Arvid E. Gillstrom,1935
http://dbpedia.org/resource/Avis_Bunnage,Avis Bunnage,1990
http://dbpedia.org/resource/Axel_Düberg,Axel Düberg,2001
http://dbpedia.org/resource/Benkt-Åke_Benktsson,Benkt-Åke Benktsson,1957
http://dbpedia.org/resource/Doris_Svedlund,Doris Svedlund,1985
http://dbpedia.org/resource/Erik_Hell,Erik Hell,1973
http://dbpedia.org/resource/Erik_Strandmark,Erik Strandmark,1963
http://dbpedia.org/resource/Georg_Funkquist,Georg Funkquist,1986
http://dbpedia.org/resource/Giuseppe_Marullo,Giuseppe Marullo,1685
http://dbpedia.org/resource/Gudrun_Brost,Gudrun Brost,1993
http://dbpedia.org/resource/Gunnar_Sjöberg,Gunnar Sjöberg,1977
http://dbpedia.org/resource/Hjördis_Petterson,Hjördis Petterson,1988
http://dbpedia.org/resource/Inga_Gill,Inga Gill,2000
http://dbpedia.org/resource/Joan_Maude,Joan Maude,1998
http://dbpedia.org/resource/John_Elfström,John Elfström,1981
http://dbpedia.org/resource/Mimi_Nelson,Mimi Nelson,1999
http://dbpedia.org/resource/Pop_Laval,Pop Laval,1966
http://dbpedia.org/resource/Sigge_Fürst,Sigge Fürst,1984
http://dbpedia.org/resource/Sture_Ericson,Sture Ericson,1979
http://dbpedia.org/resource/Sven-Eric_Gamble,Sven-Eric Gamble,1976
http://dbpedia.org/resource/Sven_Lindberg,Sven Lindberg,2006
http://dbpedia.org/resource/Yngve_Nordwall,Yngve Nordwall,1994
http://dbpedia.org/resource/Åke_Grönberg,Åke Grönberg,1969
http://dbpedia.org/resource/Christiane_Minazzoli,Christiane Minazzoli,2014
http://dbpedia.org/resource/Adrien_Barthe,Adrien Barthe,1898
http://dbpedia.org/resource/Kim_Peacock,Kim Peacock,1966
http://dbpedia.org/resource/Gene_Gerrard,Gene Gerrard,1971
http://dbpedia.org/resource/Hiroshi_Koizumi,Hiroshi Koizumi,2015
http://dbpedia.org/resource/Imre_Ungár,Imre Ungár,1972
http://dbpedia.org/resource/Jean-Baptiste_Nicolet,Jean-Baptiste Nicolet,1796
http://dbpedia.org/resource/Kim_Anderzon,Kim Anderzon,2014
http://dbpedia.org/resource/Oscar_Ljung,Oscar Ljung,1999
http://dbpedia.org/resource/Sybil_Arundale,Sybil Arundale,1965
http://dbpedia.org/resource/Barry_K._Barnes,Barry K. Barnes,1965
http://dbpedia.org/resource/Elof_Ahrle,Elof Ahrle,1965
http://dbpedia.org/resource/Karin_Kavli,Karin Kavli,1990
http://dbpedia.org/resource/Keve_Hjelm,Keve Hjelm,2004
http://dbpedia.org/resource/Tamara_Lees,Tamara Lees,1999
http://dbpedia.org/resource/James_Friskin,James Friskin,1967
http://dbpedia.org/resource/Master_of_the_Fiesole_Epiphany,Master of the Fiesole Epiphany,1496
http://dbpedia.org/resource/Natasha_Parry,Natasha Parry,2015
http://dbpedia.org/resource/Nigel_Barrie,Nigel Barrie,1971
http://dbpedia.org/resource/Helga_Thomas,Helga Thomas,1988
http://dbpedia.org/resource/Claude_Dampier,Claude Dampier,1955
http://dbpedia.org/resource/Ellen_Coleman,Ellen Coleman,1973
http://dbpedia.org/resource/Marc_de_Jonge,Marc de Jonge,1996
http://dbpedia.org/resource/Masato_Furuoya,Masato Furuoya,2003
http://dbpedia.org/resource/Michael_Sharvell-Martin,Michael Sharvell-Martin,2010
http://dbpedia.org/resource/Toshiyuki_Hosokawa,Toshiyuki Hosokawa,2011
http://dbpedia.org/resource/Ambrosine_Phillpotts,Ambrosine Phillpotts,1980
http://dbpedia.org/resource/Anthony_Oliver,Anthony Oliver,1995
http://dbpedia.org/resource/Arthur_Rigby_(actor),Arthur Rigby (actor),1971
http://dbpedia.org/resource/Betty_Ann_Davies,Betty Ann Davies,1955
http://dbpedia.org/resource/Brewster_Mason,Brewster Mason,1987
http://dbpedia.org/resource/Brook_Williams,Brook Williams,2005
http://dbpedia.org/resource/David_Hutcheson,David Hutcheson,1976
http://dbpedia.org/resource/Edgar_Driver,Edgar Driver,1964
http://dbpedia.org/resource/Ernest_Butcher,Ernest Butcher,1965
http://dbpedia.org/resource/Hilda_Bayley,Hilda Bayley,1971
http://dbpedia.org/resource/Humberston_Wright,Humberston Wright,1953
http://dbpedia.org/resource/Ivy_Duke,Ivy Duke,1937
http://dbpedia.org/resource/Jean_Davy,Jean Davy,2001
http://dbpedia.org/resource/John_Glyn-Jones,John Glyn-Jones,1997
http://dbpedia.org/resource/John_Marlborough_East,John Marlborough East,1924
http://dbpedia.org/resource/Martin_Boddey,Martin Boddey,1975
http://dbpedia.org/resource/Martin_Wyldeck,Martin Wyldeck,1988
http://dbpedia.org/resource/Nadia_Barentin,Nadia Barentin,2011
http://dbpedia.org/resource/Peggy_Simpson,Peggy Simpson,1994
http://dbpedia.org/resource/Veronica_Rose,Veronica Rose,1968
http://dbpedia.org/resource/Serjius,Serjius,1966
http://dbpedia.org/resource/Alice_Mary_Hobson,Alice Mary Hobson,1934
http://dbpedia.org/resource/August_Warberg,August Warberg,1915
http://dbpedia.org/resource/Bernard_Jumentier,Bernard Jumentier,1829
http://dbpedia.org/resource/Constance_Phillott,Constance Phillott,1931
http://dbpedia.org/resource/Douglas_Wakefield,Douglas Wakefield,1951
http://dbpedia.org/resource/Fanny_Holroyd,Fanny Holroyd,1924
http://dbpedia.org/resource/Gertrude_Demain_Hammond,Gertrude Demain Hammond,1952
http://dbpedia.org/resource/Ivy_Heitland,Ivy Heitland,1895
http://dbpedia.org/resource/Ketty_Kerviel,Ketty Kerviel,2009
http://dbpedia.org/resource/Maria_D._Robinson,Maria D. Robinson,1920
http://dbpedia.org/resource/Marie_Davids,Marie Davids,1905
http://dbpedia.org/resource/Martial_Aubertin,Martial Aubertin,1824
http://dbpedia.org/resource/Matthew_Boulton_(actor),Matthew Boulton (actor),1962
http://dbpedia.org/resource/Michiko_Kuwano,Michiko Kuwano,1946
http://dbpedia.org/resource/Michèle_Philippe,Michèle Philippe,1972
http://dbpedia.org/resource/Minnie_Smythe,Minnie Smythe,1955
http://dbpedia.org/resource/Philippe_Hersent,Philippe Hersent,1982
http://dbpedia.org/resource/Rosalie_M._Emslie,Rosalie M. Emslie,1932
http://dbpedia.org/resource/Rosina_Mantovani_Gutti,Rosina Mantovani Gutti,1943
http://dbpedia.org/resource/Ruth_Mackay,Ruth Mackay,1949
http://dbpedia.org/resource/Sara_Macgregor,Sara Macgregor,1919
http://dbpedia.org/resource/Sarah_Smith_Herford,Sarah Smith Herford,1870
http://dbpedia.org/resource/Claude_Mérelle,Claude Mérelle,1976
http://dbpedia.org/resource/Wilma_Roberts,Wilma Roberts,2014
http://dbpedia.org/resource/Gunnar_Hellström,Gunnar Hellström,2001
http://dbpedia.org/resource/Lucie_Manvel,Lucie Manvel,1943
http://dbpedia.org/resource/Michael_Leader,Michael Leader,2016
http://dbpedia.org/resource/Yves_Brainville,Yves Brainville,1993
http://dbpedia.org/resource/Raymond_Aimos,Raymond Aimos,1944
http://dbpedia.org/resource/Rolf_Botvid,Rolf Botvid,1998
http://dbpedia.org/resource/Sylvie_Joly,Sylvie Joly,2015
http://dbpedia.org/resource/Arthur_Goullet,Arthur Goullet,1978
http://dbpedia.org/resource/Cyril_Percival,Cyril Percival,1948
http://dbpedia.org/resource/Gabriel_Harrison,Gabriel Harrison,1902
http://dbpedia.org/resource/Geoffrey_Hibbert,Geoffrey Hibbert,1969
http://dbpedia.org/resource/Gwenllian_Gill,Gwenllian Gill,2004
http://dbpedia.org/resource/Ian_Maclaren_(actor),Ian Maclaren (actor),1952
http://dbpedia.org/resource/Ian_McLean_(actor),Ian McLean (actor),1978
http://dbpedia.org/resource/Joan_Wyndham_(actress),Joan Wyndham (actress),2000
http://dbpedia.org/resource/Marjorie_Taylor,Marjorie Taylor,1974
http://dbpedia.org/resource/Martin_M._Lawrence,Martin M. Lawrence,1859
http://dbpedia.org/resource/Molly_Hamley-Clifford,Molly Hamley-Clifford,1956
http://dbpedia.org/resource/Nell_Ballantyne,Nell Ballantyne,1959
http://dbpedia.org/resource/Zoe_Palmer,Zoe Palmer,1983
