http://dbpedia.org/ontology/University,University,http://dbpedia.org/ontology/foundingYear
http://dbpedia.org/resource/European_Bank_for_Reconstruction_and_Development,European Bank for Reconstruction and Development,1991
http://dbpedia.org/resource/Henley_College_Coventry,Henley College Coventry,1964
http://dbpedia.org/resource/Raman_Munjal_Vidya_Mandir,Raman Munjal Vidya Mandir,1992
"http://dbpedia.org/resource/Bridgeport_High_School_(Bridgeport,_Michigan)","Bridgeport High School (Bridgeport, Michigan)",1961
http://dbpedia.org/resource/Delta_Brac_Housing_Finance_Corporation,Delta Brac Housing Finance Corporation,1996
http://dbpedia.org/resource/Eastern_Alamance_High_School,Eastern Alamance High School,1953
"http://dbpedia.org/resource/Padua_College,_Melbourne","Padua College, Melbourne",1898
http://dbpedia.org/resource/Pearl_City_High_School_(Hawaii),Pearl City High School (Hawaii),1971
http://dbpedia.org/resource/Pride_Microfinance_Limited,Pride Microfinance Limited,1995
http://dbpedia.org/resource/Varndean_College,Varndean College,1884
http://dbpedia.org/resource/Roosevelt_College_Marikina,Roosevelt College Marikina,1933
"http://dbpedia.org/resource/Sacred_Heart_Girls_High_School,_Thalassery","Sacred Heart Girls High School, Thalassery",1886
"http://dbpedia.org/resource/St_Joseph's_Higher_Secondary_School,_Thalassery","St Joseph's Higher Secondary School, Thalassery",1941
http://dbpedia.org/resource/Wyke_College,Wyke College,1988
http://dbpedia.org/resource/AIDS_Research_Alliance,AIDS Research Alliance,1989
http://dbpedia.org/resource/Anatolia_College,Anatolia College,1886
http://dbpedia.org/resource/Army_Public_Schools_&_Colleges_System,Army Public Schools & Colleges System,1975
http://dbpedia.org/resource/Assisi_Catholic_College,Assisi Catholic College,2005
http://dbpedia.org/resource/Banco_Mercantil,Banco Mercantil,1925
http://dbpedia.org/resource/Cambridge_Tutors_College,Cambridge Tutors College,1958
http://dbpedia.org/resource/Castleson_High,Castleson High,1995
http://dbpedia.org/resource/Claverham_Community_College,Claverham Community College,1955
http://dbpedia.org/resource/Conservatoire_national_supérieur_de_musique_et_de_danse_de_Lyon,Conservatoire national supérieur de musique et de danse de Lyon,1980
http://dbpedia.org/resource/Dabney_S._Lancaster_Community_College,Dabney S. Lancaster Community College,1962
http://dbpedia.org/resource/Denison_College,Denison College,2007
"http://dbpedia.org/resource/Devagiri_College,_Kozhikode","Devagiri College, Kozhikode",1956
"http://dbpedia.org/resource/Don_Bosco_Technical_Institute,_Makati","Don Bosco Technical Institute, Makati",1954
http://dbpedia.org/resource/Enterprise_Bank,Enterprise Bank,1989
http://dbpedia.org/resource/Espiritu_Santo_Parochial_School,Espiritu Santo Parochial School,1947
http://dbpedia.org/resource/Forschungszentrum_Informatik,Forschungszentrum Informatik,1985
http://dbpedia.org/resource/Hoppers_Crossing_Secondary_College,Hoppers Crossing Secondary College,1984
http://dbpedia.org/resource/Hopwood_Hall_College,Hopwood Hall College,1922
"http://dbpedia.org/resource/International_Business_College_(Fort_Wayne,_Indiana)","International Business College (Fort Wayne, Indiana)",1889
"http://dbpedia.org/resource/King's_College_(Charlotte,_North_Carolina)","King's College (Charlotte, North Carolina)",1901
http://dbpedia.org/resource/Lahore_College_of_Arts_and_Sciences,Lahore College of Arts and Sciences,1987
http://dbpedia.org/resource/Luella_High_School,Luella High School,2003
http://dbpedia.org/resource/Mount_Saint_Patrick_College,Mount Saint Patrick College,1926
http://dbpedia.org/resource/Mullingstorp,Mullingstorp,1985
"http://dbpedia.org/resource/Our_Lady_of_the_Sacred_Heart_College,_Sydney","Our Lady of the Sacred Heart College, Sydney",1897
http://dbpedia.org/resource/Pakistan_Urdu_School,Pakistan Urdu School,1956
http://dbpedia.org/resource/Pasig_Catholic_College,Pasig Catholic College,1913
http://dbpedia.org/resource/Peabody_Magnet_High_School,Peabody Magnet High School,1895
http://dbpedia.org/resource/Royal_Malaysian_Police_College_Kuala_Lumpur,Royal Malaysian Police College Kuala Lumpur,1999
"http://dbpedia.org/resource/Saint_Ignatius_College,_Geelong","Saint Ignatius College, Geelong",1997
"http://dbpedia.org/resource/Saint_Ignatius_College,_Geelong","Saint Ignatius College, Geelong",2007
http://dbpedia.org/resource/Salford_City_College,Salford City College,2009
http://dbpedia.org/resource/Salt_Brook_Academy,Salt Brook Academy,1995
http://dbpedia.org/resource/Sanskaar_Valley_School,Sanskaar Valley School,2006
http://dbpedia.org/resource/Shivajirao_S_Jondhale_College_of_Engineering,Shivajirao S Jondhale College of Engineering,1994
http://dbpedia.org/resource/Silver_Hills_School,Silver Hills School,1975
http://dbpedia.org/resource/Sir_John_Kothalawala_College,Sir John Kothalawala College,1974
http://dbpedia.org/resource/South_Essex_College,South Essex College,1899
http://dbpedia.org/resource/Sri_Kuala_Lumpur,Sri Kuala Lumpur,1979
"http://dbpedia.org/resource/St._Joseph's_Convent_High_School,_Adilabad","St. Joseph's Convent High School, Adilabad",1964
http://dbpedia.org/resource/St._Mark's_Senior_Secondary_Public_School,St. Mark's Senior Secondary Public School,0890
http://dbpedia.org/resource/St._Patrick's_Institute_of_Science_&_Technology,St. Patrick's Institute of Science & Technology,1965
"http://dbpedia.org/resource/St_Dominic's_College,_Henderson","St Dominic's College, Henderson",1952
"http://dbpedia.org/resource/St_Patrick's_College,_Maghera","St Patrick's College, Maghera",1963
http://dbpedia.org/resource/Suffolk_New_College,Suffolk New College,2009
http://dbpedia.org/resource/The_Gifted_Students'_School-Iraq,The Gifted Students' School-Iraq,1998
http://dbpedia.org/resource/The_High_School_at_Moorpark_College,The High School at Moorpark College,2000
http://dbpedia.org/resource/The_New_Actors_Workshop,The New Actors Workshop,1988
"http://dbpedia.org/resource/The_Pentecostal_Assembly_School,_Bokaro","The Pentecostal Assembly School, Bokaro",1989
http://dbpedia.org/resource/Truro_and_Penwith_College,Truro and Penwith College,2008
http://dbpedia.org/resource/Vyasa_Vidya_Peethom,Vyasa Vidya Peethom,1984
http://dbpedia.org/resource/Wilberforce_College,Wilberforce College,1988
http://dbpedia.org/resource/William_E._Grady_CTE_High_School,William E. Grady CTE High School,1941
http://dbpedia.org/resource/Wolds_College,Wolds College,2008
http://dbpedia.org/resource/Puri_Zilla_School,Puri Zilla School,1853
http://dbpedia.org/resource/Chittagong_University_College,Chittagong University College,1974
http://dbpedia.org/resource/Nava_Nalanda_High_School,Nava Nalanda High School,1967
http://dbpedia.org/resource/Liceo_Salvadoreño,Liceo Salvadoreño,1881
http://dbpedia.org/resource/Flanginian_School,Flanginian School,1664
http://dbpedia.org/resource/Sargodha_Institute_of_Technology,Sargodha Institute of Technology,1927
http://dbpedia.org/resource/Zariphios_School,Zariphios School,1875
http://dbpedia.org/resource/Adarsh_Vidya_Mandir,Adarsh Vidya Mandir,1961
http://dbpedia.org/resource/Bigott_Foundation,Bigott Foundation,1963
http://dbpedia.org/resource/Coe-Brown_Northwood_Academy,Coe-Brown Northwood Academy,1867
http://dbpedia.org/resource/Luton_Sixth_Form_College,Luton Sixth Form College,1966
http://dbpedia.org/resource/Monroe_Bank_&_Trust,Monroe Bank & Trust,1859
http://dbpedia.org/resource/Pakistan_Steel_Cadet_College,Pakistan Steel Cadet College,1981
http://dbpedia.org/resource/Raiffeisen_Zentralbank,Raiffeisen Zentralbank,1927
http://dbpedia.org/resource/Zarai_Taraqiati_Bank_Limited,Zarai Taraqiati Bank Limited,1961
http://dbpedia.org/resource/A._Crawford_Mosley_High_School,A. Crawford Mosley High School,1974
http://dbpedia.org/resource/Al-Ameen_Mission,Al-Ameen Mission,1986
http://dbpedia.org/resource/AlMaghrib_Institute,AlMaghrib Institute,2001
"http://dbpedia.org/resource/All_Saints'_College,_Bathurst","All Saints' College, Bathurst",1873
http://dbpedia.org/resource/Bangladesh_Air_Force_Shaheen_College,Bangladesh Air Force Shaheen College,1960
http://dbpedia.org/resource/Bank_of_Saint_George,Bank of Saint George,1407
"http://dbpedia.org/resource/Bishop_Watterson_High_School_(Columbus,_Ohio)","Bishop Watterson High School (Columbus, Ohio)",1954
http://dbpedia.org/resource/Burscough_Priory_Science_College,Burscough Priory Science College,1958
http://dbpedia.org/resource/City_of_Liverpool_College,City of Liverpool College,1992
http://dbpedia.org/resource/Coleg_Sir_Gâr,Coleg Sir Gâr,1985
http://dbpedia.org/resource/Courage_International,Courage International,1980
http://dbpedia.org/resource/Crescent_Model_Higher_Secondary_School,Crescent Model Higher Secondary School,1968
http://dbpedia.org/resource/Essendon_Keilor_College,Essendon Keilor College,1992
http://dbpedia.org/resource/Exim_Bank_(India),Exim Bank (India),1982
http://dbpedia.org/resource/Famous_Artists_School,Famous Artists School,1948
http://dbpedia.org/resource/Fred_T._Foard_High_School,Fred T. Foard High School,1953
http://dbpedia.org/resource/German_School_of_Milan,German School of Milan,1886
http://dbpedia.org/resource/Harford_Day_School,Harford Day School,1957
http://dbpedia.org/resource/Havering_Sixth_Form_College,Havering Sixth Form College,1991
"http://dbpedia.org/resource/Holy_Names_High_School_(Oakland,_California)","Holy Names High School (Oakland, California)",1868
http://dbpedia.org/resource/Joseph_Priestley_College,Joseph Priestley College,1955
http://dbpedia.org/resource/K_College,K College,2010
"http://dbpedia.org/resource/La_Salle_High_School_(Pasadena,_California)","La Salle High School (Pasadena, California)",1956
http://dbpedia.org/resource/Mater_Health_Services,Mater Health Services,1906
http://dbpedia.org/resource/Mount_St._Joseph_Girls'_College,Mount St. Joseph Girls' College,1964
http://dbpedia.org/resource/Myron_B._Thompson_Academy,Myron B. Thompson Academy,1999
http://dbpedia.org/resource/Notre_Dame_Catholic_Sixth_Form_College,Notre Dame Catholic Sixth Form College,1904
http://dbpedia.org/resource/Oldham_College,Oldham College,1893
http://dbpedia.org/resource/Oldham_Sixth_Form_College,Oldham Sixth Form College,1992
http://dbpedia.org/resource/Pascoe_Vale_Girls_College,Pascoe Vale Girls College,1956
http://dbpedia.org/resource/Philippine_Science_High_School_Eastern_Visayas_Campus,Philippine Science High School Eastern Visayas Campus,1994
http://dbpedia.org/resource/Roncalli_College,Roncalli College,1982
http://dbpedia.org/resource/SBOA_School_&_Junior_College,SBOA School & Junior College,1976
http://dbpedia.org/resource/Safra_National_Bank_of_New_York,Safra National Bank of New York,1982
http://dbpedia.org/resource/Santiago_College,Santiago College,1880
http://dbpedia.org/resource/Siena_Catholic_College,Siena Catholic College,1997
"http://dbpedia.org/resource/St._John's_High_School,_Chandigarh","St. John's High School, Chandigarh",1959
http://dbpedia.org/resource/St_Leo's_Catholic_College,St Leo's Catholic College,1956
http://dbpedia.org/resource/Stockton_Sixth_Form_College,Stockton Sixth Form College,1973
http://dbpedia.org/resource/Transcona_Collegiate_Institute,Transcona Collegiate Institute,1961
http://dbpedia.org/resource/Tyne_Metropolitan_College,Tyne Metropolitan College,2005
http://dbpedia.org/resource/University_of_Warwick_Science_Park,University of Warwick Science Park,1984
http://dbpedia.org/resource/Western_Alamance_High_School,Western Alamance High School,1962
http://dbpedia.org/resource/Worcester_Sixth_Form_College,Worcester Sixth Form College,1983
http://dbpedia.org/resource/Worthing_College,Worthing College,1973
http://dbpedia.org/resource/Forum_Corporation,Forum Corporation,1971
"http://dbpedia.org/resource/St._Agnes_PU_College,_Mangalore","St. Agnes PU College, Mangalore",1920
"http://dbpedia.org/resource/St_Mary's_College,_Rawalpindi","St Mary's College, Rawalpindi",2006
http://dbpedia.org/resource/Kaplaneios_School,Kaplaneios School,1797
http://dbpedia.org/resource/Maroutsaia_School,Maroutsaia School,1742
http://dbpedia.org/resource/New_Academy_(Moscopole),New Academy (Moscopole),1744
http://dbpedia.org/resource/Bank_of_Australia,Bank of Australia,1826
http://dbpedia.org/resource/MATS_Institute_of_Management_&_Entrepreneurship,MATS Institute of Management & Entrepreneurship,2001
http://dbpedia.org/resource/Zographeion_College,Zographeion College,1873
http://dbpedia.org/resource/ATB_Financial,ATB Financial,1938
http://dbpedia.org/resource/Allied_American_University,Allied American University,2008
http://dbpedia.org/resource/American_School_of_Milan,American School of Milan,1962
http://dbpedia.org/resource/Anderson_Junior_College,Anderson Junior College,1984
http://dbpedia.org/resource/Archbishop_M.C._O'Neill_High_School,Archbishop M.C. O'Neill High School,1966
http://dbpedia.org/resource/Cardinal_Newman_College,Cardinal Newman College,1978
http://dbpedia.org/resource/ESL_Federal_Credit_Union,ESL Federal Credit Union,1920
http://dbpedia.org/resource/Eastview_High_School,Eastview High School,1997
"http://dbpedia.org/resource/Exeter_College,_Exeter","Exeter College, Exeter",1970
http://dbpedia.org/resource/Forest_Hill_College,Forest Hill College,1990
http://dbpedia.org/resource/Holy_Savior_Menard_Central_High_School,Holy Savior Menard Central High School,1893
http://dbpedia.org/resource/Holy_Savior_Menard_Central_High_School,Holy Savior Menard Central High School,1967
http://dbpedia.org/resource/IMG_Academy,IMG Academy,1978
http://dbpedia.org/resource/Kingsmill_Secondary_School,Kingsmill Secondary School,1963
http://dbpedia.org/resource/Kishinchand_Chellaram_College,Kishinchand Chellaram College,1922
http://dbpedia.org/resource/Mirzapur_Cadet_College,Mirzapur Cadet College,1963
http://dbpedia.org/resource/Mirzapur_Cadet_College,Mirzapur Cadet College,1965
http://dbpedia.org/resource/Missouri_School_for_the_Blind,Missouri School for the Blind,1851
http://dbpedia.org/resource/National_Grammar_School,National Grammar School,1988
http://dbpedia.org/resource/Nationwide_Building_Society,Nationwide Building Society,1846
http://dbpedia.org/resource/New_College_Nottingham,New College Nottingham,1999
http://dbpedia.org/resource/Queen_Elizabeth_Sixth_Form_College,Queen Elizabeth Sixth Form College,1970
http://dbpedia.org/resource/Queen_Mary's_College,Queen Mary's College,1556
http://dbpedia.org/resource/Resource_Academia,Resource Academia,2003
http://dbpedia.org/resource/Rochdale_Sixth_Form_College,Rochdale Sixth Form College,2010
"http://dbpedia.org/resource/Rocky_Mountain_College,_Calgary","Rocky Mountain College, Calgary",1992
http://dbpedia.org/resource/SLP_College,SLP College,1974
"http://dbpedia.org/resource/St._Edmund's_College,_Shillong","St. Edmund's College, Shillong",1924
http://dbpedia.org/resource/Yuba_College,Yuba College,1927
http://dbpedia.org/resource/Alabama_School_of_Fine_Arts,Alabama School of Fine Arts,1971
http://dbpedia.org/resource/Armand_Hammer_United_World_College_of_the_American_West,Armand Hammer United World College of the American West,1982
http://dbpedia.org/resource/Boston_Conservatory,Boston Conservatory,1867
http://dbpedia.org/resource/Chanel_College_(Gladstone),Chanel College (Gladstone),1966
http://dbpedia.org/resource/Colchester_Sixth_Form_College,Colchester Sixth Form College,1987
http://dbpedia.org/resource/East_African_Development_Bank,East African Development Bank,1967
http://dbpedia.org/resource/Guilford_Young_College,Guilford Young College,1994
http://dbpedia.org/resource/Guilford_Young_College,Guilford Young College,1995
"http://dbpedia.org/resource/Hobart_College,_Tasmania","Hobart College, Tasmania",1913
http://dbpedia.org/resource/Instituto_Tecnológico_de_Ciudad_Madero,Instituto Tecnológico de Ciudad Madero,1950
http://dbpedia.org/resource/Jefferson_Davis_Community_College,Jefferson Davis Community College,1965
http://dbpedia.org/resource/Leilehua_High_School,Leilehua High School,1924
http://dbpedia.org/resource/Meridian_Junior_College,Meridian Junior College,2003
http://dbpedia.org/resource/Munsang_College,Munsang College,1926
http://dbpedia.org/resource/Prospect_Hill_Academy,Prospect Hill Academy,1996
http://dbpedia.org/resource/Rosaryhill_School,Rosaryhill School,1959
http://dbpedia.org/resource/Rosny_College,Rosny College,1973
http://dbpedia.org/resource/Saint_Andrew's_Junior_College,Saint Andrew's Junior College,1978
http://dbpedia.org/resource/Temasek_Junior_College,Temasek Junior College,1977
http://dbpedia.org/resource/UWC_Mahindra_College,UWC Mahindra College,1997
http://dbpedia.org/resource/Baisari_High_School,Baisari High School,1901
"http://dbpedia.org/resource/St._Augustine's_College,_Yarraville","St. Augustine's College, Yarraville",1942
http://dbpedia.org/resource/Sri_Lohit_High_School,Sri Lohit High School,1964
http://dbpedia.org/resource/National_Geographic_Society,National Geographic Society,1997
"http://dbpedia.org/resource/Aquinas_College,_Stockport","Aquinas College, Stockport",1980
http://dbpedia.org/resource/Bank_of_Melbourne_(2011),Bank of Melbourne (2011),2011
http://dbpedia.org/resource/Bury_College,Bury College,1987
http://dbpedia.org/resource/CIDA_City_Campus,CIDA City Campus,2000
http://dbpedia.org/resource/China_Development_Bank,China Development Bank,1994
http://dbpedia.org/resource/Electric_Honey_(label),Electric Honey (label),1992
"http://dbpedia.org/resource/Hamdard_Public_School,_Lahore","Hamdard Public School, Lahore",2000
http://dbpedia.org/resource/International_Bank_of_Azerbaijan,International Bank of Azerbaijan,1992
http://dbpedia.org/resource/Power_Finance_Corporation,Power Finance Corporation,1986
http://dbpedia.org/resource/Resonance_Kota,Resonance Kota,2001
http://dbpedia.org/resource/Saint_Mary's_College_(Shillong),Saint Mary's College (Shillong),1937
http://dbpedia.org/resource/Society_of_Business_Practitioners,Society of Business Practitioners,1956
http://dbpedia.org/resource/South_African_College_Schools,South African College Schools,1829
"http://dbpedia.org/resource/St_Patrick's_College,_Launceston","St Patrick's College, Launceston",1919
http://dbpedia.org/resource/Steinbach_Credit_Union,Steinbach Credit Union,1941
http://dbpedia.org/resource/Sussex_Downs_College,Sussex Downs College,2001
http://dbpedia.org/resource/Tabor_Park_Vocational_School,Tabor Park Vocational School,1965
http://dbpedia.org/resource/Technical_Education_Center_Osceola,Technical Education Center Osceola,1994
http://dbpedia.org/resource/Theodore_Roosevelt_High_School_(Los_Angeles),Theodore Roosevelt High School (Los Angeles),1922
http://dbpedia.org/resource/United_Bank_for_Africa,United Bank for Africa,1949
http://dbpedia.org/resource/Aranmore_Catholic_College,Aranmore Catholic College,1903
http://dbpedia.org/resource/Alexandria_Park_Community_School,Alexandria Park Community School,2003
http://dbpedia.org/resource/Bethlehem_Campus,Bethlehem Campus,1988
http://dbpedia.org/resource/Cathedral_High_School_(Indianapolis),Cathedral High School (Indianapolis),1918
http://dbpedia.org/resource/Catholic_Junior_College,Catholic Junior College,1975
http://dbpedia.org/resource/Esher_College,Esher College,1974
http://dbpedia.org/resource/Greenwich_Community_College,Greenwich Community College,1921
http://dbpedia.org/resource/Henley_College_(Henley-on-Thames),Henley College (Henley-on-Thames),1987
http://dbpedia.org/resource/Institute_of_American_Indian_Arts,Institute of American Indian Arts,1962
http://dbpedia.org/resource/Jurong_Junior_College,Jurong Junior College,1981
http://dbpedia.org/resource/Kolej_MARA_Banting,Kolej MARA Banting,1991
http://dbpedia.org/resource/Laine_Theatre_Arts,Laine Theatre Arts,1974
http://dbpedia.org/resource/Lake_Orion_High_School,Lake Orion High School,1893
"http://dbpedia.org/resource/Loreto_College,_Manchester","Loreto College, Manchester",1851
http://dbpedia.org/resource/Middlesbrough_College,Middlesbrough College,1995
http://dbpedia.org/resource/Nanyang_Junior_College,Nanyang Junior College,1977
http://dbpedia.org/resource/Narrabundah_College,Narrabundah College,1974
http://dbpedia.org/resource/National_Experimental_High_School,National Experimental High School,1983
"http://dbpedia.org/resource/Northview_High_School_(Dothan,_Alabama)","Northview High School (Dothan, Alabama)",1978
http://dbpedia.org/resource/Priestley_College,Priestley College,1979
http://dbpedia.org/resource/Servite_High_School,Servite High School,1958
http://dbpedia.org/resource/Spelthorne_College,Spelthorne College,1911
http://dbpedia.org/resource/St_Aloysius'_College_(Malta),St Aloysius' College (Malta),1907
http://dbpedia.org/resource/Kildare_College,Kildare College,1966
http://dbpedia.org/resource/City_College_Coventry,City College Coventry,2002
"http://dbpedia.org/resource/Covington_High_School_(Covington,_Tennessee)","Covington High School (Covington, Tennessee)",1970
http://dbpedia.org/resource/Delhi_Public_School_Society,Delhi Public School Society,1949
http://dbpedia.org/resource/Eunoia_Junior_College,Eunoia Junior College,2017
http://dbpedia.org/resource/Jose_Abad_Santos_Memorial_School,Jose Abad Santos Memorial School,1933
http://dbpedia.org/resource/Knowsley_Community_College,Knowsley Community College,1990
http://dbpedia.org/resource/Leyte_Progressive_High_School,Leyte Progressive High School,1921
http://dbpedia.org/resource/PLK_Vicwood_KT_Chong_Sixth_Form_College,PLK Vicwood KT Chong Sixth Form College,1991
http://dbpedia.org/resource/Shrewsbury_Sixth_Form_College,Shrewsbury Sixth Form College,1981
http://dbpedia.org/resource/St._Edward's_High_School,St. Edward's High School,1872
"http://dbpedia.org/resource/St_John_Rigby_College,_Wigan","St John Rigby College, Wigan",1972
http://dbpedia.org/resource/Ambition_Institute_of_Technology,Ambition Institute of Technology,2009
http://dbpedia.org/resource/Labogon_National_High_School,Labogon National High School,1999
http://dbpedia.org/resource/Port_Arthur_Collegiate_Institute,Port Arthur Collegiate Institute,1909
http://dbpedia.org/resource/Fort_Hill_College,Fort Hill College,1958
http://dbpedia.org/resource/College_of_Engineering_Karunagappally,College of Engineering Karunagappally,1999
"http://dbpedia.org/resource/Weera_Keppetipola_Central_College,_Akuramboda","Weera Keppetipola Central College, Akuramboda",1941
http://dbpedia.org/resource/South_East_Derbyshire_College,South East Derbyshire College,1953
http://dbpedia.org/resource/Royal_Forest_of_Dean_College,Royal Forest of Dean College,1985
http://dbpedia.org/resource/Uttara_High_School_and_College,Uttara High School and College,1985
http://dbpedia.org/resource/Bhanga_Pilot_High_School,Bhanga Pilot High School,1889
http://dbpedia.org/resource/Government_Colony_High_School,Government Colony High School,1956
http://dbpedia.org/resource/Instituto_Nacional_Mejía,Instituto Nacional Mejía,1987
"http://dbpedia.org/resource/St._Sebastian's_School,_Koodaranji","St. Sebastian's School, Koodaranji",1948
http://dbpedia.org/resource/Santiago_Cultural_Institute,Santiago Cultural Institute,1948
http://dbpedia.org/resource/Qatar_Computing_Research_Institute,Qatar Computing Research Institute,2010
http://dbpedia.org/resource/Evangelical_School_of_Smyrna,Evangelical School of Smyrna,1733
http://dbpedia.org/resource/Phrontisterion_of_Trapezous,Phrontisterion of Trapezous,1682
http://dbpedia.org/resource/Brighter_Star_Secondary_School,Brighter Star Secondary School,1993
http://dbpedia.org/resource/Army_Public_College_Kakul_Campus,Army Public College Kakul Campus,1965
http://dbpedia.org/resource/Morningside_Music_Bridge_International_Music_Festival,Morningside Music Bridge International Music Festival,1997
http://dbpedia.org/resource/Sama_Al-Awael_Private_School,Sama Al-Awael Private School,2008
http://dbpedia.org/resource/Yusr_International_School,Yusr International School,2007
http://dbpedia.org/resource/Greenvalley_Public_School,Greenvalley Public School,1995
http://dbpedia.org/resource/Melba_College,Melba College,2012
http://dbpedia.org/resource/Melba_College,Melba College,2013
http://dbpedia.org/resource/St._Mary's_College_(Chilaw),St. Mary's College (Chilaw),1933
http://dbpedia.org/resource/Hidhayathul_Islam_Higher_Secondary_School,Hidhayathul Islam Higher Secondary School,1900
http://dbpedia.org/resource/QSI_International_School_of_Phuket,QSI International School of Phuket,2000
http://dbpedia.org/resource/Bishop_Herman_College,Bishop Herman College,1952
"http://dbpedia.org/resource/Gandhi_Smarak_Inter_College,_Rajesultanpur","Gandhi Smarak Inter College, Rajesultanpur",1935
http://dbpedia.org/resource/Raj_Inter_College,Raj Inter College,1990
http://dbpedia.org/resource/The_Watford_UTC,The Watford UTC,2014
http://dbpedia.org/resource/Valia_College,Valia College,1961
http://dbpedia.org/resource/DTEK_Academy,DTEK Academy,2010
http://dbpedia.org/resource/Lebanese_Swiss_Bank,Lebanese Swiss Bank,1962
http://dbpedia.org/resource/National_Commercial_Bank_Mauritius,National Commercial Bank Mauritius,2015
http://dbpedia.org/resource/Palawan_National_School,Palawan National School,1907
http://dbpedia.org/resource/John_Ruskin_College,John Ruskin College,1920
http://dbpedia.org/resource/Palmer's_College,Palmer's College,1706
http://dbpedia.org/resource/Pearson_College_UWC,Pearson College UWC,1974
http://dbpedia.org/resource/Peter_Symonds_College,Peter Symonds College,1897
"http://dbpedia.org/resource/Bishop_Kearney_High_School_(Irondequoit,_New_York)","Bishop Kearney High School (Irondequoit, New York)",1962
http://dbpedia.org/resource/Cadet_College_Petaro,Cadet College Petaro,1957
http://dbpedia.org/resource/Cadet_College_Petaro,Cadet College Petaro,1959
http://dbpedia.org/resource/City_of_Bristol_College,City of Bristol College,1996
http://dbpedia.org/resource/Douglas_S._Freeman_High_School,Douglas S. Freeman High School,1954
http://dbpedia.org/resource/Falcon_College,Falcon College,1954
http://dbpedia.org/resource/Harrow_College,Harrow College,1999
http://dbpedia.org/resource/John_Cabot_Academy,John Cabot Academy,1993
http://dbpedia.org/resource/John_Leggott_College,John Leggott College,1968
http://dbpedia.org/resource/National_Junior_College,National Junior College,1969
http://dbpedia.org/resource/Pretoria_Boys_High_School,Pretoria Boys High School,1901
"http://dbpedia.org/resource/Rajkumar_College,_Rajkot","Rajkumar College, Rajkot",1868
"http://dbpedia.org/resource/Rajkumar_College,_Rajkot","Rajkumar College, Rajkot",1870
"http://dbpedia.org/resource/River_Valley_High_School,_Singapore","River Valley High School, Singapore",1956
http://dbpedia.org/resource/Robert_E._Lee_High_School_(Jacksonville),Robert E. Lee High School (Jacksonville),1927
http://dbpedia.org/resource/Sacramento_City_College,Sacramento City College,1916
http://dbpedia.org/resource/South_Gloucestershire_and_Stroud_College,South Gloucestershire and Stroud College,2012
http://dbpedia.org/resource/St._Thomas'_Episcopal_School,St. Thomas' Episcopal School,1955
http://dbpedia.org/resource/The_College_of_Richard_Collyer,The College of Richard Collyer,1532
http://dbpedia.org/resource/Vandebilt_Catholic_High_School,Vandebilt Catholic High School,1870
http://dbpedia.org/resource/Victoria_Junior_College,Victoria Junior College,1984
"http://dbpedia.org/resource/Walt_Whitman_High_School_(Bethesda,_Maryland)","Walt Whitman High School (Bethesda, Maryland)",1962
http://dbpedia.org/resource/Winstanley_College,Winstanley College,1977
http://dbpedia.org/resource/Xaverian_College,Xaverian College,1862
http://dbpedia.org/resource/John_Bapst_Memorial_High_School,John Bapst Memorial High School,1928
http://dbpedia.org/resource/South_Crest_School,South Crest School,1983
http://dbpedia.org/resource/Executive_National_Bank,Executive National Bank,1972
http://dbpedia.org/resource/Jesus_Good_Shepherd_School,Jesus Good Shepherd School,1965
http://dbpedia.org/resource/Liston_College,Liston College,1974
http://dbpedia.org/resource/Mountain_View_High_School_(Karnataka),Mountain View High School (Karnataka),1962
http://dbpedia.org/resource/PostBank_Uganda,PostBank Uganda,1926
http://dbpedia.org/resource/Queen_Alexandra_College,Queen Alexandra College,1904
http://dbpedia.org/resource/RMD_Engineering_College,RMD Engineering College,2001
"http://dbpedia.org/resource/St._George's_College,_Quilmes","St. George's College, Quilmes",1898
http://dbpedia.org/resource/Westminster_High_School_(Manila),Westminster High School (Manila),1933
http://dbpedia.org/resource/Government_Hazi_Mohammad_Mohshin_College,Government Hazi Mohammad Mohshin College,1874
http://dbpedia.org/resource/Academy_of_Music_in_Kraków,Academy of Music in Kraków,1888
http://dbpedia.org/resource/Kenmore_State_High_School,Kenmore State High School,1972
http://dbpedia.org/resource/Christ_the_King_Sixth_Form_College,Christ the King Sixth Form College,1992
http://dbpedia.org/resource/Noosa_Christian_College,Noosa Christian College,2003
"http://dbpedia.org/resource/St._Joseph_High_School_(Victoria,_Texas)","St. Joseph High School (Victoria, Texas)",1868
http://dbpedia.org/resource/Stetson_School,Stetson School,1899
http://dbpedia.org/resource/Andrean_High_School,Andrean High School,1959
http://dbpedia.org/resource/Cherokee_Trail_High_School,Cherokee Trail High School,2003
http://dbpedia.org/resource/Geelong_Baptist_College,Geelong Baptist College,2002
http://dbpedia.org/resource/Prince_Matriculation_Higher_Secondary_School,Prince Matriculation Higher Secondary School,1978
http://dbpedia.org/resource/Tayyibah_Girls'_School,Tayyibah Girls' School,1992
http://dbpedia.org/resource/Antioch_University_Midwest,Antioch University Midwest,1988
http://dbpedia.org/resource/BASIX_(India),BASIX (India),1996
http://dbpedia.org/resource/BBVA_Provincial,BBVA Provincial,1953
http://dbpedia.org/resource/Barton_Peveril_Sixth_Form_College,Barton Peveril Sixth Form College,1904
http://dbpedia.org/resource/Bolton_High_School_(Louisiana),Bolton High School (Louisiana),1915
http://dbpedia.org/resource/Burleigh_Community_College,Burleigh Community College,1690
http://dbpedia.org/resource/Children's_Cancer_Center_of_Lebanon,Children's Cancer Center of Lebanon,2002
http://dbpedia.org/resource/City_Literary_Institute,City Literary Institute,1919
http://dbpedia.org/resource/Colegio_del_Verbo_Divino,Colegio del Verbo Divino,1950
http://dbpedia.org/resource/Cupeyville_School,Cupeyville School,1963
http://dbpedia.org/resource/East_Norfolk_Sixth_Form_College,East Norfolk Sixth Form College,1982
http://dbpedia.org/resource/Emily_Griffith_Opportunity_School,Emily Griffith Opportunity School,1916
"http://dbpedia.org/resource/Franklin_College,_Grimsby","Franklin College, Grimsby",1990
http://dbpedia.org/resource/German_Institute_of_Global_and_Area_Studies,German Institute of Global and Area Studies,1964
http://dbpedia.org/resource/Government_Laboratory_High_School_Rajshahi,Government Laboratory High School Rajshahi,1969
http://dbpedia.org/resource/Heathmont_College,Heathmont College,1993
http://dbpedia.org/resource/Hugh_Baird_College,Hugh Baird College,1891
http://dbpedia.org/resource/Institute_for_Research_in_Economics_and_Business_Administration,Institute for Research in Economics and Business Administration,1991
http://dbpedia.org/resource/Instituto_Regiomontano,Instituto Regiomontano,1942
http://dbpedia.org/resource/Joanneum_Research,Joanneum Research,1960
http://dbpedia.org/resource/Joanneum_Research,Joanneum Research,1986
http://dbpedia.org/resource/Jordan_Ahli_Bank,Jordan Ahli Bank,1955
http://dbpedia.org/resource/Leary_School,Leary School,1964
http://dbpedia.org/resource/Leeds_College_of_Building,Leeds College of Building,1960
http://dbpedia.org/resource/Lenoir_Community_College,Lenoir Community College,1958
http://dbpedia.org/resource/Mahanagar_Boys'_Inter_College_Lucknow,Mahanagar Boys' Inter College Lucknow,1959
"http://dbpedia.org/resource/Mercy_College,_Perth","Mercy College, Perth",1972
http://dbpedia.org/resource/Mount_Lilydale_Mercy_College,Mount Lilydale Mercy College,1896
http://dbpedia.org/resource/Muscle_Shoals_High_School,Muscle Shoals High School,1962
http://dbpedia.org/resource/Pearl_Harbor_Elementary_School,Pearl Harbor Elementary School,1956
http://dbpedia.org/resource/Permai_Education_Foundation,Permai Education Foundation,1979
http://dbpedia.org/resource/Petroleum_Institute,Petroleum Institute,2000
http://dbpedia.org/resource/Redlands_College,Redlands College,1988
http://dbpedia.org/resource/Richard_Taunton_Sixth_Form_College,Richard Taunton Sixth Form College,1760
http://dbpedia.org/resource/Rotherham_College_of_Arts_and_Technology,Rotherham College of Arts and Technology,1853
http://dbpedia.org/resource/Rotherham_College_of_Arts_and_Technology,Rotherham College of Arts and Technology,1981
http://dbpedia.org/resource/Rotherham_College_of_Arts_and_Technology,Rotherham College of Arts and Technology,2016
"http://dbpedia.org/resource/St._Anthony's_Senior_Secondary_School,_Barabanki","St. Anthony's Senior Secondary School, Barabanki",1979
http://dbpedia.org/resource/St._Gabriel's_High_School,St. Gabriel's High School,1955
http://dbpedia.org/resource/St._Joseph_Engineering_College,St. Joseph Engineering College,2002
"http://dbpedia.org/resource/St._Paul's_English_School,_Bangalore","St. Paul's English School, Bangalore",1983
http://dbpedia.org/resource/St._Thomas_More_Academy,St. Thomas More Academy,2002
http://dbpedia.org/resource/St_Thomas_of_Canterbury_College,St Thomas of Canterbury College,1961
http://dbpedia.org/resource/Sunny_Hill_School,Sunny Hill School,1925
http://dbpedia.org/resource/Thomasschule_zu_Leipzig,Thomasschule zu Leipzig,1212
http://dbpedia.org/resource/Tyro_Payments,Tyro Payments,2013
http://dbpedia.org/resource/Umakanta_Academy,Umakanta Academy,1890
http://dbpedia.org/resource/Waianae_High_School,Waianae High School,1957
http://dbpedia.org/resource/Waldo_J._Wood_Memorial_Jr/Sr_High_School,Waldo J. Wood Memorial Jr/Sr High School,1967
http://dbpedia.org/resource/BSF_School_Jalandhar_Cantt,BSF School Jalandhar Cantt,1967
http://dbpedia.org/resource/Bangladesh_Youth_Leadership_Center,Bangladesh Youth Leadership Center,2009
http://dbpedia.org/resource/Delhi_Public_School_Ghaziabad,Delhi Public School Ghaziabad,1980
http://dbpedia.org/resource/Delta_Technical_College,Delta Technical College,2004
http://dbpedia.org/resource/EET_Nº7_Taller_Regional_Quilmes_(IMPA),EET Nº7 Taller Regional Quilmes (IMPA),1957
http://dbpedia.org/resource/Ibn_Al_Hytham_Islamic_School,Ibn Al Hytham Islamic School,1989
http://dbpedia.org/resource/Laureate_International_Universities,Laureate International Universities,1999
http://dbpedia.org/resource/Muhyiddin_School,Muhyiddin School,1999
"http://dbpedia.org/resource/Sindhi_High_School,_Hebbal","Sindhi High School, Hebbal",2003
http://dbpedia.org/resource/Air_Force_School_Coimbatore,Air Force School Coimbatore,1953
http://dbpedia.org/resource/Asanté_Academy_of_Chinese_Medicine,Asanté Academy of Chinese Medicine,2000
http://dbpedia.org/resource/Caritas_Don_Bosco_School,Caritas Don Bosco School,1994
http://dbpedia.org/resource/Center_for_Stem_Cell_and_Regenerative_Medicine,Center for Stem Cell and Regenerative Medicine,2003
http://dbpedia.org/resource/Citibank_Vietnam,Citibank Vietnam,1993
http://dbpedia.org/resource/City_of_Wolverhampton_College,City of Wolverhampton College,1999
"http://dbpedia.org/resource/DAV_Public_School,_Hehal","DAV Public School, Hehal",1972
"http://dbpedia.org/resource/Don_Bosco_Matriculation_Higher_Secondary_School,_Thanjavur","Don Bosco Matriculation Higher Secondary School, Thanjavur",1983
http://dbpedia.org/resource/ESOFT_Computer_Studies,ESOFT Computer Studies,2000
http://dbpedia.org/resource/Ealing_Independent_College,Ealing Independent College,1992
http://dbpedia.org/resource/Eden_House_College,Eden House College,1968
http://dbpedia.org/resource/FCJ_College_Benalla,FCJ College Benalla,1900
http://dbpedia.org/resource/Focus_on_the_Family_Singapore,Focus on the Family Singapore,2002
http://dbpedia.org/resource/Grand_Charter_School,Grand Charter School,1998
http://dbpedia.org/resource/Harimohon_Government_High_School,Harimohon Government High School,1895
http://dbpedia.org/resource/Hertford_Regional_College,Hertford Regional College,1991
http://dbpedia.org/resource/Hua_Siong_College_of_Iloilo,Hua Siong College of Iloilo,1912
http://dbpedia.org/resource/Hyde_Clarendon_Sixth_Form_College,Hyde Clarendon Sixth Form College,1980
http://dbpedia.org/resource/ISG_Dammam,ISG Dammam,1985
http://dbpedia.org/resource/Institute_for_Advanced_Study_of_Human_Sexuality,Institute for Advanced Study of Human Sexuality,1976
http://dbpedia.org/resource/Iraqi_Institute_for_Economic_Reform,Iraqi Institute for Economic Reform,2004
http://dbpedia.org/resource/Jain_International_Residential_School,Jain International Residential School,1999
http://dbpedia.org/resource/Korea_Institute_of_Industrial_Technology,Korea Institute of Industrial Technology,1989
http://dbpedia.org/resource/Lahore_Grammar_School_Multan,Lahore Grammar School Multan,1998
http://dbpedia.org/resource/Lutheran_Brethren_Seminary,Lutheran Brethren Seminary,1903
http://dbpedia.org/resource/Mid-Peninsula_High_School,Mid-Peninsula High School,1979
http://dbpedia.org/resource/Milestone_College,Milestone College,2002
http://dbpedia.org/resource/Mohammadpur_Preparatory_Higher_Secondary_School,Mohammadpur Preparatory Higher Secondary School,1976
http://dbpedia.org/resource/Mount_Washington_Observatory,Mount Washington Observatory,1932
http://dbpedia.org/resource/Opportunity_Uganda_Limited,Opportunity Uganda Limited,1995
http://dbpedia.org/resource/Pacific_Buddhist_Academy,Pacific Buddhist Academy,2003
"http://dbpedia.org/resource/Portland_School,_Worksop","Portland School, Worksop",1956
http://dbpedia.org/resource/Reading_College,Reading College,2010
http://dbpedia.org/resource/Research_Studios_Austria,Research Studios Austria,2008
http://dbpedia.org/resource/Richmond_Adult_Community_College,Richmond Adult Community College,1895
http://dbpedia.org/resource/Saraswat_Bank,Saraswat Bank,1918
http://dbpedia.org/resource/School_of_International_Studies_in_Sciences_and_Arts,School of International Studies in Sciences and Arts,2006
http://dbpedia.org/resource/Southport_College,Southport College,1935
"http://dbpedia.org/resource/St._Thomas_College,_Chennai","St. Thomas College, Chennai",1999
http://dbpedia.org/resource/St_Charles_Catholic_Sixth_Form_College,St Charles Catholic Sixth Form College,1955
http://dbpedia.org/resource/St_Charles_Catholic_Sixth_Form_College,St Charles Catholic Sixth Form College,1990
http://dbpedia.org/resource/St_Mellitus_College,St Mellitus College,2007
http://dbpedia.org/resource/Totton_College,Totton College,1955
http://dbpedia.org/resource/United_World_College_Maastricht,United World College Maastricht,2009
http://dbpedia.org/resource/Van_Lanschot,Van Lanschot,1737
http://dbpedia.org/resource/Westfield_High_School_(Massachusetts),Westfield High School (Massachusetts),1972
http://dbpedia.org/resource/Zagol_Academy,Zagol Academy,2009
http://dbpedia.org/resource/3A_Tutors_Ltd,3A Tutors Ltd,1999
http://dbpedia.org/resource/A_S_College,A S College,1946
http://dbpedia.org/resource/Abdul_Kadir_Mollah_City_College,Abdul Kadir Mollah City College,2006
http://dbpedia.org/resource/Abhyudaya_Co-operative_Bank_Ltd,Abhyudaya Co-operative Bank Ltd,1965
http://dbpedia.org/resource/Akademiet_Norge,Akademiet Norge,2010
http://dbpedia.org/resource/Al-Markazul_Islami_As-Salafi,Al-Markazul Islami As-Salafi,1981
http://dbpedia.org/resource/Allen_Institute_for_Artificial_Intelligence,Allen Institute for Artificial Intelligence,2013
http://dbpedia.org/resource/Aston_University_Engineering_Academy,Aston University Engineering Academy,2012
http://dbpedia.org/resource/Austrian_Research_Institute_for_Artificial_Intelligence,Austrian Research Institute for Artificial Intelligence,1984
http://dbpedia.org/resource/Banca_di_San_Marino,Banca di San Marino,1920
http://dbpedia.org/resource/Bharath_English_High_School,Bharath English High School,1977
http://dbpedia.org/resource/BofI_Federal_Bank,BofI Federal Bank,1999
http://dbpedia.org/resource/Boss_School_of_Music,Boss School of Music,1996
http://dbpedia.org/resource/Bristol_Technology_and_Engineering_Academy,Bristol Technology and Engineering Academy,2013
http://dbpedia.org/resource/Buckinghamshire_University_Technical_College,Buckinghamshire University Technical College,2013
http://dbpedia.org/resource/Budhi_Ram_Dubey_Mahila_Mahavidyalaya,Budhi Ram Dubey Mahila Mahavidyalaya,2011
http://dbpedia.org/resource/Bunker_Hill_High_School,Bunker Hill High School,1954
http://dbpedia.org/resource/CK_College_of_Engineering_and_Technology,CK College of Engineering and Technology,2002
http://dbpedia.org/resource/Cadet_College_Pishin,Cadet College Pishin,2008
http://dbpedia.org/resource/Canopus_Foundation,Canopus Foundation,1997
http://dbpedia.org/resource/Centre_for_Independent_Social_Research,Centre for Independent Social Research,1991
http://dbpedia.org/resource/Chittagong_Collegiate_School_and_College,Chittagong Collegiate School and College,1836
http://dbpedia.org/resource/College_of_Science_and_Technology_(Bhutan),College of Science and Technology (Bhutan),2001
"http://dbpedia.org/resource/D.A.V._Public_School,_Velachery","D.A.V. Public School, Velachery",1990
http://dbpedia.org/resource/Daventry_University_Technical_College,Daventry University Technical College,2013
http://dbpedia.org/resource/DeLand-Weldon_High_School,DeLand-Weldon High School,1957
http://dbpedia.org/resource/Employee_Benefit_Research_Institute,Employee Benefit Research Institute,1978
http://dbpedia.org/resource/Gaedu_College_of_Business_Studies,Gaedu College of Business Studies,2001
http://dbpedia.org/resource/Galahitiyawa_Central_College,Galahitiyawa Central College,1944
http://dbpedia.org/resource/Gandhi_Faiz-E-Aam_College,Gandhi Faiz-E-Aam College,1947
http://dbpedia.org/resource/Ghana_Institute_of_Management_and_Public_Administration,Ghana Institute of Management and Public Administration,1961
http://dbpedia.org/resource/Ghavamin_Bank,Ghavamin Bank,2000
http://dbpedia.org/resource/Gonobidya_Niketon,Gonobidya Niketon,1974
http://dbpedia.org/resource/Happy_Palace_Grammar_School,Happy Palace Grammar School,1982
http://dbpedia.org/resource/Hennessy_Catholic_College,Hennessy Catholic College,2000
http://dbpedia.org/resource/IPR_Microfinance_Institution,IPR Microfinance Institution,2005
http://dbpedia.org/resource/Jalalabad_Cantonment_Public_School_and_College,Jalalabad Cantonment Public School and College,1999
http://dbpedia.org/resource/Jamia_Al_Barkaat_Aligarh,Jamia Al Barkaat Aligarh,2001
http://dbpedia.org/resource/Kandilli_Anatolian_High_School_for_Girls,Kandilli Anatolian High School for Girls,1916
http://dbpedia.org/resource/LPM_Comunicação,LPM Comunicação,1986
http://dbpedia.org/resource/Learnit_Institute_of_Business_and_Technology,Learnit Institute of Business and Technology,1993
http://dbpedia.org/resource/Liverpool_Life_Sciences_UTC,Liverpool Life Sciences UTC,2013
http://dbpedia.org/resource/London_Academy_of_Excellence,London Academy of Excellence,2012
http://dbpedia.org/resource/Lycée_Edmond_Perrier,Lycée Edmond Perrier,1567
http://dbpedia.org/resource/Mildura_Senior_College,Mildura Senior College,1912
http://dbpedia.org/resource/NCAA_Division_I_Men's_Tennis_Championship,NCAA Division I Men's Tennis Championship,1883
http://dbpedia.org/resource/NCAA_Men's_Division_III_Tennis_Championship,NCAA Men's Division III Tennis Championship,1976
http://dbpedia.org/resource/NCAA_Men's_Division_II_Tennis_Championship,NCAA Men's Division II Tennis Championship,1963
http://dbpedia.org/resource/Nanhai_Experimental_High_School,Nanhai Experimental High School,2002
http://dbpedia.org/resource/Nederlandse_Waterschapsbank,Nederlandse Waterschapsbank,1954
http://dbpedia.org/resource/Nimbus_School_of_Recording_Arts,Nimbus School of Recording Arts,2009
http://dbpedia.org/resource/OPF_Boys_College_Islamabad,OPF Boys College Islamabad,2001
http://dbpedia.org/resource/Online_Therapy_Institute,Online Therapy Institute,2008
http://dbpedia.org/resource/POSRI,POSRI,0028
http://dbpedia.org/resource/PROPARCO,PROPARCO,1977
http://dbpedia.org/resource/Parker_Public_Senior_Secondary_School,Parker Public Senior Secondary School,2004
http://dbpedia.org/resource/Royal_Greenwich_UTC,Royal Greenwich UTC,2013
http://dbpedia.org/resource/Russian_Foundation_for_Technological_Development,Russian Foundation for Technological Development,1991
http://dbpedia.org/resource/Samtse_College_of_Education,Samtse College of Education,1968
http://dbpedia.org/resource/Silverstone_University_Technical_College,Silverstone University Technical College,2013
http://dbpedia.org/resource/South_American_Institute_of_Government_in_Health,South American Institute of Government in Health,2011
http://dbpedia.org/resource/Summit_Speech_School,Summit Speech School,1967
http://dbpedia.org/resource/Thiagarajar_College,Thiagarajar College,1949
http://dbpedia.org/resource/UTC_Central_Bedfordshire,UTC Central Bedfordshire,2012
http://dbpedia.org/resource/UTC_Plymouth,UTC Plymouth,2013
http://dbpedia.org/resource/UTC_Reading,UTC Reading,2013
http://dbpedia.org/resource/University_Technical_College_Lancashire,University Technical College Lancashire,2013
http://dbpedia.org/resource/Yeghishe_Manoukian_College,Yeghishe Manoukian College,1963
http://dbpedia.org/resource/Godavari_Institute_of_Engineering_and_Technology,Godavari Institute of Engineering and Technology,1998
http://dbpedia.org/resource/Huni_Valley_Senior_High_School,Huni Valley Senior High School,1975
http://dbpedia.org/resource/Western_Savings_and_Loan,Western Savings and Loan,1929
http://dbpedia.org/resource/Girls_Catholic_Central_High_School,Girls Catholic Central High School,1893
http://dbpedia.org/resource/Lijiang_Ethnic_Orphan_School,Lijiang Ethnic Orphan School,1999
http://dbpedia.org/resource/San_Miguel_Academy,San Miguel Academy,1946
"http://dbpedia.org/resource/St._Mary's_High_School,_Peshawar","St. Mary's High School, Peshawar",1957
"http://dbpedia.org/resource/Seven_Set_Higher_Secondary_School,_Shillong","Seven Set Higher Secondary School, Shillong",1967
http://dbpedia.org/resource/Escuela_Nacional_de_Cine,Escuela Nacional de Cine,2009
"http://dbpedia.org/resource/NCG_Banco,_S.A.","NCG Banco, S.A.",2011
http://dbpedia.org/resource/Bristol_Packet_Boat_Trips,Bristol Packet Boat Trips,1973
http://dbpedia.org/resource/Candor_International_School,Candor International School,2010
http://dbpedia.org/resource/Lakeview_Secondary_School,Lakeview Secondary School,1967
http://dbpedia.org/resource/Séminaire_de_Sherbrooke,Séminaire de Sherbrooke,1875
http://dbpedia.org/resource/Cauayan_City_National_High_School,Cauayan City National High School,1997
http://dbpedia.org/resource/Andhra_Loyola_College,Andhra Loyola College,1953
http://dbpedia.org/resource/Banco_de_Previsión_Social,Banco de Previsión Social,1967
http://dbpedia.org/resource/Bank_of_Cyprus,Bank of Cyprus,1899
http://dbpedia.org/resource/Bryn_Mawr_Trust_Company,Bryn Mawr Trust Company,1889
http://dbpedia.org/resource/Caisse_de_dépôt_et_de_gestion,Caisse de dépôt et de gestion,1959
http://dbpedia.org/resource/Chartered_Management_Institute,Chartered Management Institute,1947
http://dbpedia.org/resource/Chelmsford_High_School,Chelmsford High School,1974
"http://dbpedia.org/resource/Columbia_College,_Columbia_University","Columbia College, Columbia University",1754
http://dbpedia.org/resource/Dudley_College,Dudley College,1862
http://dbpedia.org/resource/Dudley_College,Dudley College,1926
http://dbpedia.org/resource/Dudley_College,Dudley College,1936
http://dbpedia.org/resource/EBS_Limited,EBS Limited,1935
http://dbpedia.org/resource/Financial_Training_Center_Limited,Financial Training Center Limited,2000
http://dbpedia.org/resource/Institute_for_Systems_Biology,Institute for Systems Biology,2000
http://dbpedia.org/resource/Instituto_Politécnico_Loyola,Instituto Politécnico Loyola,1952
http://dbpedia.org/resource/Jerusalem_Center_for_Public_Affairs,Jerusalem Center for Public Affairs,1976
http://dbpedia.org/resource/King_George_V_College,King George V College,1926
http://dbpedia.org/resource/Kingston_Bible_College,Kingston Bible College,1929
http://dbpedia.org/resource/Li_Po_Chun_United_World_College,Li Po Chun United World College,1992
http://dbpedia.org/resource/Lloyds_Banking_Group,Lloyds Banking Group,1995
http://dbpedia.org/resource/Loyola_Academy,Loyola Academy,1909
"http://dbpedia.org/resource/Loyola_High_School,_Patna","Loyola High School, Patna",1969
http://dbpedia.org/resource/Loyola_High_School_(Goa),Loyola High School (Goa),1899
http://dbpedia.org/resource/Menntaskólinn_í_Reykjavík,Menntaskólinn í Reykjavík,1056
http://dbpedia.org/resource/Millennia_Institute,Millennia Institute,1987
http://dbpedia.org/resource/Millennia_Institute,Millennia Institute,2004
http://dbpedia.org/resource/Minneapolis_Business_College,Minneapolis Business College,1874
http://dbpedia.org/resource/National_Australia_Bank,National Australia Bank,1982
http://dbpedia.org/resource/Penola_Catholic_College,Penola Catholic College,1995
http://dbpedia.org/resource/President_Theodore_Roosevelt_High_School,President Theodore Roosevelt High School,1932
"http://dbpedia.org/resource/Queen's_College,_Hong_Kong","Queen's College, Hong Kong",1862
http://dbpedia.org/resource/Romney_Academy,Romney Academy,1752
http://dbpedia.org/resource/Romney_Academy,Romney Academy,1814
http://dbpedia.org/resource/Royal_Bank_of_Canada,Royal Bank of Canada,1864
http://dbpedia.org/resource/Rural_Development_Academy,Rural Development Academy,1974
http://dbpedia.org/resource/SRI_International,SRI International,1946
"http://dbpedia.org/resource/Sixth_Form_College,_Farnborough","Sixth Form College, Farnborough",1936
http://dbpedia.org/resource/Sunbury_Downs_College,Sunbury Downs College,1988
http://dbpedia.org/resource/Sydney_Secondary_College,Sydney Secondary College,2002
http://dbpedia.org/resource/Thomas_Telford_School,Thomas Telford School,1991
http://dbpedia.org/resource/Trustee_Savings_Bank,Trustee Savings Bank,1810
http://dbpedia.org/resource/University_of_Caloocan_City,University of Caloocan City,1971
http://dbpedia.org/resource/University_of_Caloocan_City,University of Caloocan City,1975
http://dbpedia.org/resource/University_of_Caloocan_City,University of Caloocan City,2004
http://dbpedia.org/resource/University_of_Fairfax,University of Fairfax,2002
http://dbpedia.org/resource/Victoria_Park_Collegiate_Institute,Victoria Park Collegiate Institute,1960
http://dbpedia.org/resource/Whitney_National_Bank,Whitney National Bank,1883
http://dbpedia.org/resource/Zone_Coopérative_de_l'Université_Laval,Zone Coopérative de l'Université Laval,1987
"http://dbpedia.org/resource/Fairview_High_School_(Boulder,_Colorado)","Fairview High School (Boulder, Colorado)",1960
http://dbpedia.org/resource/IMEC,IMEC,1984
http://dbpedia.org/resource/Marian_Catholic_High_School,Marian Catholic High School,1958
http://dbpedia.org/resource/Pace_Academy,Pace Academy,1958
http://dbpedia.org/resource/Willowridge_High_School_(Pretoria),Willowridge High School (Pretoria),1987
http://dbpedia.org/resource/Afrikaanse_Hoër_Meisieskool,Afrikaanse Hoër Meisieskool,1920
http://dbpedia.org/resource/Australian_Islamic_College,Australian Islamic College,1986
http://dbpedia.org/resource/Bacolod_Tay_Tung_High_School,Bacolod Tay Tung High School,1934
http://dbpedia.org/resource/Banting_Memorial_High_School,Banting Memorial High School,1951
http://dbpedia.org/resource/De_La_Salle_Santiago_Zobel_School,De La Salle Santiago Zobel School,1978
http://dbpedia.org/resource/Jacobs_School_of_Music,Jacobs School of Music,1921
http://dbpedia.org/resource/La_Martiniere_Lucknow,La Martiniere Lucknow,1845
http://dbpedia.org/resource/Mid-America_Reformed_Seminary,Mid-America Reformed Seminary,1981
http://dbpedia.org/resource/Music_and_Arts_University_of_the_City_of_Vienna,Music and Arts University of the City of Vienna,1938
http://dbpedia.org/resource/Spanish_River_Community_High_School,Spanish River Community High School,1983
http://dbpedia.org/resource/The_Air_Force_School_(Subroto_Park),The Air Force School (Subroto Park),1955
http://dbpedia.org/resource/Uckfield_Community_Technology_College,Uckfield Community Technology College,1953
http://dbpedia.org/resource/Wallace_State_Community_College,Wallace State Community College,1966
http://dbpedia.org/resource/Welbeck_Defence_Sixth_Form_College,Welbeck Defence Sixth Form College,1953
http://dbpedia.org/resource/Institute_of_Child_Study,Institute of Child Study,1925
http://dbpedia.org/resource/Abbott_Northwestern_Hospital,Abbott Northwestern Hospital,1889
http://dbpedia.org/resource/Allensbach_Institute,Allensbach Institute,1947
http://dbpedia.org/resource/Ballarat_Secondary_College,Ballarat Secondary College,1994
http://dbpedia.org/resource/Boca_Raton_Community_High_School,Boca Raton Community High School,1963
http://dbpedia.org/resource/Bridgwater_College,Bridgwater College,1973
"http://dbpedia.org/resource/Carmel_High_School,_Basaveshwaranagar,_Bangalore","Carmel High School, Basaveshwaranagar, Bangalore",1968
http://dbpedia.org/resource/Carolina_College_of_Biblical_Studies,Carolina College of Biblical Studies,1973
http://dbpedia.org/resource/Cassa_di_Risparmio_della_Repubblica_di_San_Marino,Cassa di Risparmio della Repubblica di San Marino,1882
http://dbpedia.org/resource/Chalvedon_School,Chalvedon School,1966
http://dbpedia.org/resource/Chittagong_Cantonment_Public_College,Chittagong Cantonment Public College,1961
http://dbpedia.org/resource/Colegio_San_Agustín_(Chile),Colegio San Agustín (Chile),1885
http://dbpedia.org/resource/Conservatorio_Nacional_de_Música_(Mexico),Conservatorio Nacional de Música (Mexico),1866
http://dbpedia.org/resource/First_Calgary_Financial,First Calgary Financial,1938
http://dbpedia.org/resource/Grama_Vidiyal,Grama Vidiyal,1993
http://dbpedia.org/resource/Guaranty_Trust_Bank,Guaranty Trust Bank,1990
http://dbpedia.org/resource/Havant_College,Havant College,1974
http://dbpedia.org/resource/Highbury_College,Highbury College,1963
http://dbpedia.org/resource/Infant_Jesus_School_Kollam,Infant Jesus School Kollam,1940
http://dbpedia.org/resource/Institute_of_Transport_Economics,Institute of Transport Economics,1954
http://dbpedia.org/resource/Kirklees_College,Kirklees College,2008
"http://dbpedia.org/resource/Lake_City_High_School_(Lake_City,_South_Carolina)","Lake City High School (Lake City, South Carolina)",1970
http://dbpedia.org/resource/Lancaster_and_Morecambe_College,Lancaster and Morecambe College,1950
http://dbpedia.org/resource/Leyton_Sixth_Form_College,Leyton Sixth Form College,1929
http://dbpedia.org/resource/Manado_Independent_School,Manado Independent School,2002
http://dbpedia.org/resource/Manila_Xiamen_International_School,Manila Xiamen International School,1993
http://dbpedia.org/resource/Modern_High_School,Modern High School,1959
http://dbpedia.org/resource/Munsang_College_(Hong_Kong_Island),Munsang College (Hong Kong Island),1999
http://dbpedia.org/resource/Northeast_Yucai_School,Northeast Yucai School,1949
http://dbpedia.org/resource/Pacific_Lutheran_College,Pacific Lutheran College,2001
http://dbpedia.org/resource/Philippine_Science_High_School_Central_Mindanao_Campus,Philippine Science High School Central Mindanao Campus,1998
http://dbpedia.org/resource/Raa_Middle_School,Raa Middle School,1959
http://dbpedia.org/resource/Riverina_Anglican_College,Riverina Anglican College,1999
http://dbpedia.org/resource/SNS_Reaal,SNS Reaal,1997
http://dbpedia.org/resource/South_Worcestershire_College,South Worcestershire College,2000
http://dbpedia.org/resource/South_Worcestershire_College,South Worcestershire College,2009
http://dbpedia.org/resource/St._Joseph's_Boys'_Higher_Secondary_School,St. Joseph's Boys' Higher Secondary School,1793
http://dbpedia.org/resource/St_Brendan-Shaw_College,St Brendan-Shaw College,1981
http://dbpedia.org/resource/St_Dominic's_Sixth_Form_College,St Dominic's Sixth Form College,1878
http://dbpedia.org/resource/St_Dominic's_Sixth_Form_College,St Dominic's Sixth Form College,1979
"http://dbpedia.org/resource/St_Paul's_College,_Auckland","St Paul's College, Auckland",1955
http://dbpedia.org/resource/Steinbeis_Foundation,Steinbeis Foundation,1868
http://dbpedia.org/resource/Strathalbyn_Christian_College,Strathalbyn Christian College,1977
http://dbpedia.org/resource/TTC_Tychy,TTC Tychy,1990
http://dbpedia.org/resource/Telford_College_of_Arts_and_Technology,Telford College of Arts and Technology,1892
http://dbpedia.org/resource/The_Manchester_College,The Manchester College,2008
http://dbpedia.org/resource/Thomas_Rotherham_College,Thomas Rotherham College,1967
http://dbpedia.org/resource/Uxbridge_College,Uxbridge College,1965
http://dbpedia.org/resource/Weeroona_College_Bendigo,Weeroona College Bendigo,1999
"http://dbpedia.org/resource/Wentworth_College,_New_Zealand","Wentworth College, New Zealand",2003
http://dbpedia.org/resource/West_Herts_College,West Herts College,1991
http://dbpedia.org/resource/Wiltshire_College,Wiltshire College,2002
http://dbpedia.org/resource/Ajmer_Military_School,Ajmer Military School,1930
http://dbpedia.org/resource/Divernon_High_School,Divernon High School,1900
http://dbpedia.org/resource/Dr._Cecilio_Putong_National_High_School,Dr. Cecilio Putong National High School,1905
http://dbpedia.org/resource/Gordon_Memorial_College,Gordon Memorial College,1902
http://dbpedia.org/resource/Hackney_University_Technical_College,Hackney University Technical College,2012
http://dbpedia.org/resource/Caliber_International_College,Caliber International College,2006
http://dbpedia.org/resource/Rajbiraj_Model_Higher_Secondary_School,Rajbiraj Model Higher Secondary School,2001
http://dbpedia.org/resource/Anstey_College_of_Physical_Education,Anstey College of Physical Education,1897
http://dbpedia.org/resource/Bank_of_New_England,Bank of New England,1985
http://dbpedia.org/resource/Al_Dhafra_Private_School,Al Dhafra Private School,1989
http://dbpedia.org/resource/DMMC_Institute_of_Health_Sciences,DMMC Institute of Health Sciences,2002
http://dbpedia.org/resource/Marthoma_Residential_School,Marthoma Residential School,1974
http://dbpedia.org/resource/San_Agustin_Academy_(Panglao),San Agustin Academy (Panglao),1949
http://dbpedia.org/resource/Dragon_Capital,Dragon Capital,1994
"http://dbpedia.org/resource/Holy_Child_High_School,_Ghana","Holy Child High School, Ghana",1946
http://dbpedia.org/resource/Old_Lourdes_English_High_School,Old Lourdes English High School,1938
"http://dbpedia.org/resource/St._Mary's_High_School,_Quetta","St. Mary's High School, Quetta",1978
http://dbpedia.org/resource/Compra_National_High_School,Compra National High School,1999
http://dbpedia.org/resource/Shri_Damubhai_Shukla_Shaikshanik_Sankul,Shri Damubhai Shukla Shaikshanik Sankul,1935
http://dbpedia.org/resource/Alton_College,Alton College,1978
http://dbpedia.org/resource/Amman_National_School,Amman National School,1985
http://dbpedia.org/resource/Banca_Transilvania,Banca Transilvania,1993
http://dbpedia.org/resource/CDC_Group,CDC Group,1948
http://dbpedia.org/resource/Clementi_Secondary_School,Clementi Secondary School,1926
http://dbpedia.org/resource/Columbia_Secondary_School,Columbia Secondary School,2007
http://dbpedia.org/resource/Denver_School_of_Science_and_Technology,Denver School of Science and Technology,2004
http://dbpedia.org/resource/Foundation_Public_School,Foundation Public School,1981
http://dbpedia.org/resource/Kiwa_NV,Kiwa NV,1948
"http://dbpedia.org/resource/Lawrence_School,_Lovedale","Lawrence School, Lovedale",1858
http://dbpedia.org/resource/Linden_Lodge_School,Linden Lodge School,1902
http://dbpedia.org/resource/Mater_Carmeli_School,Mater Carmeli School,1986
"http://dbpedia.org/resource/Miranda_House,_University_of_Delhi","Miranda House, University of Delhi",1948
http://dbpedia.org/resource/Musical_Theatre_Academy,Musical Theatre Academy,2009
http://dbpedia.org/resource/National_Language_Authority,National Language Authority,1979
http://dbpedia.org/resource/Newbury_College_(England),Newbury College (England),2002
http://dbpedia.org/resource/Norwood_Secondary_College,Norwood Secondary College,1958
http://dbpedia.org/resource/Philippine_School_Doha,Philippine School Doha,1992
"http://dbpedia.org/resource/Riverside_College,_Halton","Riverside College, Halton",2006
http://dbpedia.org/resource/St_Vincent_College,St Vincent College,1987
http://dbpedia.org/resource/Swavesey_Village_College,Swavesey Village College,1958
http://dbpedia.org/resource/Hong_Kong_College_of_Medicine_for_Chinese,Hong Kong College of Medicine for Chinese,1887
http://dbpedia.org/resource/Hwa_Chong_Junior_College,Hwa Chong Junior College,1974
http://dbpedia.org/resource/Juilliard_School,Juilliard School,1905
http://dbpedia.org/resource/Moanalua_High_School,Moanalua High School,1972
http://dbpedia.org/resource/New_Mexico_Military_Institute,New Mexico Military Institute,1891
http://dbpedia.org/resource/St._Louis_University_High_School,St. Louis University High School,1818
"http://dbpedia.org/resource/Wuppertal_Institute_for_Climate,_Environment_and_Energy","Wuppertal Institute for Climate, Environment and Energy",1991
http://dbpedia.org/resource/Manila_High_School_(Intramuros),Manila High School (Intramuros),0011
"http://dbpedia.org/resource/President's_College,_Minuwangoda","President's College, Minuwangoda",1979
http://dbpedia.org/resource/Working_People's_Art_Class,Working People's Art Class,1948
http://dbpedia.org/resource/B.D.M_International,B.D.M International,1966
http://dbpedia.org/resource/Golden_Link_College,Golden Link College,2002
http://dbpedia.org/resource/Bendigo_and_Adelaide_Bank,Bendigo and Adelaide Bank,1858
http://dbpedia.org/resource/Hong_Kong_Jockey_Club,Hong Kong Jockey Club,1884
http://dbpedia.org/resource/Hogares_CREA,Hogares CREA,1968
http://dbpedia.org/resource/KDU_University_College,KDU University College,1983
http://dbpedia.org/resource/The_Woolwich,The Woolwich,1847
http://dbpedia.org/resource/Arab_Bank,Arab Bank,1930
http://dbpedia.org/resource/Bank_of_South_Australia,Bank of South Australia,1848
http://dbpedia.org/resource/Indian_Institute_of_Planning_and_Management,Indian Institute of Planning and Management,1973
http://dbpedia.org/resource/Institute_of_Technical_Education,Institute of Technical Education,1992
http://dbpedia.org/resource/Mashreq_(Bank),Mashreq (Bank),1967
http://dbpedia.org/resource/Saint_Joseph_College_Seminary,Saint Joseph College Seminary,1964
http://dbpedia.org/resource/Saint_Joseph_College_Seminary,Saint Joseph College Seminary,1994
http://dbpedia.org/resource/Tampines_Junior_College,Tampines Junior College,1986
http://dbpedia.org/resource/Yishun_Junior_College,Yishun Junior College,1986
http://dbpedia.org/resource/Yishun_Junior_College,Yishun Junior College,1988
http://dbpedia.org/resource/South_Breeze_School,South Breeze School,1986
http://dbpedia.org/resource/St._Germain_High_School,St. Germain High School,1944
http://dbpedia.org/resource/St_Munchin's_College,St Munchin's College,1796
http://dbpedia.org/resource/Sir_George_Monoux_College,Sir George Monoux College,1527
http://dbpedia.org/resource/Anand_Bhawan_School,Anand Bhawan School,1949
http://dbpedia.org/resource/Phor_Tay_High_School,Phor Tay High School,1935
http://dbpedia.org/resource/Varsity_College,Varsity College,2001
http://dbpedia.org/resource/Babu_Shivnath_Agrawal_College,Babu Shivnath Agrawal College,1958
http://dbpedia.org/resource/Doncaster_Collegiate_Sixth_Form,Doncaster Collegiate Sixth Form,2010
http://dbpedia.org/resource/IFET_College_of_Engineering,IFET College of Engineering,1998
http://dbpedia.org/resource/PASHA_Bank_Georgia,PASHA Bank Georgia,2013
http://dbpedia.org/resource/Robot_research_initiative,Robot research initiative,2008
http://dbpedia.org/resource/Southern_Alamance_High_School,Southern Alamance High School,1960
"http://dbpedia.org/resource/Sri_Sri_Aniruddhadeva_Junior_College,_Dibrugarh","Sri Sri Aniruddhadeva Junior College, Dibrugarh",1997
"http://dbpedia.org/resource/St._Joseph's_College,_Wattala","St. Joseph's College, Wattala",1996
http://dbpedia.org/resource/Subhash_Chandra_Mahavidyalaya,Subhash Chandra Mahavidyalaya,2011
http://dbpedia.org/resource/E.S._Richardson_Elementary_School,E.S. Richardson Elementary School,1949
http://dbpedia.org/resource/Yili_Normal_University,Yili Normal University,1948
http://dbpedia.org/resource/Morioka_First_High_School,Morioka First High School,1880
http://dbpedia.org/resource/Wangaratta_High_School,Wangaratta High School,1909
http://dbpedia.org/resource/Africa_Finance_Corporation,Africa Finance Corporation,2007
http://dbpedia.org/resource/Asanteman_Senior_High_School,Asanteman Senior High School,1954
http://dbpedia.org/resource/Believers_Church_Residential_School,Believers Church Residential School,2002
http://dbpedia.org/resource/Bramer_Banking_Corporation,Bramer Banking Corporation,1988
http://dbpedia.org/resource/DAV_Post_Graduate_College,DAV Post Graduate College,1938
http://dbpedia.org/resource/Derby_Manufacturing_UTC,Derby Manufacturing UTC,2015
http://dbpedia.org/resource/Dr.Nalli_Kuppuswami_Vivekananda_Vidyalaya_Junior_College,Dr.Nalli Kuppuswami Vivekananda Vidyalaya Junior College,1978
http://dbpedia.org/resource/Farhadabad_High_School,Farhadabad High School,1966
http://dbpedia.org/resource/Finance_House,Finance House,2004
http://dbpedia.org/resource/Gazipur_Cantonment_College,Gazipur Cantonment College,1992
http://dbpedia.org/resource/Gazipur_Cantonment_College,Gazipur Cantonment College,1993
http://dbpedia.org/resource/Global_Academy,Global Academy,2015
http://dbpedia.org/resource/Harish_Chandra_Postgraduate_College,Harish Chandra Postgraduate College,1860
http://dbpedia.org/resource/Harish_Chandra_Postgraduate_College,Harish Chandra Postgraduate College,1866
http://dbpedia.org/resource/Humber_UTC,Humber UTC,2015
http://dbpedia.org/resource/Kumasi_Technical_Institute,Kumasi Technical Institute,1976
http://dbpedia.org/resource/Madrasah_Aljunied_Al-Islamiah,Madrasah Aljunied Al-Islamiah,1927
http://dbpedia.org/resource/Mandoulides_Schools,Mandoulides Schools,1978
http://dbpedia.org/resource/Ofori_Panin_Senior_High_School,Ofori Panin Senior High School,1961
http://dbpedia.org/resource/Ofori_Panin_Senior_High_School,Ofori Panin Senior High School,1962
http://dbpedia.org/resource/Phoenix_P-12_Community_College,Phoenix P-12 Community College,2011
http://dbpedia.org/resource/Republican_Seismic_Survey_Center_of_Azerbaijan_National_Academy_of_Sciences,Republican Seismic Survey Center of Azerbaijan National Academy of Sciences,1998
http://dbpedia.org/resource/Scottsboro_High_School,Scottsboro High School,1964
http://dbpedia.org/resource/Shree_Chandrodaya_Higher_Secondary_School,Shree Chandrodaya Higher Secondary School,1960
http://dbpedia.org/resource/South_Devon_UTC,South Devon UTC,2015
http://dbpedia.org/resource/South_Wiltshire_UTC,South Wiltshire UTC,2015
http://dbpedia.org/resource/Sri_Agrasen_Kanya_P.G._College,Sri Agrasen Kanya P.G. College,1973
"http://dbpedia.org/resource/St._Joseph's_College,_Anuradhapura","St. Joseph's College, Anuradhapura",1898
http://dbpedia.org/resource/St._Mary’s_High_School_SSC,St. Mary’s High School SSC,1864
http://dbpedia.org/resource/Sunbeam_College_for_Women,Sunbeam College for Women,2000
http://dbpedia.org/resource/Sushma_Godawari_College,Sushma Godawari College,1992
"http://dbpedia.org/resource/UNCG_School_of_Music,_Theatre_and_Dance","UNCG School of Music, Theatre and Dance",2011
http://dbpedia.org/resource/UTC@Harbourside,UTC@Harbourside,2015
http://dbpedia.org/resource/UTC_Oxfordshire,UTC Oxfordshire,2015
http://dbpedia.org/resource/Vasant_Kanya_Mahavidyalaya,Vasant Kanya Mahavidyalaya,1954
http://dbpedia.org/resource/Vasanta_College_for_Women,Vasanta College for Women,1913
http://dbpedia.org/resource/West_Midlands_Construction_UTC,West Midlands Construction UTC,2015
http://dbpedia.org/resource/Bulmershe_College,Bulmershe College,1964
http://dbpedia.org/resource/Isabela_National_High_School,Isabela National High School,1904
"http://dbpedia.org/resource/Meadowbrook_High_School,_Jamaica","Meadowbrook High School, Jamaica",1958
http://dbpedia.org/resource/North_Toronto_Collegiate_Institute,North Toronto Collegiate Institute,1910
http://dbpedia.org/resource/UTC@MediaCityUK,UTC@MediaCityUK,2015
http://dbpedia.org/resource/UTC_Cambridge,UTC Cambridge,2014
http://dbpedia.org/resource/UTC_Swindon,UTC Swindon,2014
http://dbpedia.org/resource/Gampola_Zahira_College,Gampola Zahira College,1942
"http://dbpedia.org/resource/Seth_M.R.Jaipuria_School,_Lucknow","Seth M.R.Jaipuria School, Lucknow",1992
http://dbpedia.org/resource/Famous_Writers_School,Famous Writers School,1961
http://dbpedia.org/resource/David_Suzuki_Secondary_School,David Suzuki Secondary School,2011
http://dbpedia.org/resource/Madhupur_Shahid_Smrity_Higher_Secondary_School,Madhupur Shahid Smrity Higher Secondary School,1972
http://dbpedia.org/resource/R._D._National_College,R. D. National College,1922
http://dbpedia.org/resource/St_Patrick's_Technical_College,St Patrick's Technical College,2007
http://dbpedia.org/resource/Industrial_Promotion_and_Development_Company_of_Bangladesh,Industrial Promotion and Development Company of Bangladesh,1981
http://dbpedia.org/resource/Rahul_Sankrityayan_Inter_College_Rajesultanpur,Rahul Sankrityayan Inter College Rajesultanpur,1996
http://dbpedia.org/resource/Vericel,Vericel,1989
http://dbpedia.org/resource/Bhutta_College_of_Education,Bhutta College of Education,2006
http://dbpedia.org/resource/Sunyani_Senior_High_School,Sunyani Senior High School,1958
http://dbpedia.org/resource/Global_College_International,Global College International,2009
http://dbpedia.org/resource/Kamala_Nehru_Inter_College,Kamala Nehru Inter College,1999
http://dbpedia.org/resource/Pinehurst_School,Pinehurst School,1991
http://dbpedia.org/resource/Branksome_Hall_Asia,Branksome Hall Asia,2012
http://dbpedia.org/resource/CEC_Bank,CEC Bank,1865
http://dbpedia.org/resource/CLS_Group,CLS Group,2002
"http://dbpedia.org/resource/Central_High_School_(San_Angelo,_Texas)","Central High School (San Angelo, Texas)",1958
http://dbpedia.org/resource/Citadel_LLC,Citadel LLC,1990
http://dbpedia.org/resource/Dickson_College,Dickson College,1976
http://dbpedia.org/resource/Eccles_College,Eccles College,1973
http://dbpedia.org/resource/Hillview_School_For_Girls,Hillview School For Girls,1854
http://dbpedia.org/resource/Institute_for_Science_and_International_Security,Institute for Science and International Security,1993
http://dbpedia.org/resource/Los_Angeles_Harbor_College,Los Angeles Harbor College,1949
"http://dbpedia.org/resource/Ohr_Somayach,_Monsey","Ohr Somayach, Monsey",1977
http://dbpedia.org/resource/Open_College_of_the_Arts,Open College of the Arts,1987
http://dbpedia.org/resource/Pioneer_Junior_College,Pioneer Junior College,2000
http://dbpedia.org/resource/Republic_Bashkir_Boarding_School,Republic Bashkir Boarding School,1992
http://dbpedia.org/resource/Social_Weather_Stations,Social Weather Stations,1985
http://dbpedia.org/resource/South_Cheshire_College,South Cheshire College,1968
http://dbpedia.org/resource/South_Thames_College,South Thames College,2016
http://dbpedia.org/resource/South_Tyneside_College,South Tyneside College,1861
http://dbpedia.org/resource/Sullivan_High_School,Sullivan High School,1883
"http://dbpedia.org/resource/The_Indian_High_School,_Dubai","The Indian High School, Dubai",1961
http://dbpedia.org/resource/Maris_Stella_College,Maris Stella College,1921
http://dbpedia.org/resource/Chalkmuli_High_School,Chalkmuli High School,1972
http://dbpedia.org/resource/Action_Senior_High_&_Technical_School,Action Senior High & Technical School,2000
http://dbpedia.org/resource/Badda_Alatunnessa_Higher_Secondary_School,Badda Alatunnessa Higher Secondary School,1963
http://dbpedia.org/resource/Glendale_Career_College,Glendale Career College,1946
http://dbpedia.org/resource/Government_Science_College_Attached_High_School,Government Science College Attached High School,1946
http://dbpedia.org/resource/Greenwood_High_International_School,Greenwood High International School,2004
http://dbpedia.org/resource/Lycée_Lamartine,Lycée Lamartine,1893
http://dbpedia.org/resource/Nalanda_(Boys')_Central_College,Nalanda (Boys') Central College,1912
"http://dbpedia.org/resource/Saint_Joseph's_Seminary_(Plainsboro,_New_Jersey)","Saint Joseph's Seminary (Plainsboro, New Jersey)",1914
http://dbpedia.org/resource/Springfield_Gardens_Educational_Campus,Springfield Gardens Educational Campus,2006
"http://dbpedia.org/resource/St._Paul's_Senior_Secondary_School,_Katni","St. Paul's Senior Secondary School, Katni",2013
http://dbpedia.org/resource/Akosombo_International_School,Akosombo International School,1974
http://dbpedia.org/resource/Arya_Mahila_Mahavidyalaya,Arya Mahila Mahavidyalaya,1956
http://dbpedia.org/resource/Chalkmomin_Government_Primary_School,Chalkmomin Government Primary School,1968
http://dbpedia.org/resource/Chandipur_High_School,Chandipur High School,1969
http://dbpedia.org/resource/Gachua_Adarsha_High_School,Gachua Adarsha High School,1987
http://dbpedia.org/resource/Kargil_Government_High_School,Kargil Government High School,1902
http://dbpedia.org/resource/NEF_College_of_Management_&_Technology,NEF College of Management & Technology,1997
http://dbpedia.org/resource/Police_Lines_School_and_College,Police Lines School and College,1986
http://dbpedia.org/resource/Quaid-E-Azam_Divisional_Public_School_and_College,Quaid-E-Azam Divisional Public School and College,1987
http://dbpedia.org/resource/Siddheswaritala_Institution,Siddheswaritala Institution,1921
"http://dbpedia.org/resource/St._Anthony's_College,_Wattala","St. Anthony's College, Wattala",1945
http://dbpedia.org/resource/T_&_T_High_School,T & T High School,1962
http://dbpedia.org/resource/West_Africa_Secondary_School,West Africa Secondary School,1946
http://dbpedia.org/resource/Silay_Institute,Silay Institute,1925
http://dbpedia.org/resource/BBS_PG_College,BBS PG College,1955
http://dbpedia.org/resource/Gyan_Vigyan_Academy,Gyan Vigyan Academy,2007
http://dbpedia.org/resource/Wa_Senior_High_Technical_School,Wa Senior High Technical School,1950
http://dbpedia.org/resource/Barewa_College,Barewa College,1921
http://dbpedia.org/resource/Bede_College,Bede College,1962
http://dbpedia.org/resource/Hawker_College,Hawker College,1976
http://dbpedia.org/resource/McTimoney_College_of_Chiropractic,McTimoney College of Chiropractic,1982
http://dbpedia.org/resource/The_Arts_Academy_at_Benjamin_Rush,The Arts Academy at Benjamin Rush,2008
http://dbpedia.org/resource/Acacia_Crest_Academy,Acacia Crest Academy,2001
http://dbpedia.org/resource/Afyon_Kocatepe_University,Afyon Kocatepe University,1992
http://dbpedia.org/resource/Ali_Fahiye_Geedi_Primary_and_Intermediary_School,Ali Fahiye Geedi Primary and Intermediary School,1920
http://dbpedia.org/resource/American_Lycetuff,American Lycetuff,1996
http://dbpedia.org/resource/Andalusian_School_of_Public_Health,Andalusian School of Public Health,1985
http://dbpedia.org/resource/Athonite_Academy,Athonite Academy,1749
http://dbpedia.org/resource/Bayswater_Secondary_College,Bayswater Secondary College,1961
http://dbpedia.org/resource/Beaufort_Secondary_College,Beaufort Secondary College,1962
http://dbpedia.org/resource/Benalla_College,Benalla College,1912
http://dbpedia.org/resource/Bunyawat_Witthayalai_School,Bunyawat Witthayalai School,1905
http://dbpedia.org/resource/Burnside_State_High_School,Burnside State High School,1979
http://dbpedia.org/resource/Cadet_College_Sialkot,Cadet College Sialkot,1998
http://dbpedia.org/resource/Centro_de_Estudios_e_Investigaciones_Técnicas_de_Gipuzkoa,Centro de Estudios e Investigaciones Técnicas de Gipuzkoa,1982
http://dbpedia.org/resource/Chittagong_Model_School_and_College,Chittagong Model School and College,2006
http://dbpedia.org/resource/Chittagong_Model_School_and_College,Chittagong Model School and College,2007
"http://dbpedia.org/resource/DLF_Public_School,_Sahibabad","DLF Public School, Sahibabad",1996
http://dbpedia.org/resource/Dhaka_Imperial_College,Dhaka Imperial College,1995
http://dbpedia.org/resource/Dimboola_Memorial_Secondary_College,Dimboola Memorial Secondary College,1924
http://dbpedia.org/resource/Esena_Foundation_High_School,Esena Foundation High School,1964
"http://dbpedia.org/resource/Faculty_of_Engineering,_Aristotle_University_of_Thessaloniki","Faculty of Engineering, Aristotle University of Thessaloniki",1955
http://dbpedia.org/resource/Institute_for_the_Study_of_International_Migration,Institute for the Study of International Migration,1998
http://dbpedia.org/resource/James_Hutton_Institute,James Hutton Institute,2011
http://dbpedia.org/resource/KNUST_Senior_High_School,KNUST Senior High School,1961
http://dbpedia.org/resource/Kashmir_Model_College_Mirpur,Kashmir Model College Mirpur,1992
http://dbpedia.org/resource/Lowestoft_Sixth_Form_College,Lowestoft Sixth Form College,2011
http://dbpedia.org/resource/Millennium_Scholastic_School_&_College,Millennium Scholastic School & College,1998
http://dbpedia.org/resource/Morning_Star_Higher_Secondary_School,Morning Star Higher Secondary School,1991
http://dbpedia.org/resource/Mushtifund,Mushtifund,1908
http://dbpedia.org/resource/Nixor_College,Nixor College,2008
http://dbpedia.org/resource/Primagama_Tutoring_Institution,Primagama Tutoring Institution,1982
http://dbpedia.org/resource/Prince_of_Peace_Lutheran_College,Prince of Peace Lutheran College,1984
http://dbpedia.org/resource/Raffles_Design_Institute,Raffles Design Institute,1990
http://dbpedia.org/resource/Riyad_Bank,Riyad Bank,1957
http://dbpedia.org/resource/SIETK,SIETK,2001
http://dbpedia.org/resource/Saint_Bernadette_College_of_Alabang,Saint Bernadette College of Alabang,1983
"http://dbpedia.org/resource/Serbian_Kindergarten,_Primary_School,_High_School_and_Students'_Home","Serbian Kindergarten, Primary School, High School and Students' Home",1948
http://dbpedia.org/resource/Société_Nationale_de_Crédit_et_d'Investissement,Société Nationale de Crédit et d'Investissement,1978
http://dbpedia.org/resource/St._Antony's_Higher_Secondary_School_(Thanjavur),St. Antony's Higher Secondary School (Thanjavur),1885
http://dbpedia.org/resource/St._Joseph_School_(Addis_Ababa),St. Joseph School (Addis Ababa),1959
http://dbpedia.org/resource/St._Mary's_Academy_–_Pasay,St. Mary's Academy – Pasay,1922
"http://dbpedia.org/resource/St._Sebastian's_College,_Moratuwa","St. Sebastian's College, Moratuwa",1854
http://dbpedia.org/resource/Taguig_National_High_School,Taguig National High School,1980
http://dbpedia.org/resource/The_Foundation_of_Broadcast_Culture,The Foundation of Broadcast Culture,1988
http://dbpedia.org/resource/The_Young_Americans_College_of_the_Performing_Arts,The Young Americans College of the Performing Arts,2002
http://dbpedia.org/resource/Trebas_Institute,Trebas Institute,1979
http://dbpedia.org/resource/Trinity_Grammar_School_Preparatory_School,Trinity Grammar School Preparatory School,1938
http://dbpedia.org/resource/UGAFODE_Microfinance_Limited,UGAFODE Microfinance Limited,1994
http://dbpedia.org/resource/UMAV,UMAV,1972
http://dbpedia.org/resource/Williamsburg_High_School_for_Architecture_and_Design,Williamsburg High School for Architecture and Design,2004
http://dbpedia.org/resource/Youngsville_High_School,Youngsville High School,1905
http://dbpedia.org/resource/Bank_Jacob_Safra_Switzerland,Bank Jacob Safra Switzerland,2000
http://dbpedia.org/resource/Canara_High_School,Canara High School,1891
"http://dbpedia.org/resource/Central_Private_School_(Central,_Louisiana)","Central Private School (Central, Louisiana)",1967
http://dbpedia.org/resource/Divine_Word_College_of_Legazpi,Divine Word College of Legazpi,1947
http://dbpedia.org/resource/Fareham_College,Fareham College,1982
http://dbpedia.org/resource/Recife_Center_for_Advanced_Studies_and_Systems,Recife Center for Advanced Studies and Systems,1996
http://dbpedia.org/resource/Scholars_Academy,Scholars Academy,2003
http://dbpedia.org/resource/Shanghai_Experimental_School,Shanghai Experimental School,1986
http://dbpedia.org/resource/St._Augustine's_College_(Cape_Coast),St. Augustine's College (Cape Coast),1930
"http://dbpedia.org/resource/Trinity_Catholic_College,_Lismore","Trinity Catholic College, Lismore",1886
"http://dbpedia.org/resource/Trinity_Catholic_College,_Lismore","Trinity Catholic College, Lismore",1984
"http://dbpedia.org/resource/Trinity_Catholic_College,_Lismore","Trinity Catholic College, Lismore",1985
http://dbpedia.org/resource/'Aiea_High_School,'Aiea High School,1961
http://dbpedia.org/resource/BBVA_Banco_Francés,BBVA Banco Francés,1886
http://dbpedia.org/resource/Bandys_High_School,Bandys High School,1953
http://dbpedia.org/resource/Bangalore_School_of_Speech_and_Drama,Bangalore School of Speech and Drama,2001
http://dbpedia.org/resource/Bangladesh_Academy_for_Rural_Development,Bangladesh Academy for Rural Development,1959
http://dbpedia.org/resource/Benedictine_Academy,Benedictine Academy,1915
http://dbpedia.org/resource/California_School_for_the_Blind,California School for the Blind,1860
http://dbpedia.org/resource/Central_Sussex_College,Central Sussex College,2005
http://dbpedia.org/resource/Chelsea_High_School_(Alabama),Chelsea High School (Alabama),1879
http://dbpedia.org/resource/Cheyenne_East_High_School,Cheyenne East High School,1960
http://dbpedia.org/resource/Chikitsak_Samuha_Shirolkar_High_School,Chikitsak Samuha Shirolkar High School,1906
"http://dbpedia.org/resource/Christian_Brothers_College,_St_Kilda","Christian Brothers College, St Kilda",1878
http://dbpedia.org/resource/Commecs_College,Commecs College,1993
http://dbpedia.org/resource/Covenant_Christian_Academy_(Georgia),Covenant Christian Academy (Georgia),1982
http://dbpedia.org/resource/Croydon_College,Croydon College,1895
http://dbpedia.org/resource/Defence_Authority_Degree_College_for_Men,Defence Authority Degree College for Men,1988
http://dbpedia.org/resource/Development_Bank_of_Southern_Africa,Development Bank of Southern Africa,1983
http://dbpedia.org/resource/Don_Bosco_Academy,Don Bosco Academy,1973
http://dbpedia.org/resource/Earnshaw_State_College,Earnshaw State College,2003
http://dbpedia.org/resource/East_Durham_College,East Durham College,1999
http://dbpedia.org/resource/Gimhae_Foreign_Language_High_School,Gimhae Foreign Language High School,2006
http://dbpedia.org/resource/High_Point_Friends_School,High Point Friends School,1953
"http://dbpedia.org/resource/Horizon_High_School_(Thornton,_Colorado)","Horizon High School (Thornton, Colorado)",1988
http://dbpedia.org/resource/HornFans,HornFans,1999
http://dbpedia.org/resource/Ideal_School_and_College,Ideal School and College,1965
http://dbpedia.org/resource/JAK_Members_Bank,JAK Members Bank,1965
http://dbpedia.org/resource/JAK_Members_Bank,JAK Members Bank,1997
http://dbpedia.org/resource/Kelly_Walsh_High_School,Kelly Walsh High School,1965
http://dbpedia.org/resource/Kent_Denver_School,Kent Denver School,1922
http://dbpedia.org/resource/Kildare_Catholic_College,Kildare Catholic College,2004
"http://dbpedia.org/resource/King_Edward_VI_College,_Nuneaton","King Edward VI College, Nuneaton",1552
http://dbpedia.org/resource/Longley_Park_Sixth_Form_College,Longley Park Sixth Form College,2004
http://dbpedia.org/resource/Malayan_High_School_of_Science,Malayan High School of Science,1925
http://dbpedia.org/resource/Malayan_High_School_of_Science,Malayan High School of Science,2005
http://dbpedia.org/resource/Marian_College_Kuttikkanam,Marian College Kuttikkanam,1995
http://dbpedia.org/resource/Mechanics_Bank,Mechanics Bank,1905
http://dbpedia.org/resource/Morayfield_State_High_School,Morayfield State High School,1981
http://dbpedia.org/resource/Najd_National_Schools,Najd National Schools,1983
http://dbpedia.org/resource/Northampton_College,Northampton College,1973
http://dbpedia.org/resource/Northern_College_for_Residential_and_Community_Adult_Education,Northern College for Residential and Community Adult Education,1978
"http://dbpedia.org/resource/Our_Lady's_College,_Greenhills","Our Lady's College, Greenhills",1940
http://dbpedia.org/resource/Our_Lady_of_the_Elms_High_School,Our Lady of the Elms High School,1923
"http://dbpedia.org/resource/Our_Lady_of_the_Sacred_Heart_College,_Adelaide","Our Lady of the Sacred Heart College, Adelaide",1947
http://dbpedia.org/resource/Presbyterian_Boys'_Senior_High_School,Presbyterian Boys' Senior High School,1938
http://dbpedia.org/resource/Redcar_&_Cleveland_College,Redcar & Cleveland College,1994
http://dbpedia.org/resource/Sacred_Heart_College_(Adelaide),Sacred Heart College (Adelaide),1897
http://dbpedia.org/resource/San_Joaquin_Valley_College,San Joaquin Valley College,1977
http://dbpedia.org/resource/Servus_Credit_Union,Servus Credit Union,1987
http://dbpedia.org/resource/Shikellamy_High_School,Shikellamy High School,1929
http://dbpedia.org/resource/Slovenská_záručná_a_rozvojová_banka,Slovenská záručná a rozvojová banka,1991
"http://dbpedia.org/resource/St._Francis_High_School_(Sacramento,_California)","St. Francis High School (Sacramento, California)",1940
http://dbpedia.org/resource/St._Laurence_High_School,St. Laurence High School,1961
"http://dbpedia.org/resource/St._Mary's_College,_Toowoomba","St. Mary's College, Toowoomba",1899
"http://dbpedia.org/resource/St_Paul's_School,_Rourkela","St Paul's School, Rourkela",1964
http://dbpedia.org/resource/Stockport_College,Stockport College,1960
http://dbpedia.org/resource/Stockport_College,Stockport College,2006
http://dbpedia.org/resource/Strode_College,Strode College,1899
http://dbpedia.org/resource/The_Glen_High_School,The Glen High School,1976
http://dbpedia.org/resource/Translational_Genomics_Research_Institute,Translational Genomics Research Institute,2002
http://dbpedia.org/resource/United_World_College_of_Costa_Rica,United World College of Costa Rica,2006
"http://dbpedia.org/resource/Yadavindra_Public_School,_Mohali","Yadavindra Public School, Mohali",1979
http://dbpedia.org/resource/Advanced_Technical_Intelligence_Center,Advanced Technical Intelligence Center,2006
http://dbpedia.org/resource/Bridgerland_Applied_Technology_College,Bridgerland Applied Technology College,1971
http://dbpedia.org/resource/Clear_Creek_High_School_(Colorado),Clear Creek High School (Colorado),2002
http://dbpedia.org/resource/Girobank,Girobank,1968
http://dbpedia.org/resource/Monticello_High_School_(Illinois),Monticello High School (Illinois),1894
http://dbpedia.org/resource/National_Dairy_Development_Board,National Dairy Development Board,1965
http://dbpedia.org/resource/North_Marion_High_School_(West_Virginia),North Marion High School (West Virginia),1979
http://dbpedia.org/resource/Oxford_High_School_(Michigan),Oxford High School (Michigan),2004
http://dbpedia.org/resource/Polli_Sree_College,Polli Sree College,1994
http://dbpedia.org/resource/Sacred_Heart_Academy_of_Santa_Maria_Bulacan,Sacred Heart Academy of Santa Maria Bulacan,1963
"http://dbpedia.org/resource/Bedford_College,_Bedford","Bedford College, Bedford",1959
http://dbpedia.org/resource/Gilson_College,Gilson College,1988
http://dbpedia.org/resource/Holy_Trinity_School_(Richmond_Hill),Holy Trinity School (Richmond Hill),1981
"http://dbpedia.org/resource/Hopewell_High_School,_Jamaica","Hopewell High School, Jamaica",2006
http://dbpedia.org/resource/Alfred_High_School_(Rajkot),Alfred High School (Rajkot),1853
http://dbpedia.org/resource/Alfred_High_School_(Rajkot),Alfred High School (Rajkot),1885
http://dbpedia.org/resource/EYAHT,EYAHT,1982
http://dbpedia.org/resource/Loreto_Convent_Lucknow,Loreto Convent Lucknow,1872
http://dbpedia.org/resource/Southern_Indiana_Career_&_Technical_Center,Southern Indiana Career & Technical Center,2007
http://dbpedia.org/resource/Confey_College,Confey College,1986
http://dbpedia.org/resource/St._Paul's_College_(Manitoba),St. Paul's College (Manitoba),1926
"http://dbpedia.org/resource/Little_Flower_High_School,_Hyderabad","Little Flower High School, Hyderabad",1953
http://dbpedia.org/resource/St._Don_Bosco's_College,St. Don Bosco's College,1979
"http://dbpedia.org/resource/Colleges_of_St_Omer,_Bruges_and_Liège","Colleges of St Omer, Bruges and Liège",1593
http://dbpedia.org/resource/Bush_Conservatory_of_Music,Bush Conservatory of Music,1901
http://dbpedia.org/resource/Ponce_High_School,Ponce High School,1902
http://dbpedia.org/resource/Bangladesh_Police_Academy,Bangladesh Police Academy,1912
http://dbpedia.org/resource/Séminaire_Saint-Joseph_de_Trois-Rivières,Séminaire Saint-Joseph de Trois-Rivières,1860
http://dbpedia.org/resource/Dexia,Dexia,1996
"http://dbpedia.org/resource/Evergreen_High_School_(Evergreen,_Colorado)","Evergreen High School (Evergreen, Colorado)",1944
http://dbpedia.org/resource/Klamath_Community_College,Klamath Community College,1996
http://dbpedia.org/resource/AIS_Indonesia,AIS Indonesia,1996
http://dbpedia.org/resource/Marist_College_Kogarah,Marist College Kogarah,1909
http://dbpedia.org/resource/Almaty_International_School,Almaty International School,1993
http://dbpedia.org/resource/BBVA_Bancomer,BBVA Bancomer,1932
http://dbpedia.org/resource/BBVA_Bancomer,BBVA Bancomer,2000
http://dbpedia.org/resource/Cadbury_Sixth_Form_College,Cadbury Sixth Form College,1983
http://dbpedia.org/resource/Chang_Hwa_Bank,Chang Hwa Bank,1905
http://dbpedia.org/resource/Dharumavantha_School,Dharumavantha School,2002
http://dbpedia.org/resource/Economic_and_Social_Research_Institute,Economic and Social Research Institute,1960
http://dbpedia.org/resource/Gulf_and_Fraser_Fishermen's_Credit_Union,Gulf and Fraser Fishermen's Credit Union,1936
http://dbpedia.org/resource/Hope_Christian_School,Hope Christian School,1976
http://dbpedia.org/resource/Jawahar_Vidya_Mandir,Jawahar Vidya Mandir,1965
http://dbpedia.org/resource/Karnataka_Bank,Karnataka Bank,1924
http://dbpedia.org/resource/Kingswood_College_(Box_Hill),Kingswood College (Box Hill),1890
http://dbpedia.org/resource/Shepaug_Valley_High_School,Shepaug Valley High School,1969
http://dbpedia.org/resource/Management_College_of_Southern_Africa,Management College of Southern Africa,1995
http://dbpedia.org/resource/North_Lindsey_College,North Lindsey College,1953
http://dbpedia.org/resource/Philippine_Science_High_School_Bicol_Region_Campus,Philippine Science High School Bicol Region Campus,1998
http://dbpedia.org/resource/Philippine_Science_High_School_Main_Campus,Philippine Science High School Main Campus,1964
http://dbpedia.org/resource/Philippine_Science_High_School_Southern_Mindanao_Campus,Philippine Science High School Southern Mindanao Campus,1988
http://dbpedia.org/resource/Pretoria_High_School_for_Girls,Pretoria High School for Girls,1902
http://dbpedia.org/resource/Serangoon_Junior_College,Serangoon Junior College,1988
http://dbpedia.org/resource/Shinsei_Bank,Shinsei Bank,1952
http://dbpedia.org/resource/Siena_College_of_Quezon_City,Siena College of Quezon City,1943
"http://dbpedia.org/resource/St._Joseph's_College,_Colombo","St. Joseph's College, Colombo",0001
http://dbpedia.org/resource/Strode's_College,Strode's College,1975
http://dbpedia.org/resource/Wesley_Girls'_Senior_High_School,Wesley Girls' Senior High School,1836
http://dbpedia.org/resource/Al-Ghad_International_Health_Sciences_Colleges,Al-Ghad International Health Sciences Colleges,2009
http://dbpedia.org/resource/Ashford_College,Ashford College,2014
http://dbpedia.org/resource/Faulu_Microfinance_Bank_Limited,Faulu Microfinance Bank Limited,1991
http://dbpedia.org/resource/Hoërskool_Delmas,Hoërskool Delmas,1953
http://dbpedia.org/resource/Institut_del_Teatre,Institut del Teatre,1913
"http://dbpedia.org/resource/International_Business_College_(El_Paso,_Texas)","International Business College (El Paso, Texas)",1898
http://dbpedia.org/resource/Learning_Alliance,Learning Alliance,1996
http://dbpedia.org/resource/Leigh_UTC,Leigh UTC,2014
http://dbpedia.org/resource/Mahesh_Sri_Ramkrishna_Ashram_Vidyalaya_(Higher_Secondary),Mahesh Sri Ramkrishna Ashram Vidyalaya (Higher Secondary),1952
http://dbpedia.org/resource/Northglenn_High_School,Northglenn High School,1965
http://dbpedia.org/resource/Ramakrishna_Mission_Shilpayatana,Ramakrishna Mission Shilpayatana,1963
http://dbpedia.org/resource/Saint_John_the_Baptist_Catholic_School,Saint John the Baptist Catholic School,1963
http://dbpedia.org/resource/Shelter_Afrique,Shelter Afrique,1982
"http://dbpedia.org/resource/St._Anthony's_Senior_Secondary_school,_New_Delhi","St. Anthony's Senior Secondary school, New Delhi",1970
http://dbpedia.org/resource/St_Charles_Borromeo_Seminary,St Charles Borromeo Seminary,0004
http://dbpedia.org/resource/St_Charles_Borromeo_Seminary,St Charles Borromeo Seminary,0016
http://dbpedia.org/resource/St_Charles_Borromeo_Seminary,St Charles Borromeo Seminary,0026
http://dbpedia.org/resource/Taylor_Business_Institute,Taylor Business Institute,1962
http://dbpedia.org/resource/Vijay_Rural_Engineering_College,Vijay Rural Engineering College,1997
http://dbpedia.org/resource/West_Kent_College_(2014),West Kent College (2014),2014
http://dbpedia.org/resource/Y_S_College,Y S College,2012
http://dbpedia.org/resource/Yangon_Adventist_Seminary,Yangon Adventist Seminary,1975
http://dbpedia.org/resource/Academy_for_Innovative_Studies_(Evansville),Academy for Innovative Studies (Evansville),2012
"http://dbpedia.org/resource/Al-Qadeer_Higher_Secondary_School,_Sambhal","Al-Qadeer Higher Secondary School, Sambhal",1997
http://dbpedia.org/resource/Allen_Institute_for_Cell_Science,Allen Institute for Cell Science,2014
http://dbpedia.org/resource/Arkay_College_of_Engineering_and_Technology,Arkay College of Engineering and Technology,1999
"http://dbpedia.org/resource/B.L._Indo_Anglian_Public_School,_Aurangabad","B.L. Indo Anglian Public School, Aurangabad",2001
http://dbpedia.org/resource/Behram-Begova_Medresa_Tuzla,Behram-Begova Medresa Tuzla,1626
http://dbpedia.org/resource/Cadet_College_Ghotki,Cadet College Ghotki,2010
http://dbpedia.org/resource/Canarias_Basketball_Academy,Canarias Basketball Academy,2007
http://dbpedia.org/resource/Central_High_School_of_Clay_County,Central High School of Clay County,2012
"http://dbpedia.org/resource/Don_Bosco_High_School,_Baghchung","Don Bosco High School, Baghchung",1970
http://dbpedia.org/resource/Elutec,Elutec,2014
http://dbpedia.org/resource/Energy_Coast_UTC,Energy Coast UTC,2014
http://dbpedia.org/resource/Heathrow_Aviation_Engineering_UTC,Heathrow Aviation Engineering UTC,2014
http://dbpedia.org/resource/Iloilo_Scholastic_Academy,Iloilo Scholastic Academy,2004
http://dbpedia.org/resource/Immanuel_School_Zunheboto,Immanuel School Zunheboto,2010
"http://dbpedia.org/resource/Indira_Gandhi_Balika_College,_Rajesultanpur","Indira Gandhi Balika College, Rajesultanpur",1978
http://dbpedia.org/resource/Instituto_de_Música_Juan_Morel_Campos,Instituto de Música Juan Morel Campos,1947
http://dbpedia.org/resource/Instituto_de_Música_Juan_Morel_Campos,Instituto de Música Juan Morel Campos,1948
http://dbpedia.org/resource/International_Dance_Academy,International Dance Academy,2008
http://dbpedia.org/resource/International_Horizons_College,International Horizons College,2011
http://dbpedia.org/resource/Kanjirowa_National_School,Kanjirowa National School,1998
http://dbpedia.org/resource/Kanjirowa_National_School,Kanjirowa National School,2010
http://dbpedia.org/resource/Lincoln_UTC,Lincoln UTC,2014
http://dbpedia.org/resource/Medway_UTC,Medway UTC,2015
http://dbpedia.org/resource/Mercantile_Credit_Bank,Mercantile Credit Bank,1986
http://dbpedia.org/resource/Mission_Federal_Credit_Union,Mission Federal Credit Union,1961
http://dbpedia.org/resource/NUST_School_of_Natural_Sciences,NUST School of Natural Sciences,2004
http://dbpedia.org/resource/Nripendra_Narayan_Memorial_High_School,Nripendra Narayan Memorial High School,1916
http://dbpedia.org/resource/Pioneer_Montessori_Inter_College,Pioneer Montessori Inter College,1964
http://dbpedia.org/resource/Public_Schools_and_College_Jutial_Gilgit,Public Schools and College Jutial Gilgit,1980
http://dbpedia.org/resource/Satirpara_K.K._Institution_School_&_College,Satirpara K.K. Institution School & College,1901
http://dbpedia.org/resource/Sewanee_Elementary_School,Sewanee Elementary School,1926
http://dbpedia.org/resource/Shanghai_Innovative_Research_Center_of_Traditional_Chinese_Medicine,Shanghai Innovative Research Center of Traditional Chinese Medicine,2000
http://dbpedia.org/resource/Sir_Charles_Kao_UTC,Sir Charles Kao UTC,2014
http://dbpedia.org/resource/St._George's_Higher_Secondary_School,St. George's Higher Secondary School,1882
"http://dbpedia.org/resource/St._Joseph's_School,_Kendrapara","St. Joseph's School, Kendrapara",1996
http://dbpedia.org/resource/St._Katherine_College,St. Katherine College,2010
http://dbpedia.org/resource/St._Katherine_College,St. Katherine College,2011
http://dbpedia.org/resource/Swami_Shukdevanand_Post_Graduate_College,Swami Shukdevanand Post Graduate College,1964
http://dbpedia.org/resource/University_Technical_College_Norfolk,University Technical College Norfolk,2014
http://dbpedia.org/resource/Atlantic_College,Atlantic College,1962
"http://dbpedia.org/resource/St_Mary's_College,_Middlesbrough","St Mary's College, Middlesbrough",1904
"http://dbpedia.org/resource/St_Thomas_College,_Lucknow","St Thomas College, Lucknow",1975
http://dbpedia.org/resource/Uttarpara_Amarendra_Vidyapith,Uttarpara Amarendra Vidyapith,1939
http://dbpedia.org/resource/Aleppo_College,Aleppo College,1916
http://dbpedia.org/resource/Andhra_Pradesh_Residential_Degree_College,Andhra Pradesh Residential Degree College,1982
http://dbpedia.org/resource/Bulbul_Lalitakala_Academy,Bulbul Lalitakala Academy,1955
http://dbpedia.org/resource/Chittagong_Ideal_School_&_College,Chittagong Ideal School & College,1998
http://dbpedia.org/resource/K._L._Arya_DAV_Public_School,K. L. Arya DAV Public School,1983
http://dbpedia.org/resource/Swedish_Theological_Institute,Swedish Theological Institute,1951
http://dbpedia.org/resource/Metropolitan_Academy,Metropolitan Academy,1967
http://dbpedia.org/resource/Iqbal_Memorial_Institute,Iqbal Memorial Institute,1981
http://dbpedia.org/resource/Capitol_Institute,Capitol Institute,1950
http://dbpedia.org/resource/Companhia_das_Naus,Companhia das Naus,1380
http://dbpedia.org/resource/Bank_of_Melbourne_(1989),Bank of Melbourne (1989),1989
http://dbpedia.org/resource/Mandhu_College,Mandhu College,1998
http://dbpedia.org/resource/Saint_Jerome_Emiliani_Institute,Saint Jerome Emiliani Institute,1985
http://dbpedia.org/resource/San_Mateo_National_High_School,San Mateo National High School,1985
http://dbpedia.org/resource/Shaheed-E-Millat_Girls_College,Shaheed-E-Millat Girls College,2002
http://dbpedia.org/resource/Ramagya_School,Ramagya School,2005
http://dbpedia.org/resource/Rashtriya_Inter_Collage_Surir,Rashtriya Inter Collage Surir,1995
http://dbpedia.org/resource/Rashtriya_Inter_College,Rashtriya Inter College,2001
