http://dbpedia.org/ontology/Bank,Bank,http://dbpedia.org/ontology/foundingYear
http://dbpedia.org/resource/Barnsley_Building_Society,Barnsley Building Society,1774
http://dbpedia.org/resource/National_Bank_of_Kenya,National Bank of Kenya,2121
http://dbpedia.org/resource/Indiabulls,Indiabulls,1759
http://dbpedia.org/resource/Innovate_Finance,Innovate Finance,2239
http://dbpedia.org/resource/STOXX,STOXX,1724
http://dbpedia.org/resource/Cheque_and_Credit_Clearing_Company,Cheque and Credit Clearing Company,2168
http://dbpedia.org/resource/Zagrebačka_banka,Zagrebačka banka,1950
http://dbpedia.org/resource/Embrace_Home_Loans,Embrace Home Loans,1945
http://dbpedia.org/resource/National_Bank_of_Australia,National Bank of Australia,1714
http://dbpedia.org/resource/POLi_Payments,POLi Payments,1876
http://dbpedia.org/resource/Investec,Investec,1853
http://dbpedia.org/resource/Pamukbank,Pamukbank,1782
http://dbpedia.org/resource/RSRCHXchange,RSRCHXchange,2138
http://dbpedia.org/resource/NASA_Federal_Credit_Union,NASA Federal Credit Union,1783
http://dbpedia.org/resource/Market_Harborough_Building_Society,Market Harborough Building Society,1595
http://dbpedia.org/resource/Northway_Bank,Northway Bank,1936
http://dbpedia.org/resource/Sumitomo_Mitsui_Trust_Holdings,Sumitomo Mitsui Trust Holdings,2031
http://dbpedia.org/resource/Herring_Bank,Herring Bank,2026
http://dbpedia.org/resource/Pacific_Corporate_Group,Pacific Corporate Group,1746
http://dbpedia.org/resource/Farmers_and_Merchants_Bank_of_Western_Pennsylvania,Farmers and Merchants Bank of Western Pennsylvania,2305
http://dbpedia.org/resource/FBME_Bank,FBME Bank,2138
http://dbpedia.org/resource/Valley_National_Bank,Valley National Bank,2042
http://dbpedia.org/resource/CRDB_Bank,CRDB Bank,1700
http://dbpedia.org/resource/E._F._Hutton_&_Co.,E. F. Hutton & Co.,2131
http://dbpedia.org/resource/Bank_of_Maldives,Bank of Maldives,1975
http://dbpedia.org/resource/Navy_Federal_Credit_Union,Navy Federal Credit Union,1667
http://dbpedia.org/resource/ACLEDA_Bank,ACLEDA Bank,1996
http://dbpedia.org/resource/Israel_Postal_Company,Israel Postal Company,2022
http://dbpedia.org/resource/Credit_Union_1_(Illinois),Credit Union 1 (Illinois),2214
http://dbpedia.org/resource/Commercial_Bank_of_Africa,Commercial Bank of Africa,1816
http://dbpedia.org/resource/Cofra_Group,Cofra Group,2105
http://dbpedia.org/resource/The_Woolwich,The Woolwich,1742
http://dbpedia.org/resource/Taikang_Life,Taikang Life,1712
http://dbpedia.org/resource/Ecobank_Ghana,Ecobank Ghana,1705
http://dbpedia.org/resource/NewAlliance_Bank,NewAlliance Bank,1711
http://dbpedia.org/resource/Compartamos_Banco,Compartamos Banco,2177
http://dbpedia.org/resource/Capital_Services_Group,Capital Services Group,2132
http://dbpedia.org/resource/Belarusbank,Belarusbank,2004
http://dbpedia.org/resource/Sparebanken_Nordvest,Sparebanken Nordvest,1700
http://dbpedia.org/resource/NCB_Group,NCB Group,1772
http://dbpedia.org/resource/CIM_Bank,CIM Bank,1886
http://dbpedia.org/resource/BlueSnap,BlueSnap,2006
http://dbpedia.org/resource/Japan_Exchange_Group,Japan Exchange Group,1802
http://dbpedia.org/resource/Rewards_Network,Rewards Network,2171
http://dbpedia.org/resource/PacWest_Bancorp,PacWest Bancorp,2046
http://dbpedia.org/resource/Northwestern_Bank,Northwestern Bank,2067
http://dbpedia.org/resource/Giro_Commercial_Bank,Giro Commercial Bank,2169
http://dbpedia.org/resource/Citibank_Ecuador,Citibank Ecuador,1772
http://dbpedia.org/resource/Citibank_Uganda,Citibank Uganda,1830
http://dbpedia.org/resource/Middlesex_Savings_Bank,Middlesex Savings Bank,2001
http://dbpedia.org/resource/Hambros_Bank,Hambros Bank,1704
http://dbpedia.org/resource/Cuscal,Cuscal,1956
http://dbpedia.org/resource/IBM_Southeast_Employees'_Credit_Union,IBM Southeast Employees' Credit Union,1826
http://dbpedia.org/resource/Scor_SE,Scor SE,1905
http://dbpedia.org/resource/Envision_Financial,Envision Financial,1912
http://dbpedia.org/resource/Azania_Bank,Azania Bank,1910
http://dbpedia.org/resource/The_Equitable_Life_Assurance_Society,The Equitable Life Assurance Society,1517
http://dbpedia.org/resource/Envision_Financial,Envision Financial,1855
http://dbpedia.org/resource/First_National_Bank_(South_Africa),First National Bank (South Africa),1864
http://dbpedia.org/resource/Morgan_Schiff_&_Co.,Morgan Schiff & Co.,2104
http://dbpedia.org/resource/Bank_PHB_Group,Bank PHB Group,2187
http://dbpedia.org/resource/Danske_Bank,Danske Bank,1814
http://dbpedia.org/resource/Penrith_Building_Society,Penrith Building Society,1882
http://dbpedia.org/resource/Dagong_Global_Credit_Rating,Dagong Global Credit Rating,1874
http://dbpedia.org/resource/First_Interstate_BancSystem,First Interstate BancSystem,1936
http://dbpedia.org/resource/Shamrao_Vithal_Co-operative_Bank,Shamrao Vithal Co-operative Bank,1968
http://dbpedia.org/resource/Laredo_National_Bank,Laredo National Bank,1936
http://dbpedia.org/resource/Mashreq_(Bank),Mashreq (Bank),1959
http://dbpedia.org/resource/Bank_for_Investment_and_Development_of_Vietnam,Bank for Investment and Development of Vietnam,1747
http://dbpedia.org/resource/Vojvođanska_banka,Vojvođanska banka,1877
http://dbpedia.org/resource/Western_Bridge_Corporate_Federal_Credit_Union,Western Bridge Corporate Federal Credit Union,2006
http://dbpedia.org/resource/China_Everbright_Limited,China Everbright Limited,1701
http://dbpedia.org/resource/Affin_Hwang_Capital,Affin Hwang Capital,1800
http://dbpedia.org/resource/Catholic_Building_Society,Catholic Building Society,2010
http://dbpedia.org/resource/Credit_Suisse,Credit Suisse,1611
http://dbpedia.org/resource/Dahabshil_Bank_International,Dahabshil Bank International,2121
http://dbpedia.org/resource/Access_Bank_Zambia,Access Bank Zambia,2107
http://dbpedia.org/resource/Investrust_Bank,Investrust Bank,1867
http://dbpedia.org/resource/Bank_Respublika,Bank Respublika,1784
http://dbpedia.org/resource/SpareBank_1_Ringerike_Hadeland,SpareBank 1 Ringerike Hadeland,2305
http://dbpedia.org/resource/Deutsche_Bank,Deutsche Bank,1856
http://dbpedia.org/resource/Aktiv_Kapital,Aktiv Kapital,1920
http://dbpedia.org/resource/Saga_plc,Saga plc,2118
http://dbpedia.org/resource/Kreditech,Kreditech,2240
http://dbpedia.org/resource/Bolig-_og_Næringsbanken,Bolig- og Næringsbanken,2018
http://dbpedia.org/resource/National_Western_Life,National Western Life,1856
http://dbpedia.org/resource/Sanlam,Sanlam,2173
http://dbpedia.org/resource/Bank_Saderat_Iran,Bank Saderat Iran,2053
http://dbpedia.org/resource/Caixa_Geral_de_Depósitos,Caixa Geral de Depósitos,1676
http://dbpedia.org/resource/National_Bank_of_Abu_Dhabi,National Bank of Abu Dhabi,1778
http://dbpedia.org/resource/Alpha_Bank,Alpha Bank,1985
http://dbpedia.org/resource/Carispezia,Carispezia,2035
http://dbpedia.org/resource/Industrial_Promotion_and_Development_Company_of_Bangladesh,Industrial Promotion and Development Company of Bangladesh,1709
http://dbpedia.org/resource/Bank_of_Syria_and_Overseas,Bank of Syria and Overseas,2008
http://dbpedia.org/resource/Commercial_National_Financial,Commercial National Financial,1971
http://dbpedia.org/resource/United_Bank_(Atlanta_metropolitan_area),United Bank (Atlanta metropolitan area),2093
http://dbpedia.org/resource/Insinger_de_Beaufort,Insinger de Beaufort,1881
http://dbpedia.org/resource/Adam_and_Company,Adam and Company,1925
http://dbpedia.org/resource/SafeAmerica_Credit_Union,SafeAmerica Credit Union,1753
http://dbpedia.org/resource/Fubon_Financial_Holding_Co.,Fubon Financial Holding Co.,1789
http://dbpedia.org/resource/Nabil_Bank,Nabil Bank,2120
http://dbpedia.org/resource/Nordea_Bank_Norge,Nordea Bank Norge,1803
http://dbpedia.org/resource/M._M._Warburg_&_Co.,M. M. Warburg & Co.,1925
http://dbpedia.org/resource/Bank_Permata,Bank Permata,1999
http://dbpedia.org/resource/Jammu_&_Kashmir_Bank,Jammu & Kashmir Bank,1882
http://dbpedia.org/resource/Banco_de_Brasília,Banco de Brasília,1882
http://dbpedia.org/resource/Fundera,Fundera,2144
http://dbpedia.org/resource/Kiatnakin_Bank,Kiatnakin Bank,1824
http://dbpedia.org/resource/Banca_Intermobiliare,Banca Intermobiliare,2085
http://dbpedia.org/resource/First_Manhattan_Co.,First Manhattan Co.,2209
http://dbpedia.org/resource/Isle_of_Man_Bank,Isle of Man Bank,2133
http://dbpedia.org/resource/Trulioo,Trulioo,2233
http://dbpedia.org/resource/China_Merchants_Bank,China Merchants Bank,1700
http://dbpedia.org/resource/Forcht_Group_of_Kentucky,Forcht Group of Kentucky,1834
http://dbpedia.org/resource/Vancity,Vancity,2150
http://dbpedia.org/resource/BLME,BLME,1744
http://dbpedia.org/resource/NewAlliance_Bank,NewAlliance Bank,1810
http://dbpedia.org/resource/Norges_Bank,Norges Bank,1904
http://dbpedia.org/resource/ING_Group,ING Group,1733
http://dbpedia.org/resource/JPay,JPay,2069
http://dbpedia.org/resource/Bank_of_Moscow,Bank of Moscow,2194
http://dbpedia.org/resource/Vietnam_Bank_for_Agriculture_and_Rural_Development,Vietnam Bank for Agriculture and Rural Development,1737
http://dbpedia.org/resource/Sarmayeh_Bank,Sarmayeh Bank,2225
http://dbpedia.org/resource/Emporiki_Bank,Emporiki Bank,2078
http://dbpedia.org/resource/E._F._Hutton_&_Co.,E. F. Hutton & Co.,2189
http://dbpedia.org/resource/Alternative_Bank_Schweiz,Alternative Bank Schweiz,2187
http://dbpedia.org/resource/Houlihan_Smith_&_Company,Houlihan Smith & Company,1730
"http://dbpedia.org/resource/Donaldson,_Lufkin_&_Jenrette","Donaldson, Lufkin & Jenrette",1804
http://dbpedia.org/resource/Wazalendo_Savings_and_Credit_Cooperative_Society,Wazalendo Savings and Credit Cooperative Society,2041
http://dbpedia.org/resource/Indre_Sogn_Sparebank,Indre Sogn Sparebank,2154
http://dbpedia.org/resource/C2FO,C2FO,1980
http://dbpedia.org/resource/Groupama,Groupama,1842
http://dbpedia.org/resource/Fürst_Fugger_Privatbank,Fürst Fugger Privatbank,1711
http://dbpedia.org/resource/Landsbankinn,Landsbankinn,1840
http://dbpedia.org/resource/Data_Explorers,Data Explorers,1965
http://dbpedia.org/resource/Pioneer_Investcorp_Ltd.,Pioneer Investcorp Ltd.,2030
http://dbpedia.org/resource/Drexel_Burnham_Lambert,Drexel Burnham Lambert,1699
http://dbpedia.org/resource/B&N_Bank,B&N Bank,2234
http://dbpedia.org/resource/Hunter_Mutual,Hunter Mutual,2235
http://dbpedia.org/resource/Travelex,Travelex,2012
http://dbpedia.org/resource/IQ_Option,IQ Option,2081
http://dbpedia.org/resource/Komercijalna_banka,Komercijalna banka,2227
http://dbpedia.org/resource/Arab_Israel_Bank,Arab Israel Bank,2225
http://dbpedia.org/resource/NRB_Bank,NRB Bank,1814
http://dbpedia.org/resource/J.C._Bradford_&_Co.,J.C. Bradford & Co.,2084
http://dbpedia.org/resource/Merrill_Edge,Merrill Edge,1731
http://dbpedia.org/resource/Chase_Bank_Kenya_Limited,Chase Bank Kenya Limited,1987
http://dbpedia.org/resource/The_Co-operative_Bank_(New_Zealand),The Co-operative Bank (New Zealand),2118
http://dbpedia.org/resource/Sagent_Advisors,Sagent Advisors,1856
http://dbpedia.org/resource/Warka_Bank,Warka Bank,1963
http://dbpedia.org/resource/MLP_AG,MLP AG,2119
http://dbpedia.org/resource/Strategic_Investment_Group,Strategic Investment Group,2073
http://dbpedia.org/resource/CrossHarbor_Capital_Partners,CrossHarbor Capital Partners,2126
http://dbpedia.org/resource/Cham_Bank,Cham Bank,2180
http://dbpedia.org/resource/ASB_Bank,ASB Bank,2023
http://dbpedia.org/resource/Banco_Federal,Banco Federal,1950
http://dbpedia.org/resource/Baloisedirect.ch,Baloisedirect.ch,1707
http://dbpedia.org/resource/Preferred_Bank,Preferred Bank,1823
http://dbpedia.org/resource/Union_Investment,Union Investment,2147
http://dbpedia.org/resource/Buldana_Urban_Cooperative_Credit_Society,Buldana Urban Cooperative Credit Society,2222
http://dbpedia.org/resource/The_NY_Quickbooks_Group,The NY Quickbooks Group,1908
http://dbpedia.org/resource/Íslandsbanki,Íslandsbanki,1676
http://dbpedia.org/resource/Banca_IMI,Banca IMI,1717
http://dbpedia.org/resource/Banco_Macro,Banco Macro,1884
http://dbpedia.org/resource/San_Diego_County_Credit_Union,San Diego County Credit Union,1903
http://dbpedia.org/resource/Bilbao_Bizkaia_Kutxa,Bilbao Bizkaia Kutxa,1972
http://dbpedia.org/resource/Colonial_First_State,Colonial First State,2255
http://dbpedia.org/resource/Fidelity_Bank_Ghana,Fidelity Bank Ghana,1761
http://dbpedia.org/resource/Bank_of_India_(Kenya),Bank of India (Kenya),1882
http://dbpedia.org/resource/Skipton_Building_Society,Skipton Building Society,1665
http://dbpedia.org/resource/Prudential_Bank_Limited,Prudential Bank Limited,1699
http://dbpedia.org/resource/Dragon_Capital,Dragon Capital,1735
http://dbpedia.org/resource/PROBANK,PROBANK,2237
http://dbpedia.org/resource/Mizuho_Corporate_Bank,Mizuho Corporate Bank,1712
http://dbpedia.org/resource/Visual_Risk,Visual Risk,2091
http://dbpedia.org/resource/National_Microfinance_Bank,National Microfinance Bank,1854
http://dbpedia.org/resource/Exim_Bank_(Tanzania),Exim Bank (Tanzania),1963
http://dbpedia.org/resource/Sparekassen_Sjælland,Sparekassen Sjælland,1937
http://dbpedia.org/resource/Asia_Universal_Bank,Asia Universal Bank,2275
http://dbpedia.org/resource/Kantox,Kantox,1820
http://dbpedia.org/resource/Banca_Românească,Banca Românească,1826
http://dbpedia.org/resource/EN_Bank,EN Bank,1714
http://dbpedia.org/resource/Yorkshire_Bank,Yorkshire Bank,1601
http://dbpedia.org/resource/Euronet_Pakistan,Euronet Pakistan,1844
http://dbpedia.org/resource/Israel_Postal_Company,Israel Postal Company,2084
http://dbpedia.org/resource/UK_Financial_Investments,UK Financial Investments,2053
http://dbpedia.org/resource/LaSer_UK,LaSer UK,2226
http://dbpedia.org/resource/Infrastructure_Development_Finance_Company,Infrastructure Development Finance Company,2128
http://dbpedia.org/resource/Citizens_Bank_International,Citizens Bank International,2161
http://dbpedia.org/resource/Sampo_Group,Sampo Group,2155
http://dbpedia.org/resource/Bank_of_Holland,Bank of Holland,2076
http://dbpedia.org/resource/Nederlandse_Waterschapsbank,Nederlandse Waterschapsbank,1866
http://dbpedia.org/resource/Helgeland_Sparebank,Helgeland Sparebank,1730
http://dbpedia.org/resource/National_Savings_and_Investments,National Savings and Investments,1803
http://dbpedia.org/resource/Dara-Salaam_Bank,Dara-Salaam Bank,1860
http://dbpedia.org/resource/ESL_Federal_Credit_Union,ESL Federal Credit Union,1698
http://dbpedia.org/resource/DGB_Financial_Group,DGB Financial Group,2147
http://dbpedia.org/resource/HBOS,HBOS,1716
http://dbpedia.org/resource/Bank_Forum,Bank Forum,1865
http://dbpedia.org/resource/FxPro,FxPro,1801
http://dbpedia.org/resource/Eastern_Bank_Ltd_(Bangladesh),Eastern Bank Ltd (Bangladesh),2202
http://dbpedia.org/resource/Eastern_Bank,Eastern Bank,1774
http://dbpedia.org/resource/Hang_Lung_Bank,Hang Lung Bank,1946
http://dbpedia.org/resource/United_India_Insurance_Company,United India Insurance Company,1786
http://dbpedia.org/resource/Call_Federal_Credit_Union,Call Federal Credit Union,1721
http://dbpedia.org/resource/Bank_of_the_West,Bank of the West,2066
http://dbpedia.org/resource/Uranium_Participation_Corporation,Uranium Participation Corporation,2058
http://dbpedia.org/resource/Komercijalna_banka,Komercijalna banka,2187
http://dbpedia.org/resource/Tun_Foundation_Bank,Tun Foundation Bank,2024
http://dbpedia.org/resource/Robeco,Robeco,2019
http://dbpedia.org/resource/State_Street_Corporation,State Street Corporation,1930
http://dbpedia.org/resource/Vienna_Insurance_Group,Vienna Insurance Group,1675
http://dbpedia.org/resource/Ka_Wah_Bank,Ka Wah Bank,2158
http://dbpedia.org/resource/Straumur_Investment_Bank,Straumur Investment Bank,2071
http://dbpedia.org/resource/Thomas_Weisel_Partners,Thomas Weisel Partners,1801
"http://dbpedia.org/resource/Shearson,_Hammill_&_Co.","Shearson, Hammill & Co.",1651
http://dbpedia.org/resource/Ironstone_Bank,Ironstone Bank,1966
http://dbpedia.org/resource/Banque_et_Caisse_d'Épargne_de_l'État,Banque et Caisse d'Épargne de l'État,1718
http://dbpedia.org/resource/Five_Star_Bank,Five Star Bank,2115
http://dbpedia.org/resource/Al_Ghurair_Investment,Al Ghurair Investment,2138
http://dbpedia.org/resource/Barclays_Bank_of_Zambia,Barclays Bank of Zambia,2089
http://dbpedia.org/resource/Provident_Financial,Provident Financial,1864
http://dbpedia.org/resource/Argenta_(bank),Argenta (bank),2247
http://dbpedia.org/resource/Ayeyarwady_Bank,Ayeyarwady Bank,2264
http://dbpedia.org/resource/Belgian_Investment_Company_for_Developing_Countries,Belgian Investment Company for Developing Countries,2027
http://dbpedia.org/resource/PerkStreet,PerkStreet,1949
http://dbpedia.org/resource/Guardian_Bank,Guardian Bank,1978
http://dbpedia.org/resource/WSFS_Bank,WSFS Bank,1959
http://dbpedia.org/resource/Leek_United_Building_Society,Leek United Building Society,2056
http://dbpedia.org/resource/Aegon_N.V.,Aegon N.V.,2125
http://dbpedia.org/resource/Antwerp_Diamond_Bank,Antwerp Diamond Bank,1680
http://dbpedia.org/resource/INTL_FCStone,INTL FCStone,1998
http://dbpedia.org/resource/United_Bank_of_India,United Bank of India,1673
http://dbpedia.org/resource/Kohlberg_Kravis_Roberts,Kohlberg Kravis Roberts,1932
http://dbpedia.org/resource/Japan_Trustee_Services_Bank,Japan Trustee Services Bank,1727
http://dbpedia.org/resource/Hussaini_Blood_Bank,Hussaini Blood Bank,1757
http://dbpedia.org/resource/Needham_&_Company,Needham & Company,2246
http://dbpedia.org/resource/Bank_Persatuan,Bank Persatuan,2141
http://dbpedia.org/resource/Banco_Espírito_Santo,Banco Espírito Santo,1631
http://dbpedia.org/resource/MKB_Bank,MKB Bank,2100
http://dbpedia.org/resource/Nepal_Bangladesh_Bank,Nepal Bangladesh Bank,1787
http://dbpedia.org/resource/SpareBank_1_Nøtterøy–Tønsberg,SpareBank 1 Nøtterøy–Tønsberg,2126
http://dbpedia.org/resource/Banca_Finnat,Banca Finnat,1875
http://dbpedia.org/resource/Pareto_Group,Pareto Group,1902
http://dbpedia.org/resource/Everbright_Securities,Everbright Securities,2280
http://dbpedia.org/resource/Letshego_Microfinance_Uganda,Letshego Microfinance Uganda,1785
http://dbpedia.org/resource/Prometey_Bank,Prometey Bank,2072
http://dbpedia.org/resource/Standard_&_Poor's,Standard & Poor's,1641
http://dbpedia.org/resource/ABC_Islamic_Bank,ABC Islamic Bank,2096
http://dbpedia.org/resource/Eurobank_Ergasias,Eurobank Ergasias,1856
http://dbpedia.org/resource/Global_Trust_Bank_(Uganda),Global Trust Bank (Uganda),1843
http://dbpedia.org/resource/Aviva,Aviva,1700
http://dbpedia.org/resource/Flagstar_Bank,Flagstar Bank,1764
http://dbpedia.org/resource/Suchak_Data_Systems,Suchak Data Systems,2112
http://dbpedia.org/resource/Graubündner_Kantonalbank,Graubündner Kantonalbank,1989
http://dbpedia.org/resource/Safeway_Insurance_Group,Safeway Insurance Group,1837
http://dbpedia.org/resource/ME_Bank,ME Bank,2050
http://dbpedia.org/resource/Rogers_Bank,Rogers Bank,1771
http://dbpedia.org/resource/Partners_Federal_Credit_Union,Partners Federal Credit Union,2200
http://dbpedia.org/resource/Rockland_Trust,Rockland Trust,1733
http://dbpedia.org/resource/Ridgewood_Savings_Bank,Ridgewood Savings Bank,1833
http://dbpedia.org/resource/Tradeweb,Tradeweb,2198
http://dbpedia.org/resource/Numbrs,Numbrs,2169
http://dbpedia.org/resource/Pride_Microfinance_Limited,Pride Microfinance Limited,1952
http://dbpedia.org/resource/Putnam_Investments,Putnam Investments,1946
http://dbpedia.org/resource/Grameen_Bank,Grameen Bank,2061
http://dbpedia.org/resource/Perella_Weinberg_Partners,Perella Weinberg Partners,2272
http://dbpedia.org/resource/Portman_Building_Society,Portman Building Society,1894
http://dbpedia.org/resource/Space_Coast_Credit_Union,Space Coast Credit Union,2134
http://dbpedia.org/resource/Caixabank,Caixabank,2135
"http://dbpedia.org/resource/Glacier_Bancorp,_Inc","Glacier Bancorp, Inc",2152
http://dbpedia.org/resource/Al_Rayan_Bank,Al Rayan Bank,1820
http://dbpedia.org/resource/Farmers_Bank_of_China,Farmers Bank of China,1718
http://dbpedia.org/resource/LGT_Group,LGT Group,1746
http://dbpedia.org/resource/Novacaixagalicia,Novacaixagalicia,2197
http://dbpedia.org/resource/Citibank_(Malaysia),Citibank (Malaysia),1721
http://dbpedia.org/resource/American_National_Insurance_Company,American National Insurance Company,2045
http://dbpedia.org/resource/Barclays_Bank_of_Uganda,Barclays Bank of Uganda,2215
http://dbpedia.org/resource/Alm._Brand,Alm. Brand,1907
http://dbpedia.org/resource/CDG_Capital,CDG Capital,1919
http://dbpedia.org/resource/Norwegian_State_Housing_Bank,Norwegian State Housing Bank,1859
http://dbpedia.org/resource/AKD_Investment,AKD Investment,1936
http://dbpedia.org/resource/Banque_de_l'Union_Parisienne,Banque de l'Union Parisienne,1792
http://dbpedia.org/resource/Duncan_Lawrie,Duncan Lawrie,2099
http://dbpedia.org/resource/Kreissparkasse_Ludwigsburg,Kreissparkasse Ludwigsburg,2101
http://dbpedia.org/resource/Simmons_&_Company_International,Simmons & Company International,1921
http://dbpedia.org/resource/First_West_Credit_Union,First West Credit Union,1885
http://dbpedia.org/resource/Danske_Bank_(Ireland),Danske Bank (Ireland),2043
http://dbpedia.org/resource/KBL_European_Private_Bankers,KBL European Private Bankers,2005
http://dbpedia.org/resource/Sberbank_of_Russia,Sberbank of Russia,1847
http://dbpedia.org/resource/Zag_Bank,Zag Bank,2001
http://dbpedia.org/resource/Live_Oak_Bank,Live Oak Bank,2238
http://dbpedia.org/resource/Maduro_&_Curiel's_Bank,Maduro & Curiel's Bank,2089
http://dbpedia.org/resource/Kerala_Gramin_Bank,Kerala Gramin Bank,2307
http://dbpedia.org/resource/First_Union,First Union,1859
http://dbpedia.org/resource/Midland_Bank,Midland Bank,2081
http://dbpedia.org/resource/United_Nations_Federal_Credit_Union,United Nations Federal Credit Union,2126
http://dbpedia.org/resource/VEM_Aktienbank,VEM Aktienbank,1992
http://dbpedia.org/resource/Kinetic_Securities,Kinetic Securities,1996
http://dbpedia.org/resource/Telkom_Indonesia,Telkom Indonesia,1728
http://dbpedia.org/resource/Air_Academy_Federal_Credit_Union,Air Academy Federal Credit Union,2176
http://dbpedia.org/resource/Community_Bank_(Oregon),Community Bank (Oregon),2170
http://dbpedia.org/resource/Mega_International_Commercial_Bank,Mega International Commercial Bank,1994
http://dbpedia.org/resource/Degiro,Degiro,1831
http://dbpedia.org/resource/Byblos_Bank,Byblos Bank,2044
http://dbpedia.org/resource/Custom_House_(global_payments),Custom House (global payments),2061
http://dbpedia.org/resource/PTI_Securities_&_Futures,PTI Securities & Futures,2188
http://dbpedia.org/resource/IMB_Banking_&_Financial_Services,IMB Banking & Financial Services,1940
http://dbpedia.org/resource/TradingScreen,TradingScreen,2209
http://dbpedia.org/resource/Housing_Finance_Bank,Housing Finance Bank,1743
http://dbpedia.org/resource/DnB_NORD,DnB NORD,2211
http://dbpedia.org/resource/First_Direct,First Direct,2231
http://dbpedia.org/resource/Cassa_di_Risparmio_di_Tortona,Cassa di Risparmio di Tortona,2095
http://dbpedia.org/resource/Íslandsbanki,Íslandsbanki,2281
http://dbpedia.org/resource/Bank_of_Scotland_International,Bank of Scotland International,2155
http://dbpedia.org/resource/UniBank,UniBank,2055
http://dbpedia.org/resource/EverTrust_Bank,EverTrust Bank,2017
http://dbpedia.org/resource/Aichi_Bank,Aichi Bank,1979
http://dbpedia.org/resource/Metals-banka,Metals-banka,1706
http://dbpedia.org/resource/Bank_of_Florida,Bank of Florida,1880
http://dbpedia.org/resource/Equistone_Partners_Europe,Equistone Partners Europe,1847
http://dbpedia.org/resource/Pallavan_Grama_Bank,Pallavan Grama Bank,2276
http://dbpedia.org/resource/Diversified_Global_Graphics_Group,Diversified Global Graphics Group,1942
http://dbpedia.org/resource/BFL_CANADA,BFL CANADA,1962
http://dbpedia.org/resource/Banco_de_Chile,Banco de Chile,1751
http://dbpedia.org/resource/Development_Bank_of_Namibia,Development Bank of Namibia,2146
http://dbpedia.org/resource/Affirm_(company),Affirm (company),2189
http://dbpedia.org/resource/UnionBanCal_Corporation,UnionBanCal Corporation,1746
http://dbpedia.org/resource/Stockspot,Stockspot,2166
http://dbpedia.org/resource/Dollar_Bank,Dollar Bank,1754
http://dbpedia.org/resource/Stockholms_Enskilda_Bank,Stockholms Enskilda Bank,1893
http://dbpedia.org/resource/BicBanco,BicBanco,2200
http://dbpedia.org/resource/Banca_dell'Adriatico,Banca dell'Adriatico,2129
http://dbpedia.org/resource/Comtex,Comtex,1900
http://dbpedia.org/resource/Banif_Financial_Group,Banif Financial Group,1847
http://dbpedia.org/resource/HSBC_Bank_Malta,HSBC Bank Malta,1801
http://dbpedia.org/resource/Solactive,Solactive,1730
http://dbpedia.org/resource/Irish_Life_Assurance_Plc,Irish Life Assurance Plc,1982
http://dbpedia.org/resource/United_International_Bank,United International Bank,2005
http://dbpedia.org/resource/Société_Bancaire_du_Liban,Société Bancaire du Liban,1779
http://dbpedia.org/resource/Arion_Bank,Arion Bank,2110
http://dbpedia.org/resource/Basrah_International_Bank_for_Investment,Basrah International Bank for Investment,2093
http://dbpedia.org/resource/Citadele_Banka,Citadele Banka,2009
http://dbpedia.org/resource/Citizens_Equity_First_Credit_Union,Citizens Equity First Credit Union,1849
http://dbpedia.org/resource/Pune_District_Central_Cooperative_Bank,Pune District Central Cooperative Bank,1944
http://dbpedia.org/resource/Bank_Melli_Iran,Bank Melli Iran,1677
http://dbpedia.org/resource/Transnational_Bank,Transnational Bank,2150
http://dbpedia.org/resource/Mechanics_Cooperative_Bank,Mechanics Cooperative Bank,1919
http://dbpedia.org/resource/Exim_Bank_(India),Exim Bank (India),2128
http://dbpedia.org/resource/Investors_Bank_&_Trust,Investors Bank & Trust,2087
http://dbpedia.org/resource/Cooperative_Bank_of_Kenya,Cooperative Bank of Kenya,2004
http://dbpedia.org/resource/The_City_Bank,The City Bank,1885
http://dbpedia.org/resource/Banco_Gallego,Banco Gallego,1802
http://dbpedia.org/resource/Guggenheim_Partners,Guggenheim Partners,2090
http://dbpedia.org/resource/NBGI_Private_Equity,NBGI Private Equity,2218
http://dbpedia.org/resource/Keesler_Federal_Credit_Union,Keesler Federal Credit Union,2165
http://dbpedia.org/resource/Thai_Life_Insurance,Thai Life Insurance,2009
http://dbpedia.org/resource/IME_Group,IME Group,1875
http://dbpedia.org/resource/Shearson,Shearson,2146
http://dbpedia.org/resource/Sony_Bank,Sony Bank,1833
http://dbpedia.org/resource/Wirecard,Wirecard,2245
http://dbpedia.org/resource/Madhavpura_Mercantile_Cooperative_Bank,Madhavpura Mercantile Cooperative Bank,2148
http://dbpedia.org/resource/Den_norske_Creditbank,Den norske Creditbank,1634
http://dbpedia.org/resource/Family_Building_Society,Family Building Society,2023
http://dbpedia.org/resource/West_Bromwich_Building_Society,West Bromwich Building Society,1797
http://dbpedia.org/resource/Kawase_(company),Kawase (company),1952
http://dbpedia.org/resource/Farmington_Bank,Farmington Bank,1642
http://dbpedia.org/resource/Azad_Hind_Bank,Azad Hind Bank,1762
http://dbpedia.org/resource/Banco_de_Bogotá,Banco de Bogotá,1798
http://dbpedia.org/resource/Bank_Alfalah,Bank Alfalah,2272
http://dbpedia.org/resource/Saudi_Hollandi_Bank,Saudi Hollandi Bank,1680
http://dbpedia.org/resource/Banco_AV_Villas,Banco AV Villas,1853
http://dbpedia.org/resource/Baines_and_Ernst,Baines and Ernst,2093
http://dbpedia.org/resource/ICICI_Bank,ICICI Bank,1838
http://dbpedia.org/resource/Salomon_Brothers,Salomon Brothers,1759
http://dbpedia.org/resource/Bank_Pasargad,Bank Pasargad,2143
http://dbpedia.org/resource/National_Bank_of_Greece,National Bank of Greece,1566
http://dbpedia.org/resource/Hermes-Sojitz,Hermes-Sojitz,1872
http://dbpedia.org/resource/If_P&C_Insurance,If P&C Insurance,2156
http://dbpedia.org/resource/Arizona_Federal_Credit_Union,Arizona Federal Credit Union,1702
http://dbpedia.org/resource/First_Northern_Bank,First Northern Bank,1682
http://dbpedia.org/resource/Standard_Bank_(historic),Standard Bank (historic),1608
http://dbpedia.org/resource/Washington_State_Employees_Credit_Union,Washington State Employees Credit Union,1934
http://dbpedia.org/resource/Credito_Valtellinese,Credito Valtellinese,1800
http://dbpedia.org/resource/Siam_Commercial_Bank,Siam Commercial Bank,2028
http://dbpedia.org/resource/Hellenic_Bank,Hellenic Bank,1812
http://dbpedia.org/resource/Karur_Vysya_Bank,Karur Vysya Bank,2184
http://dbpedia.org/resource/DVB_Bank,DVB Bank,1772
http://dbpedia.org/resource/Interactive_Brokers,Interactive Brokers,1939
http://dbpedia.org/resource/Anadolu_Sigorta,Anadolu Sigorta,1859
http://dbpedia.org/resource/Asia_Commercial_Bank,Asia Commercial Bank,2052
http://dbpedia.org/resource/Virtual_Brokers,Virtual Brokers,1794
http://dbpedia.org/resource/Banca_Popolare_dell'Emilia_Romagna,Banca Popolare dell'Emilia Romagna,1981
http://dbpedia.org/resource/Delta_Lloyd_Group,Delta Lloyd Group,1709
http://dbpedia.org/resource/Moody's_Analytics,Moody's Analytics,2144
http://dbpedia.org/resource/Cassa_Depositi_e_Prestiti,Cassa Depositi e Prestiti,2051
http://dbpedia.org/resource/The_Royal_Bank,The Royal Bank,1762
http://dbpedia.org/resource/FFA_Private_Bank,FFA Private Bank,2181
http://dbpedia.org/resource/Banco_Azteca,Banco Azteca,2047
http://dbpedia.org/resource/Heartland_Bank,Heartland Bank,2284
http://dbpedia.org/resource/First_International_Bank,First International Bank,2171
http://dbpedia.org/resource/YA_Bank,YA Bank,2113
http://dbpedia.org/resource/Coast_Capital_Savings,Coast Capital Savings,2205
http://dbpedia.org/resource/Nanto_Bank,Nanto Bank,1754
http://dbpedia.org/resource/JRP_Group,JRP Group,2275
http://dbpedia.org/resource/Banque_cantonale_de_Genève,Banque cantonale de Genève,1823
http://dbpedia.org/resource/Corficolombiana,Corficolombiana,1868
http://dbpedia.org/resource/E.A._Pierce_&_Co.,E.A. Pierce & Co.,1960
http://dbpedia.org/resource/Australian_Ethical_Investment,Australian Ethical Investment,1753
http://dbpedia.org/resource/Urban_Partnership_Bank,Urban Partnership Bank,1717
http://dbpedia.org/resource/Renaissance_Capital_(Russian_company),Renaissance Capital (Russian company),2269
http://dbpedia.org/resource/Green_Dot_Corporation,Green Dot Corporation,2222
http://dbpedia.org/resource/City_Union_Bank,City Union Bank,1765
http://dbpedia.org/resource/Bancorex,Bancorex,1761
http://dbpedia.org/resource/Bank_of_Maharashtra,Bank of Maharashtra,1939
http://dbpedia.org/resource/CHB_Bank,CHB Bank,2168
http://dbpedia.org/resource/Farmers_Insurance_Group,Farmers Insurance Group,1880
http://dbpedia.org/resource/Banca_March,Banca March,1980
http://dbpedia.org/resource/Wertheim_&_Co.,Wertheim & Co.,2022
http://dbpedia.org/resource/CurrencyTransfer.com,CurrencyTransfer.com,2034
http://dbpedia.org/resource/RusRating,RusRating,1928
http://dbpedia.org/resource/Pine_River_Capital_Management,Pine River Capital Management,1870
http://dbpedia.org/resource/Cavendish_Corporate_Finance,Cavendish Corporate Finance,2151
http://dbpedia.org/resource/NBK_Capital,NBK Capital,1777
http://dbpedia.org/resource/Golden_Security_Bank,Golden Security Bank,2133
http://dbpedia.org/resource/QuietGrowth,QuietGrowth,1910
http://dbpedia.org/resource/Osaka_Securities_Exchange,Osaka Securities Exchange,1847
http://dbpedia.org/resource/1st_Valley_Bank,1st Valley Bank,2160
http://dbpedia.org/resource/Banco_Credicoop,Banco Credicoop,1857
http://dbpedia.org/resource/Intermediate_Capital_Group,Intermediate Capital Group,2049
http://dbpedia.org/resource/SB_Sberbank_of_Russia_JSC,SB Sberbank of Russia JSC,1789
http://dbpedia.org/resource/CapitalVia,CapitalVia,2115
http://dbpedia.org/resource/Post_Bank_of_Iran,Post Bank of Iran,2068
http://dbpedia.org/resource/Firstmark_Credit_Union,Firstmark Credit Union,1940
http://dbpedia.org/resource/NIC_Bank_Tanzania,NIC Bank Tanzania,1772
