http://dbpedia.org/ontology/BasketballPlayer,BasketballPlayer,http://dbpedia.org/ontology/activeYearsStartYear
http://dbpedia.org/resource/Ainars_Bagatskis,Ainars Bagatskis,1962
http://dbpedia.org/resource/Tobias_Borg,Tobias Borg,1902
http://dbpedia.org/resource/Jeff_Grayer,Jeff Grayer,2153
http://dbpedia.org/resource/Caron_Butler,Caron Butler,1885
http://dbpedia.org/resource/Jerry_Nagel,Jerry Nagel,1953
http://dbpedia.org/resource/Alec_Kessler,Alec Kessler,1912
http://dbpedia.org/resource/Jake_Bornheimer,Jake Bornheimer,2102
"http://dbpedia.org/resource/Fred_Taylor_(basketball,_born_1948)","Fred Taylor (basketball, born 1948)",1777
http://dbpedia.org/resource/Lehmon_Colbert,Lehmon Colbert,2149
http://dbpedia.org/resource/Wes_Unseld,Wes Unseld,1829
http://dbpedia.org/resource/Junthy_Valenzuela,Junthy Valenzuela,1869
http://dbpedia.org/resource/Keith_Simmons,Keith Simmons,2061
http://dbpedia.org/resource/Jonathan_Bender,Jonathan Bender,1957
http://dbpedia.org/resource/Elvin_Mims,Elvin Mims,1880
http://dbpedia.org/resource/Wyndol_Gray,Wyndol Gray,1931
http://dbpedia.org/resource/Clarissa_dos_Santos,Clarissa dos Santos,2094
http://dbpedia.org/resource/Panagiotis_Vasilopoulos,Panagiotis Vasilopoulos,2097
http://dbpedia.org/resource/Paul_Dawkins,Paul Dawkins,1838
http://dbpedia.org/resource/Kalana_Greene,Kalana Greene,2185
http://dbpedia.org/resource/Branka_Luković,Branka Luković,1893
http://dbpedia.org/resource/Gary_Alexander_(basketball),Gary Alexander (basketball),2102
http://dbpedia.org/resource/Eric_Snow,Eric Snow,1997
http://dbpedia.org/resource/Mlađan_Šilobad,Mlađan Šilobad,2071
http://dbpedia.org/resource/Benjie_Paras,Benjie Paras,1965
http://dbpedia.org/resource/Maurice_Martin,Maurice Martin,1972
http://dbpedia.org/resource/Kerem_Özkan,Kerem Özkan,1874
http://dbpedia.org/resource/John_Little_(basketball),John Little (basketball),2200
"http://dbpedia.org/resource/Jordan_Adams_(basketball,_born_1981)","Jordan Adams (basketball, born 1981)",1847
http://dbpedia.org/resource/Teoman_Alibegović,Teoman Alibegović,1868
http://dbpedia.org/resource/Tyus_Edney,Tyus Edney,1950
http://dbpedia.org/resource/Issife_Soumahoro,Issife Soumahoro,1998
http://dbpedia.org/resource/Ira_Bowman,Ira Bowman,1839
http://dbpedia.org/resource/Richard_Nguema,Richard Nguema,1843
http://dbpedia.org/resource/Andrejs_Šeļakovs,Andrejs Šeļakovs,1979
http://dbpedia.org/resource/Dmitri_Sokolov_(basketball),Dmitri Sokolov (basketball),1871
http://dbpedia.org/resource/Matt_Geiger,Matt Geiger,2106
http://dbpedia.org/resource/Brandon_Davies,Brandon Davies,1941
http://dbpedia.org/resource/Wiley_Peck,Wiley Peck,1793
http://dbpedia.org/resource/Damond_Williams,Damond Williams,2003
http://dbpedia.org/resource/Martin_Kohlmaier,Martin Kohlmaier,2035
http://dbpedia.org/resource/Kenny_Satterfield,Kenny Satterfield,2011
http://dbpedia.org/resource/Luca_Vitali,Luca Vitali,1936
http://dbpedia.org/resource/Kaya_Peker,Kaya Peker,2051
http://dbpedia.org/resource/Corey_Allmond,Corey Allmond,1821
http://dbpedia.org/resource/Nikola_Janković_(basketball),Nikola Janković (basketball),1812
http://dbpedia.org/resource/Jake_Pascual,Jake Pascual,2079
http://dbpedia.org/resource/Anthony_Stover,Anthony Stover,2095
http://dbpedia.org/resource/Walt_Bellamy,Walt Bellamy,1843
http://dbpedia.org/resource/Mikayla_Pirini,Mikayla Pirini,2172
http://dbpedia.org/resource/Jermaine_Taylor_(basketball),Jermaine Taylor (basketball),2024
http://dbpedia.org/resource/Ronnie_Grandison,Ronnie Grandison,1820
http://dbpedia.org/resource/Damir_Šolman,Damir Šolman,2029
http://dbpedia.org/resource/Jay_Bowie,Jay Bowie,2184
http://dbpedia.org/resource/Johnny_O'Bryant_III,Johnny O'Bryant III,1983
http://dbpedia.org/resource/Devin_Searcy,Devin Searcy,1925
http://dbpedia.org/resource/Derrick_Caracter,Derrick Caracter,1988
http://dbpedia.org/resource/James_Feldeine,James Feldeine,2195
http://dbpedia.org/resource/Jared_Jeffries,Jared Jeffries,2053
http://dbpedia.org/resource/Jean-Marc_Mwema,Jean-Marc Mwema,2146
http://dbpedia.org/resource/Bruno_Coqueran,Bruno Coqueran,2022
http://dbpedia.org/resource/Tomislav_Ružić,Tomislav Ružić,1821
http://dbpedia.org/resource/Tyler_Honeycutt,Tyler Honeycutt,2183
http://dbpedia.org/resource/Jonathan_Holmes_(basketball),Jonathan Holmes (basketball),1945
"http://dbpedia.org/resource/Chris_Warren_(basketball,_born_1981)","Chris Warren (basketball, born 1981)",1883
http://dbpedia.org/resource/Bob_Evans_(basketball),Bob Evans (basketball),1809
http://dbpedia.org/resource/Cory_Joseph,Cory Joseph,1976
http://dbpedia.org/resource/Nicolas_de_Jong,Nicolas de Jong,2146
http://dbpedia.org/resource/Nate_Bowie,Nate Bowie,2042
http://dbpedia.org/resource/Petar_Aleksić,Petar Aleksić,2096
http://dbpedia.org/resource/Anthony_Gill_(basketball),Anthony Gill (basketball),1816
http://dbpedia.org/resource/Marin_Rozić,Marin Rozić,2099
http://dbpedia.org/resource/Haukur_Pálsson,Haukur Pálsson,1939
http://dbpedia.org/resource/Elias_Valtonen,Elias Valtonen,2000
http://dbpedia.org/resource/Ashleigh_Grant,Ashleigh Grant,1877
http://dbpedia.org/resource/Stephen_Black,Stephen Black,2024
http://dbpedia.org/resource/Anthony_Dobbins,Anthony Dobbins,1939
http://dbpedia.org/resource/Don_Allado,Don Allado,2088
http://dbpedia.org/resource/Lucho_Fernández,Lucho Fernández,2004
http://dbpedia.org/resource/Şemsettin_Baş,Şemsettin Baş,2095
http://dbpedia.org/resource/Román_González,Román González,1827
http://dbpedia.org/resource/Teoman_Örge,Teoman Örge,1847
http://dbpedia.org/resource/Mick_Hill_(basketball),Mick Hill (basketball),2007
http://dbpedia.org/resource/Goran_Jeretin,Goran Jeretin,1971
http://dbpedia.org/resource/Jason_Killeen,Jason Killeen,1973
http://dbpedia.org/resource/Tony_Lavelli,Tony Lavelli,2024
http://dbpedia.org/resource/James_Wilkes_(basketball),James Wilkes (basketball),2036
http://dbpedia.org/resource/Andrea_La_Torre,Andrea La Torre,1980
http://dbpedia.org/resource/Jack_Tingle,Jack Tingle,1931
http://dbpedia.org/resource/Greg_Sutton_(basketball),Greg Sutton (basketball),2008
http://dbpedia.org/resource/Travis_Bader,Travis Bader,2183
http://dbpedia.org/resource/Robert_Whaley,Robert Whaley,2130
http://dbpedia.org/resource/Awvee_Storey,Awvee Storey,2187
http://dbpedia.org/resource/Estong_Ballesteros,Estong Ballesteros,2185
http://dbpedia.org/resource/Vangelis_Angelou,Vangelis Angelou,1859
http://dbpedia.org/resource/Diante_Garrett,Diante Garrett,1949
http://dbpedia.org/resource/Gatis_Jahovičs,Gatis Jahovičs,2146
http://dbpedia.org/resource/Rodney_Buford,Rodney Buford,1971
http://dbpedia.org/resource/Barbara_Turner_(basketball),Barbara Turner (basketball),2088
http://dbpedia.org/resource/Pele_Paelay,Pele Paelay,2129
http://dbpedia.org/resource/Lou_Hudson,Lou Hudson,1978
http://dbpedia.org/resource/Shekinna_Stricklen,Shekinna Stricklen,2134
http://dbpedia.org/resource/Clay_Johnson_(basketball),Clay Johnson (basketball),1791
http://dbpedia.org/resource/Khem_Birch,Khem Birch,2092
http://dbpedia.org/resource/Morgan_Yaeger,Morgan Yaeger,1966
http://dbpedia.org/resource/Wee_Willie_Smith,Wee Willie Smith,1856
http://dbpedia.org/resource/Ronald_Moore_(basketball),Ronald Moore (basketball),2012
"http://dbpedia.org/resource/Ana_Radović_(basketball,_born_1997)","Ana Radović (basketball, born 1997)",197
http://dbpedia.org/resource/Larry_Costello,Larry Costello,1813
http://dbpedia.org/resource/Aleksandar_Cvetković,Aleksandar Cvetković,1864
http://dbpedia.org/resource/Nikoloz_Tskitishvili,Nikoloz Tskitishvili,2141
http://dbpedia.org/resource/Ron_Moore_(basketball),Ron Moore (basketball),2127
http://dbpedia.org/resource/James_Anderson_(basketball),James Anderson (basketball),2132
http://dbpedia.org/resource/Ivan_Ramljak,Ivan Ramljak,1937
http://dbpedia.org/resource/Sam_Van_Rossom,Sam Van Rossom,2157
http://dbpedia.org/resource/Predrag_Danilović,Predrag Danilović,2021
http://dbpedia.org/resource/Hub_Reed,Hub Reed,2022
http://dbpedia.org/resource/Đorđe_Kaplanović,Đorđe Kaplanović,2060
http://dbpedia.org/resource/Tim_Smith_(basketball),Tim Smith (basketball),1832
http://dbpedia.org/resource/Josh_A._Moore,Josh A. Moore,1989
http://dbpedia.org/resource/Igor_Kudelin,Igor Kudelin,1823
http://dbpedia.org/resource/Edgaras_Ulanovas,Edgaras Ulanovas,2161
http://dbpedia.org/resource/Andre_Wakefield,Andre Wakefield,2031
http://dbpedia.org/resource/Marko_Maravič,Marko Maravič,1830
http://dbpedia.org/resource/Xue_Yuyang,Xue Yuyang,2123
http://dbpedia.org/resource/Rodney_Hamilton,Rodney Hamilton,1970
http://dbpedia.org/resource/Sergey_Karasev,Sergey Karasev,1830
http://dbpedia.org/resource/Sydmill_Harris,Sydmill Harris,2065
http://dbpedia.org/resource/Dennis_Wuycik,Dennis Wuycik,2108
http://dbpedia.org/resource/Anton_Odabasi,Anton Odabasi,2010
http://dbpedia.org/resource/Jim_Loscutoff,Jim Loscutoff,1952
http://dbpedia.org/resource/Florina_Pașcalău,Florina Pașcalău,1927
http://dbpedia.org/resource/Vladimir_Micov,Vladimir Micov,2106
http://dbpedia.org/resource/Jerry_McCullough,Jerry McCullough,1834
http://dbpedia.org/resource/Al_Beard,Al Beard,1936
http://dbpedia.org/resource/Stephanie_Bairstow,Stephanie Bairstow,2124
http://dbpedia.org/resource/Stephen_Graham_(basketball),Stephen Graham (basketball),2071
http://dbpedia.org/resource/Fernando_Raposo,Fernando Raposo,1827
"http://dbpedia.org/resource/Dave_Simmons_(basketball,_born_1963)","Dave Simmons (basketball, born 1963)",1956
http://dbpedia.org/resource/Tanisha_Wright,Tanisha Wright,2080
http://dbpedia.org/resource/Stipe_Modrić,Stipe Modrić,2138
http://dbpedia.org/resource/Matija_Češković,Matija Češković,2083
http://dbpedia.org/resource/Noy_Castillo,Noy Castillo,2003
http://dbpedia.org/resource/Mirza_Sarajlija,Mirza Sarajlija,1879
http://dbpedia.org/resource/Tom_LaGarde,Tom LaGarde,2092
http://dbpedia.org/resource/Paul_Davis_(basketball),Paul Davis (basketball),1990
http://dbpedia.org/resource/Bob_Lloyd,Bob Lloyd,2053
http://dbpedia.org/resource/Andrea_Traini,Andrea Traini,2162
http://dbpedia.org/resource/Alec_Burks,Alec Burks,2174
http://dbpedia.org/resource/Arthur_Lee_(basketball),Arthur Lee (basketball),1983
http://dbpedia.org/resource/Mark_Workman,Mark Workman,2122
http://dbpedia.org/resource/Melvin_Ejim,Melvin Ejim,2097
http://dbpedia.org/resource/Mohamed_Kherrazi,Mohamed Kherrazi,2151
http://dbpedia.org/resource/Niño_Gelig,Niño Gelig,1971
http://dbpedia.org/resource/Tiit_Sokk,Tiit Sokk,2094
http://dbpedia.org/resource/Dionte_Christmas,Dionte Christmas,2189
http://dbpedia.org/resource/Thomas_Gardner_(basketball),Thomas Gardner (basketball),1892
http://dbpedia.org/resource/Jahidi_White,Jahidi White,1857
http://dbpedia.org/resource/Hörður_Vilhjálmsson,Hörður Vilhjálmsson,2017
http://dbpedia.org/resource/Jeremy_Kench,Jeremy Kench,2129
http://dbpedia.org/resource/Berni_Rodríguez,Berni Rodríguez,2027
http://dbpedia.org/resource/Gilbert_Lao,Gilbert Lao,2080
http://dbpedia.org/resource/Vule_Avdalović,Vule Avdalović,1947
http://dbpedia.org/resource/Simon_Petrov,Simon Petrov,2041
http://dbpedia.org/resource/Lee_Seung-hyun_(basketball),Lee Seung-hyun (basketball),2056
http://dbpedia.org/resource/Geoff_Huston,Geoff Huston,2004
http://dbpedia.org/resource/Doron_Lamb,Doron Lamb,2076
http://dbpedia.org/resource/Gerson_Monteiro,Gerson Monteiro,2008
http://dbpedia.org/resource/Christos_Saloustros,Christos Saloustros,2025
http://dbpedia.org/resource/Shaun_Pruitt,Shaun Pruitt,2138
http://dbpedia.org/resource/Steve_Patterson_(basketball),Steve Patterson (basketball),1935
http://dbpedia.org/resource/Shanna_Zolman,Shanna Zolman,1855
http://dbpedia.org/resource/Brian_Grant,Brian Grant,2089
http://dbpedia.org/resource/Yancy_Gates,Yancy Gates,1990
http://dbpedia.org/resource/James_Webb_III,James Webb III,1866
http://dbpedia.org/resource/Cozell_McQueen,Cozell McQueen,1990
http://dbpedia.org/resource/Tom_Riker,Tom Riker,1906
http://dbpedia.org/resource/Andrija_Simović,Andrija Simović,2064
http://dbpedia.org/resource/Patrick_O'Bryant,Patrick O'Bryant,2051
http://dbpedia.org/resource/Barış_Hersek,Barış Hersek,1993
http://dbpedia.org/resource/Eurelijus_Žukauskas,Eurelijus Žukauskas,1824
http://dbpedia.org/resource/Alicia_Thompson,Alicia Thompson,1998
http://dbpedia.org/resource/Riego_Gamalinda,Riego Gamalinda,2012
http://dbpedia.org/resource/Sebastian_Fülle,Sebastian Fülle,2130
http://dbpedia.org/resource/İnanç_Koç,İnanç Koç,2113
http://dbpedia.org/resource/Miloš_Teodosić,Miloš Teodosić,2128
http://dbpedia.org/resource/Pierre_Jackson,Pierre Jackson,2092
http://dbpedia.org/resource/Chris_Hunter_(basketball),Chris Hunter (basketball),2094
http://dbpedia.org/resource/DeQuan_Jones,DeQuan Jones,2085
http://dbpedia.org/resource/Cameron_Payne,Cameron Payne,1937
http://dbpedia.org/resource/Mike_Farmer,Mike Farmer,1910
http://dbpedia.org/resource/José_Fabio,José Fabio,1980
http://dbpedia.org/resource/Ties_Theeuwkens,Ties Theeuwkens,2103
http://dbpedia.org/resource/Vladimir_Petrović-Stergiou,Vladimir Petrović-Stergiou,2071
http://dbpedia.org/resource/Jamar_Howard,Jamar Howard,2028
http://dbpedia.org/resource/Brandon_Cablay,Brandon Cablay,2026
http://dbpedia.org/resource/Fran_Harris,Fran Harris,1900
http://dbpedia.org/resource/Royce_Parran,Royce Parran,1991
http://dbpedia.org/resource/Brendan_Winters,Brendan Winters,1966
http://dbpedia.org/resource/Kyle_Johnson_(basketball),Kyle Johnson (basketball),2167
http://dbpedia.org/resource/Alen_Omić,Alen Omić,1985
http://dbpedia.org/resource/Wil_Jones,Wil Jones,2115
http://dbpedia.org/resource/Scott_Machado,Scott Machado,2024
http://dbpedia.org/resource/Steve_Johnson_(basketball),Steve Johnson (basketball),1841
http://dbpedia.org/resource/Travis_Walton_(basketball),Travis Walton (basketball),1859
http://dbpedia.org/resource/Tungalagiin_Sanchir,Tungalagiin Sanchir,1971
http://dbpedia.org/resource/Blaž_Mesiček,Blaž Mesiček,1937
http://dbpedia.org/resource/Tom_Kondla,Tom Kondla,2099
http://dbpedia.org/resource/Biljana_Stanković,Biljana Stanković,2075
http://dbpedia.org/resource/Kote_Tugushi,Kote Tugushi,1862
http://dbpedia.org/resource/Quinnel_Brown,Quinnel Brown,1990
http://dbpedia.org/resource/Donnie_Freeman,Donnie Freeman,1960
http://dbpedia.org/resource/Eddie_Jordan_(basketball),Eddie Jordan (basketball),1977
http://dbpedia.org/resource/Courtney_Vandersloot,Courtney Vandersloot,1907
http://dbpedia.org/resource/Ivana_Tikvić,Ivana Tikvić,2203
http://dbpedia.org/resource/Mikaela_Dombkins,Mikaela Dombkins,2190
http://dbpedia.org/resource/Vyacheslav_Motorchuk,Vyacheslav Motorchuk,1854
http://dbpedia.org/resource/Aleksandar_Pavlović,Aleksandar Pavlović,2003
http://dbpedia.org/resource/Nikola_Mirotić,Nikola Mirotić,1822
http://dbpedia.org/resource/Evgeniya_Belyakova,Evgeniya Belyakova,2084
http://dbpedia.org/resource/Jack_Leasure,Jack Leasure,1866
"http://dbpedia.org/resource/Chris_Warren_(basketball,_born_1988)","Chris Warren (basketball, born 1988)",2095
http://dbpedia.org/resource/Robin_Smeulders,Robin Smeulders,1904
http://dbpedia.org/resource/Milica_Deura,Milica Deura,1836
http://dbpedia.org/resource/Matt_Gorman,Matt Gorman,1986
http://dbpedia.org/resource/George_L._Johnson,George L. Johnson,2001
http://dbpedia.org/resource/Gëzim_Morina,Gëzim Morina,2151
http://dbpedia.org/resource/Nenad_Zivčević,Nenad Zivčević,1986
http://dbpedia.org/resource/Sofoklis_Schortsanitis,Sofoklis Schortsanitis,1805
http://dbpedia.org/resource/Olcay_Çakır,Olcay Çakır,1944
http://dbpedia.org/resource/Tweety_Carter,Tweety Carter,2081
http://dbpedia.org/resource/Srdjan_Živković,Srdjan Živković,2082
http://dbpedia.org/resource/Mark_Blount,Mark Blount,1923
http://dbpedia.org/resource/Maksym_Pustozvonov,Maksym Pustozvonov,1829
http://dbpedia.org/resource/Happy_Hairston,Happy Hairston,1913
http://dbpedia.org/resource/Chamique_Holdsclaw,Chamique Holdsclaw,1932
http://dbpedia.org/resource/Braydon_Hobbs,Braydon Hobbs,2144
http://dbpedia.org/resource/Fred_Hoiberg,Fred Hoiberg,2143
http://dbpedia.org/resource/Karla_Vreš,Karla Vreš,2181
http://dbpedia.org/resource/Sokratis_Naoumis,Sokratis Naoumis,2159
http://dbpedia.org/resource/Eleanna_Christinaki,Eleanna Christinaki,2177
http://dbpedia.org/resource/Marcos_Delía,Marcos Delía,1993
http://dbpedia.org/resource/Seth_Doliboa,Seth Doliboa,2122
http://dbpedia.org/resource/Junjun_Cabatu,Junjun Cabatu,1867
http://dbpedia.org/resource/Brian_Lynch_(basketball),Brian Lynch (basketball),2024
http://dbpedia.org/resource/Jack_Coleman_(basketball),Jack Coleman (basketball),1903
http://dbpedia.org/resource/Cole_Dickerson,Cole Dickerson,1850
http://dbpedia.org/resource/Duane_Woodward,Duane Woodward,1859
http://dbpedia.org/resource/Kristaps_Porziņģis,Kristaps Porziņģis,1944
http://dbpedia.org/resource/Quinn_Cook,Quinn Cook,2121
http://dbpedia.org/resource/Cory_Remekun,Cory Remekun,2180
http://dbpedia.org/resource/Moriah_Jefferson,Moriah Jefferson,2147
http://dbpedia.org/resource/Andrés_Rodríguez_(basketball),Andrés Rodríguez (basketball),2020
http://dbpedia.org/resource/Román_Montañez,Román Montañez,1913
http://dbpedia.org/resource/Schea_Cotton,Schea Cotton,1875
http://dbpedia.org/resource/Gec_Chia,Gec Chia,2024
http://dbpedia.org/resource/Torrey_Craig,Torrey Craig,2061
http://dbpedia.org/resource/Jake_Tsakalidis,Jake Tsakalidis,1980
http://dbpedia.org/resource/Afik_Nissim,Afik Nissim,1932
http://dbpedia.org/resource/Víctor_Ávila,Víctor Ávila,1843
http://dbpedia.org/resource/Albert_White_(basketball),Albert White (basketball),2098
http://dbpedia.org/resource/Mikko_Koivisto,Mikko Koivisto,1841
http://dbpedia.org/resource/Ufuk_Sarıca,Ufuk Sarıca,1961
http://dbpedia.org/resource/Adrian_Griffin,Adrian Griffin,2162
http://dbpedia.org/resource/Joonas_Järveläinen,Joonas Järveläinen,1863
http://dbpedia.org/resource/Giorgi_Tsintsadze,Giorgi Tsintsadze,1982
http://dbpedia.org/resource/Konrad_Wysocki,Konrad Wysocki,2068
http://dbpedia.org/resource/David_Simon_(basketball),David Simon (basketball),2069
http://dbpedia.org/resource/Jermaine_Love,Jermaine Love,1875
http://dbpedia.org/resource/Ric-Ric_Marata,Ric-Ric Marata,2023
http://dbpedia.org/resource/Kim_Perrot,Kim Perrot,2069
http://dbpedia.org/resource/Sui_Ran,Sui Ran,2090
http://dbpedia.org/resource/Marc_Egerson,Marc Egerson,2031
http://dbpedia.org/resource/Tracy_Murray,Tracy Murray,1813
http://dbpedia.org/resource/B._J._Tyler,B. J. Tyler,2084
http://dbpedia.org/resource/Steve_Harris_(basketball),Steve Harris (basketball),2044
http://dbpedia.org/resource/Nikolina_Grabovac,Nikolina Grabovac,196
http://dbpedia.org/resource/Norman_Black,Norman Black,2086
http://dbpedia.org/resource/Billy_Knight,Billy Knight,1948
http://dbpedia.org/resource/Ryan_Pettinella,Ryan Pettinella,1959
http://dbpedia.org/resource/Tristan_Thompson,Tristan Thompson,1942
http://dbpedia.org/resource/Draško_Knežević,Draško Knežević,2021
http://dbpedia.org/resource/Colleen_Planeta,Colleen Planeta,2072
http://dbpedia.org/resource/Jason_Ellis_(basketball),Jason Ellis (basketball),1931
http://dbpedia.org/resource/Georgi_Mladenov,Georgi Mladenov,2135
http://dbpedia.org/resource/Stefan_Živanović,Stefan Živanović,2112
http://dbpedia.org/resource/Gal_Mekel,Gal Mekel,2170
http://dbpedia.org/resource/Álex_Mumbrú,Álex Mumbrú,2014
http://dbpedia.org/resource/Clarence_Brookins,Clarence Brookins,2048
http://dbpedia.org/resource/Fernando_San_Emeterio,Fernando San Emeterio,2124
http://dbpedia.org/resource/Adem_Ören,Adem Ören,2018
http://dbpedia.org/resource/Eric_Riley,Eric Riley,1846
http://dbpedia.org/resource/Kendrick_Perry,Kendrick Perry,2027
http://dbpedia.org/resource/Andre_Moore,Andre Moore,1814
http://dbpedia.org/resource/Kyle_Anderson_(basketball),Kyle Anderson (basketball),1961
http://dbpedia.org/resource/Eddy_Curry,Eddy Curry,2134
http://dbpedia.org/resource/Oded_Kattash,Oded Kattash,1980
http://dbpedia.org/resource/Vladimir_Tica,Vladimir Tica,1962
http://dbpedia.org/resource/Wesley_Johnson_(basketball),Wesley Johnson (basketball),2148
http://dbpedia.org/resource/Geron_Johnson,Geron Johnson,2172
http://dbpedia.org/resource/Alain_Digbeu,Alain Digbeu,2084
http://dbpedia.org/resource/Tom_Kozelko,Tom Kozelko,1828
http://dbpedia.org/resource/Tomas_Delininkaitis,Tomas Delininkaitis,2093
http://dbpedia.org/resource/Yelena_Leuchanka,Yelena Leuchanka,1901
http://dbpedia.org/resource/Bob_Greacen,Bob Greacen,1814
http://dbpedia.org/resource/Toni_Kukoč,Toni Kukoč,1951
http://dbpedia.org/resource/Đoko_Šalić,Đoko Šalić,1875
http://dbpedia.org/resource/Leon_Henry,Leon Henry,2087
http://dbpedia.org/resource/Ben_McCauley,Ben McCauley,2034
http://dbpedia.org/resource/Paul_Henare,Paul Henare,2136
http://dbpedia.org/resource/Leo_Klier,Leo Klier,2134
http://dbpedia.org/resource/Mark_Wade,Mark Wade,1870
http://dbpedia.org/resource/Brian_Cusworth,Brian Cusworth,1938
http://dbpedia.org/resource/Kristīne_Kārkliņa,Kristīne Kārkliņa,2038
http://dbpedia.org/resource/Blerim_Mazreku,Blerim Mazreku,1987
http://dbpedia.org/resource/Mouhammad_Faye,Mouhammad Faye,1998
http://dbpedia.org/resource/Ben_Uzoh,Ben Uzoh,2010
http://dbpedia.org/resource/Valentijn_Lietmeijer,Valentijn Lietmeijer,2028
http://dbpedia.org/resource/Tom_Van_Arsdale,Tom Van Arsdale,2093
http://dbpedia.org/resource/Dieter_Strack,Dieter Strack,1916
http://dbpedia.org/resource/Dave_Budd,Dave Budd,2113
http://dbpedia.org/resource/Javi_Salgado,Javi Salgado,2002
http://dbpedia.org/resource/Dino_Rađa,Dino Rađa,1819
http://dbpedia.org/resource/Gilberto_Clavell,Gilberto Clavell,2094
http://dbpedia.org/resource/Andy_Rautins,Andy Rautins,2056
http://dbpedia.org/resource/Dwight_Powell,Dwight Powell,1917
http://dbpedia.org/resource/David_Aliu,David Aliu,1898
http://dbpedia.org/resource/Vasilije_Micić,Vasilije Micić,2019
http://dbpedia.org/resource/Pierre-Antoine_Gillet,Pierre-Antoine Gillet,1814
http://dbpedia.org/resource/Brigitte_Ardossi,Brigitte Ardossi,2042
http://dbpedia.org/resource/Perry_Ellis_(basketball),Perry Ellis (basketball),1849
http://dbpedia.org/resource/Elishay_Kadir,Elishay Kadir,2038
http://dbpedia.org/resource/Kiril_Nikolovski,Kiril Nikolovski,1996
http://dbpedia.org/resource/Isaac_Fontaine,Isaac Fontaine,1981
http://dbpedia.org/resource/Mark_West_(basketball),Mark West (basketball),1786
http://dbpedia.org/resource/Tamar_Slay,Tamar Slay,2119
http://dbpedia.org/resource/Wayne_Hightower,Wayne Hightower,1995
http://dbpedia.org/resource/İsmail_Cem_Ulusoy,İsmail Cem Ulusoy,2015
http://dbpedia.org/resource/Marius_Grigonis,Marius Grigonis,2098
http://dbpedia.org/resource/Anthony_Davis_(basketball),Anthony Davis (basketball),2150
http://dbpedia.org/resource/Fred_Roberts,Fred Roberts,2092
http://dbpedia.org/resource/Lee_Huber,Lee Huber,2080
http://dbpedia.org/resource/Robert_Sampson_(basketball),Robert Sampson (basketball),1978
http://dbpedia.org/resource/Tyler_Wilkerson,Tyler Wilkerson,1940
http://dbpedia.org/resource/Mark_Barroca,Mark Barroca,1821
http://dbpedia.org/resource/Curtis_Millage,Curtis Millage,1945
http://dbpedia.org/resource/Berk_Uğurlu,Berk Uğurlu,1836
http://dbpedia.org/resource/Ed_Ratleff,Ed Ratleff,1829
http://dbpedia.org/resource/Michael_Kidd-Gilchrist,Michael Kidd-Gilchrist,2159
http://dbpedia.org/resource/Talvin_Skinner,Talvin Skinner,1956
http://dbpedia.org/resource/Nuria_Martínez,Nuria Martínez,1898
http://dbpedia.org/resource/Ronnie_McCollum,Ronnie McCollum,2161
http://dbpedia.org/resource/Gary_Alcorn,Gary Alcorn,2006
http://dbpedia.org/resource/Demetris_Nichols,Demetris Nichols,1814
http://dbpedia.org/resource/Tammy_Jackson,Tammy Jackson,1826
http://dbpedia.org/resource/Tasos_Dimas,Tasos Dimas,2036
http://dbpedia.org/resource/Tangela_Smith,Tangela Smith,1848
http://dbpedia.org/resource/Mihaela_Lazić,Mihaela Lazić,1820
http://dbpedia.org/resource/A._J._Slaughter,A. J. Slaughter,1880
http://dbpedia.org/resource/Speedy_Claxton,Speedy Claxton,1916
http://dbpedia.org/resource/Ioannis_Georgallis,Ioannis Georgallis,2109
http://dbpedia.org/resource/Corey_Belser,Corey Belser,1974
http://dbpedia.org/resource/Patrick_Femerling,Patrick Femerling,2018
http://dbpedia.org/resource/Miro_Bilan,Miro Bilan,1966
http://dbpedia.org/resource/Will_Cummings,Will Cummings,2099
http://dbpedia.org/resource/Antoine_Rigaudeau,Antoine Rigaudeau,1958
http://dbpedia.org/resource/Brian_Cook,Brian Cook,1996
http://dbpedia.org/resource/Leon_Powe,Leon Powe,1889
http://dbpedia.org/resource/Damon_Williams,Damon Williams,1861
http://dbpedia.org/resource/Vallo_Allingu,Vallo Allingu,1963
http://dbpedia.org/resource/Nikola_Vučurović,Nikola Vučurović,1896
http://dbpedia.org/resource/Calvin_Booth,Calvin Booth,2143
http://dbpedia.org/resource/Slobodan_Agoč,Slobodan Agoč,2144
http://dbpedia.org/resource/Scottie_Wilbekin,Scottie Wilbekin,1833
http://dbpedia.org/resource/LaSalle_Thompson,LaSalle Thompson,1852
http://dbpedia.org/resource/Demarius_Bolds,Demarius Bolds,2022
http://dbpedia.org/resource/Danny_Ainge,Danny Ainge,1930
http://dbpedia.org/resource/Raegan_Pebley,Raegan Pebley,1828
http://dbpedia.org/resource/Andrew_Smith_(basketball),Andrew Smith (basketball),1999
http://dbpedia.org/resource/Danny_Young_(basketball),Danny Young (basketball),1873
http://dbpedia.org/resource/Igor_Rakočević,Igor Rakočević,2146
http://dbpedia.org/resource/Pablo_Prigioni,Pablo Prigioni,1915
http://dbpedia.org/resource/Sidney_Lowe,Sidney Lowe,1794
http://dbpedia.org/resource/Darrell_Harris,Darrell Harris,1858
http://dbpedia.org/resource/Andre_Hollins,Andre Hollins,1819
http://dbpedia.org/resource/Artem_Zabelin,Artem Zabelin,2042
http://dbpedia.org/resource/Laurence_Bowers,Laurence Bowers,1882
http://dbpedia.org/resource/Shenise_Johnson,Shenise Johnson,1877
http://dbpedia.org/resource/T._J._Sorrentine,T. J. Sorrentine,1820
http://dbpedia.org/resource/Desmond_Oh,Desmond Oh,2117
http://dbpedia.org/resource/Ronnie_Fields,Ronnie Fields,2050
http://dbpedia.org/resource/John_Rudometkin,John Rudometkin,1863
http://dbpedia.org/resource/Srdjan_Stanković,Srdjan Stanković,2016
http://dbpedia.org/resource/Axel_Hervelle,Axel Hervelle,1904
http://dbpedia.org/resource/Anton_Gaddefors,Anton Gaddefors,1843
http://dbpedia.org/resource/Bob_Priddy_(basketball),Bob Priddy (basketball),2042
http://dbpedia.org/resource/Cameron_Jones,Cameron Jones,2114
http://dbpedia.org/resource/Dušan_Kutlešić,Dušan Kutlešić,2077
http://dbpedia.org/resource/Dino_Daa,Dino Daa,1914
http://dbpedia.org/resource/Henry_Williams_(basketball),Henry Williams (basketball),1911
http://dbpedia.org/resource/Uwe_Blab,Uwe Blab,2089
"http://dbpedia.org/resource/Cliff_Robinson_(basketball,_born_1960)","Cliff Robinson (basketball, born 1960)",1918
http://dbpedia.org/resource/Neil_Fingleton,Neil Fingleton,1838
http://dbpedia.org/resource/Chatilla_van_Grinsven,Chatilla van Grinsven,1874
http://dbpedia.org/resource/LaRon_Dendy,LaRon Dendy,1909
http://dbpedia.org/resource/Hank_Beenders,Hank Beenders,1928
http://dbpedia.org/resource/Tommy_Brenton,Tommy Brenton,2117
http://dbpedia.org/resource/LaRue_Martin,LaRue Martin,1866
http://dbpedia.org/resource/Mantas_Kalnietis,Mantas Kalnietis,2110
http://dbpedia.org/resource/Jermaine_Jackson_(basketball),Jermaine Jackson (basketball),2112
http://dbpedia.org/resource/Oliver_Popović,Oliver Popović,2163
http://dbpedia.org/resource/Flynn_Robinson,Flynn Robinson,2141
http://dbpedia.org/resource/Eddie_Basden,Eddie Basden,1948
http://dbpedia.org/resource/Miroslav_Radošević,Miroslav Radošević,2154
http://dbpedia.org/resource/Dušan_Mlađan,Dušan Mlađan,1991
http://dbpedia.org/resource/Ewon_Arayi,Ewon Arayi,1982
http://dbpedia.org/resource/Vince_Kelley,Vince Kelley,2177
http://dbpedia.org/resource/Norm_Van_Lier,Norm Van Lier,1999
http://dbpedia.org/resource/Ed_McCants,Ed McCants,2106
http://dbpedia.org/resource/Martin_Hermannsson,Martin Hermannsson,2198
http://dbpedia.org/resource/Brian_Randle,Brian Randle,2001
http://dbpedia.org/resource/Grady_Lewis,Grady Lewis,2046
http://dbpedia.org/resource/Brad_Holland,Brad Holland,1876
http://dbpedia.org/resource/Genti_Lasku,Genti Lasku,211
http://dbpedia.org/resource/Scott_Fenton,Scott Fenton,1823
http://dbpedia.org/resource/Zelmo_Beaty,Zelmo Beaty,1851
http://dbpedia.org/resource/Elgin_Cook,Elgin Cook,1820
http://dbpedia.org/resource/Johnny_Green_(basketball),Johnny Green (basketball),1927
http://dbpedia.org/resource/Jamal_Olasewere,Jamal Olasewere,2010
http://dbpedia.org/resource/Ömer_Onan,Ömer Onan,1802
http://dbpedia.org/resource/Wynne_Arboleda,Wynne Arboleda,2124
http://dbpedia.org/resource/Gabriel_Deck,Gabriel Deck,1942
"http://dbpedia.org/resource/Anthony_Fisher_(basketball,_born_1994)","Anthony Fisher (basketball, born 1994)",2019
http://dbpedia.org/resource/Maja_Miljković,Maja Miljković,2182
http://dbpedia.org/resource/Kenny_Natt,Kenny Natt,2074
http://dbpedia.org/resource/Bobby_Wanzer,Bobby Wanzer,1804
http://dbpedia.org/resource/Alex_Wilson_(basketball),Alex Wilson (basketball),1939
http://dbpedia.org/resource/C._J._Leslie,C. J. Leslie,1835
http://dbpedia.org/resource/Evgeny_Valiev,Evgeny Valiev,1993
http://dbpedia.org/resource/Lukša_Andrić,Lukša Andrić,2175
http://dbpedia.org/resource/Cvetana_Dekleva,Cvetana Dekleva,2157
http://dbpedia.org/resource/Ville_Kaunisto,Ville Kaunisto,2188
http://dbpedia.org/resource/Kiesha_Brown,Kiesha Brown,2043
http://dbpedia.org/resource/Alex_Stivrins,Alex Stivrins,1841
http://dbpedia.org/resource/Karl_Malone,Karl Malone,2161
http://dbpedia.org/resource/Craig_Ehlo,Craig Ehlo,1941
http://dbpedia.org/resource/Matt_Ganuelas-Rosser,Matt Ganuelas-Rosser,2213
http://dbpedia.org/resource/Dražen_Petrović,Dražen Petrović,2101
http://dbpedia.org/resource/Milena_Bajić,Milena Bajić,2150
http://dbpedia.org/resource/Jared_Jordan,Jared Jordan,1995
http://dbpedia.org/resource/Ron_Williams_(basketball),Ron Williams (basketball),2116
http://dbpedia.org/resource/Boris_Dallo,Boris Dallo,2140
http://dbpedia.org/resource/Willie_Cauley-Stein,Willie Cauley-Stein,1877
http://dbpedia.org/resource/Khalif_Wyatt,Khalif Wyatt,2043
http://dbpedia.org/resource/Boris_Diaw,Boris Diaw,1823
http://dbpedia.org/resource/Javier_Justiz,Javier Justiz,2016
http://dbpedia.org/resource/Brendan_Haywood,Brendan Haywood,2097
http://dbpedia.org/resource/Jayjay_Helterbrand,Jayjay Helterbrand,2068
http://dbpedia.org/resource/Esteban_Batista,Esteban Batista,1983
http://dbpedia.org/resource/Hamed_Haddadi,Hamed Haddadi,1800
http://dbpedia.org/resource/Jim_Creighton_(basketball),Jim Creighton (basketball),2167
http://dbpedia.org/resource/Howard_Frier,Howard Frier,2153
http://dbpedia.org/resource/Andrew_Vlahov,Andrew Vlahov,2131
http://dbpedia.org/resource/Justin_Harper_(basketball),Justin Harper (basketball),1885
http://dbpedia.org/resource/James_Collins_(basketball),James Collins (basketball),2001
http://dbpedia.org/resource/Ebony_Hoffman,Ebony Hoffman,1986
http://dbpedia.org/resource/Marcus_Ginyard,Marcus Ginyard,2069
http://dbpedia.org/resource/Dick_Schulz,Dick Schulz,1774
http://dbpedia.org/resource/Matt_Lojeski,Matt Lojeski,2005
http://dbpedia.org/resource/Larry_Rodriguez_(basketball),Larry Rodriguez (basketball),1849
http://dbpedia.org/resource/Cesar_Chavez_Jacobo,Cesar Chavez Jacobo,1875
http://dbpedia.org/resource/Doc_Rivers,Doc Rivers,1900
http://dbpedia.org/resource/Art_Burris,Art Burris,2139
http://dbpedia.org/resource/Ryan_Kelly_(basketball),Ryan Kelly (basketball),2007
http://dbpedia.org/resource/J'Covan_Brown,J'Covan Brown,1922
http://dbpedia.org/resource/Tamecka_Dixon,Tamecka Dixon,2138
http://dbpedia.org/resource/Drew_Gooden,Drew Gooden,2021
http://dbpedia.org/resource/Jeff_Ayres,Jeff Ayres,2142
http://dbpedia.org/resource/Nenad_Krstić,Nenad Krstić,2003
http://dbpedia.org/resource/Gary_Melchionni,Gary Melchionni,2129
http://dbpedia.org/resource/Ding_Jinhui,Ding Jinhui,2035
http://dbpedia.org/resource/Glen_Saville,Glen Saville,1884
http://dbpedia.org/resource/Fran_Vázquez,Fran Vázquez,2182
http://dbpedia.org/resource/Chamberlain_Oguchi,Chamberlain Oguchi,2142
http://dbpedia.org/resource/Chad_Gallagher,Chad Gallagher,1885
http://dbpedia.org/resource/Betnijah_Laney,Betnijah Laney,1883
http://dbpedia.org/resource/Kurt_Looby,Kurt Looby,2110
http://dbpedia.org/resource/Neil_Watson,Neil Watson,2104
http://dbpedia.org/resource/Frank_Johnson_(basketball),Frank Johnson (basketball),2171
http://dbpedia.org/resource/Kenny_Fields,Kenny Fields,1914
http://dbpedia.org/resource/Kristaps_Valters,Kristaps Valters,2162
http://dbpedia.org/resource/D._J._Gay,D. J. Gay,2130
http://dbpedia.org/resource/Raško_Katić,Raško Katić,2078
http://dbpedia.org/resource/Taylor_Griffin,Taylor Griffin,1921
http://dbpedia.org/resource/John_Laskowski,John Laskowski,1958
http://dbpedia.org/resource/Devin_Smith_(basketball),Devin Smith (basketball),2125
http://dbpedia.org/resource/Mile_Ilić,Mile Ilić,1991
http://dbpedia.org/resource/LaceDarius_Dunn,LaceDarius Dunn,2110
http://dbpedia.org/resource/Nikola_Ivanović,Nikola Ivanović,2115
http://dbpedia.org/resource/George_Lehmann,George Lehmann,1941
http://dbpedia.org/resource/Kenny_Gabriel,Kenny Gabriel,2171
http://dbpedia.org/resource/Mike_Gansey,Mike Gansey,2175
http://dbpedia.org/resource/Ron_Slay,Ron Slay,2033
http://dbpedia.org/resource/Alice_Kunek,Alice Kunek,1919
http://dbpedia.org/resource/Mārtiņš_Laksa,Mārtiņš Laksa,1983
http://dbpedia.org/resource/Lance_Allred,Lance Allred,2145
http://dbpedia.org/resource/Kostja_Mushidi,Kostja Mushidi,1920
http://dbpedia.org/resource/Gintaras_Kadžiulis,Gintaras Kadžiulis,2144
http://dbpedia.org/resource/Petey_Sessoms,Petey Sessoms,2160
http://dbpedia.org/resource/Berend_Weijs,Berend Weijs,2159
http://dbpedia.org/resource/Herschel_Baltimore,Herschel Baltimore,2082
http://dbpedia.org/resource/Boban_Marjanović,Boban Marjanović,1908
http://dbpedia.org/resource/Marta_Xargay,Marta Xargay,1965
http://dbpedia.org/resource/Beau_Belga,Beau Belga,2106
http://dbpedia.org/resource/Amber_Jacobs,Amber Jacobs,2146
http://dbpedia.org/resource/Vergel_Meneses,Vergel Meneses,1916
http://dbpedia.org/resource/Dāvis_Bertāns,Dāvis Bertāns,1851
http://dbpedia.org/resource/Mired_Jani,Mired Jani,2155
http://dbpedia.org/resource/Fotios_Zoumpos,Fotios Zoumpos,2175
http://dbpedia.org/resource/Dick_Holub,Dick Holub,1847
http://dbpedia.org/resource/Kobe_Bryant,Kobe Bryant,2053
http://dbpedia.org/resource/Gerald_Fitch,Gerald Fitch,1935
http://dbpedia.org/resource/Tom_Abernethy,Tom Abernethy,2074
http://dbpedia.org/resource/Dmitry_Korshakov,Dmitry Korshakov,1928
http://dbpedia.org/resource/Quincy_Miller,Quincy Miller,2100
http://dbpedia.org/resource/Derek_Strong,Derek Strong,2051
"http://dbpedia.org/resource/Lorenzo_Williams_(basketball,_born_1984)","Lorenzo Williams (basketball, born 1984)",1935
http://dbpedia.org/resource/Sten_Sokk,Sten Sokk,1839
http://dbpedia.org/resource/Jerome_Randle,Jerome Randle,1846
http://dbpedia.org/resource/Greg_Monroe,Greg Monroe,2154
http://dbpedia.org/resource/Antonio_Harvey,Antonio Harvey,1910
http://dbpedia.org/resource/Dwayne_Washington_(basketball),Dwayne Washington (basketball),1955
http://dbpedia.org/resource/Nikola_Jestratijević,Nikola Jestratijević,1943
http://dbpedia.org/resource/Melvin_Johnson_III,Melvin Johnson III,1992
http://dbpedia.org/resource/Eric_Rodriguez_(basketball),Eric Rodriguez (basketball),2039
http://dbpedia.org/resource/Mikki_Moore,Mikki Moore,2042
http://dbpedia.org/resource/Justin_Greene,Justin Greene,1929
http://dbpedia.org/resource/Mike_Smrek,Mike Smrek,2065
http://dbpedia.org/resource/Chris_Banchero,Chris Banchero,1828
http://dbpedia.org/resource/Mookie_Blaylock,Mookie Blaylock,1839
http://dbpedia.org/resource/Janari_Jõesaar,Janari Jõesaar,1970
http://dbpedia.org/resource/Sheena_Moore,Sheena Moore,2048
http://dbpedia.org/resource/Ajou_Deng,Ajou Deng,1959
http://dbpedia.org/resource/Kerby_Raymundo,Kerby Raymundo,2039
http://dbpedia.org/resource/Thierry_Rupert,Thierry Rupert,2044
http://dbpedia.org/resource/Dolph_Schayes,Dolph Schayes,1757
http://dbpedia.org/resource/Srdjan_Pejicic,Srdjan Pejicic,1898
http://dbpedia.org/resource/Ainsley_Walsh,Ainsley Walsh,2035
http://dbpedia.org/resource/Johnny_Moore_(basketball),Johnny Moore (basketball),1965
http://dbpedia.org/resource/Hayk_Gyokchyan,Hayk Gyokchyan,1914
http://dbpedia.org/resource/Courtney_Clements,Courtney Clements,1975
http://dbpedia.org/resource/Uroš_Tripković,Uroš Tripković,2079
http://dbpedia.org/resource/Demetrius_Conger,Demetrius Conger,2212
http://dbpedia.org/resource/Arnis_Vecvagars,Arnis Vecvagars,1803
http://dbpedia.org/resource/Tyrone_Watson,Tyrone Watson,1893
http://dbpedia.org/resource/Bill_Calhoun_(basketball),Bill Calhoun (basketball),2015
http://dbpedia.org/resource/Yannick_van_der_Ark,Yannick van der Ark,2122
http://dbpedia.org/resource/Ceyhun_Altay,Ceyhun Altay,2182
http://dbpedia.org/resource/Oscar_Schmidt,Oscar Schmidt,2105
http://dbpedia.org/resource/Rosell_Ellis,Rosell Ellis,2068
http://dbpedia.org/resource/Alex_Stepheson,Alex Stepheson,1864
http://dbpedia.org/resource/Thomas_Heurtel,Thomas Heurtel,2029
http://dbpedia.org/resource/Mike_Jackson_(basketball),Mike Jackson (basketball),1907
http://dbpedia.org/resource/Yohann_Sangaré,Yohann Sangaré,1902
http://dbpedia.org/resource/Kevin_Braswell,Kevin Braswell,2171
http://dbpedia.org/resource/Egidijus_Dimša,Egidijus Dimša,2056
http://dbpedia.org/resource/María_Pina,María Pina,2073
http://dbpedia.org/resource/Quinton_Hosley,Quinton Hosley,2123
http://dbpedia.org/resource/Miloš_Bojović,Miloš Bojović,2150
http://dbpedia.org/resource/Patric_Young,Patric Young,2113
http://dbpedia.org/resource/Luca_Campani,Luca Campani,1970
http://dbpedia.org/resource/Carolyn_Swords,Carolyn Swords,2190
http://dbpedia.org/resource/Chip_Jones,Chip Jones,1832
http://dbpedia.org/resource/Anthony_Lee-Ingram,Anthony Lee-Ingram,2170
http://dbpedia.org/resource/Mohamed_Tangara,Mohamed Tangara,2173
http://dbpedia.org/resource/Leslie_McDonald,Leslie McDonald,1922
http://dbpedia.org/resource/Ville_Pekkola,Ville Pekkola,2029
http://dbpedia.org/resource/Darryl_Watkins,Darryl Watkins,1949
http://dbpedia.org/resource/Milan_Dozet,Milan Dozet,2142
http://dbpedia.org/resource/Muratcan_Güler,Muratcan Güler,2104
http://dbpedia.org/resource/Kyle_Hill,Kyle Hill,2147
http://dbpedia.org/resource/David_Jelínek,David Jelínek,1955
http://dbpedia.org/resource/Hassan_Whiteside,Hassan Whiteside,2036
http://dbpedia.org/resource/Radisav_Ćurčić,Radisav Ćurčić,2017
http://dbpedia.org/resource/Reimo_Tamm,Reimo Tamm,1854
http://dbpedia.org/resource/Neda_Lokas,Neda Lokas,1979
http://dbpedia.org/resource/John_Roche_(basketball),John Roche (basketball),1915
http://dbpedia.org/resource/Stan_Okoye,Stan Okoye,1904
http://dbpedia.org/resource/Vladan_Vukosavljević,Vladan Vukosavljević,1811
http://dbpedia.org/resource/Ognjen_Čarapić,Ognjen Čarapić,2108
http://dbpedia.org/resource/Jelena_Jovanović,Jelena Jovanović,2153
http://dbpedia.org/resource/Şaziye_İvegin,Şaziye İvegin,1797
http://dbpedia.org/resource/Kevin_Tiggs,Kevin Tiggs,1822
http://dbpedia.org/resource/Joseph_Yeo,Joseph Yeo,2086
http://dbpedia.org/resource/Richard_Petruška,Richard Petruška,2006
http://dbpedia.org/resource/Ilian_Evtimov,Ilian Evtimov,2205
"http://dbpedia.org/resource/Andre_Smith_(basketball,_born_1985)","Andre Smith (basketball, born 1985)",2112
http://dbpedia.org/resource/Tomčo_Sokolov,Tomčo Sokolov,2049
"http://dbpedia.org/resource/Mike_Jones_(basketball,_born_1984)","Mike Jones (basketball, born 1984)",2065
http://dbpedia.org/resource/Nika_Barič,Nika Barič,2064
http://dbpedia.org/resource/Altan_Erol,Altan Erol,1954
http://dbpedia.org/resource/Tu_Holloway,Tu Holloway,1955
http://dbpedia.org/resource/Ioannis_Karathanasis,Ioannis Karathanasis,1989
http://dbpedia.org/resource/Steve_Malovic,Steve Malovic,2113
http://dbpedia.org/resource/Andriy_Malysh,Andriy Malysh,2122
http://dbpedia.org/resource/Buck_Johnson,Buck Johnson,1859
http://dbpedia.org/resource/Abdulwahab_Al-Hamwi,Abdulwahab Al-Hamwi,2100
http://dbpedia.org/resource/Sly_Williams,Sly Williams,2164
http://dbpedia.org/resource/John_Gilchrist_(basketball),John Gilchrist (basketball),2099
http://dbpedia.org/resource/Billy_Keys,Billy Keys,1864
http://dbpedia.org/resource/Jorge_Gutiérrez_(basketball),Jorge Gutiérrez (basketball),2109
http://dbpedia.org/resource/Scott_Fisher_(basketball),Scott Fisher (basketball),2016
http://dbpedia.org/resource/Nicole_Ohlde,Nicole Ohlde,2108
http://dbpedia.org/resource/Olu_Famutimi,Olu Famutimi,2080
"http://dbpedia.org/resource/Jerry_Reynolds_(basketball,_born_1962)","Jerry Reynolds (basketball, born 1962)",2113
http://dbpedia.org/resource/Jim_Phelan_(basketball),Jim Phelan (basketball),1959
http://dbpedia.org/resource/Martin_Rančík,Martin Rančík,1884
http://dbpedia.org/resource/Richard_Melzer,Richard Melzer,1933
http://dbpedia.org/resource/Naoto_Tsuji,Naoto Tsuji,2065
http://dbpedia.org/resource/Gary_Neal,Gary Neal,2067
http://dbpedia.org/resource/Scot_Pollard,Scot Pollard,2113
http://dbpedia.org/resource/Charles_Pittman_(basketball),Charles Pittman (basketball),1907
http://dbpedia.org/resource/Olan_Omiping,Olan Omiping,1865
http://dbpedia.org/resource/Antonio_Porta,Antonio Porta,2066
http://dbpedia.org/resource/Luke_Kendall,Luke Kendall,1946
http://dbpedia.org/resource/Dick_Dickey,Dick Dickey,1996
http://dbpedia.org/resource/Mike_Chappell,Mike Chappell,1862
http://dbpedia.org/resource/Kyle_O'Quinn,Kyle O'Quinn,2093
http://dbpedia.org/resource/Pekka_Markkanen,Pekka Markkanen,2115
http://dbpedia.org/resource/Eric_Buckner,Eric Buckner,2000
http://dbpedia.org/resource/Gabe_Rogers,Gabe Rogers,2029
http://dbpedia.org/resource/Miguel_%22Ali%22_Berdiel,"Miguel ""Ali"" Berdiel",1919
http://dbpedia.org/resource/Elvisi_Dusha,Elvisi Dusha,2183
http://dbpedia.org/resource/Andakara_Prastawa,Andakara Prastawa,2102
http://dbpedia.org/resource/Jovan_Novak,Jovan Novak,1816
http://dbpedia.org/resource/Ružica_Džankić,Ružica Džankić,1838
http://dbpedia.org/resource/Tatsunori_Fujie,Tatsunori Fujie,2191
"http://dbpedia.org/resource/Jack_Phelan_(basketball,_born_1925)","Jack Phelan (basketball, born 1925)",1766
http://dbpedia.org/resource/Trenton_Hassell,Trenton Hassell,1862
http://dbpedia.org/resource/Molly_Goodenbour,Molly Goodenbour,2005
http://dbpedia.org/resource/Jeff_Ruland,Jeff Ruland,1949
http://dbpedia.org/resource/Chuck_Hayes,Chuck Hayes,2093
http://dbpedia.org/resource/Miralem_Halilović,Miralem Halilović,1916
http://dbpedia.org/resource/Traevon_Jackson,Traevon Jackson,2072
http://dbpedia.org/resource/K._B._Sharp,K. B. Sharp,1973
http://dbpedia.org/resource/Jimmy_Baxter_(basketball),Jimmy Baxter (basketball),1936
http://dbpedia.org/resource/Saša_Bratić,Saša Bratić,2190
http://dbpedia.org/resource/Phil_Jordon,Phil Jordon,1931
http://dbpedia.org/resource/Kelly_Bowen,Kelly Bowen,1954
http://dbpedia.org/resource/Walt_Budko,Walt Budko,1997
http://dbpedia.org/resource/David_Wear,David Wear,2077
http://dbpedia.org/resource/Dan_Grunfeld,Dan Grunfeld,2097
http://dbpedia.org/resource/April_Sykes,April Sykes,2095
http://dbpedia.org/resource/Jānis_Porziņģis,Jānis Porziņģis,2131
http://dbpedia.org/resource/Tyler_Johnson_(basketball),Tyler Johnson (basketball),2200
http://dbpedia.org/resource/Paul_Walther,Paul Walther,2112
http://dbpedia.org/resource/Sam_Timmins,Sam Timmins,2210
http://dbpedia.org/resource/Kelvin_Robertson,Kelvin Robertson,1959
http://dbpedia.org/resource/Mihailo_Radunović,Mihailo Radunović,2080
http://dbpedia.org/resource/Wesley_Person,Wesley Person,2127
http://dbpedia.org/resource/Sam_Muldrow,Sam Muldrow,2135
http://dbpedia.org/resource/Chris_Gatling,Chris Gatling,1805
http://dbpedia.org/resource/Kara_Braxton,Kara Braxton,2068
http://dbpedia.org/resource/Bernie_Williams_(basketball),Bernie Williams (basketball),1855
http://dbpedia.org/resource/Derrick_Marks,Derrick Marks,2145
http://dbpedia.org/resource/Wally_Osterkorn,Wally Osterkorn,1959
http://dbpedia.org/resource/Tony_White_(basketball),Tony White (basketball),2122
http://dbpedia.org/resource/Dimitrios_Mavroeidis,Dimitrios Mavroeidis,2176
http://dbpedia.org/resource/Michael_Cooper,Michael Cooper,1941
http://dbpedia.org/resource/Thabo_Sefolosha,Thabo Sefolosha,1905
http://dbpedia.org/resource/Tim_Perry,Tim Perry,1861
http://dbpedia.org/resource/Randolph_Childress,Randolph Childress,1849
http://dbpedia.org/resource/LaSondra_Barrett,LaSondra Barrett,2141
http://dbpedia.org/resource/Richard_Rinaldi,Richard Rinaldi,2037
http://dbpedia.org/resource/Gene_Englund,Gene Englund,2004
http://dbpedia.org/resource/Jeff_Adrien,Jeff Adrien,1953
http://dbpedia.org/resource/Marvin_Webster,Marvin Webster,2048
http://dbpedia.org/resource/Marcel_Aarts,Marcel Aarts,1830
http://dbpedia.org/resource/Nikolin_Arra,Nikolin Arra,2167
http://dbpedia.org/resource/Wayne_Radford,Wayne Radford,1804
http://dbpedia.org/resource/Trevor_Lacey,Trevor Lacey,2141
http://dbpedia.org/resource/Farhiya_Abdi,Farhiya Abdi,2210
http://dbpedia.org/resource/Tate_George,Tate George,1833
http://dbpedia.org/resource/Diandra_Tchatchouang,Diandra Tchatchouang,2066
http://dbpedia.org/resource/Davellyn_Whyte,Davellyn Whyte,2201
http://dbpedia.org/resource/Clint_Steindl,Clint Steindl,1993
http://dbpedia.org/resource/Sandis_Buškevics,Sandis Buškevics,2015
http://dbpedia.org/resource/J._P._Alcaraz,J. P. Alcaraz,1909
http://dbpedia.org/resource/James_Forrester_(basketball),James Forrester (basketball),1981
http://dbpedia.org/resource/Blagota_Sekulić,Blagota Sekulić,1853
http://dbpedia.org/resource/Chris_Hill_(basketball),Chris Hill (basketball),2007
http://dbpedia.org/resource/Reil_Cervantes,Reil Cervantes,2059
http://dbpedia.org/resource/Shawn_Jones_(basketball),Shawn Jones (basketball),1967
http://dbpedia.org/resource/Rytis_Vaišvila,Rytis Vaišvila,1850
http://dbpedia.org/resource/Dennis_Trammell,Dennis Trammell,2003
http://dbpedia.org/resource/Tomas_Urbonas,Tomas Urbonas,1817
http://dbpedia.org/resource/Vasilije_Baćović,Vasilije Baćović,2166
http://dbpedia.org/resource/Eric_Alfasi,Eric Alfasi,2200
http://dbpedia.org/resource/David_Lighty,David Lighty,1854
http://dbpedia.org/resource/Michael_Jackson_(basketball),Michael Jackson (basketball),1790
http://dbpedia.org/resource/Dajana_Butulija,Dajana Butulija,1859
http://dbpedia.org/resource/Melvin_Booker,Melvin Booker,1954
http://dbpedia.org/resource/Darnell_Mee,Darnell Mee,1859
http://dbpedia.org/resource/Jay_Murphy,Jay Murphy,2094
http://dbpedia.org/resource/Dee_Bost,Dee Bost,2026
http://dbpedia.org/resource/Maxime_De_Zeeuw,Maxime De Zeeuw,2038
http://dbpedia.org/resource/Terran_Petteway,Terran Petteway,2025
http://dbpedia.org/resource/Anthony_Bowie,Anthony Bowie,1891
http://dbpedia.org/resource/Ernie_Grunfeld,Ernie Grunfeld,1838
http://dbpedia.org/resource/Eddie_Gill,Eddie Gill,1996
http://dbpedia.org/resource/Artūras_Masiulis,Artūras Masiulis,1999
http://dbpedia.org/resource/Leon_Rodgers,Leon Rodgers,1891
http://dbpedia.org/resource/Bob_Ferry,Bob Ferry,1776
http://dbpedia.org/resource/John_Hargis_(basketball),John Hargis (basketball),1771
http://dbpedia.org/resource/Casey_Shaw,Casey Shaw,2093
http://dbpedia.org/resource/Kim_Sun-hyung,Kim Sun-hyung,2029
http://dbpedia.org/resource/Ray_Borner,Ray Borner,2099
http://dbpedia.org/resource/Jerryd_Bayless,Jerryd Bayless,2015
http://dbpedia.org/resource/Jordan_Aboki,Jordan Aboki,2117
http://dbpedia.org/resource/Mike_Moser,Mike Moser,1960
http://dbpedia.org/resource/Chris_Hill_(point_guard),Chris Hill (point guard),2052
http://dbpedia.org/resource/Andrew_Nicholson_(basketball),Andrew Nicholson (basketball),2000
http://dbpedia.org/resource/Rodney_Brondial,Rodney Brondial,2120
http://dbpedia.org/resource/Jayson_Granger,Jayson Granger,2180
http://dbpedia.org/resource/Edin_Atić,Edin Atić,1891
http://dbpedia.org/resource/Andaman_Koffi,Andaman Koffi,2050
http://dbpedia.org/resource/Casey_Jacobsen,Casey Jacobsen,2126
http://dbpedia.org/resource/Keith_Jennings_(basketball),Keith Jennings (basketball),1884
http://dbpedia.org/resource/Georgios_Papapetrou,Georgios Papapetrou,2065
http://dbpedia.org/resource/David_Michineau,David Michineau,1929
http://dbpedia.org/resource/Dennis_Hopson,Dennis Hopson,2097
http://dbpedia.org/resource/Kiah_Stokes,Kiah Stokes,1974
http://dbpedia.org/resource/Miroslav_Todić,Miroslav Todić,2027
http://dbpedia.org/resource/Akeem_Richmond,Akeem Richmond,1958
http://dbpedia.org/resource/Ken_Rohloff,Ken Rohloff,1789
http://dbpedia.org/resource/Vernon_Hamilton,Vernon Hamilton,2181
http://dbpedia.org/resource/Tseng_Wen-ting,Tseng Wen-ting,1871
http://dbpedia.org/resource/Tommy_Smith_(basketball),Tommy Smith (basketball),1831
http://dbpedia.org/resource/Ish_Smith,Ish Smith,2035
http://dbpedia.org/resource/Melody_Johnson,Melody Johnson,1991
http://dbpedia.org/resource/Federico_Mussini,Federico Mussini,2021
http://dbpedia.org/resource/Jeremy_Lin,Jeremy Lin,2146
http://dbpedia.org/resource/Kevin_Pittsnogle,Kevin Pittsnogle,1897
http://dbpedia.org/resource/Thierry_Zig,Thierry Zig,2032
http://dbpedia.org/resource/Nikos_Zisis,Nikos Zisis,2083
http://dbpedia.org/resource/Guido_Rosselli,Guido Rosselli,1926
http://dbpedia.org/resource/Bambale_Osby,Bambale Osby,1893
http://dbpedia.org/resource/Jerai_Grant,Jerai Grant,2058
http://dbpedia.org/resource/Grant_Gondrezick,Grant Gondrezick,2065
http://dbpedia.org/resource/Smush_Parker,Smush Parker,2074
http://dbpedia.org/resource/Nikos_Vetoulas,Nikos Vetoulas,1833
http://dbpedia.org/resource/Alex_Poythress,Alex Poythress,2149
http://dbpedia.org/resource/Zorica_Ðurković,Zorica Ðurković,1924
http://dbpedia.org/resource/Darren_Collison,Darren Collison,2165
http://dbpedia.org/resource/Zlatko_Jovanović,Zlatko Jovanović,2046
http://dbpedia.org/resource/Paris_Horne,Paris Horne,1825
http://dbpedia.org/resource/Malik_Allen,Malik Allen,1814
http://dbpedia.org/resource/Danny_Gathings,Danny Gathings,2065
http://dbpedia.org/resource/Sim_Bhullar,Sim Bhullar,1878
http://dbpedia.org/resource/Tom_Stith,Tom Stith,2110
http://dbpedia.org/resource/Joakim_Noah,Joakim Noah,1866
http://dbpedia.org/resource/Doug_Edwards,Doug Edwards,2124
"http://dbpedia.org/resource/John_Williamson_(basketball,_born_1951)","John Williamson (basketball, born 1951)",1921
http://dbpedia.org/resource/Kęstutis_Šeštokas,Kęstutis Šeštokas,2038
http://dbpedia.org/resource/Alison_Downie,Alison Downie,2082
http://dbpedia.org/resource/Landry_Fields,Landry Fields,2060
http://dbpedia.org/resource/Turner_Battle,Turner Battle,1957
http://dbpedia.org/resource/Amir_Johnson,Amir Johnson,1937
http://dbpedia.org/resource/Stojan_Gjuroski,Stojan Gjuroski,1830
http://dbpedia.org/resource/Odell_Hodge,Odell Hodge,1897
http://dbpedia.org/resource/Vitalis_Chikoko,Vitalis Chikoko,2101
http://dbpedia.org/resource/Josh_Bostic,Josh Bostic,2027
http://dbpedia.org/resource/Lars_Hansen_(basketball),Lars Hansen (basketball),2084
http://dbpedia.org/resource/Jure_Lalić,Jure Lalić,1938
http://dbpedia.org/resource/Darko_Matic_(basketball),Darko Matic (basketball),2099
http://dbpedia.org/resource/Chris_Taft,Chris Taft,2032
http://dbpedia.org/resource/Jordan_Mickey,Jordan Mickey,2170
http://dbpedia.org/resource/John_Arigo,John Arigo,1912
http://dbpedia.org/resource/Michalis_Kakiouzis,Michalis Kakiouzis,2129
http://dbpedia.org/resource/Vladimir_Filipović,Vladimir Filipović,2045
http://dbpedia.org/resource/Zuzana_Žirková,Zuzana Žirková,2111
http://dbpedia.org/resource/Anđelina_Radić,Anđelina Radić,2114
http://dbpedia.org/resource/Alexis_Hornbuckle,Alexis Hornbuckle,1868
http://dbpedia.org/resource/Jessica_Moore_(basketball),Jessica Moore (basketball),1985
http://dbpedia.org/resource/Nádia_Colhado,Nádia Colhado,2130
http://dbpedia.org/resource/Martin_Müürsepp,Martin Müürsepp,1946
http://dbpedia.org/resource/DeMarre_Carroll,DeMarre Carroll,2113
http://dbpedia.org/resource/L._D._Williams,L. D. Williams,1942
http://dbpedia.org/resource/Javier_Antonio_Colón,Javier Antonio Colón,2098
http://dbpedia.org/resource/Jamal_Sampson,Jamal Sampson,2188
http://dbpedia.org/resource/Vítor_Faverani,Vítor Faverani,1880
http://dbpedia.org/resource/Ramūnas_Šiškauskas,Ramūnas Šiškauskas,2116
http://dbpedia.org/resource/Nikos_Papanikolopoulos,Nikos Papanikolopoulos,1871
http://dbpedia.org/resource/David_Haughton_(basketball),David Haughton (basketball),2024
http://dbpedia.org/resource/Ron_Ellis_(basketball),Ron Ellis (basketball),1944
http://dbpedia.org/resource/Kerron_Johnson,Kerron Johnson,2160
http://dbpedia.org/resource/Robin_Lodders,Robin Lodders,2033
http://dbpedia.org/resource/Raymar_Morgan,Raymar Morgan,1900
"http://dbpedia.org/resource/Mike_Davis_(basketball,_born_1956)","Mike Davis (basketball, born 1956)",1904
http://dbpedia.org/resource/Aidin_Nikkhah_Bahrami,Aidin Nikkhah Bahrami,2051
http://dbpedia.org/resource/Sebastian_Schmitt,Sebastian Schmitt,1920
http://dbpedia.org/resource/Kamil_Chanas,Kamil Chanas,2075
http://dbpedia.org/resource/Deolinda_Ngulela,Deolinda Ngulela,2162
http://dbpedia.org/resource/Danijela_Ilić,Danijela Ilić,185
http://dbpedia.org/resource/Jeremy_Kendle,Jeremy Kendle,1818
http://dbpedia.org/resource/Milica_Dabović,Milica Dabović,1988
http://dbpedia.org/resource/Kristen_Rasmussen,Kristen Rasmussen,1951
http://dbpedia.org/resource/John_Taylor_(basketball),John Taylor (basketball),2205
http://dbpedia.org/resource/Ron_Lewis_(basketball),Ron Lewis (basketball),2131
http://dbpedia.org/resource/Bill_Laimbeer,Bill Laimbeer,2072
http://dbpedia.org/resource/Cliff_Hagan,Cliff Hagan,2014
http://dbpedia.org/resource/Nikola_Bulatović,Nikola Bulatović,1977
http://dbpedia.org/resource/Ivica_Zubac,Ivica Zubac,1947
http://dbpedia.org/resource/Ken_Horton_(basketball),Ken Horton (basketball),1875
http://dbpedia.org/resource/David_Robinson_(basketball),David Robinson (basketball),1797
http://dbpedia.org/resource/Paul_Ruffner,Paul Ruffner,1922
http://dbpedia.org/resource/Ismael_Romero,Ismael Romero,1845
http://dbpedia.org/resource/Les_Jepsen,Les Jepsen,1944
http://dbpedia.org/resource/Will_Daniels,Will Daniels,1993
http://dbpedia.org/resource/Jarrod_Uthoff,Jarrod Uthoff,1871
http://dbpedia.org/resource/Frank_Baird,Frank Baird,1963
http://dbpedia.org/resource/Dragutin_Čermak,Dragutin Čermak,1889
http://dbpedia.org/resource/Juan_%22Pachín%22_Vicéns,"Juan ""Pachín"" Vicéns",2058
http://dbpedia.org/resource/Kermit_Washington,Kermit Washington,1872
http://dbpedia.org/resource/Marcus_Denmon,Marcus Denmon,1855
http://dbpedia.org/resource/Petar_Aranitović,Petar Aranitović,2047
http://dbpedia.org/resource/Radhouane_Slimane,Radhouane Slimane,2157
http://dbpedia.org/resource/Ronjay_Enrile,Ronjay Enrile,2044
http://dbpedia.org/resource/Victor_Oladipo,Victor Oladipo,2141
http://dbpedia.org/resource/Grace_Daley,Grace Daley,1859
http://dbpedia.org/resource/Ethan_Rusbatch,Ethan Rusbatch,1969
http://dbpedia.org/resource/Jim_Brown_(basketball),Jim Brown (basketball),1953
http://dbpedia.org/resource/Shawn_Vanzant,Shawn Vanzant,1906
http://dbpedia.org/resource/Tan_White,Tan White,2059
http://dbpedia.org/resource/Marcelo_Milanesio,Marcelo Milanesio,1970
http://dbpedia.org/resource/Gus_Johnson_(basketball),Gus Johnson (basketball),2080
http://dbpedia.org/resource/Devran_Tanaçan,Devran Tanaçan,1915
http://dbpedia.org/resource/Tora_Suber,Tora Suber,1906
http://dbpedia.org/resource/Lewis_Brown_(basketball),Lewis Brown (basketball),1861
http://dbpedia.org/resource/Chucky_Atkins,Chucky Atkins,2060
http://dbpedia.org/resource/Mario_West,Mario West,1808
http://dbpedia.org/resource/Brandon_Robinson_(basketball),Brandon Robinson (basketball),2039
http://dbpedia.org/resource/Frank_Robinson_(basketball),Frank Robinson (basketball),2203
http://dbpedia.org/resource/Goran_Dragić,Goran Dragić,1939
http://dbpedia.org/resource/Terry_Kunze,Terry Kunze,1863
http://dbpedia.org/resource/Marv_Winkler,Marv Winkler,1913
http://dbpedia.org/resource/Ben_Kelso,Ben Kelso,2066
http://dbpedia.org/resource/Serap_Yücesir,Serap Yücesir,2023
http://dbpedia.org/resource/Mateusz_Kostrzewski,Mateusz Kostrzewski,1900
http://dbpedia.org/resource/Jaka_Brodnik,Jaka Brodnik,1888
http://dbpedia.org/resource/Georgi_Glouchkov,Georgi Glouchkov,1930
http://dbpedia.org/resource/Carmelo_Anthony,Carmelo Anthony,2180
http://dbpedia.org/resource/Joe_McNamee,Joe McNamee,1842
http://dbpedia.org/resource/Wesley_Saunders,Wesley Saunders,2120
http://dbpedia.org/resource/Barry_Stevens_(basketball),Barry Stevens (basketball),1799
http://dbpedia.org/resource/Slavko_Vraneš,Slavko Vraneš,2150
http://dbpedia.org/resource/Chris_Eversley,Chris Eversley,2091
http://dbpedia.org/resource/Drew_Neitzel,Drew Neitzel,1825
http://dbpedia.org/resource/Tyus_Jones,Tyus Jones,2173
http://dbpedia.org/resource/DeMar_DeRozan,DeMar DeRozan,2031
http://dbpedia.org/resource/Charlie_Lowery,Charlie Lowery,1987
http://dbpedia.org/resource/Dmitry_Khvostov_(basketball),Dmitry Khvostov (basketball),1809
http://dbpedia.org/resource/Stephanie_Gandy,Stephanie Gandy,2099
http://dbpedia.org/resource/Žiga_Zatežič,Žiga Zatežič,1833
http://dbpedia.org/resource/Win_Wilfong,Win Wilfong,1848
http://dbpedia.org/resource/George_Munroe,George Munroe,2127
http://dbpedia.org/resource/Ed_Smith_(basketball),Ed Smith (basketball),2135
http://dbpedia.org/resource/Martin_Iti,Martin Iti,2172
http://dbpedia.org/resource/Rashad_Vaughn,Rashad Vaughn,2018
http://dbpedia.org/resource/Elijah_Obade,Elijah Obade,1841
http://dbpedia.org/resource/Aminata_Nar_Diop,Aminata Nar Diop,1862
http://dbpedia.org/resource/Kevin_Séraphin,Kevin Séraphin,1868
http://dbpedia.org/resource/Riccardo_Cervi,Riccardo Cervi,2001
"http://dbpedia.org/resource/John_Brown_(basketball,_born_1951)","John Brown (basketball, born 1951)",2058
http://dbpedia.org/resource/Tim_Pickett,Tim Pickett,1819
http://dbpedia.org/resource/Lamar_Butler,Lamar Butler,2180
http://dbpedia.org/resource/Shane_Gibson_(basketball),Shane Gibson (basketball),1899
http://dbpedia.org/resource/Ruth_Riley,Ruth Riley,1913
http://dbpedia.org/resource/Jeremy_Richardson,Jeremy Richardson,1819
http://dbpedia.org/resource/Mike_Glover_(basketball),Mike Glover (basketball),2100
http://dbpedia.org/resource/Retin_Obasohan,Retin Obasohan,1910
http://dbpedia.org/resource/Osvaldas_Matulionis,Osvaldas Matulionis,1823
http://dbpedia.org/resource/Chris_Lowe_(basketball),Chris Lowe (basketball),1992
http://dbpedia.org/resource/Alicia_Froling,Alicia Froling,1846
http://dbpedia.org/resource/Donell_Taylor,Donell Taylor,1864
http://dbpedia.org/resource/Nevena_Jovanović,Nevena Jovanović,2032
http://dbpedia.org/resource/Vítor_Benite,Vítor Benite,2025
http://dbpedia.org/resource/Giff_Roux,Giff Roux,1759
http://dbpedia.org/resource/Nikos_Diplaros,Nikos Diplaros,1917
http://dbpedia.org/resource/Deon_Thompson,Deon Thompson,1852
http://dbpedia.org/resource/Roi_Sumang,Roi Sumang,1913
http://dbpedia.org/resource/Mel_Counts,Mel Counts,1861
http://dbpedia.org/resource/Vojdan_Stojanovski,Vojdan Stojanovski,2118
http://dbpedia.org/resource/Gökhan_Şirin,Gökhan Şirin,2149
http://dbpedia.org/resource/LeRon_Ellis,LeRon Ellis,2011
http://dbpedia.org/resource/Dave_Stallworth,Dave Stallworth,1871
http://dbpedia.org/resource/Adam_Keefe_(basketball),Adam Keefe (basketball),1933
http://dbpedia.org/resource/Tamera_Young,Tamera Young,1976
http://dbpedia.org/resource/Wes_Matthews,Wes Matthews,2031
http://dbpedia.org/resource/Sunday_Salvacion,Sunday Salvacion,2067
http://dbpedia.org/resource/Arijan_Komazec,Arijan Komazec,1883
http://dbpedia.org/resource/Nigel_Miguel,Nigel Miguel,1987
http://dbpedia.org/resource/Talat_Alp_Altunbey,Talat Alp Altunbey,2004
http://dbpedia.org/resource/Filip_Krušlin,Filip Krušlin,1868
"http://dbpedia.org/resource/Jeff_Allen_(basketball,_born_1987)","Jeff Allen (basketball, born 1987)",2133
http://dbpedia.org/resource/Igor_Mijajlović,Igor Mijajlović,1867
http://dbpedia.org/resource/Jordan_Weidner,Jordan Weidner,2111
http://dbpedia.org/resource/Ian_Davies_(basketball),Ian Davies (basketball),1931
http://dbpedia.org/resource/Tomáš_Satoranský,Tomáš Satoranský,2142
http://dbpedia.org/resource/George_Gervin,George Gervin,1974
http://dbpedia.org/resource/Gundars_Vētra,Gundars Vētra,1994
http://dbpedia.org/resource/Ryan_Broekhoff,Ryan Broekhoff,1833
http://dbpedia.org/resource/Shamell_Stallworth,Shamell Stallworth,2128
http://dbpedia.org/resource/Kirk_Snyder,Kirk Snyder,2193
http://dbpedia.org/resource/Angelo_Reyes_(basketball),Angelo Reyes (basketball),2060
http://dbpedia.org/resource/Tyrese_Rice,Tyrese Rice,2179
http://dbpedia.org/resource/Hernán_Jasen,Hernán Jasen,1897
http://dbpedia.org/resource/Alex_Cabagnot,Alex Cabagnot,2101
http://dbpedia.org/resource/Evan_Conti,Evan Conti,1831
http://dbpedia.org/resource/Mirna_Deak,Mirna Deak,18
http://dbpedia.org/resource/David_Gonzalvez,David Gonzalvez,1971
http://dbpedia.org/resource/Nathan_Jawai,Nathan Jawai,1905
http://dbpedia.org/resource/Assem_Marei,Assem Marei,2190
http://dbpedia.org/resource/Hans_Thiele,Hans Thiele,2100
http://dbpedia.org/resource/Aleksej_Nešović,Aleksej Nešović,2044
http://dbpedia.org/resource/Asami_Yoshida_(basketball),Asami Yoshida (basketball),2052
http://dbpedia.org/resource/Robert_Reyes,Robert Reyes,1848
http://dbpedia.org/resource/Mark_Plansky,Mark Plansky,2092
http://dbpedia.org/resource/Osvaldas_Olisevičius,Osvaldas Olisevičius,2110
http://dbpedia.org/resource/Latavious_Williams,Latavious Williams,1927
http://dbpedia.org/resource/Quacy_Barnes,Quacy Barnes,2088
http://dbpedia.org/resource/Mark_Eaton_(basketball),Mark Eaton (basketball),2013
http://dbpedia.org/resource/Kim_Hughes_(basketball),Kim Hughes (basketball),1905
http://dbpedia.org/resource/Sandis_Valters,Sandis Valters,1809
http://dbpedia.org/resource/Larry_Tieu,Larry Tieu,1908
http://dbpedia.org/resource/Bassem_Balaa,Bassem Balaa,2179
http://dbpedia.org/resource/Luke_Harangody,Luke Harangody,2059
http://dbpedia.org/resource/Mark_Sibley,Mark Sibley,1790
http://dbpedia.org/resource/Tomás_Barroso,Tomás Barroso,1938
http://dbpedia.org/resource/Harold_Jensen,Harold Jensen,1854
http://dbpedia.org/resource/Jack_George,Jack George,1947
http://dbpedia.org/resource/Armond_Hill,Armond Hill,2172
http://dbpedia.org/resource/Nemanja_Bezbradica,Nemanja Bezbradica,2007
http://dbpedia.org/resource/Blake_Schilb,Blake Schilb,2124
http://dbpedia.org/resource/Muhammad_El-Amin,Muhammad El-Amin,2103
http://dbpedia.org/resource/Mark_Acres,Mark Acres,2118
http://dbpedia.org/resource/Avery_Scharer,Avery Scharer,1986
