http://dbpedia.org/ontology/WinterSportPlayer,WinterSportPlayer,http://dbpedia.org/ontology/draftYear
http://dbpedia.org/resource/Duncan_MacPherson,Duncan MacPherson,2415
http://dbpedia.org/resource/Libor_Procházka,Libor Procházka,1976
http://dbpedia.org/resource/Cam_Barker,Cam Barker,1754
"http://dbpedia.org/resource/Mike_Brown_(ice_hockey,_born_1957)","Mike Brown (ice hockey, born 1957)",1808
http://dbpedia.org/resource/Emil_Molin,Emil Molin,2077
http://dbpedia.org/resource/Richard_Šmehlík,Richard Šmehlík,2321
http://dbpedia.org/resource/Alexandre_Picard_(ice_hockey),Alexandre Picard (ice hockey),2031
http://dbpedia.org/resource/Ilya_Zubov,Ilya Zubov,1864
http://dbpedia.org/resource/P._A._Parenteau,P. A. Parenteau,2043
http://dbpedia.org/resource/Kevin_Neville,Kevin Neville,2034
http://dbpedia.org/resource/Ryan_MacMurchy,Ryan MacMurchy,2102
http://dbpedia.org/resource/Jason_Kasdorf,Jason Kasdorf,2366
http://dbpedia.org/resource/Jeff_Finger,Jeff Finger,2103
http://dbpedia.org/resource/Scott_McCulloch_(ice_hockey),Scott McCulloch (ice hockey),2090
http://dbpedia.org/resource/Ilya_Samsonov,Ilya Samsonov,2179
http://dbpedia.org/resource/Barry_Tallackson,Barry Tallackson,1759
http://dbpedia.org/resource/Grant_Fuhr,Grant Fuhr,1857
http://dbpedia.org/resource/Wes_George,Wes George,2121
http://dbpedia.org/resource/Michael_Latta,Michael Latta,2132
http://dbpedia.org/resource/Dalton_Thrower,Dalton Thrower,1764
http://dbpedia.org/resource/Niko_Mikkola,Niko Mikkola,2061
http://dbpedia.org/resource/Gino_Odjick,Gino Odjick,2110
http://dbpedia.org/resource/Risto_Siltanen,Risto Siltanen,1906
http://dbpedia.org/resource/Mac_Carruth,Mac Carruth,2143
http://dbpedia.org/resource/Sascha_Goc,Sascha Goc,2129
http://dbpedia.org/resource/David_Kaše,David Kaše,1784
http://dbpedia.org/resource/Ben_Hutton_(ice_hockey),Ben Hutton (ice hockey),1980
http://dbpedia.org/resource/Rick_Tabaracci,Rick Tabaracci,2235
http://dbpedia.org/resource/Justin_Schultz,Justin Schultz,2080
http://dbpedia.org/resource/Jean-François_Jacques,Jean-François Jacques,2174
http://dbpedia.org/resource/Dave_Lewis_(ice_hockey),Dave Lewis (ice hockey),2284
http://dbpedia.org/resource/Éric_Bellerose,Éric Bellerose,1649
http://dbpedia.org/resource/Rob_DiMaio,Rob DiMaio,2035
http://dbpedia.org/resource/Stéphane_Robidas,Stéphane Robidas,2176
http://dbpedia.org/resource/Tanner_Richard,Tanner Richard,1654
http://dbpedia.org/resource/Brian_Shmyr,Brian Shmyr,2053
http://dbpedia.org/resource/Cole_Ully,Cole Ully,2104
http://dbpedia.org/resource/Ken_Ellacott,Ken Ellacott,2089
http://dbpedia.org/resource/Mike_Egener,Mike Egener,1928
http://dbpedia.org/resource/Kris_Versteeg,Kris Versteeg,2104
http://dbpedia.org/resource/Scott_Parker_(ice_hockey),Scott Parker (ice hockey),2189
http://dbpedia.org/resource/Ulf_Dahlén,Ulf Dahlén,2095
http://dbpedia.org/resource/Craig_Billington,Craig Billington,2136
http://dbpedia.org/resource/Frank_Musil,Frank Musil,1939
http://dbpedia.org/resource/Carl_Hagelin,Carl Hagelin,2287
http://dbpedia.org/resource/Linus_Söderström,Linus Söderström,2171
http://dbpedia.org/resource/Jack_Brownschidle,Jack Brownschidle,1829
http://dbpedia.org/resource/Brian_Bowles_(ice_hockey),Brian Bowles (ice hockey),1989
http://dbpedia.org/resource/Brian_Eklund,Brian Eklund,2306
http://dbpedia.org/resource/Ryan_Kraft,Ryan Kraft,1738
http://dbpedia.org/resource/Mikael_Wikstrand,Mikael Wikstrand,1753
http://dbpedia.org/resource/Rushan_Rafikov,Rushan Rafikov,1937
http://dbpedia.org/resource/Craig_Millar,Craig Millar,2209
http://dbpedia.org/resource/Ed_Pizunski,Ed Pizunski,2022
http://dbpedia.org/resource/Stan_Smyl,Stan Smyl,2191
http://dbpedia.org/resource/Dave_Michayluk,Dave Michayluk,1773
http://dbpedia.org/resource/Eric_Tangradi,Eric Tangradi,1896
http://dbpedia.org/resource/Marc_Staal,Marc Staal,2004
http://dbpedia.org/resource/Lauri_Korpikoski,Lauri Korpikoski,1615
http://dbpedia.org/resource/Yuri_Khmylev,Yuri Khmylev,1695
http://dbpedia.org/resource/Derek_Armstrong_(ice_hockey),Derek Armstrong (ice hockey),2571
http://dbpedia.org/resource/Curtis_Hunt,Curtis Hunt,2105
http://dbpedia.org/resource/Matt_Carle,Matt Carle,2161
http://dbpedia.org/resource/Willie_Levesque,Willie Levesque,2365
http://dbpedia.org/resource/Marcus_Paulsson,Marcus Paulsson,1946
http://dbpedia.org/resource/Xavier_Ouellet,Xavier Ouellet,2230
http://dbpedia.org/resource/Brandon_Halverson,Brandon Halverson,2087
http://dbpedia.org/resource/Ville_Hämäläinen,Ville Hämäläinen,2168
http://dbpedia.org/resource/Reilly_Smith,Reilly Smith,2132
http://dbpedia.org/resource/Jordan_Leopold,Jordan Leopold,1772
http://dbpedia.org/resource/Kyle_Clifford,Kyle Clifford,2043
http://dbpedia.org/resource/Elvis_Merzļikins,Elvis Merzļikins,1876
http://dbpedia.org/resource/Quintin_Laing,Quintin Laing,2057
http://dbpedia.org/resource/Pierre_Dagenais,Pierre Dagenais,2070
http://dbpedia.org/resource/David_Shaw_(ice_hockey),David Shaw (ice hockey),1849
http://dbpedia.org/resource/Michel_Galarneau,Michel Galarneau,2456
http://dbpedia.org/resource/Magnus_Nygren,Magnus Nygren,1933
http://dbpedia.org/resource/Trevor_Jobe,Trevor Jobe,2095
http://dbpedia.org/resource/Tomáš_Kůrka,Tomáš Kůrka,2455
http://dbpedia.org/resource/Dean_Blais,Dean Blais,1956
http://dbpedia.org/resource/Aaron_Ekblad,Aaron Ekblad,2090
http://dbpedia.org/resource/Carl_Gunnarsson,Carl Gunnarsson,2043
http://dbpedia.org/resource/Michael_Stone_(ice_hockey),Michael Stone (ice hockey),2263
http://dbpedia.org/resource/Brandon_Davidson_(ice_hockey),Brandon Davidson (ice hockey),2196
http://dbpedia.org/resource/Sergei_Kolosov,Sergei Kolosov,2182
http://dbpedia.org/resource/Kenny_Ryan,Kenny Ryan,1849
http://dbpedia.org/resource/Steve_Gotaas,Steve Gotaas,1667
http://dbpedia.org/resource/Craig_Duncanson,Craig Duncanson,1599
http://dbpedia.org/resource/Brian_Callahan,Brian Callahan,1939
http://dbpedia.org/resource/Kari_Lehtonen,Kari Lehtonen,1836
http://dbpedia.org/resource/David_Švagrovský,David Švagrovský,1748
http://dbpedia.org/resource/Evander_Kane,Evander Kane,2022
http://dbpedia.org/resource/Bob_Bourne,Bob Bourne,1738
http://dbpedia.org/resource/Vadim_Tarasov,Vadim Tarasov,2054
http://dbpedia.org/resource/Claude_Lapointe,Claude Lapointe,2056
http://dbpedia.org/resource/Mika_Noronen,Mika Noronen,1922
http://dbpedia.org/resource/George_Pelawa,George Pelawa,2124
http://dbpedia.org/resource/Jonas_Johnson,Jonas Johnson,2044
http://dbpedia.org/resource/Victor_Crus_Rydberg,Victor Crus Rydberg,1872
http://dbpedia.org/resource/Dan_Ratushny,Dan Ratushny,1975
http://dbpedia.org/resource/Todd_Simon,Todd Simon,1906
http://dbpedia.org/resource/Tomáš_Vincour,Tomáš Vincour,2301
http://dbpedia.org/resource/Sam_Carrick,Sam Carrick,1920
http://dbpedia.org/resource/Dylan_Larkin,Dylan Larkin,1910
http://dbpedia.org/resource/Len_Esau,Len Esau,1932
http://dbpedia.org/resource/Bryan_Pitton,Bryan Pitton,2349
http://dbpedia.org/resource/Ryan_Johnson_(ice_hockey),Ryan Johnson (ice hockey),2432
http://dbpedia.org/resource/Patrick_Marleau,Patrick Marleau,1982
http://dbpedia.org/resource/Petr_Šachl,Petr Šachl,1816
http://dbpedia.org/resource/Ľubomír_Višňovský,Ľubomír Višňovský,2277
http://dbpedia.org/resource/Niclas_Lucenius,Niclas Lucenius,2014
http://dbpedia.org/resource/Jimmy_Roy,Jimmy Roy,2030
http://dbpedia.org/resource/Mark_Stuart_(ice_hockey),Mark Stuart (ice hockey),2229
http://dbpedia.org/resource/John_Grahame,John Grahame,2262
http://dbpedia.org/resource/Joe_Murphy_(ice_hockey),Joe Murphy (ice hockey),1822
http://dbpedia.org/resource/John_LeClair,John LeClair,2044
http://dbpedia.org/resource/Alex_Nedeljkovic,Alex Nedeljkovic,2215
http://dbpedia.org/resource/Flavien_Conne,Flavien Conne,1657
http://dbpedia.org/resource/Brodie_Dupont,Brodie Dupont,1923
http://dbpedia.org/resource/Blake_Comeau,Blake Comeau,1878
http://dbpedia.org/resource/Kyle_Chipchura,Kyle Chipchura,2133
http://dbpedia.org/resource/Doug_Trapp,Doug Trapp,1702
http://dbpedia.org/resource/Tom_Gorence,Tom Gorence,2074
http://dbpedia.org/resource/David_Engblom,David Engblom,2057
http://dbpedia.org/resource/Steve_Gatzos,Steve Gatzos,1897
http://dbpedia.org/resource/Blake_Geoffrion,Blake Geoffrion,1995
http://dbpedia.org/resource/Frank_Caprice,Frank Caprice,1926
http://dbpedia.org/resource/Doug_Wilson_(ice_hockey),Doug Wilson (ice hockey),1849
http://dbpedia.org/resource/Wendell_Young,Wendell Young,1901
http://dbpedia.org/resource/Guy_Dupuis,Guy Dupuis,2088
http://dbpedia.org/resource/Eetu_Tuulola,Eetu Tuulola,1791
http://dbpedia.org/resource/Dave_Morrow,Dave Morrow,1901
http://dbpedia.org/resource/Andrei_Skopintsev,Andrei Skopintsev,2211
http://dbpedia.org/resource/Thomas_Eriksson_(ice_hockey),Thomas Eriksson (ice hockey),1828
http://dbpedia.org/resource/Derek_Roy,Derek Roy,1694
http://dbpedia.org/resource/Bobby_Holík,Bobby Holík,2025
http://dbpedia.org/resource/Rick_Allain,Rick Allain,2068
http://dbpedia.org/resource/Riku_Helenius,Riku Helenius,2286
http://dbpedia.org/resource/Alexei_Marchenko,Alexei Marchenko,2015
http://dbpedia.org/resource/Len_Barrie,Len Barrie,1983
http://dbpedia.org/resource/Andrei_Vasilevskiy,Andrei Vasilevskiy,2131
http://dbpedia.org/resource/Dave_Hindmarch,Dave Hindmarch,1809
http://dbpedia.org/resource/Mark_Lamb,Mark Lamb,1976
http://dbpedia.org/resource/Richard_Hajdu,Richard Hajdu,2194
http://dbpedia.org/resource/Brandon_Dubinsky,Brandon Dubinsky,1744
http://dbpedia.org/resource/Alexander_Fomichev,Alexander Fomichev,2290
http://dbpedia.org/resource/Gerry_Meehan,Gerry Meehan,2201
http://dbpedia.org/resource/Tyler_Harlton,Tyler Harlton,2158
http://dbpedia.org/resource/Dave_Archibald,Dave Archibald,1726
http://dbpedia.org/resource/Steve_Andrascik,Steve Andrascik,2278
http://dbpedia.org/resource/Randy_Boyd_(ice_hockey),Randy Boyd (ice hockey),1897
http://dbpedia.org/resource/Sergei_Samsonov,Sergei Samsonov,2337
http://dbpedia.org/resource/Bill_Kinkel,Bill Kinkel,1937
http://dbpedia.org/resource/Dave_Salvian,Dave Salvian,2053
http://dbpedia.org/resource/Rem_Murray,Rem Murray,2315
http://dbpedia.org/resource/Marc_Dufour,Marc Dufour,1763
http://dbpedia.org/resource/Patrick_Davis_(ice_hockey),Patrick Davis (ice hockey),1587
http://dbpedia.org/resource/William_Karlsson,William Karlsson,2251
http://dbpedia.org/resource/Linus_Omark,Linus Omark,1937
http://dbpedia.org/resource/Rick_DiPietro,Rick DiPietro,1806
http://dbpedia.org/resource/Jordan_Greenway,Jordan Greenway,1734
http://dbpedia.org/resource/Bryan_Maxwell,Bryan Maxwell,1931
http://dbpedia.org/resource/Craig_Muni,Craig Muni,2361
http://dbpedia.org/resource/Cody_McCormick,Cody McCormick,2170
http://dbpedia.org/resource/Gabriel_Bourque,Gabriel Bourque,1766
http://dbpedia.org/resource/Brad_Aitken,Brad Aitken,2353
http://dbpedia.org/resource/Bob_Stumpf,Bob Stumpf,1954
http://dbpedia.org/resource/Jacob_de_la_Rose,Jacob de la Rose,1783
"http://dbpedia.org/resource/John_Mitchell_(ice_hockey,_born_1985)","John Mitchell (ice hockey, born 1985)",2195
http://dbpedia.org/resource/Ján_Lipiansky,Ján Lipiansky,1699
http://dbpedia.org/resource/Robbie_Earl,Robbie Earl,1784
http://dbpedia.org/resource/Denis_Shvidki,Denis Shvidki,2195
http://dbpedia.org/resource/Travis_Morin,Travis Morin,1872
http://dbpedia.org/resource/George_Parros,George Parros,1992
http://dbpedia.org/resource/Joni_Tuulola,Joni Tuulola,2244
http://dbpedia.org/resource/Mathieu_Dandenault,Mathieu Dandenault,1763
http://dbpedia.org/resource/Nicklas_Jensen,Nicklas Jensen,2075
http://dbpedia.org/resource/Shane_Willis,Shane Willis,1715
http://dbpedia.org/resource/Matt_Stajan,Matt Stajan,2238
http://dbpedia.org/resource/Brooks_Laich,Brooks Laich,1792
http://dbpedia.org/resource/Jay_Rosehill,Jay Rosehill,1670
http://dbpedia.org/resource/Gaetano_Orlando,Gaetano Orlando,2230
http://dbpedia.org/resource/Bobby_Sanguinetti,Bobby Sanguinetti,2109
http://dbpedia.org/resource/Róbert_Švehla,Róbert Švehla,2051
http://dbpedia.org/resource/Clarke_MacArthur,Clarke MacArthur,2090
http://dbpedia.org/resource/Mike_Torchia,Mike Torchia,1809
http://dbpedia.org/resource/Magnus_Åkerlund,Magnus Åkerlund,1924
http://dbpedia.org/resource/Charlie_Stephens,Charlie Stephens,2068
http://dbpedia.org/resource/Klas_Dahlbeck,Klas Dahlbeck,2227
http://dbpedia.org/resource/Domenic_Pittis,Domenic Pittis,1940
http://dbpedia.org/resource/Yves_Courteau,Yves Courteau,1802
http://dbpedia.org/resource/Sean_McKenna_(ice_hockey),Sean McKenna (ice hockey),1821
http://dbpedia.org/resource/Thomas_Vanek,Thomas Vanek,2309
http://dbpedia.org/resource/Tomi_Pettinen,Tomi Pettinen,2236
http://dbpedia.org/resource/Ryan_Potulny,Ryan Potulny,1884
http://dbpedia.org/resource/Al_Secord,Al Secord,2047
http://dbpedia.org/resource/Jimmy_Howard,Jimmy Howard,1730
http://dbpedia.org/resource/Brendan_Gallagher,Brendan Gallagher,1945
http://dbpedia.org/resource/Nolan_Yonkman,Nolan Yonkman,2059
http://dbpedia.org/resource/David_Rohlfs,David Rohlfs,2160
http://dbpedia.org/resource/Jaroslav_Balaštík,Jaroslav Balaštík,2154
http://dbpedia.org/resource/Artyom_Ternavsky,Artyom Ternavsky,1635
http://dbpedia.org/resource/Stephon_Williams,Stephon Williams,2313
http://dbpedia.org/resource/Alain_Raymond,Alain Raymond,1782
http://dbpedia.org/resource/Max_Görtz,Max Görtz,1901
http://dbpedia.org/resource/Blair_Jones,Blair Jones,2340
http://dbpedia.org/resource/Mike_Crombeen,Mike Crombeen,2137
http://dbpedia.org/resource/Johan_Mattsson,Johan Mattsson,1556
http://dbpedia.org/resource/Scott_Arniel,Scott Arniel,1929
http://dbpedia.org/resource/Josh_Manson,Josh Manson,1830
http://dbpedia.org/resource/Ken_Magowan,Ken Magowan,2398
http://dbpedia.org/resource/Vyacheslav_Bykov,Vyacheslav Bykov,1966
http://dbpedia.org/resource/Michal_Broš,Michal Broš,2117
http://dbpedia.org/resource/Kris_Chucko,Kris Chucko,1869
http://dbpedia.org/resource/Mattias_Bäckman,Mattias Bäckman,2354
http://dbpedia.org/resource/Erik_Nyström,Erik Nyström,2236
http://dbpedia.org/resource/Brandon_Nolan,Brandon Nolan,2059
http://dbpedia.org/resource/Libor_Ustrnul,Libor Ustrnul,2121
http://dbpedia.org/resource/Nikolai_Borschevsky,Nikolai Borschevsky,1826
http://dbpedia.org/resource/Mario_Tremblay,Mario Tremblay,1652
http://dbpedia.org/resource/Trevor_Stienburg,Trevor Stienburg,1865
http://dbpedia.org/resource/Owen_Nolan,Owen Nolan,1703
http://dbpedia.org/resource/John_Albert_(ice_hockey),John Albert (ice hockey),1783
http://dbpedia.org/resource/Robert_Kron,Robert Kron,2027
http://dbpedia.org/resource/Miroslav_Durak,Miroslav Durak,1857
http://dbpedia.org/resource/Magnus_Hellberg,Magnus Hellberg,1931
http://dbpedia.org/resource/Danny_Schock,Danny Schock,1970
http://dbpedia.org/resource/Christoph_Schubert,Christoph Schubert,1914
http://dbpedia.org/resource/Andrei_Kovalenko,Andrei Kovalenko,2111
http://dbpedia.org/resource/Kent_Huskins,Kent Huskins,1896
http://dbpedia.org/resource/Tomas_Kollar,Tomas Kollar,2101
http://dbpedia.org/resource/D'Arcy_Keating,D'Arcy Keating,2142
http://dbpedia.org/resource/Gary_Doyle,Gary Doyle,2171
http://dbpedia.org/resource/Michael_Cichy,Michael Cichy,1653
http://dbpedia.org/resource/Carey_Price,Carey Price,1827
http://dbpedia.org/resource/Dmitri_Tertyshny,Dmitri Tertyshny,1957
http://dbpedia.org/resource/Jason_Jaspers,Jason Jaspers,1859
http://dbpedia.org/resource/Rasmus_Andersson,Rasmus Andersson,2058
http://dbpedia.org/resource/François_Guay,François Guay,1887
http://dbpedia.org/resource/Pierre_Plante,Pierre Plante,1776
http://dbpedia.org/resource/Joey_Tetarenko,Joey Tetarenko,2038
http://dbpedia.org/resource/Herb_Boxer,Herb Boxer,1896
http://dbpedia.org/resource/Pierre_Hedin,Pierre Hedin,2013
http://dbpedia.org/resource/Martin_Škoula,Martin Škoula,1754
http://dbpedia.org/resource/Kieffer_Bellows,Kieffer Bellows,1754
http://dbpedia.org/resource/Andrei_Shefer,Andrei Shefer,2057
http://dbpedia.org/resource/Mario_Cartelli,Mario Cartelli,2149
http://dbpedia.org/resource/Ron_Shudra,Ron Shudra,2107
http://dbpedia.org/resource/Jonas_Rönnqvist,Jonas Rönnqvist,2247
http://dbpedia.org/resource/Erik_Karlsson,Erik Karlsson,1942
http://dbpedia.org/resource/Vitali_Karamnov,Vitali Karamnov,2016
http://dbpedia.org/resource/Patrick_Aufiero,Patrick Aufiero,2047
http://dbpedia.org/resource/Milt_Black,Milt Black,2114
http://dbpedia.org/resource/Antti_Miettinen,Antti Miettinen,2156
http://dbpedia.org/resource/Dylan_Reese,Dylan Reese,1733
http://dbpedia.org/resource/Andrej_Nestrašil,Andrej Nestrašil,1764
http://dbpedia.org/resource/Dan_Chicoine,Dan Chicoine,1661
http://dbpedia.org/resource/Nick_Naumenko,Nick Naumenko,2302
http://dbpedia.org/resource/Brantt_Myhres,Brantt Myhres,2237
http://dbpedia.org/resource/Anton_Lander,Anton Lander,2053
http://dbpedia.org/resource/Paul_Manning_(ice_hockey),Paul Manning (ice hockey),2085
http://dbpedia.org/resource/Kris_Hogg,Kris Hogg,2207
http://dbpedia.org/resource/Mikhail_Lyubushin,Mikhail Lyubushin,1752
http://dbpedia.org/resource/Shane_Endicott,Shane Endicott,2022
http://dbpedia.org/resource/Sergei_Sorokin,Sergei Sorokin,1864
http://dbpedia.org/resource/Mike_McPhee,Mike McPhee,1945
http://dbpedia.org/resource/Tomáš_Kaberle,Tomáš Kaberle,1897
http://dbpedia.org/resource/Ron_Delorme,Ron Delorme,2126
http://dbpedia.org/resource/Blair_MacKasey,Blair MacKasey,1915
http://dbpedia.org/resource/Kurtis_Gabriel,Kurtis Gabriel,2120
http://dbpedia.org/resource/Markus_Søberg,Markus Søberg,1928
http://dbpedia.org/resource/Jason_Zucker,Jason Zucker,1993
http://dbpedia.org/resource/Robb_Gordon,Robb Gordon,2275
http://dbpedia.org/resource/John_McCarthy_(ice_hockey),John McCarthy (ice hockey),2252
http://dbpedia.org/resource/Rick_Nash,Rick Nash,2224
http://dbpedia.org/resource/Tyler_Graovac,Tyler Graovac,2004
http://dbpedia.org/resource/Brian_Propp,Brian Propp,1847
http://dbpedia.org/resource/Garnet_Bailey,Garnet Bailey,1906
http://dbpedia.org/resource/Glenn_Fisher,Glenn Fisher,2135
"http://dbpedia.org/resource/Barry_Smith_(ice_hockey,_born_1955)","Barry Smith (ice hockey, born 1955)",1840
http://dbpedia.org/resource/Éric_Meloche,Éric Meloche,2164
http://dbpedia.org/resource/Grant_McNeill,Grant McNeill,1992
http://dbpedia.org/resource/Nathan_Walker,Nathan Walker,2029
http://dbpedia.org/resource/Kyle_Calder,Kyle Calder,2012
http://dbpedia.org/resource/Dan_Cavanaugh,Dan Cavanaugh,1758
http://dbpedia.org/resource/Sebastian_Wännström,Sebastian Wännström,1928
http://dbpedia.org/resource/Kaapo_Kähkönen,Kaapo Kähkönen,1803
http://dbpedia.org/resource/Adam_Henrich,Adam Henrich,2183
http://dbpedia.org/resource/Chris_Terry_(ice_hockey),Chris Terry (ice hockey),2351
http://dbpedia.org/resource/Tomáš_Sršeň,Tomáš Sršeň,1930
http://dbpedia.org/resource/Dean_Kolstad,Dean Kolstad,2129
http://dbpedia.org/resource/Jimmy_Waite,Jimmy Waite,2044
http://dbpedia.org/resource/Rob_Bellamy,Rob Bellamy,1894
"http://dbpedia.org/resource/Jan_Marek_(ice_hockey,_born_1979)","Jan Marek (ice hockey, born 1979)",2055
http://dbpedia.org/resource/Jesper_Pettersson,Jesper Pettersson,1959
http://dbpedia.org/resource/Matt_Hussey,Matt Hussey,1949
http://dbpedia.org/resource/Mark_Napier_(ice_hockey),Mark Napier (ice hockey),2437
http://dbpedia.org/resource/Tony_McKegney,Tony McKegney,1789
http://dbpedia.org/resource/Cam_Stewart,Cam Stewart,1850
http://dbpedia.org/resource/Jim_Dobson_(ice_hockey),Jim Dobson (ice hockey),1904
http://dbpedia.org/resource/Derick_Brassard,Derick Brassard,2029
http://dbpedia.org/resource/Alexei_Kasatonov,Alexei Kasatonov,2151
http://dbpedia.org/resource/Jan_Fadrný,Jan Fadrný,1869
http://dbpedia.org/resource/John_Lee_(ice_hockey),John Lee (ice hockey),1640
"http://dbpedia.org/resource/Don_McLean_(ice_hockey,_born_1954)","Don McLean (ice hockey, born 1954)",1816
http://dbpedia.org/resource/Matt_Frattin,Matt Frattin,1819
http://dbpedia.org/resource/Mario_Faubert,Mario Faubert,2442
http://dbpedia.org/resource/Igor_Boldin,Igor Boldin,1778
http://dbpedia.org/resource/Chris_Kontos,Chris Kontos,1911
http://dbpedia.org/resource/Tim_Erixon,Tim Erixon,1989
http://dbpedia.org/resource/Jussi_Jokinen,Jussi Jokinen,1675
"http://dbpedia.org/resource/Alain_Côté_(ice_hockey,_born_1967)","Alain Côté (ice hockey, born 1967)",1801
http://dbpedia.org/resource/Henri_Kiviaho,Henri Kiviaho,1970
http://dbpedia.org/resource/Ruslan_Zainullin,Ruslan Zainullin,2333
http://dbpedia.org/resource/Mike_Ford_(ice_hockey),Mike Ford (ice hockey),1981
http://dbpedia.org/resource/Ryan_Flynn_(ice_hockey),Ryan Flynn (ice hockey),1694
http://dbpedia.org/resource/Mattias_Modig,Mattias Modig,2022
http://dbpedia.org/resource/Freddie_Hamilton,Freddie Hamilton,2063
"http://dbpedia.org/resource/Sergei_Gimayev_(ice_hockey,_born_1984)","Sergei Gimayev (ice hockey, born 1984)",1700
http://dbpedia.org/resource/Gilbert_Dionne,Gilbert Dionne,1656
http://dbpedia.org/resource/Niklas_Tikkinen,Niklas Tikkinen,1963
http://dbpedia.org/resource/Don_Maloney,Don Maloney,1931
http://dbpedia.org/resource/Ville_Hostikka,Ville Hostikka,2047
http://dbpedia.org/resource/Dominik_Hašek,Dominik Hašek,1887
http://dbpedia.org/resource/Al_Jensen,Al Jensen,2246
http://dbpedia.org/resource/Dan_Kesa,Dan Kesa,1907
http://dbpedia.org/resource/Helmuts_Balderis,Helmuts Balderis,2227
http://dbpedia.org/resource/Petteri_Nummelin,Petteri Nummelin,1695
http://dbpedia.org/resource/Jeff_Norton,Jeff Norton,1707
http://dbpedia.org/resource/Luca_Cereda,Luca Cereda,2122
http://dbpedia.org/resource/Clark_Donatelli,Clark Donatelli,2279
http://dbpedia.org/resource/Julien_Gauthier,Julien Gauthier,1775
http://dbpedia.org/resource/Luke_Schenn,Luke Schenn,2256
http://dbpedia.org/resource/Tim_Jackman,Tim Jackman,2447
http://dbpedia.org/resource/Scott_Levins,Scott Levins,1971
http://dbpedia.org/resource/Eric_Boulton,Eric Boulton,2224
http://dbpedia.org/resource/Tim_Harrer,Tim Harrer,2063
http://dbpedia.org/resource/Dan_LaCosta,Dan LaCosta,1961
http://dbpedia.org/resource/Janne_Grönvall,Janne Grönvall,1824
http://dbpedia.org/resource/Joe_Micheletti,Joe Micheletti,1588
http://dbpedia.org/resource/Greg_Tebbutt,Greg Tebbutt,1927
http://dbpedia.org/resource/Michel_Riesen,Michel Riesen,2222
http://dbpedia.org/resource/Connor_Carrick,Connor Carrick,1911
http://dbpedia.org/resource/Nathan_Horton,Nathan Horton,2099
http://dbpedia.org/resource/Garrett_Klotz,Garrett Klotz,2299
http://dbpedia.org/resource/David_Inman,David Inman,1704
http://dbpedia.org/resource/Andrew_Ference,Andrew Ference,1938
http://dbpedia.org/resource/Ned_Havern,Ned Havern,2464
http://dbpedia.org/resource/Tuukka_Mäntylä,Tuukka Mäntylä,2067
http://dbpedia.org/resource/Daniel_Zaar,Daniel Zaar,2209
http://dbpedia.org/resource/Shawn_Weller,Shawn Weller,1812
http://dbpedia.org/resource/Josef_Vašíček,Josef Vašíček,2116
http://dbpedia.org/resource/Alexander_Andrievsky,Alexander Andrievsky,1931
http://dbpedia.org/resource/Bob_Bilodeau,Bob Bilodeau,1572
http://dbpedia.org/resource/Al_Iafrate,Al Iafrate,1623
http://dbpedia.org/resource/Chris_Stanley,Chris Stanley,2369
http://dbpedia.org/resource/Dave_Syvret,Dave Syvret,1502
http://dbpedia.org/resource/Jujhar_Khaira,Jujhar Khaira,2387
http://dbpedia.org/resource/Bobby_Dollas,Bobby Dollas,1890
http://dbpedia.org/resource/Derek_MacKenzie,Derek MacKenzie,1987
http://dbpedia.org/resource/Daniel_Rahimi,Daniel Rahimi,1623
http://dbpedia.org/resource/Christian_Ruuttu,Christian Ruuttu,1857
http://dbpedia.org/resource/Brad_Richards,Brad Richards,2162
http://dbpedia.org/resource/Dale_Weise,Dale Weise,1960
http://dbpedia.org/resource/Roland_Melanson,Roland Melanson,2272
http://dbpedia.org/resource/Matt_Beleskey,Matt Beleskey,1834
http://dbpedia.org/resource/Bruce_Eakin,Bruce Eakin,1829
http://dbpedia.org/resource/Mel_Bridgman,Mel Bridgman,1969
http://dbpedia.org/resource/Andong_Song,Andong Song,2332
"http://dbpedia.org/resource/Maxim_Mamin_(ice_hockey,_born_1995)","Maxim Mamin (ice hockey, born 1995)",2277
http://dbpedia.org/resource/Wayne_Merrick,Wayne Merrick,1807
http://dbpedia.org/resource/Steve_Warr_(ice_hockey),Steve Warr (ice hockey),2182
http://dbpedia.org/resource/Bob_Neely,Bob Neely,2099
http://dbpedia.org/resource/Braden_Birch,Braden Birch,1823
http://dbpedia.org/resource/Göran_Lindblom,Göran Lindblom,2441
http://dbpedia.org/resource/Todd_Charlesworth,Todd Charlesworth,2023
http://dbpedia.org/resource/Antonín_Stavjaňa,Antonín Stavjaňa,2135
http://dbpedia.org/resource/Brian_Willsie,Brian Willsie,2209
http://dbpedia.org/resource/Shawn_McNeil,Shawn McNeil,1753
http://dbpedia.org/resource/Mike_Keeler,Mike Keeler,2217
http://dbpedia.org/resource/Pat_Hughes_(ice_hockey),Pat Hughes (ice hockey),1783
http://dbpedia.org/resource/Dennis_Sobchuk,Dennis Sobchuk,1555
http://dbpedia.org/resource/Félix_Girard,Félix Girard,2064
http://dbpedia.org/resource/Chris_Biotti,Chris Biotti,1795
"http://dbpedia.org/resource/Erik_Andersson_(ice_hockey,_born_1971)","Erik Andersson (ice hockey, born 1971)",2154
http://dbpedia.org/resource/Alexander_Krevsun,Alexander Krevsun,2514
http://dbpedia.org/resource/Saku_Mäenalanen,Saku Mäenalanen,2073
http://dbpedia.org/resource/Per_Eklund_(ice_hockey),Per Eklund (ice hockey),2309
http://dbpedia.org/resource/Geoff_Sanderson,Geoff Sanderson,2010
http://dbpedia.org/resource/Danny_Kristo,Danny Kristo,2373
http://dbpedia.org/resource/Marco_Sturm,Marco Sturm,2071
http://dbpedia.org/resource/Denis_Reul,Denis Reul,1967
http://dbpedia.org/resource/Dwight_Helminen,Dwight Helminen,2370
http://dbpedia.org/resource/Ryan_Martindale,Ryan Martindale,1918
http://dbpedia.org/resource/Martin_Brodeur,Martin Brodeur,1784
http://dbpedia.org/resource/Chris_Oddleifson,Chris Oddleifson,1882
http://dbpedia.org/resource/Kaspars_Daugaviņš,Kaspars Daugaviņš,2211
http://dbpedia.org/resource/Johnny_Oduya,Johnny Oduya,1902
http://dbpedia.org/resource/Pierre_Giroux,Pierre Giroux,2317
http://dbpedia.org/resource/Don_Biggs,Don Biggs,2218
http://dbpedia.org/resource/Kyle_Wanvig,Kyle Wanvig,2063
http://dbpedia.org/resource/Frank_Pietrangelo,Frank Pietrangelo,2115
http://dbpedia.org/resource/Tony_Fiore_(ice_hockey),Tony Fiore (ice hockey),2109
http://dbpedia.org/resource/Patrick_Holland_(ice_hockey),Patrick Holland (ice hockey),1940
http://dbpedia.org/resource/Krys_Kolanos,Krys Kolanos,2002
http://dbpedia.org/resource/Laurie_Boschman,Laurie Boschman,2096
http://dbpedia.org/resource/Niclas_Hävelid,Niclas Hävelid,1838
http://dbpedia.org/resource/Jeff_Shevalier,Jeff Shevalier,1873
http://dbpedia.org/resource/Doug_Risebrough,Doug Risebrough,1901
"http://dbpedia.org/resource/Mike_Kennedy_(ice_hockey,_born_1972)","Mike Kennedy (ice hockey, born 1972)",1895
http://dbpedia.org/resource/Jere_Gillis,Jere Gillis,2011
http://dbpedia.org/resource/Matt_Kennedy_(ice_hockey),Matt Kennedy (ice hockey),1864
http://dbpedia.org/resource/Leon_Draisaitl,Leon Draisaitl,1760
http://dbpedia.org/resource/Patrick_Traverse,Patrick Traverse,1892
"http://dbpedia.org/resource/Mikko_Lehtonen_(ice_hockey,_born_1978)","Mikko Lehtonen (ice hockey, born 1978)",2190
http://dbpedia.org/resource/Errol_Thompson_(ice_hockey),Errol Thompson (ice hockey),1975
http://dbpedia.org/resource/Sean_Burke,Sean Burke,2209
http://dbpedia.org/resource/Rostislav_Olesz,Rostislav Olesz,1836
http://dbpedia.org/resource/Igor_Valeev,Igor Valeev,2039
http://dbpedia.org/resource/Daniil_Zharkov,Daniil Zharkov,1934
http://dbpedia.org/resource/Eric_O'Dell,Eric O'Dell,1639
http://dbpedia.org/resource/Ryan_Glenn,Ryan Glenn,2335
http://dbpedia.org/resource/Mike_Minard,Mike Minard,1920
http://dbpedia.org/resource/Paul_Messier_(ice_hockey),Paul Messier (ice hockey),1711
http://dbpedia.org/resource/Chris_Doyle_(ice_hockey),Chris Doyle (ice hockey),2268
http://dbpedia.org/resource/Anton_Rödin,Anton Rödin,2232
http://dbpedia.org/resource/Nick_Bootland,Nick Bootland,1906
http://dbpedia.org/resource/Bruce_Holloway_(ice_hockey),Bruce Holloway (ice hockey),1668
http://dbpedia.org/resource/Reto_Berra,Reto Berra,2341
http://dbpedia.org/resource/Matt_Jones_(ice_hockey),Matt Jones (ice hockey),2545
http://dbpedia.org/resource/Jude_Drouin,Jude Drouin,2204
http://dbpedia.org/resource/Tyler_Eckford,Tyler Eckford,1981
http://dbpedia.org/resource/David_Květoň,David Květoň,1815
http://dbpedia.org/resource/John_Erskine_(ice_hockey),John Erskine (ice hockey),1859
http://dbpedia.org/resource/Ron_Carter_(ice_hockey),Ron Carter (ice hockey),1733
http://dbpedia.org/resource/Jason_Maleyko,Jason Maleyko,2207
http://dbpedia.org/resource/Rich_Gosselin,Rich Gosselin,1986
http://dbpedia.org/resource/Bill_Baker_(ice_hockey),Bill Baker (ice hockey),1919
http://dbpedia.org/resource/Arseny_Bondarev,Arseny Bondarev,2037
http://dbpedia.org/resource/Åge_Ellingsen,Åge Ellingsen,1700
http://dbpedia.org/resource/Jeff_Allan,Jeff Allan,1569
http://dbpedia.org/resource/Pierre_Lagacé,Pierre Lagacé,1723
http://dbpedia.org/resource/Marius_Holtet,Marius Holtet,2023
http://dbpedia.org/resource/Dave_Morrison_(ice_hockey),Dave Morrison (ice hockey),2065
http://dbpedia.org/resource/Ronnie_Stern,Ronnie Stern,1977
http://dbpedia.org/resource/Daryl_Evans,Daryl Evans,2418
http://dbpedia.org/resource/Andrei_Taratukhin,Andrei Taratukhin,2368
http://dbpedia.org/resource/Robbie_Russo,Robbie Russo,2199
http://dbpedia.org/resource/Tuomas_Grönman,Tuomas Grönman,1763
http://dbpedia.org/resource/Alex_Forsyth_(ice_hockey),Alex Forsyth (ice hockey),1975
http://dbpedia.org/resource/Dmitri_Pestunov,Dmitri Pestunov,2193
http://dbpedia.org/resource/Valeri_Nichushkin,Valeri Nichushkin,2079
http://dbpedia.org/resource/Rob_Valicevic,Rob Valicevic,2271
http://dbpedia.org/resource/Justin_Shugg,Justin Shugg,1961
http://dbpedia.org/resource/Bob_Sirois,Bob Sirois,1979
http://dbpedia.org/resource/Robert_Czarnik,Robert Czarnik,2127
http://dbpedia.org/resource/Andre_Lakos,Andre Lakos,1968
http://dbpedia.org/resource/Mario_Larocque,Mario Larocque,1574
http://dbpedia.org/resource/Eric_Beaudoin,Eric Beaudoin,1982
http://dbpedia.org/resource/Otto_Koivula,Otto Koivula,2350
http://dbpedia.org/resource/Robby_Fabbri,Robby Fabbri,2354
http://dbpedia.org/resource/Pavel_Buchnevich,Pavel Buchnevich,2044
http://dbpedia.org/resource/Scott_Thornton_(ice_hockey),Scott Thornton (ice hockey),2258
http://dbpedia.org/resource/Marcel_Hossa,Marcel Hossa,1873
http://dbpedia.org/resource/Niklas_Hjalmarsson,Niklas Hjalmarsson,2048
http://dbpedia.org/resource/Tyler_Weiman,Tyler Weiman,1615
http://dbpedia.org/resource/Oleg_Kvasha,Oleg Kvasha,2200
http://dbpedia.org/resource/Milan_Nový,Milan Nový,2053
http://dbpedia.org/resource/Nic_Beaudoin,Nic Beaudoin,2178
http://dbpedia.org/resource/Brad_Selwood,Brad Selwood,1981
http://dbpedia.org/resource/Zbyněk_Irgl,Zbyněk Irgl,2252
http://dbpedia.org/resource/George_Maneluk,George Maneluk,2007
http://dbpedia.org/resource/Timo_Jutila,Timo Jutila,2164
http://dbpedia.org/resource/Brett_Ritchie,Brett Ritchie,1966
http://dbpedia.org/resource/Paul_Traynor,Paul Traynor,2248
http://dbpedia.org/resource/Calvin_Elfring,Calvin Elfring,1664
http://dbpedia.org/resource/James_Livingston_(ice_hockey),James Livingston (ice hockey),2011
http://dbpedia.org/resource/Jay_Wells,Jay Wells,1848
http://dbpedia.org/resource/Yared_Hagos,Yared Hagos,1970
http://dbpedia.org/resource/Eric_Lacroix,Eric Lacroix,2200
http://dbpedia.org/resource/Michael_Garnett,Michael Garnett,2434
http://dbpedia.org/resource/Peter_Leboutillier,Peter Leboutillier,2067
http://dbpedia.org/resource/Neil_Smith_(ice_hockey),Neil Smith (ice hockey),1833
http://dbpedia.org/resource/Dave_Moylan,Dave Moylan,1928
http://dbpedia.org/resource/Larry_Murphy_(ice_hockey),Larry Murphy (ice hockey),2068
http://dbpedia.org/resource/Brent_Bilodeau,Brent Bilodeau,1888
http://dbpedia.org/resource/Corey_Tropp,Corey Tropp,2226
http://dbpedia.org/resource/Johnathan_Aitken,Johnathan Aitken,2131
http://dbpedia.org/resource/Fernando_Pisani,Fernando Pisani,1824
http://dbpedia.org/resource/Jonas_Siegenthaler,Jonas Siegenthaler,1859
http://dbpedia.org/resource/Petr_Hubáček,Petr Hubáček,2003
"http://dbpedia.org/resource/Craig_MacDonald_(ice_hockey,_born_1977)","Craig MacDonald (ice hockey, born 1977)",2212
http://dbpedia.org/resource/Jean_Lemieux,Jean Lemieux,1711
http://dbpedia.org/resource/Jamie_Bateman,Jamie Bateman,2379
http://dbpedia.org/resource/Petr_Franěk,Petr Franěk,1787
http://dbpedia.org/resource/Brian_Ferlin,Brian Ferlin,1893
http://dbpedia.org/resource/Tyler_Biggs,Tyler Biggs,1981
http://dbpedia.org/resource/Kevin_Romy,Kevin Romy,1749
http://dbpedia.org/resource/Martin_Hosták,Martin Hosták,2114
http://dbpedia.org/resource/Tomáš_Troliga,Tomáš Troliga,2080
http://dbpedia.org/resource/Buzz_Schneider,Buzz Schneider,2184
http://dbpedia.org/resource/Dave_Babych,Dave Babych,1999
http://dbpedia.org/resource/Gilbert_Brulé,Gilbert Brulé,2358
http://dbpedia.org/resource/Matt_McIlvane,Matt McIlvane,1747
http://dbpedia.org/resource/Jozef_Balej,Jozef Balej,2314
http://dbpedia.org/resource/Matt_Smaby,Matt Smaby,2443
http://dbpedia.org/resource/Larry_Wright_(ice_hockey),Larry Wright (ice hockey),1905
http://dbpedia.org/resource/Bob_Tombari,Bob Tombari,2053
http://dbpedia.org/resource/Chris_Luongo,Chris Luongo,1941
http://dbpedia.org/resource/Michael_Rupp,Michael Rupp,2310
http://dbpedia.org/resource/Steve_Maltais,Steve Maltais,2191
http://dbpedia.org/resource/Marko_Tuomainen,Marko Tuomainen,2025
http://dbpedia.org/resource/Marc_Methot,Marc Methot,2074
http://dbpedia.org/resource/Dan_Hamhuis,Dan Hamhuis,2260
http://dbpedia.org/resource/Konstantin_Panov,Konstantin Panov,1906
http://dbpedia.org/resource/Sébastien_Caron,Sébastien Caron,2107
"http://dbpedia.org/resource/Alexei_Yegorov_(ice_hockey,_born_1975)","Alexei Yegorov (ice hockey, born 1975)",2011
http://dbpedia.org/resource/Tim_Tookey,Tim Tookey,1774
http://dbpedia.org/resource/Yan_Stastny,Yan Stastny,1674
http://dbpedia.org/resource/Sam_Steel,Sam Steel,1907
http://dbpedia.org/resource/Jan_Čaloun,Jan Čaloun,2250
http://dbpedia.org/resource/Daultan_Leveille,Daultan Leveille,2254
"http://dbpedia.org/resource/Dave_Reid_(ice_hockey,_born_1964)","Dave Reid (ice hockey, born 1964)",1933
http://dbpedia.org/resource/Gord_Kruppke,Gord Kruppke,2188
http://dbpedia.org/resource/Larry_Lozinski,Larry Lozinski,1842
http://dbpedia.org/resource/Brian_Sutherby,Brian Sutherby,2070
http://dbpedia.org/resource/Eric_Nickulas,Eric Nickulas,2079
http://dbpedia.org/resource/Keaton_Ellerby,Keaton Ellerby,1872
http://dbpedia.org/resource/Rick_Green_(ice_hockey),Rick Green (ice hockey),1886
http://dbpedia.org/resource/Jeremy_Goetzinger,Jeremy Goetzinger,1581
http://dbpedia.org/resource/Victor_Uchevatov,Victor Uchevatov,1918
http://dbpedia.org/resource/Mark_Bell_(ice_hockey),Mark Bell (ice hockey),1996
http://dbpedia.org/resource/John_Slaney,John Slaney,1899
http://dbpedia.org/resource/Brett_Hauer,Brett Hauer,2042
"http://dbpedia.org/resource/Tom_McCarthy_(ice_hockey,_born_1960)","Tom McCarthy (ice hockey, born 1960)",1835
http://dbpedia.org/resource/Carl_Grahn,Carl Grahn,1589
http://dbpedia.org/resource/Guido_Tenesi,Guido Tenesi,2048
http://dbpedia.org/resource/Bill_Hajt,Bill Hajt,2496
http://dbpedia.org/resource/Vladimir_Krutov,Vladimir Krutov,1574
http://dbpedia.org/resource/Tony_Curtale,Tony Curtale,2288
"http://dbpedia.org/resource/Michael_Woodford,_Jr.","Michael Woodford, Jr.",2022
http://dbpedia.org/resource/Willie_Brossart,Willie Brossart,2304
http://dbpedia.org/resource/David_Kočí,David Kočí,1969
http://dbpedia.org/resource/Zack_Smith,Zack Smith,2126
http://dbpedia.org/resource/Nate_Kiser,Nate Kiser,1494
http://dbpedia.org/resource/Danny_Markov,Danny Markov,2292
http://dbpedia.org/resource/Simon_Bertilsson,Simon Bertilsson,2158
http://dbpedia.org/resource/Deryk_Engelland,Deryk Engelland,1819
http://dbpedia.org/resource/Ray_Shero,Ray Shero,2078
http://dbpedia.org/resource/Dylan_DeMelo,Dylan DeMelo,2100
http://dbpedia.org/resource/Mark_Osborne_(ice_hockey),Mark Osborne (ice hockey),2060
http://dbpedia.org/resource/Kevin_Cheveldayoff,Kevin Cheveldayoff,2181
http://dbpedia.org/resource/Barrett_Heisten,Barrett Heisten,1985
http://dbpedia.org/resource/Craig_Coxe,Craig Coxe,2012
http://dbpedia.org/resource/Casey_Pierro-Zabotel,Casey Pierro-Zabotel,1564
http://dbpedia.org/resource/Severin_Blindenbacher,Severin Blindenbacher,2019
http://dbpedia.org/resource/David_Legwand,David Legwand,2000
http://dbpedia.org/resource/Daniel_Přibyl,Daniel Přibyl,1866
http://dbpedia.org/resource/Ray_Whitney_(ice_hockey),Ray Whitney (ice hockey),2273
http://dbpedia.org/resource/Matt_Clackson,Matt Clackson,2366
http://dbpedia.org/resource/Nate_Thompson,Nate Thompson,1720
http://dbpedia.org/resource/Peter_Driscoll,Peter Driscoll,2061
http://dbpedia.org/resource/Rick_Pagnutti,Rick Pagnutti,1911
http://dbpedia.org/resource/Jochen_Hecht,Jochen Hecht,1708
http://dbpedia.org/resource/Keegan_Lowe,Keegan Lowe,1987
http://dbpedia.org/resource/Alexei_Krivchenkov,Alexei Krivchenkov,2069
http://dbpedia.org/resource/Brett_Lindros,Brett Lindros,2200
http://dbpedia.org/resource/Rostislav_Klesla,Rostislav Klesla,2394
http://dbpedia.org/resource/Chris_Wells_(ice_hockey),Chris Wells (ice hockey),1841
http://dbpedia.org/resource/Chris_Heid,Chris Heid,2417
http://dbpedia.org/resource/Mark_Sorensen,Mark Sorensen,1870
http://dbpedia.org/resource/Bob_Wren,Bob Wren,1767
http://dbpedia.org/resource/Václav_Meidl,Václav Meidl,2317
http://dbpedia.org/resource/Petr_Tatíček,Petr Tatíček,2070
http://dbpedia.org/resource/Oscar_Hedman,Oscar Hedman,2222
http://dbpedia.org/resource/Ethan_Werek,Ethan Werek,2330
http://dbpedia.org/resource/Stéphane_Fiset,Stéphane Fiset,1878
http://dbpedia.org/resource/Greg_Joly,Greg Joly,1993
http://dbpedia.org/resource/Allan_Bester,Allan Bester,1989
http://dbpedia.org/resource/Jason_Chimera,Jason Chimera,2520
http://dbpedia.org/resource/Daniel_Walcott,Daniel Walcott,2233
http://dbpedia.org/resource/Adam_Gilmour,Adam Gilmour,2539
http://dbpedia.org/resource/Matt_Generous,Matt Generous,1589
http://dbpedia.org/resource/Jim_Campbell_(ice_hockey),Jim Campbell (ice hockey),1700
http://dbpedia.org/resource/Steve_Brûlé,Steve Brûlé,1678
http://dbpedia.org/resource/Johan_Motin,Johan Motin,1877
http://dbpedia.org/resource/Tomi_Kallio,Tomi Kallio,2430
http://dbpedia.org/resource/Christian_Berglund,Christian Berglund,2356
http://dbpedia.org/resource/Kirk_McLean,Kirk McLean,2143
http://dbpedia.org/resource/Boone_Jenner,Boone Jenner,2091
http://dbpedia.org/resource/Chuck_Wiegand,Chuck Wiegand,2000
http://dbpedia.org/resource/Steve_McKenzie,Steve McKenzie,2076
http://dbpedia.org/resource/Dixon_Ward,Dixon Ward,2333
http://dbpedia.org/resource/Michal_Rozsíval,Michal Rozsíval,1808
http://dbpedia.org/resource/Kjell_Samuelsson,Kjell Samuelsson,2226
http://dbpedia.org/resource/Jakub_Čutta,Jakub Čutta,1766
http://dbpedia.org/resource/Byron_Ritchie,Byron Ritchie,1877
http://dbpedia.org/resource/Josh_Unice,Josh Unice,1976
http://dbpedia.org/resource/Jim_McInally_(ice_hockey),Jim McInally (ice hockey),2063
http://dbpedia.org/resource/Jason_Pominville,Jason Pominville,2239
http://dbpedia.org/resource/Tony_Hand,Tony Hand,2038
http://dbpedia.org/resource/Martin_Houle,Martin Houle,1986
http://dbpedia.org/resource/Doug_Bodger,Doug Bodger,2245
http://dbpedia.org/resource/Jyrki_Jokipakka,Jyrki Jokipakka,2165
http://dbpedia.org/resource/Ramzi_Abid,Ramzi Abid,1676
http://dbpedia.org/resource/Kevin_Klein,Kevin Klein,2017
http://dbpedia.org/resource/Sean_Gillam,Sean Gillam,1933
