http://dbpedia.org/ontology/Band,Band,http://dbpedia.org/ontology/activeYearsStartYear
http://dbpedia.org/resource/Boiler_Room_(band),Boiler Room (band),1996
http://dbpedia.org/resource/Catoan,Catoan,2006
http://dbpedia.org/resource/The_Longcut,The Longcut,2002
http://dbpedia.org/resource/Diablo_(band),Diablo (band),1995
http://dbpedia.org/resource/Second_Coming_(band),Second Coming (band),1990
http://dbpedia.org/resource/Maicol_&_Manuel,Maicol & Manuel,1990
http://dbpedia.org/resource/Imperio_(band),Imperio (band),1994
http://dbpedia.org/resource/This_Is_Menace,This Is Menace,2004
http://dbpedia.org/resource/Mike_Mennard,Mike Mennard,2004
http://dbpedia.org/resource/The_Puddle,The Puddle,1983
http://dbpedia.org/resource/Obsil,Obsil,1999
http://dbpedia.org/resource/Stealing_Orchestra,Stealing Orchestra,1997
http://dbpedia.org/resource/Karen_Girl's,Karen Girl's,2008
http://dbpedia.org/resource/Kotiteollisuus,Kotiteollisuus,1991
http://dbpedia.org/resource/The_Mossie,The Mossie,1993
http://dbpedia.org/resource/10_Foot_Ganja_Plant,10 Foot Ganja Plant,1999
http://dbpedia.org/resource/Stealing_Angels,Stealing Angels,2007
http://dbpedia.org/resource/Biomechanical_(band),Biomechanical (band),2001
http://dbpedia.org/resource/Sväng,Sväng,2003
http://dbpedia.org/resource/Long_Since_Forgotten,Long Since Forgotten,1999
http://dbpedia.org/resource/Neighb'rhood_Childr'n,Neighb'rhood Childr'n,1963
http://dbpedia.org/resource/Mother_Goose_(band),Mother Goose (band),1975
http://dbpedia.org/resource/Ivy_(band),Ivy (band),1994
http://dbpedia.org/resource/Shonentai,Shonentai,1985
http://dbpedia.org/resource/Mark_McConnell,Mark McConnell,1986
http://dbpedia.org/resource/Wonderboom_(band),Wonderboom (band),1996
http://dbpedia.org/resource/The_Virus_(band),The Virus (band),1998
http://dbpedia.org/resource/Fiocco_(band),Fiocco (band),1997
http://dbpedia.org/resource/Ekho_(band),Ekho (band),2008
http://dbpedia.org/resource/Future_Rock,Future Rock,2004
http://dbpedia.org/resource/The_Cinematic_Orchestra,The Cinematic Orchestra,1999
http://dbpedia.org/resource/Kraak_&_Smaak,Kraak & Smaak,2003
http://dbpedia.org/resource/Bright_(American_band),Bright (American band),1993
http://dbpedia.org/resource/The_Treatment_(band),The Treatment (band),2008
http://dbpedia.org/resource/Bryn_Mawr_Mainliners,Bryn Mawr Mainliners,1963
http://dbpedia.org/resource/La_Excelencia,La Excelencia,2005
http://dbpedia.org/resource/Saccharine_Trust,Saccharine Trust,1980
http://dbpedia.org/resource/Zazen_Boys,Zazen Boys,2003
http://dbpedia.org/resource/Young_Canadians,Young Canadians,1979
http://dbpedia.org/resource/Big_Country,Big Country,1981
http://dbpedia.org/resource/Colorama_(band),Colorama (band),2007
http://dbpedia.org/resource/Make_Me_Famous,Make Me Famous,2009
http://dbpedia.org/resource/Road_(band),Road (band),1970
http://dbpedia.org/resource/Faded_Paper_Figures,Faded Paper Figures,2007
http://dbpedia.org/resource/The_Four_Preps,The Four Preps,1956
http://dbpedia.org/resource/The_Bubblemen,The Bubblemen,1988
http://dbpedia.org/resource/From_Monument_to_Masses,From Monument to Masses,2000
http://dbpedia.org/resource/Hades_Almighty,Hades Almighty,1992
http://dbpedia.org/resource/Filligar,Filligar,2000
http://dbpedia.org/resource/Dreadful_Shadows,Dreadful Shadows,1993
http://dbpedia.org/resource/The_Peacocks_(band),The Peacocks (band),1990
http://dbpedia.org/resource/Bonehead_(band),Bonehead (band),1994
http://dbpedia.org/resource/Oktobar_1864,Oktobar 1864,1984
http://dbpedia.org/resource/Gerald_Danovitch_Saxophone_Quartet,Gerald Danovitch Saxophone Quartet,1968
http://dbpedia.org/resource/Krasnaya_Plesen,Krasnaya Plesen,1989
http://dbpedia.org/resource/The_Bobs,The Bobs,1980
http://dbpedia.org/resource/Litfiba,Litfiba,1980
http://dbpedia.org/resource/As_Yet_Unbroken,As Yet Unbroken,2007
http://dbpedia.org/resource/Erimha,Erimha,2010
http://dbpedia.org/resource/Hollaphonic,Hollaphonic,2012
http://dbpedia.org/resource/Sucioperro,Sucioperro,2002
http://dbpedia.org/resource/Macedo_(musical_group),Macedo (musical group),2010
http://dbpedia.org/resource/Brotherhood_of_Man,Brotherhood of Man,1969
http://dbpedia.org/resource/Paradiso_Girls,Paradiso Girls,2007
http://dbpedia.org/resource/Roadstar,Roadstar,2003
http://dbpedia.org/resource/Girlband_(Australian_band),Girlband (Australian band),2006
http://dbpedia.org/resource/Cali_&_El_Dandee,Cali & El Dandee,2009
http://dbpedia.org/resource/Bel_Tempo,Bel Tempo,1986
http://dbpedia.org/resource/Brinsley_Schwarz,Brinsley Schwarz,1969
http://dbpedia.org/resource/Hard_Boyz,Hard Boyz,1991
http://dbpedia.org/resource/Novalima,Novalima,2001
http://dbpedia.org/resource/Oak_and_Gorski,Oak and Gorski,2005
http://dbpedia.org/resource/The_All-American_Rejects,The All-American Rejects,1999
http://dbpedia.org/resource/Rise_Against,Rise Against,1999
http://dbpedia.org/resource/Elisium,Elisium,1994
http://dbpedia.org/resource/The_Now,The Now,1976
http://dbpedia.org/resource/Badlands_(Swedish_musical_act),Badlands (Swedish musical act),2011
http://dbpedia.org/resource/Bitterside,Bitterside,2000
http://dbpedia.org/resource/Translator_(band),Translator (band),1979
http://dbpedia.org/resource/Stendeck,Stendeck,1999
http://dbpedia.org/resource/Disciplin_A_Kitschme,Disciplin A Kitschme,1981
http://dbpedia.org/resource/Fabulous_Poodles,Fabulous Poodles,1975
"http://dbpedia.org/resource/Does_It_Offend_You,_Yeah%3F","Does It Offend You, Yeah?",2006
http://dbpedia.org/resource/Power_Pill_Fist,Power Pill Fist,2004
http://dbpedia.org/resource/Addictive_(Australian_band),Addictive (Australian band),1987
http://dbpedia.org/resource/Fox_(band),Fox (band),1974
http://dbpedia.org/resource/The_New_Standards,The New Standards,2005
http://dbpedia.org/resource/Mayfly_(band),Mayfly (band),2012
http://dbpedia.org/resource/Kwela_Tebza,Kwela Tebza,1996
http://dbpedia.org/resource/Venom_(band),Venom (band),1979
http://dbpedia.org/resource/Saint_(band),Saint (band),1980
http://dbpedia.org/resource/Paloalto,Paloalto,2000
http://dbpedia.org/resource/DVAS,DVAS,2003
http://dbpedia.org/resource/New_York_Youth_Symphony,New York Youth Symphony,1963
http://dbpedia.org/resource/The_Actual_(band),The Actual (band),2001
http://dbpedia.org/resource/Niyaz,Niyaz,2005
http://dbpedia.org/resource/Asunder_(American_band),Asunder (American band),1998
http://dbpedia.org/resource/No_Knife,No Knife,1993
http://dbpedia.org/resource/Supernova_(Chilean_band),Supernova (Chilean band),1999
http://dbpedia.org/resource/Hour_Glass_(band),Hour Glass (band),1967
http://dbpedia.org/resource/WinterKids,WinterKids,2004
http://dbpedia.org/resource/Georg_Danzer,Georg Danzer,1967
http://dbpedia.org/resource/Vendetta_(German_band),Vendetta (German band),1984
http://dbpedia.org/resource/The_Early_Years_(band),The Early Years (band),2004
http://dbpedia.org/resource/Groove_Theory,Groove Theory,1993
http://dbpedia.org/resource/Gibson_Brothers,Gibson Brothers,1970
http://dbpedia.org/resource/The_Call_(band),The Call (band),1980
http://dbpedia.org/resource/I_Hate_Myself_(band),I Hate Myself (band),1996
http://dbpedia.org/resource/The_Immediate,The Immediate,2003
http://dbpedia.org/resource/Mad_Heads_XL,Mad Heads XL,2003
http://dbpedia.org/resource/Shine_(band),Shine (band),2003
http://dbpedia.org/resource/Paul_Evans_(musician),Paul Evans (musician),1956
http://dbpedia.org/resource/Almanac_Singers,Almanac Singers,1940
http://dbpedia.org/resource/The_Scarred,The Scarred,2003
http://dbpedia.org/resource/Pup_(band),Pup (band),2013
http://dbpedia.org/resource/Sven_Gali,Sven Gali,1987
http://dbpedia.org/resource/Paradox_(German_band),Paradox (German band),1986
http://dbpedia.org/resource/Intricate_Unit,Intricate Unit,1999
http://dbpedia.org/resource/The_Pop_Culture_Suicides,The Pop Culture Suicides,2005
http://dbpedia.org/resource/Scratch_Track,Scratch Track,2000
http://dbpedia.org/resource/Brontosaurus_Chorus,Brontosaurus Chorus,2006
http://dbpedia.org/resource/Almora_(band),Almora (band),2001
http://dbpedia.org/resource/Society's_Finest,Society's Finest,1997
http://dbpedia.org/resource/Black_Jackson,Black Jackson,2000
http://dbpedia.org/resource/Bristol_Ensemble,Bristol Ensemble,1994
http://dbpedia.org/resource/The_Bayonets,The Bayonets,2011
http://dbpedia.org/resource/Spice_Girls,Spice Girls,1994
http://dbpedia.org/resource/SNMNMNM,SNMNMNM,1997
http://dbpedia.org/resource/The_Rosebuds,The Rosebuds,2001
http://dbpedia.org/resource/The_Tripp,The Tripp,1966
http://dbpedia.org/resource/Roll_the_Dice_(band),Roll the Dice (band),2007
http://dbpedia.org/resource/Color_Humano,Color Humano,1971
http://dbpedia.org/resource/The_McAuley_Boys,The McAuley Boys,1995
http://dbpedia.org/resource/Let's_Wrestle,Let's Wrestle,2005
http://dbpedia.org/resource/Fat_Larry's_Band,Fat Larry's Band,1976
http://dbpedia.org/resource/Seabear,Seabear,2000
http://dbpedia.org/resource/Hey_Marseilles,Hey Marseilles,2006
http://dbpedia.org/resource/Lord_Tracy,Lord Tracy,1985
http://dbpedia.org/resource/Errortype:_Eleven,Errortype: Eleven,1997
http://dbpedia.org/resource/The_Studdogs,The Studdogs,2000
http://dbpedia.org/resource/The_Famine,The Famine,2006
http://dbpedia.org/resource/Lab_Partners,Lab Partners,1998
http://dbpedia.org/resource/Vodka_rain,Vodka rain,2007
http://dbpedia.org/resource/Prima_Donna_(American_band),Prima Donna (American band),2004
http://dbpedia.org/resource/Whale_Horse,Whale Horse,2005
http://dbpedia.org/resource/Warpaint_(band),Warpaint (band),2004
http://dbpedia.org/resource/GMS_(music_group),GMS (music group),1995
http://dbpedia.org/resource/Tenhi,Tenhi,1996
http://dbpedia.org/resource/Toiling_Midgets,Toiling Midgets,1979
http://dbpedia.org/resource/Shilfee_and_Tulipcorobockles,Shilfee and Tulipcorobockles,2005
http://dbpedia.org/resource/The_Anthem_Sound,The Anthem Sound,2005
http://dbpedia.org/resource/Plenty_(band),Plenty (band),2004
http://dbpedia.org/resource/Opprobrium_(band),Opprobrium (band),1986
http://dbpedia.org/resource/Voice_(duo),Voice (duo),2000
http://dbpedia.org/resource/No_Use_for_a_Name,No Use for a Name,1987
http://dbpedia.org/resource/Lùnapop,Lùnapop,1999
http://dbpedia.org/resource/Bonjour_Brumaire,Bonjour Brumaire,2007
http://dbpedia.org/resource/Bones_(band),Bones (band),1969
http://dbpedia.org/resource/Von_(band),Von (band),1987
http://dbpedia.org/resource/Jacksonville_Symphony_Youth_Orchestra,Jacksonville Symphony Youth Orchestra,1993
http://dbpedia.org/resource/Gospel_of_the_Horns,Gospel of the Horns,1993
http://dbpedia.org/resource/Blue_Matter_Band,Blue Matter Band,1986
http://dbpedia.org/resource/Tamam_Shud,Tamam Shud,1964
http://dbpedia.org/resource/Wet_Willie,Wet Willie,1970
http://dbpedia.org/resource/Gigi_(music_project),Gigi (music project),2005
http://dbpedia.org/resource/Rich_Kids,Rich Kids,1977
http://dbpedia.org/resource/September_(band),September (band),1975
http://dbpedia.org/resource/Yea_Big_+_Kid_Static,Yea Big + Kid Static,2005
http://dbpedia.org/resource/The_Danks,The Danks,2005
http://dbpedia.org/resource/Besh_o_droM,Besh o droM,1999
http://dbpedia.org/resource/The_Like,The Like,2001
http://dbpedia.org/resource/Midasuno,Midasuno,2000
http://dbpedia.org/resource/PeR,PeR,2007
http://dbpedia.org/resource/Toad_the_Wet_Sprocket,Toad the Wet Sprocket,1986
http://dbpedia.org/resource/DAG_(band),DAG (band),1989
http://dbpedia.org/resource/Silver_Seraph_(band),Silver Seraph (band),2001
http://dbpedia.org/resource/Sixx:A.M.,Sixx:A.M.,2007
http://dbpedia.org/resource/Westwind_(band),Westwind (band),1999
http://dbpedia.org/resource/The_Saturdays,The Saturdays,2007
http://dbpedia.org/resource/The_Cramps,The Cramps,1976
http://dbpedia.org/resource/Blectum_from_Blechdom,Blectum from Blechdom,1998
http://dbpedia.org/resource/The_Dreams,The Dreams,2006
http://dbpedia.org/resource/Kumbia_Queers,Kumbia Queers,2007
http://dbpedia.org/resource/Mighty_Oaks_(band),Mighty Oaks (band),2010
http://dbpedia.org/resource/With_One_Last_Breath,With One Last Breath,2008
http://dbpedia.org/resource/The_Elms_(band),The Elms (band),2000
http://dbpedia.org/resource/Tristan_Park,Tristan Park,1986
http://dbpedia.org/resource/RSJ_(band),RSJ (band),2002
http://dbpedia.org/resource/Bravo_Johnson,Bravo Johnson,2006
http://dbpedia.org/resource/Sea_of_Green,Sea of Green,1999
http://dbpedia.org/resource/La_Ruda,La Ruda,1993
http://dbpedia.org/resource/Gal_Level,Gal Level,2000
http://dbpedia.org/resource/Franja_de_Gaza,Franja de Gaza,2003
http://dbpedia.org/resource/A_Million_Machines,A Million Machines,2013
http://dbpedia.org/resource/Green_(band),Green (band),1984
http://dbpedia.org/resource/Order_of_Ennead,Order of Ennead,2007
http://dbpedia.org/resource/Lydia_Ainsworth,Lydia Ainsworth,2013
http://dbpedia.org/resource/Ruins_(Japanese_band),Ruins (Japanese band),1985
http://dbpedia.org/resource/Doleful_Lions,Doleful Lions,1996
http://dbpedia.org/resource/Havoc_&_Prodeje,Havoc & Prodeje,1988
http://dbpedia.org/resource/The_Hummingbirds,The Hummingbirds,1986
http://dbpedia.org/resource/Dead_Infection,Dead Infection,1990
http://dbpedia.org/resource/OOoOO,OOoOO,2008
http://dbpedia.org/resource/Hladno_pivo,Hladno pivo,1988
http://dbpedia.org/resource/Soulstice,Soulstice,2001
http://dbpedia.org/resource/Pollapönk,Pollapönk,2006
http://dbpedia.org/resource/Nenhum_de_Nós,Nenhum de Nós,1986
http://dbpedia.org/resource/Citizen_Band_(music_band),Citizen Band (music band),1978
http://dbpedia.org/resource/Bettan_&_Jan_Werner,Bettan & Jan Werner,1994
http://dbpedia.org/resource/Grand_Archives,Grand Archives,2006
http://dbpedia.org/resource/Romantica_(band),Romantica (band),2002
http://dbpedia.org/resource/Myrkur,Myrkur,2014
http://dbpedia.org/resource/The_Flamingos,The Flamingos,1953
http://dbpedia.org/resource/Lonewolf_(band),Lonewolf (band),1993
http://dbpedia.org/resource/Touchstone_(band),Touchstone (band),2003
http://dbpedia.org/resource/Arc_Angel_(band),Arc Angel (band),1983
http://dbpedia.org/resource/7_Mile_(band),7 Mile (band),1990
http://dbpedia.org/resource/Blancmange_(band),Blancmange (band),1979
http://dbpedia.org/resource/Ugly_Casanova,Ugly Casanova,1997
http://dbpedia.org/resource/Doo_Rag_(band),Doo Rag (band),1990
http://dbpedia.org/resource/Parallels_(band),Parallels (band),2008
http://dbpedia.org/resource/Gong_(band),Gong (band),1967
http://dbpedia.org/resource/Inch_(band),Inch (band),1992
http://dbpedia.org/resource/Sons_of_the_Desert_(band),Sons of the Desert (band),1989
http://dbpedia.org/resource/Red_Temple_Spirits,Red Temple Spirits,1987
http://dbpedia.org/resource/Rare_Air,Rare Air,1970
http://dbpedia.org/resource/Out_of_Tune_(band),Out of Tune (band),2005
http://dbpedia.org/resource/Little_Green_Cars,Little Green Cars,2008
http://dbpedia.org/resource/Choking_Victim,Choking Victim,1992
http://dbpedia.org/resource/Kispál_és_a_Borz,Kispál és a Borz,1987
http://dbpedia.org/resource/Teen_Idols,Teen Idols,1992
http://dbpedia.org/resource/Fabulous_(band),Fabulous (band),1991
http://dbpedia.org/resource/Ours_to_Destroy,Ours to Destroy,2004
http://dbpedia.org/resource/Farmers_Manual,Farmers Manual,1995
http://dbpedia.org/resource/Bulldozer_(band),Bulldozer (band),1980
http://dbpedia.org/resource/Steph_Fraser,Steph Fraser,2005
http://dbpedia.org/resource/Kora_Jazz_Trio,Kora Jazz Trio,2002
http://dbpedia.org/resource/Adam_Again,Adam Again,1982
http://dbpedia.org/resource/The_Rapture_(band),The Rapture (band),1998
http://dbpedia.org/resource/Imani_Winds,Imani Winds,1997
http://dbpedia.org/resource/Brainclaw,Brainclaw,1989
http://dbpedia.org/resource/Pretty_Good_Dance_Moves,Pretty Good Dance Moves,2007
http://dbpedia.org/resource/At_the_Throne_of_Judgment,At the Throne of Judgment,2005
http://dbpedia.org/resource/Raison_d'être_(band),Raison d'être (band),1992
http://dbpedia.org/resource/The_Wolfmen,The Wolfmen,2004
http://dbpedia.org/resource/Grotesque_(band),Grotesque (band),1988
http://dbpedia.org/resource/San_Remo_Golden_Strings,San Remo Golden Strings,1965
http://dbpedia.org/resource/Drill_(UK_band),Drill (UK band),1989
http://dbpedia.org/resource/Holy_Fuck,Holy Fuck,2004
http://dbpedia.org/resource/Zoar_(band),Zoar (band),1995
http://dbpedia.org/resource/Party_Animals_(music_group),Party Animals (music group),1995
http://dbpedia.org/resource/Powerman_5000,Powerman 5000,1991
http://dbpedia.org/resource/Dala_(band),Dala (band),2002
http://dbpedia.org/resource/Villain_Accelerate,Villain Accelerate,2003
http://dbpedia.org/resource/The_Black_Hollies,The Black Hollies,2005
http://dbpedia.org/resource/Mark_Germino,Mark Germino,1981
http://dbpedia.org/resource/Blitzen_Trapper,Blitzen Trapper,2000
http://dbpedia.org/resource/Tengger_Cavalry,Tengger Cavalry,2010
http://dbpedia.org/resource/Kingmaker_(band),Kingmaker (band),1990
http://dbpedia.org/resource/Paper_Thin_Walls,Paper Thin Walls,2006
http://dbpedia.org/resource/Sleepy_Sleepers,Sleepy Sleepers,1974
http://dbpedia.org/resource/Snowman_(band),Snowman (band),2003
http://dbpedia.org/resource/Against_the_Current_(band),Against the Current (band),2011
http://dbpedia.org/resource/Camber_(band),Camber (band),1996
http://dbpedia.org/resource/Diatribe_(band),Diatribe (band),1991
http://dbpedia.org/resource/Monosurround,Monosurround,1999
http://dbpedia.org/resource/Still_Pending,Still Pending,2005
http://dbpedia.org/resource/Dionysos_(French_band),Dionysos (French band),1993
http://dbpedia.org/resource/Concerto_for_Constantine,Concerto for Constantine,2007
http://dbpedia.org/resource/Tangleweed,Tangleweed,2004
http://dbpedia.org/resource/Asgjë_Sikur_Dielli,Asgjë Sikur Dielli,1999
http://dbpedia.org/resource/Mantra_(Nepalese_band),Mantra (Nepalese band),2000
http://dbpedia.org/resource/Gila_(band),Gila (band),1969
http://dbpedia.org/resource/Burnham_(band),Burnham (band),2005
http://dbpedia.org/resource/Dakrua,Dakrua,1995
http://dbpedia.org/resource/Pride_and_Fall,Pride and Fall,2000
http://dbpedia.org/resource/The_Valley_(band),The Valley (band),2005
http://dbpedia.org/resource/Cold_Cold_Heart_(band),Cold Cold Heart (band),1996
http://dbpedia.org/resource/Kigurumi_(band),Kigurumi (band),2006
http://dbpedia.org/resource/Cains_&_Abels,Cains & Abels,2003
http://dbpedia.org/resource/A_Good_Fight,A Good Fight,2006
http://dbpedia.org/resource/Sixpence_None_the_Richer,Sixpence None the Richer,1992
http://dbpedia.org/resource/Mirko_Uhlig,Mirko Uhlig,2004
http://dbpedia.org/resource/The_Trial_(band),The Trial (band),1985
http://dbpedia.org/resource/Carimi,Carimi,2002
http://dbpedia.org/resource/The_Diableros,The Diableros,2004
http://dbpedia.org/resource/The_Rabble,The Rabble,2001
http://dbpedia.org/resource/Frederic_(band),Frederic (band),2009
http://dbpedia.org/resource/The_Seamus,The Seamus,2003
http://dbpedia.org/resource/The_Moles_(Australian_band),The Moles (Australian band),1988
http://dbpedia.org/resource/Sea_Level_(band),Sea Level (band),1976
http://dbpedia.org/resource/Ravex,Ravex,2008
http://dbpedia.org/resource/Dustdevils,Dustdevils,1984
http://dbpedia.org/resource/Bam_Balams,Bam Balams,1984
http://dbpedia.org/resource/Dixie_Witch,Dixie Witch,1999
http://dbpedia.org/resource/Red_Bacteria_Vacuum,Red Bacteria Vacuum,1998
http://dbpedia.org/resource/Myron_Butler_&_Levi,Myron Butler & Levi,2002
http://dbpedia.org/resource/The_Sharp,The Sharp,1991
http://dbpedia.org/resource/Beirut_(band),Beirut (band),2006
http://dbpedia.org/resource/Remove_the_Veil,Remove the Veil,2005
http://dbpedia.org/resource/Len_(band),Len (band),1991
http://dbpedia.org/resource/Shocking_Pinks,Shocking Pinks,2002
http://dbpedia.org/resource/Federation_X,Federation X,1998
http://dbpedia.org/resource/The_Earls,The Earls,1961
http://dbpedia.org/resource/The_Jammers,The Jammers,1982
http://dbpedia.org/resource/Sevenglory,Sevenglory,2001
http://dbpedia.org/resource/Radagun,Radagun,2008
http://dbpedia.org/resource/One_(band),One (band),1999
http://dbpedia.org/resource/Furthur_(band),Furthur (band),2009
http://dbpedia.org/resource/Wings_(band),Wings (band),1971
http://dbpedia.org/resource/Of_Blessings_and_Burdens,Of Blessings and Burdens,2003
http://dbpedia.org/resource/Sleep_the_Season,Sleep the Season,2005
http://dbpedia.org/resource/La_Secta_AllStar,La Secta AllStar,1997
http://dbpedia.org/resource/Blindoldfreak,Blindoldfreak,2006
http://dbpedia.org/resource/Willard_Grant_Conspiracy,Willard Grant Conspiracy,1995
http://dbpedia.org/resource/Quietdrive,Quietdrive,2002
http://dbpedia.org/resource/The_Spats,The Spats,1977
http://dbpedia.org/resource/Duck_and_Cover_(German_band),Duck and Cover (German band),1983
http://dbpedia.org/resource/Goats_Don't_Shave,Goats Don't Shave,2003
http://dbpedia.org/resource/Velvert_Turner,Velvert Turner,1970
http://dbpedia.org/resource/The_Ringers,The Ringers,2006
http://dbpedia.org/resource/Chuck_Cleaver,Chuck Cleaver,1990
http://dbpedia.org/resource/Band_from_TV,Band from TV,2006
http://dbpedia.org/resource/Olympos_Mons,Olympos Mons,2002
http://dbpedia.org/resource/Horse_Feathers_(band),Horse Feathers (band),2004
http://dbpedia.org/resource/Crossin_Dixon,Crossin Dixon,2004
http://dbpedia.org/resource/TTC_(band),TTC (band),1998
http://dbpedia.org/resource/Sick_Mother_Fakers,Sick Mother Fakers,1989
http://dbpedia.org/resource/The_Petty_Thefts,The Petty Thefts,2006
http://dbpedia.org/resource/The_Hope_Conspiracy,The Hope Conspiracy,1999
http://dbpedia.org/resource/The_Color_Turning,The Color Turning,2002
http://dbpedia.org/resource/ABN_(hip_hop_duo),ABN (hip hop duo),2003
http://dbpedia.org/resource/Flowerhead,Flowerhead,1987
http://dbpedia.org/resource/Judy_&_David,Judy & David,1991
http://dbpedia.org/resource/Los_Furios,Los Furios,2000
http://dbpedia.org/resource/Abysmal_Dawn,Abysmal Dawn,2003
http://dbpedia.org/resource/Frost*,Frost*,2004
http://dbpedia.org/resource/Deadweight_(American_band),Deadweight (American band),1994
http://dbpedia.org/resource/Zale_(band),Zale (band),2004
http://dbpedia.org/resource/SLAB!,SLAB!,1991
http://dbpedia.org/resource/Powerwolf,Powerwolf,2003
http://dbpedia.org/resource/Pannonia_Allstars_Ska_Orchestra,Pannonia Allstars Ska Orchestra,2003
http://dbpedia.org/resource/Parachute_Band,Parachute Band,1995
http://dbpedia.org/resource/Senator_(band),Senator (band),2007
http://dbpedia.org/resource/1.6_Band,1.6 Band,1989
http://dbpedia.org/resource/The_Rude_Boys,The Rude Boys,1989
http://dbpedia.org/resource/Les_Claypool's_Fancy_Band,Les Claypool's Fancy Band,2005
http://dbpedia.org/resource/Big_Japan,Big Japan,2005
http://dbpedia.org/resource/Jabberwocky_(band),Jabberwocky (band),2013
http://dbpedia.org/resource/Pray_for_the_Soul_of_Betty,Pray for the Soul of Betty,2003
http://dbpedia.org/resource/Arcana_(Swedish_band),Arcana (Swedish band),1994
http://dbpedia.org/resource/Seo_Taiji_and_Boys,Seo Taiji and Boys,1992
http://dbpedia.org/resource/Halou,Halou,1998
http://dbpedia.org/resource/Lynn_&_Wade_LLP,Lynn & Wade LLP,2004
http://dbpedia.org/resource/Jealkb,Jealkb,2006
http://dbpedia.org/resource/FREE!MUSIC,FREE!MUSIC,2004
http://dbpedia.org/resource/Riblja_Čorba,Riblja Čorba,1978
http://dbpedia.org/resource/The_Troubadours,The Troubadours,2005
http://dbpedia.org/resource/Mere_Theory,Mere Theory,2000
http://dbpedia.org/resource/Be'lakor,Be'lakor,2004
http://dbpedia.org/resource/Hokus_Pick,Hokus Pick,1988
http://dbpedia.org/resource/The_Brilliant_Mistakes,The Brilliant Mistakes,1994
http://dbpedia.org/resource/E_Street_Band,E Street Band,1972
http://dbpedia.org/resource/Murk_(band),Murk (band),1991
http://dbpedia.org/resource/RSP_(band),RSP (band),2006
http://dbpedia.org/resource/Tanzplagen,Tanzplagen,1980
http://dbpedia.org/resource/Ankla,Ankla,2001
http://dbpedia.org/resource/The_Second_Grace,The Second Grace,2005
http://dbpedia.org/resource/Pacific_Symphonic_Wind_Ensemble,Pacific Symphonic Wind Ensemble,1981
http://dbpedia.org/resource/Ahat,Ahat,1986
http://dbpedia.org/resource/Herman_Santiago,Herman Santiago,1954
http://dbpedia.org/resource/London_Boy_Singers,London Boy Singers,1961
http://dbpedia.org/resource/Desert_Planet,Desert Planet,1999
http://dbpedia.org/resource/Dragon_Fli_Empire,Dragon Fli Empire,2002
http://dbpedia.org/resource/The_Bridge_(band),The Bridge (band),2001
http://dbpedia.org/resource/Patareni,Patareni,1983
http://dbpedia.org/resource/Destine,Destine,2006
http://dbpedia.org/resource/Sneaker_Pimps,Sneaker Pimps,1994
http://dbpedia.org/resource/Last_Falling,Last Falling,1995
http://dbpedia.org/resource/Symbyosis,Symbyosis,1999
http://dbpedia.org/resource/The_Yummy_Fur,The Yummy Fur,1992
http://dbpedia.org/resource/Benighted,Benighted,1998
http://dbpedia.org/resource/Funeral_Party,Funeral Party,2005
http://dbpedia.org/resource/Candy_Coated_Killahz,Candy Coated Killahz,2007
http://dbpedia.org/resource/Pandora_(musical_group),Pandora (musical group),1985
http://dbpedia.org/resource/Orrall_&_Wright,Orrall & Wright,1994
http://dbpedia.org/resource/Original_Dixieland_Jass_Band,Original Dixieland Jass Band,1916
http://dbpedia.org/resource/Hysterica,Hysterica,2005
http://dbpedia.org/resource/That_Petrol_Emotion,That Petrol Emotion,1984
http://dbpedia.org/resource/Lost_Tribe,Lost Tribe,1990
http://dbpedia.org/resource/Forty_Foot_Echo,Forty Foot Echo,2001
http://dbpedia.org/resource/Euripides_Pants,Euripides Pants,1993
http://dbpedia.org/resource/Creedle,Creedle,1991
http://dbpedia.org/resource/Henry_Flynt_&_the_Insurrections,Henry Flynt & the Insurrections,1966
http://dbpedia.org/resource/The_Techniques,The Techniques,1962
http://dbpedia.org/resource/Tons_of_Fun_University,Tons of Fun University,2003
http://dbpedia.org/resource/Lesbos_in_love,Lesbos in love,2000
http://dbpedia.org/resource/Hey!_Say!_JUMP,Hey! Say! JUMP,2007
http://dbpedia.org/resource/Hip_Parade,Hip Parade,2008
http://dbpedia.org/resource/Mini_Mansions,Mini Mansions,2009
http://dbpedia.org/resource/Nowell_Sing_We_Clear,Nowell Sing We Clear,1975
http://dbpedia.org/resource/The_Sports,The Sports,1976
http://dbpedia.org/resource/Mighty_Baby,Mighty Baby,1968
http://dbpedia.org/resource/The_Killdares,The Killdares,1996
http://dbpedia.org/resource/M.O.P.,M.O.P.,1992
http://dbpedia.org/resource/Hypnogaja,Hypnogaja,2000
http://dbpedia.org/resource/Delaware_(band),Delaware (band),1999
http://dbpedia.org/resource/Volován,Volován,1998
http://dbpedia.org/resource/Kidz_in_the_Hall,Kidz in the Hall,2000
http://dbpedia.org/resource/Sugarsmack,Sugarsmack,1992
http://dbpedia.org/resource/Rotary_Connection,Rotary Connection,1966
http://dbpedia.org/resource/Magnum_Bonum,Magnum Bonum,1970
http://dbpedia.org/resource/Dreamtale,Dreamtale,1999
http://dbpedia.org/resource/Lone_Justice,Lone Justice,1982
http://dbpedia.org/resource/Carl_Butler_and_Pearl,Carl Butler and Pearl,1961
http://dbpedia.org/resource/The_Watts_Prophets,The Watts Prophets,1967
http://dbpedia.org/resource/The_Teardrops_(girl_group),The Teardrops (girl group),1961
http://dbpedia.org/resource/Northern_Room,Northern Room,2005
http://dbpedia.org/resource/Little_Trees_(band),Little Trees (band),2001
http://dbpedia.org/resource/Redmon_&_Vale,Redmon & Vale,1997
http://dbpedia.org/resource/The_Uniques_(Jamaican_group),The Uniques (Jamaican group),1966
http://dbpedia.org/resource/Destroy_Babylon,Destroy Babylon,2001
http://dbpedia.org/resource/April_(band),April (band),2015
http://dbpedia.org/resource/Dead_End_(band),Dead End (band),1984
http://dbpedia.org/resource/Mount_Vicious,Mount Vicious,2008
http://dbpedia.org/resource/Metallica,Metallica,1981
http://dbpedia.org/resource/MIA.,MIA.,1997
http://dbpedia.org/resource/Rymes_with_Orange,Rymes with Orange,1992
http://dbpedia.org/resource/Iceburn,Iceburn,1991
http://dbpedia.org/resource/The_Jeff_Beck_Group,The Jeff Beck Group,1967
http://dbpedia.org/resource/Envelopes_(band),Envelopes (band),2005
http://dbpedia.org/resource/Vomito_Negro_(band),Vomito Negro (band),1983
http://dbpedia.org/resource/Cosmic_Psychos,Cosmic Psychos,1982
http://dbpedia.org/resource/The_Little_Willies,The Little Willies,2003
http://dbpedia.org/resource/Machine_Gun_(band),Machine Gun (band),1986
http://dbpedia.org/resource/Pork_Tornado,Pork Tornado,1997
http://dbpedia.org/resource/Home_Brew_(band),Home Brew (band),2007
http://dbpedia.org/resource/L'Spaerow,L'Spaerow,2002
http://dbpedia.org/resource/Percival_(band),Percival (band),2005
http://dbpedia.org/resource/Nephew_(band),Nephew (band),1996
http://dbpedia.org/resource/The_Infinity_Project,The Infinity Project,1991
http://dbpedia.org/resource/Flow_(band),Flow (band),1998
http://dbpedia.org/resource/Potato_(band),Potato (band),2001
http://dbpedia.org/resource/Sirens_(American_band),Sirens (American band),2011
http://dbpedia.org/resource/KOHAR_Symphony_Orchestra_and_Choir,KOHAR Symphony Orchestra and Choir,1997
http://dbpedia.org/resource/King_Kobra,King Kobra,1983
http://dbpedia.org/resource/Tublatanka,Tublatanka,1982
http://dbpedia.org/resource/Lost_Dakotas,Lost Dakotas,1989
http://dbpedia.org/resource/Têtes_Noires,Têtes Noires,1982
http://dbpedia.org/resource/Albatraoz,Albatraoz,2012
http://dbpedia.org/resource/Flagship_(band),Flagship (band),2011
http://dbpedia.org/resource/Flesh_Roxon,Flesh Roxon,2012
http://dbpedia.org/resource/Leviathan_(punk_band),Leviathan (punk band),2002
http://dbpedia.org/resource/Dogs_(French_band),Dogs (French band),1973
http://dbpedia.org/resource/Triosk,Triosk,2001
http://dbpedia.org/resource/ArmsBendBack,ArmsBendBack,2001
http://dbpedia.org/resource/Locomotiv_GT,Locomotiv GT,1971
http://dbpedia.org/resource/Stockholm_Monsters,Stockholm Monsters,1980
http://dbpedia.org/resource/Radwimps,Radwimps,2001
http://dbpedia.org/resource/Power_Symphony,Power Symphony,1991
http://dbpedia.org/resource/Triana_(band),Triana (band),1974
http://dbpedia.org/resource/Martin_Stephenson_and_the_Daintees,Martin Stephenson and the Daintees,1982
http://dbpedia.org/resource/Kiss_(band),Kiss (band),1973
http://dbpedia.org/resource/The_Uncle_Devil_Show,The Uncle Devil Show,2004
http://dbpedia.org/resource/DATA_(band),DATA (band),1980
http://dbpedia.org/resource/Force_Majeure_(band),Force Majeure (band),1983
http://dbpedia.org/resource/Harkonen_(band),Harkonen (band),1997
http://dbpedia.org/resource/Rage_(German_band),Rage (German band),1984
http://dbpedia.org/resource/Blacklist_(band),Blacklist (band),2005
http://dbpedia.org/resource/The_One_AM_Radio,The One AM Radio,1999
http://dbpedia.org/resource/Big_Star's_Third,Big Star's Third,2010
http://dbpedia.org/resource/Shotgun_&_Jaybird,Shotgun & Jaybird,2003
http://dbpedia.org/resource/Court_Yard_Hounds,Court Yard Hounds,2010
http://dbpedia.org/resource/Headplate,Headplate,1993
http://dbpedia.org/resource/Monk_&_Neagle,Monk & Neagle,2003
http://dbpedia.org/resource/Moonalice,Moonalice,2007
http://dbpedia.org/resource/Spacek_(band),Spacek (band),1996
http://dbpedia.org/resource/Phenom_(rock_group),Phenom (rock group),2001
http://dbpedia.org/resource/Da_Yoopers,Da Yoopers,1975
http://dbpedia.org/resource/Catatonia_(band),Catatonia (band),1992
http://dbpedia.org/resource/JJ_(Swedish_band),JJ (Swedish band),2009
http://dbpedia.org/resource/Brat_Pack_(punk_band),Brat Pack (punk band),2006
http://dbpedia.org/resource/Before_the_Dawn_(band),Before the Dawn (band),1999
http://dbpedia.org/resource/Les_Variations,Les Variations,1966
http://dbpedia.org/resource/Sound_Barrier,Sound Barrier,1980
http://dbpedia.org/resource/How's_My_Pop,How's My Pop,2005
http://dbpedia.org/resource/Starfish_and_Coffee,Starfish and Coffee,2006
http://dbpedia.org/resource/Nino_and_the_Ebb_Tides,Nino and the Ebb Tides,1956
http://dbpedia.org/resource/The_Wheat_Pool,The Wheat Pool,2004
http://dbpedia.org/resource/Kinto_Sol,Kinto Sol,1999
http://dbpedia.org/resource/Little_River_Band,Little River Band,1975
http://dbpedia.org/resource/Los_Bravos,Los Bravos,1965
http://dbpedia.org/resource/And_Also_the_Trees,And Also the Trees,1979
http://dbpedia.org/resource/Agony_(band),Agony (band),1992
http://dbpedia.org/resource/Medicine_8,Medicine 8,1996
http://dbpedia.org/resource/Gama_Bomb,Gama Bomb,2002
http://dbpedia.org/resource/Clandestine_Blaze,Clandestine Blaze,1998
http://dbpedia.org/resource/Rick_Strom_(music_producer),Rick Strom (music producer),2001
http://dbpedia.org/resource/Blla_Blla_Blla,Blla Blla Blla,1988
http://dbpedia.org/resource/Falling_Sickness_(band),Falling Sickness (band),1989
http://dbpedia.org/resource/Fever_Marlene,Fever Marlene,2003
http://dbpedia.org/resource/Felt_(band),Felt (band),1979
http://dbpedia.org/resource/Navigators_(Swedish_band),Navigators (Swedish band),1998
http://dbpedia.org/resource/Tic_Tac_Toe_(band),Tic Tac Toe (band),1995
http://dbpedia.org/resource/Ramona_Falls_(band),Ramona Falls (band),2009
http://dbpedia.org/resource/Vampires_Everywhere!,Vampires Everywhere!,2009
http://dbpedia.org/resource/Smut_Peddlers,Smut Peddlers,1993
http://dbpedia.org/resource/Brats_(band),Brats (band),1977
http://dbpedia.org/resource/Sollers_Osaka,Sollers Osaka,2007
http://dbpedia.org/resource/Jupiter_(band),Jupiter (band),2013
http://dbpedia.org/resource/Scandal'us,Scandal'us,2001
http://dbpedia.org/resource/Microdisney,Microdisney,1980
http://dbpedia.org/resource/Disarmonia_Mundi,Disarmonia Mundi,2000
http://dbpedia.org/resource/The_Aeroplanes,The Aeroplanes,2003
http://dbpedia.org/resource/Les_Infidèles,Les Infidèles,1990
http://dbpedia.org/resource/Dreamworld_(band),Dreamworld (band),1995
http://dbpedia.org/resource/The_Protomen,The Protomen,2003
http://dbpedia.org/resource/Space_Streakings,Space Streakings,1993
http://dbpedia.org/resource/The_Jades_(Canadian_band),The Jades (Canadian band),1960
http://dbpedia.org/resource/Scars_(band),Scars (band),1977
http://dbpedia.org/resource/Steamhammer_(band),Steamhammer (band),1968
http://dbpedia.org/resource/Grand_Analog,Grand Analog,2006
http://dbpedia.org/resource/Five_Blind_Boys_of_Mississippi,Five Blind Boys of Mississippi,1936
http://dbpedia.org/resource/The_F-Ups,The F-Ups,1999
http://dbpedia.org/resource/Mostar_Sevdah_Reunion,Mostar Sevdah Reunion,1998
http://dbpedia.org/resource/The_Jesters_(band),The Jesters (band),1964
http://dbpedia.org/resource/Orion_the_Hunter_(band),Orion the Hunter (band),1984
http://dbpedia.org/resource/Miranda_Chartrand_and_Adam_Nichols,Miranda Chartrand and Adam Nichols,2009
http://dbpedia.org/resource/Car_Stereo_Wars,Car Stereo Wars,2000
http://dbpedia.org/resource/Pigeon_Hole_(band),Pigeon Hole (band),2008
http://dbpedia.org/resource/The_Archers_(musical_group),The Archers (musical group),1971
http://dbpedia.org/resource/Kairo_(band),Kairo (band),1993
http://dbpedia.org/resource/Randy_Rogers_Band,Randy Rogers Band,2000
http://dbpedia.org/resource/Sugar_Army,Sugar Army,2005
http://dbpedia.org/resource/Beggar_and_Co,Beggar and Co,1980
http://dbpedia.org/resource/Bowery_Electric,Bowery Electric,1993
http://dbpedia.org/resource/The_Oxford_Gargoyles,The Oxford Gargoyles,1998
http://dbpedia.org/resource/The_Prodigy,The Prodigy,1990
http://dbpedia.org/resource/Zoro_(band),Zoro (band),2007
http://dbpedia.org/resource/The_Morning_Of,The Morning Of,2005
http://dbpedia.org/resource/Fiddleworms,Fiddleworms,1994
http://dbpedia.org/resource/Flat_Duo_Jets,Flat Duo Jets,1983
http://dbpedia.org/resource/Die_Goldenen_Zitronen,Die Goldenen Zitronen,1984
http://dbpedia.org/resource/Sonic_Porno,Sonic Porno,2005
http://dbpedia.org/resource/Maserati_(band),Maserati (band),2000
http://dbpedia.org/resource/The_Desert_Rose_Band,The Desert Rose Band,1985
http://dbpedia.org/resource/Umineco_Sounds,Umineco Sounds,2004
http://dbpedia.org/resource/1919_(band),1919 (band),1980
http://dbpedia.org/resource/Ala_dos_Namorados,Ala dos Namorados,1993
http://dbpedia.org/resource/Happyendless,Happyendless,1998
http://dbpedia.org/resource/The_Dukes_(Australian_band),The Dukes (Australian band),1991
http://dbpedia.org/resource/Aviator_(Ukrainian_band),Aviator (Ukrainian band),2005
http://dbpedia.org/resource/Dawn_(metal_band),Dawn (metal band),1990
http://dbpedia.org/resource/Riverbeds_(band),Riverbeds (band),2010
http://dbpedia.org/resource/Burn_the_Negative,Burn the Negative,2008
http://dbpedia.org/resource/Bells_on_Temple_Square,Bells on Temple Square,2005
http://dbpedia.org/resource/The_Nylons,The Nylons,1978
http://dbpedia.org/resource/Have_Mercy_(band),Have Mercy (band),2011
http://dbpedia.org/resource/Pigeon_Religion,Pigeon Religion,2008
http://dbpedia.org/resource/Midfield_General,Midfield General,1997
http://dbpedia.org/resource/Gandalf_(American_band),Gandalf (American band),1965
http://dbpedia.org/resource/Birdbrain_(band),Birdbrain (band),1992
http://dbpedia.org/resource/The_Henrys,The Henrys,1994
http://dbpedia.org/resource/Echo_Movement,Echo Movement,2004
http://dbpedia.org/resource/Fredrik_(band),Fredrik (band),2008
http://dbpedia.org/resource/The_Mighty_Roars,The Mighty Roars,2005
http://dbpedia.org/resource/Famous_Last_Words_(band),Famous Last Words (band),2010
http://dbpedia.org/resource/K-Ci_&_JoJo,K-Ci & JoJo,1990
http://dbpedia.org/resource/The_Ellis_Collective,The Ellis Collective,2007
http://dbpedia.org/resource/Bomb_Factory_(band),Bomb Factory (band),1991
http://dbpedia.org/resource/Tex_&_the_Horseheads,Tex & the Horseheads,1980
http://dbpedia.org/resource/Apple_(band),Apple (band),1968
http://dbpedia.org/resource/Asphalt_Ribbons,Asphalt Ribbons,1987
http://dbpedia.org/resource/Jimmy_Velvit,Jimmy Velvit,1961
http://dbpedia.org/resource/OLD_(band),OLD (band),1986
http://dbpedia.org/resource/Ling_Tosite_Sigure,Ling Tosite Sigure,2002
http://dbpedia.org/resource/Deicide_(band),Deicide (band),1987
http://dbpedia.org/resource/Mickey_Finn's_T-Rex,Mickey Finn's T-Rex,1997
http://dbpedia.org/resource/Royal_Blood_(band),Royal Blood (band),2013
http://dbpedia.org/resource/The_Staple_Singers,The Staple Singers,1948
http://dbpedia.org/resource/Girish_and_The_Chronicles,Girish and The Chronicles,2009
http://dbpedia.org/resource/The_XYZ_Affair,The XYZ Affair,2002
http://dbpedia.org/resource/Magazine_(band),Magazine (band),1977
http://dbpedia.org/resource/Grantig,Grantig,2004
http://dbpedia.org/resource/Happiness_(Finnish_band),Happiness (Finnish band),2005
http://dbpedia.org/resource/Next_Time,Next Time,2008
http://dbpedia.org/resource/The_Stone_Roses,The Stone Roses,1983
http://dbpedia.org/resource/The_Bollweevils,The Bollweevils,1989
http://dbpedia.org/resource/Abstinence_(band),Abstinence (band),1985
http://dbpedia.org/resource/Veritas_(band),Veritas (band),2012
http://dbpedia.org/resource/Faunts,Faunts,2000
http://dbpedia.org/resource/Blitzkrieg_(heavy_metal_band),Blitzkrieg (heavy metal band),1980
http://dbpedia.org/resource/New_Voice_Entertainment,New Voice Entertainment,2010
http://dbpedia.org/resource/Man_Alive_(band),Man Alive (band),1999
http://dbpedia.org/resource/The_SmashUp,The SmashUp,2001
http://dbpedia.org/resource/Holy_Moses,Holy Moses,1980
http://dbpedia.org/resource/Extra_Life_(band),Extra Life (band),2006
http://dbpedia.org/resource/Machine_(band),Machine (band),1977
http://dbpedia.org/resource/Absolute_Steel,Absolute Steel,1999
http://dbpedia.org/resource/Honeyblood,Honeyblood,2012
http://dbpedia.org/resource/Wally_(band),Wally (band),197
http://dbpedia.org/resource/SDN48,SDN48,2009
http://dbpedia.org/resource/Les_Balayeurs_du_désert,Les Balayeurs du désert,1997
http://dbpedia.org/resource/Prodigal_(band),Prodigal (band),1975
http://dbpedia.org/resource/Vitaminsforyou,Vitaminsforyou,1998
http://dbpedia.org/resource/Sonohra,Sonohra,2003
http://dbpedia.org/resource/Metropolitan_Railway_C_Class,Metropolitan Railway C Class,1891
http://dbpedia.org/resource/Roxette,Roxette,1986
http://dbpedia.org/resource/Black_Moor_(musical_group),Black Moor (musical group),2005
http://dbpedia.org/resource/Darker_Half,Darker Half,2005
http://dbpedia.org/resource/Trencher_(band),Trencher (band),2001
http://dbpedia.org/resource/Blazin'_Squad,Blazin' Squad,2001
http://dbpedia.org/resource/The_Holdup,The Holdup,2006
http://dbpedia.org/resource/The_Damned_(band),The Damned (band),1976
http://dbpedia.org/resource/Wild_Water_band,Wild Water band,2003
http://dbpedia.org/resource/September_Hase,September Hase,2005
http://dbpedia.org/resource/Årabrot,Årabrot,2001
http://dbpedia.org/resource/Mikeschair,Mikeschair,2004
http://dbpedia.org/resource/Semifinalists,Semifinalists,2005
http://dbpedia.org/resource/The_Ummah,The Ummah,1996
http://dbpedia.org/resource/Seawind_(band),Seawind (band),1974
http://dbpedia.org/resource/The_Luminescent_Orchestrii,The Luminescent Orchestrii,2002
http://dbpedia.org/resource/I'm_from_Barcelona,I'm from Barcelona,2005
http://dbpedia.org/resource/Damon_&_Naomi,Damon & Naomi,1992
http://dbpedia.org/resource/Hotel_FM,Hotel FM,2005
http://dbpedia.org/resource/Wretched_(metal_band),Wretched (metal band),2005
http://dbpedia.org/resource/Barikad_Crew,Barikad Crew,2002
http://dbpedia.org/resource/Perpetuum_Jazzile,Perpetuum Jazzile,30
http://dbpedia.org/resource/De_Lyckliga_Kompisarna,De Lyckliga Kompisarna,1989
http://dbpedia.org/resource/Redbone_(band),Redbone (band),1969
http://dbpedia.org/resource/The_Ex-Kings,The Ex-Kings,2007
http://dbpedia.org/resource/Tally_Hall_(band),Tally Hall (band),2002
http://dbpedia.org/resource/New_South_Wales_X100_class_locomotive,New South Wales X100 class locomotive,1962
http://dbpedia.org/resource/Well_Hungarians,Well Hungarians,1993
http://dbpedia.org/resource/Regg'Lyss,Regg'Lyss,1989
http://dbpedia.org/resource/Elektrotwist,Elektrotwist,1998
http://dbpedia.org/resource/The_Afternoon_Delights,The Afternoon Delights,1981
http://dbpedia.org/resource/Mellowman,Mellowman,1994
http://dbpedia.org/resource/The_Spatial_AKA_Orchestra,The Spatial AKA Orchestra,2006
http://dbpedia.org/resource/Zeeshan_Parwez,Zeeshan Parwez,2001
http://dbpedia.org/resource/Ripped_(band),Ripped (band),1994
http://dbpedia.org/resource/VIA_Iveria,VIA Iveria,1968
http://dbpedia.org/resource/Al-Thawra,Al-Thawra,2006
http://dbpedia.org/resource/Honk_(band),Honk (band),1970
http://dbpedia.org/resource/Ramirez_(band),Ramirez (band),2000
http://dbpedia.org/resource/Unknown_Component,Unknown Component,2002
http://dbpedia.org/resource/Tall_Stories_(band),Tall Stories (band),1990
http://dbpedia.org/resource/Aneurysm_(band),Aneurysm (band),1994
http://dbpedia.org/resource/The_Law_(English_band),The Law (English band),1991
http://dbpedia.org/resource/Dancing_Cigarettes,Dancing Cigarettes,1979
http://dbpedia.org/resource/The_Handsome_Family,The Handsome Family,1993
http://dbpedia.org/resource/Quidam_(band),Quidam (band),1991
http://dbpedia.org/resource/Babel_Fish_(band),Babel Fish (band),1988
http://dbpedia.org/resource/MFSB,MFSB,1970
http://dbpedia.org/resource/Legion_of_Mary_(band),Legion of Mary (band),1974
http://dbpedia.org/resource/Zero_Cipher,Zero Cipher,1998
http://dbpedia.org/resource/Þeyr,Þeyr,1980
http://dbpedia.org/resource/Leo_(band),Leo (band),2001
http://dbpedia.org/resource/Vixen_(band),Vixen (band),1973
http://dbpedia.org/resource/Los_Flamers,Los Flamers,1964
http://dbpedia.org/resource/Woods_Tea_Company,Woods Tea Company,1981
http://dbpedia.org/resource/K-Paz_de_la_Sierra,K-Paz de la Sierra,2003
http://dbpedia.org/resource/The_Piss_Shivers_(band),The Piss Shivers (band),1993
http://dbpedia.org/resource/The_Lillingtons,The Lillingtons,1995
http://dbpedia.org/resource/Jet_(UK_band),Jet (UK band),1974
http://dbpedia.org/resource/Papercranes,Papercranes,2004
http://dbpedia.org/resource/Ideal_(group),Ideal (group),1995
http://dbpedia.org/resource/The_Rubettes,The Rubettes,1973
http://dbpedia.org/resource/Black_Merda,Black Merda,1968
http://dbpedia.org/resource/Lilygreen_&_Maguire,Lilygreen & Maguire,2011
http://dbpedia.org/resource/Zapp_(band),Zapp (band),1977
http://dbpedia.org/resource/Comes_with_the_Fall,Comes with the Fall,1999
http://dbpedia.org/resource/The_Beekeepers,The Beekeepers,1993
http://dbpedia.org/resource/Sona_Family,Sona Family,2002
http://dbpedia.org/resource/Perpetual_Groove,Perpetual Groove,1997
http://dbpedia.org/resource/Cobblestone_Jazz,Cobblestone Jazz,2002
http://dbpedia.org/resource/The_Miami_Showband,The Miami Showband,1962
http://dbpedia.org/resource/Karmapolis,Karmapolis,2010
http://dbpedia.org/resource/E.Town_Concrete,E.Town Concrete,1995
http://dbpedia.org/resource/North_of_America,North of America,1997
http://dbpedia.org/resource/Rascalz,Rascalz,1991
http://dbpedia.org/resource/Quando_Quango,Quando Quango,1981
http://dbpedia.org/resource/The_Mess_Hall,The Mess Hall,2001
http://dbpedia.org/resource/Smoke'n'Soul,Smoke'n'Soul,2000
http://dbpedia.org/resource/Television_(band),Television (band),1973
http://dbpedia.org/resource/Tides_of_Man,Tides of Man,2008
http://dbpedia.org/resource/The_Little_Boy_Blues,The Little Boy Blues,1964
http://dbpedia.org/resource/Studio_Arcade,Studio Arcade,2008
http://dbpedia.org/resource/War_Tapes,War Tapes,2004
http://dbpedia.org/resource/Sugardaddy,Sugardaddy,2006
http://dbpedia.org/resource/Loose_Caboose,Loose Caboose,1972
http://dbpedia.org/resource/Griot_Galaxy,Griot Galaxy,1972
http://dbpedia.org/resource/Robbers_on_High_Street,Robbers on High Street,2002
http://dbpedia.org/resource/The_Merry-Go-Round,The Merry-Go-Round,1966
http://dbpedia.org/resource/Kenyan_Boys_Choir,Kenyan Boys Choir,2004
http://dbpedia.org/resource/Allen-Lande,Allen-Lande,2005
http://dbpedia.org/resource/Elfonía,Elfonía,2001
http://dbpedia.org/resource/Orange_Caramel,Orange Caramel,2010
http://dbpedia.org/resource/Sev,Sev,1995
http://dbpedia.org/resource/7th_Order,7th Order,2001
http://dbpedia.org/resource/Mange_Makers,Mange Makers,2011
http://dbpedia.org/resource/Urmila_Satyanarayana,Urmila Satyanarayana,2011
http://dbpedia.org/resource/Stavento,Stavento,2004
http://dbpedia.org/resource/Hogan's_Heroes_(band),Hogan's Heroes (band),1984
http://dbpedia.org/resource/Formacja_Nieżywych_Schabuff,Formacja Nieżywych Schabuff,1985
http://dbpedia.org/resource/Raybeats,Raybeats,1979
http://dbpedia.org/resource/Motör_Militia,Motör Militia,2001
http://dbpedia.org/resource/Singapore_Wind_Symphony's_Percussion_Ensemble,Singapore Wind Symphony's Percussion Ensemble,2004
http://dbpedia.org/resource/The_High_Dials,The High Dials,2003
http://dbpedia.org/resource/Piney_Gir,Piney Gir,2003
http://dbpedia.org/resource/Manual_Scan,Manual Scan,1981
http://dbpedia.org/resource/Nutmeg_(band),Nutmeg (band),2000
http://dbpedia.org/resource/Fall_from_Grace_(band),Fall from Grace (band),2004
http://dbpedia.org/resource/Ballas_Hough_Band,Ballas Hough Band,2005
http://dbpedia.org/resource/Albino_Superstars,Albino Superstars,2004
http://dbpedia.org/resource/Eye_Eye,Eye Eye,1983
http://dbpedia.org/resource/Doom_(Japanese_band),Doom (Japanese band),1985
http://dbpedia.org/resource/Blaggards,Blaggards,2004
http://dbpedia.org/resource/Mirror_(multimedia_project),Mirror (multimedia project),2007
http://dbpedia.org/resource/Samavayo,Samavayo,2000
http://dbpedia.org/resource/Autoclave_(band),Autoclave (band),1990
http://dbpedia.org/resource/China_White_(band),China White (band),1979
http://dbpedia.org/resource/The_Agonist,The Agonist,2004
http://dbpedia.org/resource/The_Beau_Hunks,The Beau Hunks,1992
http://dbpedia.org/resource/Car-Man,Car-Man,1990
http://dbpedia.org/resource/Mo_Boma,Mo Boma,1989
http://dbpedia.org/resource/New_Race,New Race,1981
http://dbpedia.org/resource/Skyhooks_(band),Skyhooks (band),1973
http://dbpedia.org/resource/Left_Out,Left Out,1995
http://dbpedia.org/resource/Born_from_Pain,Born from Pain,1997
http://dbpedia.org/resource/Dead_Identities,Dead Identities,2006
http://dbpedia.org/resource/Koyote,Koyote,1998
http://dbpedia.org/resource/Ruthless_Order,Ruthless Order,2006
http://dbpedia.org/resource/Different_Touch,Different Touch,1985
http://dbpedia.org/resource/The_Junipers,The Junipers,2000
http://dbpedia.org/resource/Young_and_in_the_Way,Young and in the Way,2009
http://dbpedia.org/resource/Trippple_Nippples,Trippple Nippples,2005
http://dbpedia.org/resource/Motivation_(band),Motivation (band),1981
http://dbpedia.org/resource/Staple_(band),Staple (band),2000
http://dbpedia.org/resource/T-ara_N4,T-ara N4,2013
http://dbpedia.org/resource/The_Split_Squad,The Split Squad,2012
http://dbpedia.org/resource/Modern_Folk_Üçlüsü,Modern Folk Üçlüsü,1969
http://dbpedia.org/resource/Janvs,Janvs,2004
http://dbpedia.org/resource/Marilyn_Manson_(band),Marilyn Manson (band),1989
http://dbpedia.org/resource/The_Peanut_Butter_Conspiracy,The Peanut Butter Conspiracy,1966
http://dbpedia.org/resource/Chapter_8,Chapter 8,1970
http://dbpedia.org/resource/Butterfinger_(Canadian_band),Butterfinger (Canadian band),2001
http://dbpedia.org/resource/Go_Radio,Go Radio,2007
http://dbpedia.org/resource/Voxhaul_Broadcast,Voxhaul Broadcast,2006
http://dbpedia.org/resource/October_Tide,October Tide,1995
http://dbpedia.org/resource/Back_Door_Slam,Back Door Slam,2003
http://dbpedia.org/resource/Sugar_(American_band),Sugar (American band),1992
http://dbpedia.org/resource/IAMMEDIC,IAMMEDIC,2010
http://dbpedia.org/resource/Manfred_Mann,Manfred Mann,1962
http://dbpedia.org/resource/Altima_(band),Altima (band),2011
http://dbpedia.org/resource/Djam_Karet,Djam Karet,1984
http://dbpedia.org/resource/Truth_(musical_duo),Truth (musical duo),2007
http://dbpedia.org/resource/Galaxy_Express_(band),Galaxy Express (band),2006
http://dbpedia.org/resource/Ratos_de_Porão,Ratos de Porão,1981
http://dbpedia.org/resource/Take_the_Crown,Take the Crown,2004
http://dbpedia.org/resource/MaxNormal.TV,MaxNormal.TV,2001
http://dbpedia.org/resource/Bolland_&_Bolland,Bolland & Bolland,1972
http://dbpedia.org/resource/Wire_(band),Wire (band),1976
http://dbpedia.org/resource/Pharaoh_(band),Pharaoh (band),1997
http://dbpedia.org/resource/Alternate_Learning,Alternate Learning,1977
http://dbpedia.org/resource/Legendury_Beatz,Legendury Beatz,2009
http://dbpedia.org/resource/Khalil_(band),Khalil (band),1995
http://dbpedia.org/resource/Faulkner_(band),Faulkner (band),2013
http://dbpedia.org/resource/Babamania,Babamania,1992
http://dbpedia.org/resource/The_Hedrons,The Hedrons,2005
http://dbpedia.org/resource/Bunnyranch,Bunnyranch,2002
http://dbpedia.org/resource/The_Panderers,The Panderers,2006
http://dbpedia.org/resource/The_Panic_Division,The Panic Division,2005
http://dbpedia.org/resource/OMG_(group),OMG (group),2009
http://dbpedia.org/resource/Shades_(band),Shades (band),1996
http://dbpedia.org/resource/Apartment_(London_band),Apartment (London band),2005
http://dbpedia.org/resource/Ghymes,Ghymes,1984
http://dbpedia.org/resource/The_Sinking_Citizenship,The Sinking Citizenship,2002
http://dbpedia.org/resource/Pescozada,Pescozada,1998
http://dbpedia.org/resource/Players_Association,Players Association,1977
http://dbpedia.org/resource/Rubber_City_Rebels,Rubber City Rebels,1977
http://dbpedia.org/resource/Man_Made_Machine,Man Made Machine,2011
http://dbpedia.org/resource/Jaguar_(band),Jaguar (band),1979
http://dbpedia.org/resource/Bonde_do_Rolê,Bonde do Rolê,2005
http://dbpedia.org/resource/The_Jars,The Jars,1979
http://dbpedia.org/resource/The_Voodoo_Jets,The Voodoo Jets,2000
http://dbpedia.org/resource/Kaba_Modern,Kaba Modern,1992
http://dbpedia.org/resource/Stargate_(production_team),Stargate (production team),1997
http://dbpedia.org/resource/BeBe_&_CeCe_Winans,BeBe & CeCe Winans,1982
http://dbpedia.org/resource/Jo_Hikk,Jo Hikk,2004
http://dbpedia.org/resource/Bandolero_(band),Bandolero (band),1983
http://dbpedia.org/resource/Dublin_City_Ramblers,Dublin City Ramblers,1970
http://dbpedia.org/resource/The_Fudge,The Fudge,2009
http://dbpedia.org/resource/Xysma,Xysma,1988
http://dbpedia.org/resource/Ogre_(band),Ogre (band),1999
http://dbpedia.org/resource/Nirvana_(British_band),Nirvana (British band),1965
http://dbpedia.org/resource/Down_Low_(rap_group),Down Low (rap group),1995
http://dbpedia.org/resource/Mnemonic_Ascent,Mnemonic Ascent,1999
http://dbpedia.org/resource/Liar's_Rosebush,Liar's Rosebush,1999
http://dbpedia.org/resource/Wheat_Chiefs,Wheat Chiefs,1990
http://dbpedia.org/resource/The_High_Violets,The High Violets,1998
http://dbpedia.org/resource/Intro_(R&B_group),Intro (R&B group),1993
http://dbpedia.org/resource/Onyx_(Cornish_band),Onyx (Cornish band),1965
http://dbpedia.org/resource/Violet_Vector_and_the_Lovely_Lovelies,Violet Vector and the Lovely Lovelies,2007
http://dbpedia.org/resource/Sleep_Party_People,Sleep Party People,2008
http://dbpedia.org/resource/Waycross_(band),Waycross (band),2007
http://dbpedia.org/resource/Sniper_(group),Sniper (group),1997
http://dbpedia.org/resource/Traffic_(Estonian_band),Traffic (Estonian band),2006
http://dbpedia.org/resource/Last_Orders_(band),Last Orders (band),2006
http://dbpedia.org/resource/Anti-Social_Music,Anti-Social Music,2001
http://dbpedia.org/resource/Hello_Seahorse!,Hello Seahorse!,2005
http://dbpedia.org/resource/Suburban_Reptiles,Suburban Reptiles,1976
http://dbpedia.org/resource/Uchoten,Uchoten,1982
http://dbpedia.org/resource/Silversun_Pickups,Silversun Pickups,2002
http://dbpedia.org/resource/P.O.D.,P.O.D.,1992
http://dbpedia.org/resource/The_Growl,The Growl,2011
http://dbpedia.org/resource/Paulson_(band),Paulson (band),2001
http://dbpedia.org/resource/Mounties_(band),Mounties (band),2013
http://dbpedia.org/resource/Monks_of_Doom,Monks of Doom,1986
http://dbpedia.org/resource/Youth_Pictures_of_Florence_Henderson,Youth Pictures of Florence Henderson,2003
http://dbpedia.org/resource/Woodpigeon_(band),Woodpigeon (band),2006
http://dbpedia.org/resource/Antioch_Secret_Society,Antioch Secret Society,2005
http://dbpedia.org/resource/Spymob,Spymob,1993
http://dbpedia.org/resource/Barefoot_Jerry,Barefoot Jerry,1971
http://dbpedia.org/resource/Creaking_Tree_String_Quartet,Creaking Tree String Quartet,2004
http://dbpedia.org/resource/Ramones,Ramones,1974
http://dbpedia.org/resource/Generation_(band),Generation (band),2008
http://dbpedia.org/resource/Brain_Drill,Brain Drill,2005
http://dbpedia.org/resource/Erocktica,Erocktica,2000
http://dbpedia.org/resource/Figurine_(band),Figurine (band),1994
http://dbpedia.org/resource/This_Moment_in_Black_History,This Moment in Black History,2002
http://dbpedia.org/resource/AutoKratz,AutoKratz,2008
http://dbpedia.org/resource/Angelspit,Angelspit,2004
http://dbpedia.org/resource/Sneaky_Bat_Machine,Sneaky Bat Machine,1997
http://dbpedia.org/resource/Epidemia,Epidemia,1993
http://dbpedia.org/resource/Kush_(band),Kush (band),2000
http://dbpedia.org/resource/The_Moonglows,The Moonglows,1953
http://dbpedia.org/resource/Player_(band),Player (band),1976
http://dbpedia.org/resource/Derwyddon_Dr_Gonzo,Derwyddon Dr Gonzo,2005
http://dbpedia.org/resource/The_Barberettes,The Barberettes,2012
http://dbpedia.org/resource/Zos_Kia,Zos Kia,1982
http://dbpedia.org/resource/Cherry_Boom,Cherry Boom,2006
http://dbpedia.org/resource/Electrocute_(band),Electrocute (band),2002
http://dbpedia.org/resource/The_Beyond_(band),The Beyond (band),1988
http://dbpedia.org/resource/Dan_Sartain,Dan Sartain,2001
http://dbpedia.org/resource/Girugamesh,Girugamesh,2004
http://dbpedia.org/resource/The_School_(Norwegian_band),The School (Norwegian band),2004
http://dbpedia.org/resource/Prunella_Scales_(band),Prunella Scales (band),1997
http://dbpedia.org/resource/One_for_the_Team,One for the Team,2006
http://dbpedia.org/resource/Nero_(band),Nero (band),2004
http://dbpedia.org/resource/Human_Chain,Human Chain,1981
http://dbpedia.org/resource/The_Blue_Ox_Babes,The Blue Ox Babes,1981
http://dbpedia.org/resource/Code_Pie,Code Pie,2005
http://dbpedia.org/resource/Analog_Rebellion,Analog Rebellion,2005
http://dbpedia.org/resource/Corky_and_the_Juice_Pigs,Corky and the Juice Pigs,1987
http://dbpedia.org/resource/Wu-Syndicate,Wu-Syndicate,1998
http://dbpedia.org/resource/The_Rifles_(band),The Rifles (band),2004
http://dbpedia.org/resource/Sacred_Oath,Sacred Oath,1985
http://dbpedia.org/resource/Joe_Public_(band),Joe Public (band),1989
http://dbpedia.org/resource/Toy-Box,Toy-Box,1995
http://dbpedia.org/resource/22nd_Century_(band),22nd Century (band),2007
http://dbpedia.org/resource/Dyme_Def,Dyme Def,2006
http://dbpedia.org/resource/Indigo_Girls,Indigo Girls,1985
http://dbpedia.org/resource/Chocolate_Starfish,Chocolate Starfish,1992
http://dbpedia.org/resource/Tuff_(band),Tuff (band),1985
http://dbpedia.org/resource/Oceana_Company,Oceana Company,2004
http://dbpedia.org/resource/The_Earls_of_Leicester_(band),The Earls of Leicester (band),2013
http://dbpedia.org/resource/Valerie_Collective,Valerie Collective,2007
http://dbpedia.org/resource/Right_Said_Fred,Right Said Fred,1989
http://dbpedia.org/resource/Verona_Grove,Verona Grove,2000
http://dbpedia.org/resource/Yes_(band),Yes (band),1968
http://dbpedia.org/resource/Sonora_Carruseles,Sonora Carruseles,1995
http://dbpedia.org/resource/Not_Enough_Rope,Not Enough Rope,1994
http://dbpedia.org/resource/Spy_(band),Spy (band),2005
http://dbpedia.org/resource/Dumpstaphunk,Dumpstaphunk,2003
http://dbpedia.org/resource/The_Green_Children,The Green Children,2006
http://dbpedia.org/resource/The_Dalton_Academy_Warblers,The Dalton Academy Warblers,2010
http://dbpedia.org/resource/Fleetwood_Mac,Fleetwood Mac,1967
http://dbpedia.org/resource/Raskolnikov_(band),Raskolnikov (band),1998
http://dbpedia.org/resource/S_Vremena_Na_Vreme,S Vremena Na Vreme,1972
http://dbpedia.org/resource/G.W._Sok,G.W. Sok,1979
http://dbpedia.org/resource/Plants_and_Animals,Plants and Animals,2003
http://dbpedia.org/resource/Super7_(band),Super7 (band),2011
http://dbpedia.org/resource/Hughes_Turner_Project,Hughes Turner Project,2001
http://dbpedia.org/resource/Carcrash_International,Carcrash International,1983
http://dbpedia.org/resource/She's_The_Queen,She's The Queen,2009
http://dbpedia.org/resource/Polarkreis_18,Polarkreis 18,1998
http://dbpedia.org/resource/Halfcocked,Halfcocked,1997
http://dbpedia.org/resource/Spazz_(band),Spazz (band),1992
http://dbpedia.org/resource/Gungor,Gungor,2006
http://dbpedia.org/resource/Sheeba,Sheeba,1977
http://dbpedia.org/resource/Aeternus,Aeternus,1993
http://dbpedia.org/resource/Le_Vibrazioni,Le Vibrazioni,1999
http://dbpedia.org/resource/BTS_(band),BTS (band),2013
http://dbpedia.org/resource/American_Modern_Ensemble,American Modern Ensemble,2005
http://dbpedia.org/resource/Liberty_37,Liberty 37,1998
http://dbpedia.org/resource/Avalon_(American_group),Avalon (American group),1996
http://dbpedia.org/resource/Teardrop_(band),Teardrop (band),2006
http://dbpedia.org/resource/Child's_Play_(band),Child's Play (band),1983
http://dbpedia.org/resource/Candy_(Georgian_band),Candy (Georgian band),2011
http://dbpedia.org/resource/Boscorale,Boscorale,2005
http://dbpedia.org/resource/The_Adored,The Adored,2003
http://dbpedia.org/resource/The_Trees_Community,The Trees Community,1970
http://dbpedia.org/resource/Hyades_(band),Hyades (band),1996
http://dbpedia.org/resource/Times_Two,Times Two,1988
http://dbpedia.org/resource/Shadowfax_(band),Shadowfax (band),1972
http://dbpedia.org/resource/Atmasfera,Atmasfera,2003
http://dbpedia.org/resource/The_Maine_(band),The Maine (band),2007
http://dbpedia.org/resource/Naked_Ape_(band),Naked Ape (band),2000
http://dbpedia.org/resource/Head_On_(band),Head On (band),1980
http://dbpedia.org/resource/Boyfriends_(Filipino_band),Boyfriends (Filipino band),1970
http://dbpedia.org/resource/The_Choirboys_(boyband),The Choirboys (boyband),2005
http://dbpedia.org/resource/Hanson_&_Davis,Hanson & Davis,1985
http://dbpedia.org/resource/The_Beatles,The Beatles,1960
http://dbpedia.org/resource/Lonsdale_Boys_Club,Lonsdale Boys Club,2010
http://dbpedia.org/resource/Hi-Q_(band),Hi-Q (band),1996
http://dbpedia.org/resource/High_School_Football_Heroes,High School Football Heroes,2001
http://dbpedia.org/resource/Golden_Silvers,Golden Silvers,2008
http://dbpedia.org/resource/Mortification_(band),Mortification (band),1987
http://dbpedia.org/resource/Yargo_(band),Yargo (band),1991
http://dbpedia.org/resource/Bering_Strait_(band),Bering Strait (band),1996
http://dbpedia.org/resource/Antònia_Font,Antònia Font,1997
http://dbpedia.org/resource/Bongwater_(band),Bongwater (band),1985
http://dbpedia.org/resource/Forbes_(band),Forbes (band),1970
http://dbpedia.org/resource/Tilt_(Polish_band),Tilt (Polish band),1979
http://dbpedia.org/resource/The_Escape_(band),The Escape (band),1981
http://dbpedia.org/resource/Ravenscry,Ravenscry,2008
http://dbpedia.org/resource/A_Loss_for_Words,A Loss for Words,1999
http://dbpedia.org/resource/Painter_(band),Painter (band),1970
http://dbpedia.org/resource/Belle_Epoque_(band),Belle Epoque (band),1977
http://dbpedia.org/resource/Heavy_Heavy_Low_Low,Heavy Heavy Low Low,2004
http://dbpedia.org/resource/Hapshash_and_the_Coloured_Coat,Hapshash and the Coloured Coat,1967
http://dbpedia.org/resource/Rootwater,Rootwater,2002
http://dbpedia.org/resource/Jim_Protector,Jim Protector,2001
http://dbpedia.org/resource/Kolibri_(band),Kolibri (band),1988
http://dbpedia.org/resource/Debopriya_and_Suchismita_Chatterjee,Debopriya and Suchismita Chatterjee,1998
http://dbpedia.org/resource/Shamall,Shamall,1986
http://dbpedia.org/resource/The_Chronicles_of_Israfel,The Chronicles of Israfel,2004
http://dbpedia.org/resource/The_Original_Wailers,The Original Wailers,2008
http://dbpedia.org/resource/The_Dixie_Nightingales,The Dixie Nightingales,1958
http://dbpedia.org/resource/Demon's_Claws,Demon's Claws,2003
http://dbpedia.org/resource/Time_to_Fly_(band),Time to Fly (band),2001
http://dbpedia.org/resource/La_Vela_Puerca,La Vela Puerca,1995
http://dbpedia.org/resource/The_Fatima_Mansions,The Fatima Mansions,1988
http://dbpedia.org/resource/Sound_of_Contact,Sound of Contact,2009
http://dbpedia.org/resource/The_Dakotas_(band),The Dakotas (band),1962
http://dbpedia.org/resource/Band_of_Joy,Band of Joy,1966
http://dbpedia.org/resource/Zero_(Indian_band),Zero (Indian band),1998
http://dbpedia.org/resource/Lions_Gate_Chorus,Lions Gate Chorus,53
http://dbpedia.org/resource/Skinned_Teen,Skinned Teen,1993
http://dbpedia.org/resource/Rohan_By_Nightfall_(band),Rohan By Nightfall (band),2008
http://dbpedia.org/resource/Diana_(band),Diana (band),2010
http://dbpedia.org/resource/Johnboy,Johnboy,1991
http://dbpedia.org/resource/Léopold_Nord_&_Vous,Léopold Nord & Vous,1983
http://dbpedia.org/resource/Moving_Targets_(band),Moving Targets (band),1981
http://dbpedia.org/resource/Sphere3,Sphere3,1991
http://dbpedia.org/resource/Os_Paralamas_do_Sucesso,Os Paralamas do Sucesso,1977
http://dbpedia.org/resource/Dropout_Year,Dropout Year,2004
http://dbpedia.org/resource/Simbi_(band),Simbi (band),1987
http://dbpedia.org/resource/Otto_Gray_and_his_Oklahoma_Cowboys,Otto Gray and his Oklahoma Cowboys,1921
http://dbpedia.org/resource/Iron_Claw_(band),Iron Claw (band),1969
http://dbpedia.org/resource/Alert_the_Medic,Alert the Medic,2006
http://dbpedia.org/resource/Bluegrass_Student_Union,Bluegrass Student Union,1973
http://dbpedia.org/resource/Leftfield,Leftfield,1989
http://dbpedia.org/resource/The_Nobility,The Nobility,2001
http://dbpedia.org/resource/Divina_Enema,Divina Enema,1998
http://dbpedia.org/resource/The_Prime_Movers_(Los_Angeles_band),The Prime Movers (Los Angeles band),1983
http://dbpedia.org/resource/Tetrarch_(band),Tetrarch (band),2007
http://dbpedia.org/resource/The_Stalkers,The Stalkers,2002
http://dbpedia.org/resource/Nothing's_Carved_in_Stone,Nothing's Carved in Stone,2009
http://dbpedia.org/resource/Panjo_5,Panjo 5,2008
http://dbpedia.org/resource/We_Are_Serenades,We Are Serenades,2010
http://dbpedia.org/resource/East_West_(band),East West (band),1993
http://dbpedia.org/resource/Analogy_(band),Analogy (band),1972
http://dbpedia.org/resource/APB_(band),APB (band),1979
http://dbpedia.org/resource/Thunderpuss,Thunderpuss,1997
http://dbpedia.org/resource/Care_Bears_on_Fire,Care Bears on Fire,2005
http://dbpedia.org/resource/Georgie_James,Georgie James,2005
http://dbpedia.org/resource/The_Big_3_(folk_group),The Big 3 (folk group),1962
http://dbpedia.org/resource/Peril_(band),Peril (band),1992
http://dbpedia.org/resource/Knesiyat_Hasekhel,Knesiyat Hasekhel,1989
http://dbpedia.org/resource/Hazel_(band),Hazel (band),1992
http://dbpedia.org/resource/Vain_(band),Vain (band),1986
http://dbpedia.org/resource/Wild_Light,Wild Light,2005
http://dbpedia.org/resource/Denali_(band),Denali (band),2000
http://dbpedia.org/resource/Dahmer_(band),Dahmer (band),1995
http://dbpedia.org/resource/Code_(band),Code (band),2002
http://dbpedia.org/resource/Furthest_Drive_Home,Furthest Drive Home,2003
http://dbpedia.org/resource/The_Beach_Boys,The Beach Boys,1961
http://dbpedia.org/resource/The_Lovers_(Californian_band),The Lovers (Californian band),2011
http://dbpedia.org/resource/Laal_(band),Laal (band),2008
http://dbpedia.org/resource/Black_Joe_Lewis_&_the_Honeybears,Black Joe Lewis & the Honeybears,2007
http://dbpedia.org/resource/The_Frumpies,The Frumpies,1992
http://dbpedia.org/resource/Dirotta_su_Cuba,Dirotta su Cuba,1989
http://dbpedia.org/resource/Turma_do_Balão_Mágico,Turma do Balão Mágico,1982
http://dbpedia.org/resource/Punjabi_by_Nature,Punjabi by Nature,1993
http://dbpedia.org/resource/Night_Horse,Night Horse,2008
http://dbpedia.org/resource/Philmore,Philmore,1998
http://dbpedia.org/resource/Real_Lies,Real Lies,2012
http://dbpedia.org/resource/Necrophagia,Necrophagia,1983
