http://dbpedia.org/ontology/BasketballPlayer,BasketballPlayer,http://dbpedia.org/ontology/draftYear
http://dbpedia.org/resource/Cliff_Barker,Cliff Barker,1949
http://dbpedia.org/resource/Lamont_Strothers,Lamont Strothers,1991
http://dbpedia.org/resource/Latrell_Sprewell,Latrell Sprewell,1992
http://dbpedia.org/resource/Travis_Grant,Travis Grant,1972
http://dbpedia.org/resource/D._J._Kennedy,D. J. Kennedy,2011
http://dbpedia.org/resource/Hutch_Jones,Hutch Jones,1982
http://dbpedia.org/resource/Zuzana_Žirková,Zuzana Žirková,2003
http://dbpedia.org/resource/Marc_Salyers,Marc Salyers,2001
http://dbpedia.org/resource/Erek_Hansen,Erek Hansen,2006
http://dbpedia.org/resource/Nick_Paulos,Nick Paulos,2015
http://dbpedia.org/resource/Jim_Farmer,Jim Farmer,1987
http://dbpedia.org/resource/Mike_Dunleavy_Jr.,Mike Dunleavy Jr.,2002
http://dbpedia.org/resource/Janari_Jõesaar,Janari Jõesaar,2016
http://dbpedia.org/resource/Gustavo_Ayón,Gustavo Ayón,2007
http://dbpedia.org/resource/Alex_Wilson_(basketball),Alex Wilson (basketball),2016
http://dbpedia.org/resource/Terrence_Rencher,Terrence Rencher,1995
http://dbpedia.org/resource/Steffphon_Pettigrew,Steffphon Pettigrew,2011
http://dbpedia.org/resource/Christian_Laettner,Christian Laettner,1992
http://dbpedia.org/resource/Deon_Thomas,Deon Thomas,1994
http://dbpedia.org/resource/Matee_Ajavon,Matee Ajavon,2008
http://dbpedia.org/resource/Arinze_Onuaku,Arinze Onuaku,2010
http://dbpedia.org/resource/Gur_Shelef,Gur Shelef,1996
http://dbpedia.org/resource/Al_Jefferson,Al Jefferson,2004
http://dbpedia.org/resource/Alex_Tyus,Alex Tyus,2011
http://dbpedia.org/resource/Greg_Anthony,Greg Anthony,1991
http://dbpedia.org/resource/Earl_Barron,Earl Barron,2003
http://dbpedia.org/resource/Byron_Dinkins,Byron Dinkins,1989
http://dbpedia.org/resource/Okaro_White,Okaro White,2014
http://dbpedia.org/resource/Brent_Petway,Brent Petway,2007
http://dbpedia.org/resource/Keisha_Hampton,Keisha Hampton,2012
http://dbpedia.org/resource/Bingo_Smith,Bingo Smith,1969
http://dbpedia.org/resource/Kosta_Koufos,Kosta Koufos,2008
http://dbpedia.org/resource/Mario_Boni,Mario Boni,1986
http://dbpedia.org/resource/Nadine_Domond,Nadine Domond,1998
http://dbpedia.org/resource/Allan_Ray,Allan Ray,2006
http://dbpedia.org/resource/Andriy_Myronenko,Andriy Myronenko,2016
http://dbpedia.org/resource/Idong_Ibok,Idong Ibok,2009
http://dbpedia.org/resource/Tanguy_Ngombo,Tanguy Ngombo,2011
http://dbpedia.org/resource/Scott_Wedman,Scott Wedman,1974
http://dbpedia.org/resource/Gabe_Freeman,Gabe Freeman,2007
http://dbpedia.org/resource/Marv_Winkler,Marv Winkler,1970
http://dbpedia.org/resource/Gerrod_Henderson,Gerrod Henderson,2002
http://dbpedia.org/resource/Damjan_Stojanovski,Damjan Stojanovski,2009
http://dbpedia.org/resource/Don_Buse,Don Buse,1972
http://dbpedia.org/resource/James_Robinson_(basketball),James Robinson (basketball),1993
http://dbpedia.org/resource/Sean_Williams_(basketball),Sean Williams (basketball),2007
http://dbpedia.org/resource/Kevin_Stacom,Kevin Stacom,1974
http://dbpedia.org/resource/Quintin_Dailey,Quintin Dailey,1982
http://dbpedia.org/resource/Nemanja_Todorović,Nemanja Todorović,2013
http://dbpedia.org/resource/Will_Barton,Will Barton,2012
http://dbpedia.org/resource/Joevan_Catron,Joevan Catron,2011
http://dbpedia.org/resource/Greg_Ostertag,Greg Ostertag,1995
http://dbpedia.org/resource/Frank_Ramsey_(basketball),Frank Ramsey (basketball),1953
http://dbpedia.org/resource/Maggie_Lucas,Maggie Lucas,2014
http://dbpedia.org/resource/Miljan_Pavković,Miljan Pavković,2003
http://dbpedia.org/resource/Tobias_Harris,Tobias Harris,2011
http://dbpedia.org/resource/Chris_Christoffersen,Chris Christoffersen,2002
http://dbpedia.org/resource/Kayla_Pedersen,Kayla Pedersen,2011
http://dbpedia.org/resource/Al_Butler,Al Butler,1961
http://dbpedia.org/resource/Vickie_Johnson,Vickie Johnson,1997
http://dbpedia.org/resource/Tiffany_Jackson,Tiffany Jackson,2007
http://dbpedia.org/resource/James_Edwards_(basketball),James Edwards (basketball),1977
http://dbpedia.org/resource/Arnold_Short,Arnold Short,1954
http://dbpedia.org/resource/Assem_Marei,Assem Marei,2015
http://dbpedia.org/resource/Mark_Bryant_(basketball),Mark Bryant (basketball),1988
http://dbpedia.org/resource/Brent_Barry,Brent Barry,1995
http://dbpedia.org/resource/Leslie_McDonald,Leslie McDonald,2014
http://dbpedia.org/resource/Josh_Shipp_(basketball),Josh Shipp (basketball),2009
http://dbpedia.org/resource/Farhiya_Abdi,Farhiya Abdi,2012
http://dbpedia.org/resource/Paige_Sauer,Paige Sauer,2000
http://dbpedia.org/resource/Travis_Reed,Travis Reed,2002
http://dbpedia.org/resource/Isaiah_Morris,Isaiah Morris,1992
http://dbpedia.org/resource/Davon_Jefferson,Davon Jefferson,2008
http://dbpedia.org/resource/Anatoliy_Kolesnikov,Anatoliy Kolesnikov,2011
http://dbpedia.org/resource/Lou_Tsioropoulos,Lou Tsioropoulos,1953
http://dbpedia.org/resource/Fennis_Dembo,Fennis Dembo,1988
http://dbpedia.org/resource/Louie_Dampier,Louie Dampier,1967
http://dbpedia.org/resource/Roosevelt_Bouie,Roosevelt Bouie,1980
http://dbpedia.org/resource/Lauren_Mansfield,Lauren Mansfield,2012
http://dbpedia.org/resource/Tony_Taylor_(basketball),Tony Taylor (basketball),2012
http://dbpedia.org/resource/Jerry_Newsom,Jerry Newsom,1968
http://dbpedia.org/resource/Kyle_Landry,Kyle Landry,2008
http://dbpedia.org/resource/Ron_Lewis_(basketball),Ron Lewis (basketball),2007
http://dbpedia.org/resource/Stanley_Robinson,Stanley Robinson,2010
http://dbpedia.org/resource/Konrad_Wysocki,Konrad Wysocki,2004
http://dbpedia.org/resource/Torrey_Butler,Torrey Butler,2003
http://dbpedia.org/resource/Derrick_Obasohan,Derrick Obasohan,2004
http://dbpedia.org/resource/Matt_Maloney,Matt Maloney,1995
http://dbpedia.org/resource/Vince_Taylor_(basketball),Vince Taylor (basketball),1982
http://dbpedia.org/resource/Luther_Wright,Luther Wright,1993
http://dbpedia.org/resource/Britany_Miller,Britany Miller,2009
http://dbpedia.org/resource/Kevin_McKenna_(basketball),Kevin McKenna (basketball),1981
http://dbpedia.org/resource/Tony_Windless,Tony Windless,1992
http://dbpedia.org/resource/Ryan_Evans,Ryan Evans,2013
http://dbpedia.org/resource/Chico_Fletcher,Chico Fletcher,2000
http://dbpedia.org/resource/Ben_Kelso,Ben Kelso,1973
http://dbpedia.org/resource/Robert_Curtis_(basketball),Robert Curtis (basketball),2012
http://dbpedia.org/resource/Ben_Clyde,Ben Clyde,1974
http://dbpedia.org/resource/Maurice_Shaw,Maurice Shaw,2006
http://dbpedia.org/resource/Milojko_Vasilić,Milojko Vasilić,2011
http://dbpedia.org/resource/Jonathan_Kerner,Jonathan Kerner,1997
http://dbpedia.org/resource/Dave_Feitl,Dave Feitl,1986
http://dbpedia.org/resource/Sammy_Zeglinski,Sammy Zeglinski,2012
http://dbpedia.org/resource/Dejan_Todorović,Dejan Todorović,2016
http://dbpedia.org/resource/Lou_Amundson,Lou Amundson,2006
http://dbpedia.org/resource/Danny_Fortson,Danny Fortson,1997
http://dbpedia.org/resource/Julian_Norfleet,Julian Norfleet,2014
http://dbpedia.org/resource/Latavious_Williams,Latavious Williams,2010
http://dbpedia.org/resource/Eddie_Phillips_(basketball),Eddie Phillips (basketball),1982
http://dbpedia.org/resource/Gordon_Herbert,Gordon Herbert,1981
http://dbpedia.org/resource/Toby_Knight,Toby Knight,1977
http://dbpedia.org/resource/Dirk_Bauermann,Dirk Bauermann,1979
http://dbpedia.org/resource/Andrija_Bojić,Andrija Bojić,2015
http://dbpedia.org/resource/Lou_Williams,Lou Williams,2005
http://dbpedia.org/resource/Charles_Cleveland_(basketball),Charles Cleveland (basketball),1975
http://dbpedia.org/resource/Dave_Schellhase,Dave Schellhase,1966
http://dbpedia.org/resource/Wali_Jones,Wali Jones,1964
http://dbpedia.org/resource/Joseph_Bertrand_(basketball),Joseph Bertrand (basketball),2014
http://dbpedia.org/resource/Austin_Dufault,Austin Dufault,2012
http://dbpedia.org/resource/Elvin_Hayes,Elvin Hayes,1968
http://dbpedia.org/resource/Maurice_Barrow,Maurice Barrow,2014
http://dbpedia.org/resource/Matt_Hodgson_(basketball),Matt Hodgson (basketball),2014
http://dbpedia.org/resource/World_B._Free,World B. Free,1975
http://dbpedia.org/resource/John_Korfas,John Korfas,1986
http://dbpedia.org/resource/Ivica_Dimčevski,Ivica Dimčevski,2011
http://dbpedia.org/resource/Kerem_Gönlüm,Kerem Gönlüm,1999
http://dbpedia.org/resource/Roderick_McDonald_(basketball),Roderick McDonald (basketball),1967
http://dbpedia.org/resource/Ben_Eaves_(basketball),Ben Eaves (basketball),2011
http://dbpedia.org/resource/Bill_Clark_(basketball),Bill Clark (basketball),2011
http://dbpedia.org/resource/Quin_Snyder,Quin Snyder,1989
http://dbpedia.org/resource/Zlatko_Jovanović,Zlatko Jovanović,2006
http://dbpedia.org/resource/Jourdan_DeMuynck,Jourdan DeMuynck,2013
http://dbpedia.org/resource/Ayinde_Ubaka,Ayinde Ubaka,2007
http://dbpedia.org/resource/Garfield_Blair,Garfield Blair,2009
http://dbpedia.org/resource/Šarūnas_Marčiulionis,Šarūnas Marčiulionis,1987
http://dbpedia.org/resource/Geoff_Crompton,Geoff Crompton,1978
http://dbpedia.org/resource/Dave_Piontek,Dave Piontek,1956
http://dbpedia.org/resource/Larry_Mikan,Larry Mikan,1970
http://dbpedia.org/resource/Ron_Brewer,Ron Brewer,1978
http://dbpedia.org/resource/Pendarvis_Williams,Pendarvis Williams,2014
http://dbpedia.org/resource/Chief_Kickingstallionsims,Chief Kickingstallionsims,2009
http://dbpedia.org/resource/Vann_Williford,Vann Williford,1970
http://dbpedia.org/resource/Bill_Edwards_(basketball),Bill Edwards (basketball),1993
http://dbpedia.org/resource/Chris_Appel,Chris Appel,1962
http://dbpedia.org/resource/Aleksandar_Trifunović_(basketball),Aleksandar Trifunović (basketball),1989
http://dbpedia.org/resource/Aleksandar_Čubrilo,Aleksandar Čubrilo,1997
http://dbpedia.org/resource/George_Bucci,George Bucci,1975
http://dbpedia.org/resource/Tony_Battie,Tony Battie,1997
http://dbpedia.org/resource/Sava_Lešić,Sava Lešić,2010
http://dbpedia.org/resource/Yuta_Tabuse,Yuta Tabuse,2002
http://dbpedia.org/resource/Murilo_Becker,Murilo Becker,2005
http://dbpedia.org/resource/Chris_McGuthrie,Chris McGuthrie,1996
http://dbpedia.org/resource/Ken_Menke,Ken Menke,1947
http://dbpedia.org/resource/Josh_Harrellson,Josh Harrellson,2011
http://dbpedia.org/resource/Junie_Lewis,Junie Lewis,1989
http://dbpedia.org/resource/Jim_McDaniels,Jim McDaniels,1971
http://dbpedia.org/resource/Doug_McDermott,Doug McDermott,2014
http://dbpedia.org/resource/Trey_Moore_(basketball),Trey Moore (basketball),1998
http://dbpedia.org/resource/Lionel_Bosco,Lionel Bosco,2003
http://dbpedia.org/resource/Matt_Bauscher,Matt Bauscher,2008
http://dbpedia.org/resource/Marvin_Johnson_(basketball),Marvin Johnson (basketball),1978
http://dbpedia.org/resource/Rasheed_Sulaimon,Rasheed Sulaimon,2016
http://dbpedia.org/resource/Ryan_Arcidiacono,Ryan Arcidiacono,2016
http://dbpedia.org/resource/Samardo_Samuels,Samardo Samuels,2010
http://dbpedia.org/resource/Jordan_Richard,Jordan Richard,2013
http://dbpedia.org/resource/Ed_Beach,Ed Beach,1950
http://dbpedia.org/resource/Michi_Atkins,Michi Atkins,1997
http://dbpedia.org/resource/Michael_Umeh,Michael Umeh,2007
http://dbpedia.org/resource/Marissa_Coleman,Marissa Coleman,2009
http://dbpedia.org/resource/Abby_Waner,Abby Waner,2009
http://dbpedia.org/resource/Amara_Sy,Amara Sy,2003
http://dbpedia.org/resource/Mekeli_Wesley,Mekeli Wesley,2001
http://dbpedia.org/resource/Jordan_Bachynski,Jordan Bachynski,2014
http://dbpedia.org/resource/Michelle_Plouffe,Michelle Plouffe,2014
http://dbpedia.org/resource/Samuel_Ouedraogo,Samuel Ouedraogo,2015
http://dbpedia.org/resource/John_Wall_(basketball),John Wall (basketball),2010
http://dbpedia.org/resource/Isiah_Thomas,Isiah Thomas,1981
http://dbpedia.org/resource/Lowes_Moore,Lowes Moore,1980
http://dbpedia.org/resource/Mel_Counts,Mel Counts,1964
"http://dbpedia.org/resource/Ryan_Anderson_(basketball,_born_1987)","Ryan Anderson (basketball, born 1987)",2010
http://dbpedia.org/resource/Semyon_Antonov,Semyon Antonov,2011
http://dbpedia.org/resource/Link_Abrams,Link Abrams,1996
http://dbpedia.org/resource/Michael_Andersen,Michael Andersen,1997
http://dbpedia.org/resource/Aaron_Jones_(basketball),Aaron Jones (basketball),2015
http://dbpedia.org/resource/Nikola_Ilić,Nikola Ilić,2007
http://dbpedia.org/resource/Howard_Sant-Roos,Howard Sant-Roos,2013
http://dbpedia.org/resource/Anthony_Goldwire,Anthony Goldwire,1994
http://dbpedia.org/resource/Betnijah_Laney,Betnijah Laney,2015
http://dbpedia.org/resource/Bill_Hougland,Bill Hougland,1952
http://dbpedia.org/resource/Bojan_Subotić,Bojan Subotić,2012
http://dbpedia.org/resource/Avery_Scharer,Avery Scharer,2012
http://dbpedia.org/resource/Orlando_Meléndez,Orlando Meléndez,2002
http://dbpedia.org/resource/Brad_Robinson_(basketball),Brad Robinson (basketball),1976
http://dbpedia.org/resource/Bob_Greacen,Bob Greacen,1969
http://dbpedia.org/resource/Melih_Mahmutoğlu,Melih Mahmutoğlu,2012
http://dbpedia.org/resource/Christian_Kabongo,Christian Kabongo,2013
http://dbpedia.org/resource/Beau_Beech,Beau Beech,2016
http://dbpedia.org/resource/Robert_Traylor,Robert Traylor,1998
http://dbpedia.org/resource/Howard_Wood,Howard Wood,1981
http://dbpedia.org/resource/Aaron_Fuller,Aaron Fuller,2013
http://dbpedia.org/resource/Teddy_Gipson,Teddy Gipson,2002
http://dbpedia.org/resource/Caner_Topaloğlu,Caner Topaloğlu,2007
http://dbpedia.org/resource/Pat_Carroll_(basketball),Pat Carroll (basketball),2005
http://dbpedia.org/resource/Evgeny_Kolesnikov,Evgeny Kolesnikov,2007
http://dbpedia.org/resource/Lou_Hudson,Lou Hudson,1966
http://dbpedia.org/resource/Tyus_Edney,Tyus Edney,1995
http://dbpedia.org/resource/Jonathan_Tavernari,Jonathan Tavernari,2010
http://dbpedia.org/resource/Jeron_Roberts,Jeron Roberts,1998
http://dbpedia.org/resource/Johnny_Dawkins,Johnny Dawkins,1986
http://dbpedia.org/resource/Angelina_Williams,Angelina Williams,2005
http://dbpedia.org/resource/Adam_Emmenecker,Adam Emmenecker,2008
http://dbpedia.org/resource/Gyno_Pomare,Gyno Pomare,2009
http://dbpedia.org/resource/Darrell_Arthur,Darrell Arthur,2008
http://dbpedia.org/resource/Rod_Benson,Rod Benson,2006
http://dbpedia.org/resource/Kim_Jiwan,Kim Jiwan,2012
http://dbpedia.org/resource/Bojan_Krstović,Bojan Krstović,2002
http://dbpedia.org/resource/Alvin_Young,Alvin Young,1999
http://dbpedia.org/resource/Sergiy_Gorbenko,Sergiy Gorbenko,2007
http://dbpedia.org/resource/Marko_Mladjan,Marko Mladjan,2015
http://dbpedia.org/resource/Thomas_Gardner_(basketball),Thomas Gardner (basketball),2006
http://dbpedia.org/resource/Brandon_Edwards,Brandon Edwards,2014
http://dbpedia.org/resource/Donnie_Boyce,Donnie Boyce,1995
http://dbpedia.org/resource/Jennifer_Risper,Jennifer Risper,2009
http://dbpedia.org/resource/Josh_Adams_(basketball),Josh Adams (basketball),2016
http://dbpedia.org/resource/Leon_Benbow,Leon Benbow,1974
http://dbpedia.org/resource/Dimitrios_Agravanis,Dimitrios Agravanis,2015
"http://dbpedia.org/resource/Ken_Johnson_(basketball,_born_1962)","Ken Johnson (basketball, born 1962)",1985
http://dbpedia.org/resource/Mickey_McConnell,Mickey McConnell,2011
http://dbpedia.org/resource/Cole_Dickerson,Cole Dickerson,2014
http://dbpedia.org/resource/Jerrod_Mustaf,Jerrod Mustaf,1990
http://dbpedia.org/resource/Markel_Brown,Markel Brown,2014
http://dbpedia.org/resource/Keith_Hornsby,Keith Hornsby,2016
http://dbpedia.org/resource/Worthy_Patterson,Worthy Patterson,1954
http://dbpedia.org/resource/Daryll_Hill,Daryll Hill,2007
http://dbpedia.org/resource/Cady_Lalanne,Cady Lalanne,2015
http://dbpedia.org/resource/George_Stone_(basketball),George Stone (basketball),1968
http://dbpedia.org/resource/Wayne_Sappleton,Wayne Sappleton,1982
http://dbpedia.org/resource/Awudu_Abass,Awudu Abass,2015
http://dbpedia.org/resource/Mike_Mercer_(basketball),Mike Mercer (basketball),2010
http://dbpedia.org/resource/Augustine_Rubit,Augustine Rubit,2014
http://dbpedia.org/resource/Ivan_Zoroski,Ivan Zoroski,2001
http://dbpedia.org/resource/Ricky_Davis,Ricky Davis,1998
http://dbpedia.org/resource/Jimmy_Carruth,Jimmy Carruth,1994
"http://dbpedia.org/resource/Gerald_Robinson_(basketball,_born_1989)","Gerald Robinson (basketball, born 1989)",2012
http://dbpedia.org/resource/Stefan_Birčević,Stefan Birčević,2011
http://dbpedia.org/resource/Guido_Grünheid,Guido Grünheid,2004
http://dbpedia.org/resource/Maurice_Stokes,Maurice Stokes,1955
http://dbpedia.org/resource/Paul_Davis_(basketball),Paul Davis (basketball),2006
http://dbpedia.org/resource/Ndudi_Ebi,Ndudi Ebi,2003
http://dbpedia.org/resource/Ralph_Beard,Ralph Beard,1949
http://dbpedia.org/resource/Jasmina_Ilić,Jasmina Ilić,2007
http://dbpedia.org/resource/John_Roberson,John Roberson,2011
http://dbpedia.org/resource/Brent_Wright,Brent Wright,2001
http://dbpedia.org/resource/Scotty_Thurman,Scotty Thurman,1995
http://dbpedia.org/resource/K._C._Jones,K. C. Jones,1956
http://dbpedia.org/resource/Georgi_Joseph,Georgi Joseph,2005
http://dbpedia.org/resource/Phil_Hicks,Phil Hicks,1976
http://dbpedia.org/resource/Greg_Ballard_(basketball),Greg Ballard (basketball),1977
http://dbpedia.org/resource/Jrue_Holiday,Jrue Holiday,2009
http://dbpedia.org/resource/Antonija_Sandrić,Antonija Sandrić,2010
http://dbpedia.org/resource/Robert_Reid_(basketball),Robert Reid (basketball),1977
http://dbpedia.org/resource/Jim_Brewer_(basketball),Jim Brewer (basketball),1973
http://dbpedia.org/resource/Bryant_Smith,Bryant Smith,1995
http://dbpedia.org/resource/Hassan_Adams,Hassan Adams,2006
http://dbpedia.org/resource/Ashton_Gibbs,Ashton Gibbs,2012
http://dbpedia.org/resource/Greg_Whittington,Greg Whittington,2015
http://dbpedia.org/resource/Amber_Hall,Amber Hall,1999
http://dbpedia.org/resource/Randolph_Mahaffey,Randolph Mahaffey,1967
http://dbpedia.org/resource/Don_Nelson,Don Nelson,1962
http://dbpedia.org/resource/Samantha_Logic,Samantha Logic,2015
http://dbpedia.org/resource/Keith_Van_Horn,Keith Van Horn,1997
http://dbpedia.org/resource/Emma_Meesseman,Emma Meesseman,2013
http://dbpedia.org/resource/JJ_Hickson,JJ Hickson,2008
http://dbpedia.org/resource/Penny_Taylor,Penny Taylor,2001
http://dbpedia.org/resource/Iker_Iturbe,Iker Iturbe,1998
http://dbpedia.org/resource/Nikola_Mirotić,Nikola Mirotić,2011
http://dbpedia.org/resource/Dušan_Vukčević,Dušan Vukčević,1997
http://dbpedia.org/resource/John_Pritchard_(basketball),John Pritchard (basketball),1949
http://dbpedia.org/resource/Duško_Ivanović,Duško Ivanović,1979
http://dbpedia.org/resource/Boris_Barać,Boris Barać,2014
http://dbpedia.org/resource/Ben_Altit,Ben Altit,2015
http://dbpedia.org/resource/Ed_McCants,Ed McCants,2005
http://dbpedia.org/resource/Josh_Pace,Josh Pace,2005
http://dbpedia.org/resource/Marcus_Haislip,Marcus Haislip,2002
http://dbpedia.org/resource/Malcolm_Huckaby,Malcolm Huckaby,1989
http://dbpedia.org/resource/Furkan_Korkmaz,Furkan Korkmaz,2016
http://dbpedia.org/resource/Michael_Doleac,Michael Doleac,1998
http://dbpedia.org/resource/Scottie_Reynolds,Scottie Reynolds,2010
http://dbpedia.org/resource/George_Patterson_(basketball),George Patterson (basketball),1961
http://dbpedia.org/resource/Quincy_Acy,Quincy Acy,2012
http://dbpedia.org/resource/David_Thompson_(basketball),David Thompson (basketball),1975
http://dbpedia.org/resource/Simmie_Hill,Simmie Hill,1969
"http://dbpedia.org/resource/Steven_Gray_(basketball,_born_1989)","Steven Gray (basketball, born 1989)",2011
http://dbpedia.org/resource/Stefan_Janković_(basketball),Stefan Janković (basketball),2016
http://dbpedia.org/resource/Arvesta_Kelly,Arvesta Kelly,1967
http://dbpedia.org/resource/Phil_Lumpkin,Phil Lumpkin,1974
http://dbpedia.org/resource/Trévon_Hughes,Trévon Hughes,2010
http://dbpedia.org/resource/Will_Clyburn,Will Clyburn,2013
http://dbpedia.org/resource/Chad_Gallagher,Chad Gallagher,1991
http://dbpedia.org/resource/Rich_Jones_(basketball),Rich Jones (basketball),1969
http://dbpedia.org/resource/Jonas_Valančiūnas,Jonas Valančiūnas,2011
http://dbpedia.org/resource/Aleksandar_Ugrinoski,Aleksandar Ugrinoski,2010
http://dbpedia.org/resource/Tanner_Smith_(basketball),Tanner Smith (basketball),2012
http://dbpedia.org/resource/Slaven_Rimac,Slaven Rimac,1996
http://dbpedia.org/resource/Andreas_Schreiber,Andreas Schreiber,2011
http://dbpedia.org/resource/Don_Meineke,Don Meineke,1952
http://dbpedia.org/resource/Terrell_McIntyre,Terrell McIntyre,1999
http://dbpedia.org/resource/Kueth_Duany,Kueth Duany,2003
http://dbpedia.org/resource/Chris_Kramer,Chris Kramer,2010
http://dbpedia.org/resource/Johannah_Leedham,Johannah Leedham,2010
http://dbpedia.org/resource/Olumide_Oyedeji,Olumide Oyedeji,2000
http://dbpedia.org/resource/Courtney_Pigram,Courtney Pigram,2009
http://dbpedia.org/resource/Jusuf_Nurkić,Jusuf Nurkić,2014
http://dbpedia.org/resource/Fabricio_Vay,Fabricio Vay,2008
"http://dbpedia.org/resource/Adrian_Moss_(basketball,_born_1981)","Adrian Moss (basketball, born 1981)",2006
http://dbpedia.org/resource/Brandon_Brooks_(basketball),Brandon Brooks (basketball),2009
http://dbpedia.org/resource/Jure_Lalić,Jure Lalić,2008
http://dbpedia.org/resource/Kamesha_Hairston,Kamesha Hairston,2007
http://dbpedia.org/resource/Terence_Stansbury,Terence Stansbury,1984
http://dbpedia.org/resource/Tamika_Williams,Tamika Williams,2002
http://dbpedia.org/resource/Ousmane_Barro,Ousmane Barro,2008
http://dbpedia.org/resource/Wayne_Glasgow,Wayne Glasgow,1950
http://dbpedia.org/resource/Tim_Thomas_(basketball),Tim Thomas (basketball),1997
http://dbpedia.org/resource/Maya_Moore,Maya Moore,2011
http://dbpedia.org/resource/Al-Farouq_Aminu,Al-Farouq Aminu,2010
http://dbpedia.org/resource/Maurice_Sutton,Maurice Sutton,2013
http://dbpedia.org/resource/Nemanja_Dangubić,Nemanja Dangubić,2014
http://dbpedia.org/resource/Birkan_Batuk,Birkan Batuk,2012
http://dbpedia.org/resource/Tom_Riker,Tom Riker,1972
http://dbpedia.org/resource/Mouhamed_Sene,Mouhamed Sene,2006
http://dbpedia.org/resource/Ergin_Ataman,Ergin Ataman,1988
http://dbpedia.org/resource/Luis_Flores_(basketball),Luis Flores (basketball),2004
http://dbpedia.org/resource/Mário_Correia,Mário Correia,2005
http://dbpedia.org/resource/Artem_Zabelin,Artem Zabelin,2010
http://dbpedia.org/resource/Ron_Horn,Ron Horn,1961
http://dbpedia.org/resource/Voise_Winters,Voise Winters,1985
http://dbpedia.org/resource/Charlie_Westbrook,Charlie Westbrook,2012
http://dbpedia.org/resource/Kevin_Durant,Kevin Durant,2007
http://dbpedia.org/resource/Art_Becker,Art Becker,1964
http://dbpedia.org/resource/Jaysean_Paige,Jaysean Paige,2016
http://dbpedia.org/resource/Chris_Fleming_(basketball),Chris Fleming (basketball),1993
http://dbpedia.org/resource/Veljko_Mršić,Veljko Mršić,1993
http://dbpedia.org/resource/DeNesha_Stallworth,DeNesha Stallworth,2014
"http://dbpedia.org/resource/Mamadou_N'Diaye_(basketball,_born_1993)","Mamadou N'Diaye (basketball, born 1993)",2016
http://dbpedia.org/resource/Willie_Sims_(basketball),Willie Sims (basketball),1981
http://dbpedia.org/resource/Paul_Dawkins,Paul Dawkins,1979
http://dbpedia.org/resource/Flinder_Boyd,Flinder Boyd,2002
http://dbpedia.org/resource/John_Shumate,John Shumate,1974
http://dbpedia.org/resource/Mitchell_Butler,Mitchell Butler,1993
http://dbpedia.org/resource/DeShawn_Sims,DeShawn Sims,2010
http://dbpedia.org/resource/Jeff_Sheppard,Jeff Sheppard,1998
http://dbpedia.org/resource/Miles_Jackson-Cartwright,Miles Jackson-Cartwright,2014
http://dbpedia.org/resource/Thad_Jaracz,Thad Jaracz,1968
"http://dbpedia.org/resource/Charles_Jones_(basketball,_born_1975)","Charles Jones (basketball, born 1975)",1998
http://dbpedia.org/resource/Lloyd_Batts,Lloyd Batts,1974
http://dbpedia.org/resource/Taylor_Smith_(basketball),Taylor Smith (basketball),2013
http://dbpedia.org/resource/Gunta_Baško,Gunta Baško,2003
http://dbpedia.org/resource/Jake_Ford,Jake Ford,1970
http://dbpedia.org/resource/Demetrius_Jackson,Demetrius Jackson,2016
http://dbpedia.org/resource/Jaleel_Roberts,Jaleel Roberts,2015
http://dbpedia.org/resource/Tariq_Abdul-Wahad,Tariq Abdul-Wahad,1997
http://dbpedia.org/resource/Robert_Sacre,Robert Sacre,2012
http://dbpedia.org/resource/Jazwyn_Cowan,Jazwyn Cowan,2006
http://dbpedia.org/resource/Cartier_Martin,Cartier Martin,2007
http://dbpedia.org/resource/Saša_Bratić,Saša Bratić,2003
http://dbpedia.org/resource/Bob_Kauffman,Bob Kauffman,1968
http://dbpedia.org/resource/Jim_Holstein,Jim Holstein,1952
http://dbpedia.org/resource/Jason_Miskiri,Jason Miskiri,1999
http://dbpedia.org/resource/Devoe_Joseph,Devoe Joseph,2012
http://dbpedia.org/resource/Peter_Verhoeven,Peter Verhoeven,1981
http://dbpedia.org/resource/Carmelo_Anthony,Carmelo Anthony,2003
http://dbpedia.org/resource/Michael_Finley,Michael Finley,1995
http://dbpedia.org/resource/Harold_Ellis_(basketball),Harold Ellis (basketball),1992
http://dbpedia.org/resource/Akeem_Ellis,Akeem Ellis,2012
http://dbpedia.org/resource/Hakim_Warrick,Hakim Warrick,2005
http://dbpedia.org/resource/Mike_Butler_(basketball),Mike Butler (basketball),1966
http://dbpedia.org/resource/Hamchétou_Maïga,Hamchétou Maïga,2002
http://dbpedia.org/resource/John_Goldsberry,John Goldsberry,2006
http://dbpedia.org/resource/Luka_Mitrović,Luka Mitrović,2015
http://dbpedia.org/resource/Ronnie_Fields,Ronnie Fields,1998
http://dbpedia.org/resource/Othello_Hunter,Othello Hunter,2008
http://dbpedia.org/resource/Malcolm_Armstead,Malcolm Armstead,2013
http://dbpedia.org/resource/Wes_Washpun,Wes Washpun,2016
http://dbpedia.org/resource/Steve_Burtt_Jr.,Steve Burtt Jr.,2006
http://dbpedia.org/resource/Jack_Moore_(basketball),Jack Moore (basketball),1982
http://dbpedia.org/resource/Jared_Jeffries,Jared Jeffries,2002
http://dbpedia.org/resource/Clyde_Mayes,Clyde Mayes,1975
http://dbpedia.org/resource/Wayne_Ellington,Wayne Ellington,2009
http://dbpedia.org/resource/Adam_Kemp,Adam Kemp,2014
http://dbpedia.org/resource/Julian_Washburn,Julian Washburn,2015
http://dbpedia.org/resource/Vítor_Faverani,Vítor Faverani,2009
http://dbpedia.org/resource/Ovidijus_Varanauskas,Ovidijus Varanauskas,2013
http://dbpedia.org/resource/Lior_Eliyahu,Lior Eliyahu,2006
http://dbpedia.org/resource/Ralph_Sampson_III,Ralph Sampson III,2012
http://dbpedia.org/resource/Al_Wood,Al Wood,1981
http://dbpedia.org/resource/Travis_Bader,Travis Bader,2014
http://dbpedia.org/resource/Vojdan_Stojanovski,Vojdan Stojanovski,2009
http://dbpedia.org/resource/Cedric_Maxwell,Cedric Maxwell,1977
http://dbpedia.org/resource/Devin_Brown,Devin Brown,2002
http://dbpedia.org/resource/Frank_Turner_(basketball),Frank Turner (basketball),2010
http://dbpedia.org/resource/Nneka_Ogwumike,Nneka Ogwumike,2012
http://dbpedia.org/resource/Lorenzo_D'Ercole,Lorenzo D'Ercole,2010
http://dbpedia.org/resource/Chris_Mills,Chris Mills,1993
http://dbpedia.org/resource/Bob_Elliott_(basketball),Bob Elliott (basketball),1977
http://dbpedia.org/resource/Jim_Ray_(basketball),Jim Ray (basketball),1956
http://dbpedia.org/resource/Jeffrey_Viggiano,Jeffrey Viggiano,2006
http://dbpedia.org/resource/David_Arnold_(basketball),David Arnold (basketball),2013
http://dbpedia.org/resource/Austin_Ainge,Austin Ainge,2007
http://dbpedia.org/resource/Tamecka_Dixon,Tamecka Dixon,1997
http://dbpedia.org/resource/Sidney_Moncrief,Sidney Moncrief,1979
http://dbpedia.org/resource/Rafael_Hettsheimeir,Rafael Hettsheimeir,2008
http://dbpedia.org/resource/Luke_Payne,Luke Payne,2008
http://dbpedia.org/resource/David_Rivers,David Rivers,1988
http://dbpedia.org/resource/Lari_Ketner,Lari Ketner,1999
http://dbpedia.org/resource/Vladimir_Vuksanović,Vladimir Vuksanović,2000
http://dbpedia.org/resource/Rich_Laurel,Rich Laurel,1977
http://dbpedia.org/resource/Lee_Winfield,Lee Winfield,1969
http://dbpedia.org/resource/Glenn_Cosey,Glenn Cosey,2014
http://dbpedia.org/resource/Chasity_Melvin,Chasity Melvin,1999
http://dbpedia.org/resource/Maurice_Carter_(basketball),Maurice Carter (basketball),1999
http://dbpedia.org/resource/Hal_Perry_(basketball),Hal Perry (basketball),1956
http://dbpedia.org/resource/Martynas_Andriuškevičius,Martynas Andriuškevičius,2005
http://dbpedia.org/resource/Sotiris_Manolopoulos,Sotiris Manolopoulos,1993
http://dbpedia.org/resource/Tim_McCormick,Tim McCormick,1984
http://dbpedia.org/resource/Greg_Sutton_(basketball),Greg Sutton (basketball),1991
http://dbpedia.org/resource/Brad_Wright_(basketball),Brad Wright (basketball),1985
http://dbpedia.org/resource/Nikola_Ivanović,Nikola Ivanović,2016
http://dbpedia.org/resource/Tony_Meier,Tony Meier,2012
http://dbpedia.org/resource/Quentin_Serron,Quentin Serron,2012
http://dbpedia.org/resource/Serhiy_Lishchuk,Serhiy Lishchuk,2004
http://dbpedia.org/resource/Luther_Head,Luther Head,2005
http://dbpedia.org/resource/Povilas_Butkevičius,Povilas Butkevičius,2008
http://dbpedia.org/resource/Red_Rocha,Red Rocha,1947
http://dbpedia.org/resource/David_Vanterpool,David Vanterpool,1995
http://dbpedia.org/resource/Anthony_Johnson_(basketball),Anthony Johnson (basketball),1997
http://dbpedia.org/resource/Kris_Clack,Kris Clack,1999
http://dbpedia.org/resource/Royce_White,Royce White,2012
http://dbpedia.org/resource/Adonis_Thomas,Adonis Thomas,2013
http://dbpedia.org/resource/Hollis_Copeland,Hollis Copeland,1978
http://dbpedia.org/resource/Ike_Ofoegbu,Ike Ofoegbu,2007
http://dbpedia.org/resource/Sampson_Carter,Sampson Carter,2014
http://dbpedia.org/resource/Derrick_Gervin,Derrick Gervin,1985
http://dbpedia.org/resource/Chris_Carrawell,Chris Carrawell,2000
http://dbpedia.org/resource/George_Bon_Salle,George Bon Salle,1957
http://dbpedia.org/resource/Tate_Armstrong,Tate Armstrong,1977
http://dbpedia.org/resource/Adaora_Elonu,Adaora Elonu,2012
http://dbpedia.org/resource/Al_Tucker,Al Tucker,1967
http://dbpedia.org/resource/Max_Landis_(basketball),Max Landis (basketball),2016
http://dbpedia.org/resource/David_Aliu,David Aliu,2004
http://dbpedia.org/resource/Egor_Vyaltsev,Egor Vyaltsev,2007
http://dbpedia.org/resource/Lamond_Murray,Lamond Murray,1994
http://dbpedia.org/resource/C._J._Wilcox,C. J. Wilcox,2014
http://dbpedia.org/resource/David_Simon_(basketball),David Simon (basketball),2005
http://dbpedia.org/resource/Sidney_Wicks,Sidney Wicks,1971
http://dbpedia.org/resource/Eloy_Vargas,Eloy Vargas,2012
http://dbpedia.org/resource/Shawn_Myers,Shawn Myers,1991
http://dbpedia.org/resource/Brigitte_Ardossi,Brigitte Ardossi,2010
http://dbpedia.org/resource/Wayne_Radford,Wayne Radford,1978
http://dbpedia.org/resource/Jacob_Parker,Jacob Parker,2015
http://dbpedia.org/resource/Kareem_Rush,Kareem Rush,2002
http://dbpedia.org/resource/Jerod_Ward,Jerod Ward,1998
http://dbpedia.org/resource/Jamal_Robinson,Jamal Robinson,1997
http://dbpedia.org/resource/Alysha_Clark,Alysha Clark,2010
http://dbpedia.org/resource/Jon_McGlocklin,Jon McGlocklin,1965
http://dbpedia.org/resource/Manny_Harris,Manny Harris,2010
http://dbpedia.org/resource/Bill_Walker_(Toledo_basketball),Bill Walker (Toledo basketball),1951
http://dbpedia.org/resource/André_Roberson,André Roberson,2013
http://dbpedia.org/resource/Neil_Johnson_(basketball),Neil Johnson (basketball),1966
http://dbpedia.org/resource/Filip_Šepa,Filip Šepa,2012
http://dbpedia.org/resource/Chase_Simon,Chase Simon,2012
http://dbpedia.org/resource/Jamie_Watson_(basketball),Jamie Watson (basketball),1994
"http://dbpedia.org/resource/John_Brown_(basketball,_born_1951)","John Brown (basketball, born 1951)",1973
http://dbpedia.org/resource/Brian_Roberts_(basketball),Brian Roberts (basketball),2008
http://dbpedia.org/resource/Fabricio_Oberto,Fabricio Oberto,1997
http://dbpedia.org/resource/Lusia_Harris,Lusia Harris,1977
http://dbpedia.org/resource/Chris_Wilcox,Chris Wilcox,2002
http://dbpedia.org/resource/Eddie_Mast,Eddie Mast,1969
http://dbpedia.org/resource/Joe_Smith_(basketball),Joe Smith (basketball),1995
http://dbpedia.org/resource/Lisa_Harrison,Lisa Harrison,1999
http://dbpedia.org/resource/Rony_Seikaly,Rony Seikaly,1988
http://dbpedia.org/resource/Dejan_Kravić,Dejan Kravić,2014
http://dbpedia.org/resource/Vladimir_Štimac,Vladimir Štimac,2009
http://dbpedia.org/resource/Pete_Mickeal,Pete Mickeal,2000
http://dbpedia.org/resource/Kyle_Singler,Kyle Singler,2011
http://dbpedia.org/resource/Jamaal_Tinsley,Jamaal Tinsley,2001
http://dbpedia.org/resource/Plenette_Pierson,Plenette Pierson,2003
"http://dbpedia.org/resource/Chris_Crawford_(basketball,_born_1992)","Chris Crawford (basketball, born 1992)",2014
http://dbpedia.org/resource/Ater_Majok,Ater Majok,2011
http://dbpedia.org/resource/Tayshaun_Prince,Tayshaun Prince,2002
http://dbpedia.org/resource/Evan_Conti,Evan Conti,2015
http://dbpedia.org/resource/Duane_Woodward,Duane Woodward,1998
http://dbpedia.org/resource/Jerry_Sloan,Jerry Sloan,1965
http://dbpedia.org/resource/Gheorghe_Mureșan,Gheorghe Mureșan,1993
http://dbpedia.org/resource/Terry_Duerod,Terry Duerod,1979
http://dbpedia.org/resource/Nick_Calathes,Nick Calathes,2009
http://dbpedia.org/resource/Bob_Arnzen,Bob Arnzen,1969
http://dbpedia.org/resource/Rusty_LaRue,Rusty LaRue,1996
http://dbpedia.org/resource/Courtney_Fells,Courtney Fells,2009
http://dbpedia.org/resource/Đorđe_Milošević,Đorđe Milošević,2015
http://dbpedia.org/resource/Bob_Hansen,Bob Hansen,1983
http://dbpedia.org/resource/Jordan_Williams_(basketball),Jordan Williams (basketball),2011
http://dbpedia.org/resource/Alex_Montgomery,Alex Montgomery,2011
http://dbpedia.org/resource/Lanard_Copeland,Lanard Copeland,1989
http://dbpedia.org/resource/Scott_Morrison_(basketball_player),Scott Morrison (basketball player),2008
http://dbpedia.org/resource/Jordon_Crawford,Jordon Crawford,2013
http://dbpedia.org/resource/DeAndre_Thomas,DeAndre Thomas,2009
http://dbpedia.org/resource/Branko_Cvetković,Branko Cvetković,2006
http://dbpedia.org/resource/Ally_Malott,Ally Malott,2015
http://dbpedia.org/resource/Alexander_Johnson,Alexander Johnson,2006
http://dbpedia.org/resource/Bill_Miller_(basketball),Bill Miller (basketball),1948
http://dbpedia.org/resource/Michelle_Snow,Michelle Snow,2002
"http://dbpedia.org/resource/Bobby_Jones_(basketball,_born_1984)","Bobby Jones (basketball, born 1984)",2006
http://dbpedia.org/resource/Barış_Hersek,Barış Hersek,2010
http://dbpedia.org/resource/Dave_Lee_(basketball),Dave Lee (basketball),1964
http://dbpedia.org/resource/Tim_Duncan,Tim Duncan,1997
http://dbpedia.org/resource/Terry_Catledge,Terry Catledge,1985
http://dbpedia.org/resource/Aaron_James_(basketball),Aaron James (basketball),1974
http://dbpedia.org/resource/Dave_Zeller,Dave Zeller,1961
http://dbpedia.org/resource/Clay_Johnson_(basketball),Clay Johnson (basketball),1978
http://dbpedia.org/resource/J._J._Mann,J. J. Mann,2014
http://dbpedia.org/resource/Milan_Milovanović,Milan Milovanović,2013
http://dbpedia.org/resource/John_Azary,John Azary,1951
http://dbpedia.org/resource/Bill_Kenville,Bill Kenville,1953
http://dbpedia.org/resource/Lindsey_Pluimer,Lindsey Pluimer,2008
http://dbpedia.org/resource/Tamera_Young,Tamera Young,2008
http://dbpedia.org/resource/Jim_Palmer_(basketball),Jim Palmer (basketball),1957
http://dbpedia.org/resource/Eric_Leckner,Eric Leckner,1988
http://dbpedia.org/resource/Márton_Báder,Márton Báder,2002
http://dbpedia.org/resource/Jamar_Samuels,Jamar Samuels,2012
http://dbpedia.org/resource/David_Michineau,David Michineau,2016
http://dbpedia.org/resource/Malik_Beasley,Malik Beasley,2016
http://dbpedia.org/resource/Andrea_Riley,Andrea Riley,2010
http://dbpedia.org/resource/Rex_Morgan_(basketball),Rex Morgan (basketball),1970
http://dbpedia.org/resource/Ted_McClain,Ted McClain,1971
http://dbpedia.org/resource/Eurelijus_Žukauskas,Eurelijus Žukauskas,1995
http://dbpedia.org/resource/Mike_Jackson_(basketball),Mike Jackson (basketball),1972
http://dbpedia.org/resource/Kris_Rosales,Kris Rosales,2013
http://dbpedia.org/resource/Goran_Nikolić,Goran Nikolić,1998
http://dbpedia.org/resource/Michael_Efevberha,Michael Efevberha,2006
http://dbpedia.org/resource/Charles_Jordan_(basketball),Charles Jordan (basketball),1975
http://dbpedia.org/resource/Abdel_Nader,Abdel Nader,2016
http://dbpedia.org/resource/Gary_Phillips_(basketball),Gary Phillips (basketball),1961
http://dbpedia.org/resource/Marcus_Landry,Marcus Landry,2009
http://dbpedia.org/resource/Kenan_Bajramović,Kenan Bajramović,2003
http://dbpedia.org/resource/Lee_Shaffer,Lee Shaffer,1960
http://dbpedia.org/resource/Tamika_Catchings,Tamika Catchings,2001
http://dbpedia.org/resource/Karima_Christmas,Karima Christmas,2011
http://dbpedia.org/resource/George_Lynch_(basketball),George Lynch (basketball),1993
http://dbpedia.org/resource/Troy_Brewer,Troy Brewer,2012
http://dbpedia.org/resource/Isaiah_Taylor,Isaiah Taylor,2016
http://dbpedia.org/resource/Malcolm_Grant_(basketball),Malcolm Grant (basketball),2012
http://dbpedia.org/resource/Guille_Rubio,Guille Rubio,2004
http://dbpedia.org/resource/Annalise_Pickrel,Annalise Pickrel,2014
http://dbpedia.org/resource/Larry_Sanders_(basketball),Larry Sanders (basketball),2010
http://dbpedia.org/resource/Bob_Nash_(basketball),Bob Nash (basketball),1972
http://dbpedia.org/resource/Marshall_Henderson,Marshall Henderson,2014
http://dbpedia.org/resource/Donatas_Motiejūnas,Donatas Motiejūnas,2011
http://dbpedia.org/resource/Deividas_Dulkys,Deividas Dulkys,2012
http://dbpedia.org/resource/Devin_Sweetney,Devin Sweetney,2010
http://dbpedia.org/resource/Kelsey_Griffin,Kelsey Griffin,2010
http://dbpedia.org/resource/Mike_Rosario,Mike Rosario,2013
http://dbpedia.org/resource/Tremmell_Darden,Tremmell Darden,2004
http://dbpedia.org/resource/Matt_Lottich,Matt Lottich,2004
http://dbpedia.org/resource/Fuquan_Edwin,Fuquan Edwin,2014
http://dbpedia.org/resource/Galen_Young,Galen Young,1999
http://dbpedia.org/resource/Gašper_Vidmar,Gašper Vidmar,2009
http://dbpedia.org/resource/Edin_Bavčić,Edin Bavčić,2006
http://dbpedia.org/resource/Tomas_Van_Den_Spiegel,Tomas Van Den Spiegel,2000
http://dbpedia.org/resource/Danny_Rubin_(basketball),Danny Rubin (basketball),2014
http://dbpedia.org/resource/Tyler_Wilkerson,Tyler Wilkerson,2010
http://dbpedia.org/resource/Reggie_Holmes,Reggie Holmes,2010
http://dbpedia.org/resource/Giorgi_Shermadini,Giorgi Shermadini,2008
http://dbpedia.org/resource/Kendall_Gray,Kendall Gray,2015
http://dbpedia.org/resource/Nikola_Marković,Nikola Marković,2011
http://dbpedia.org/resource/Savvas_Manousos,Savvas Manousos,2007
http://dbpedia.org/resource/Shalonda_Enis,Shalonda Enis,1999
http://dbpedia.org/resource/Jérôme_Moïso,Jérôme Moïso,2000
http://dbpedia.org/resource/Patrick_Mutombo,Patrick Mutombo,2003
http://dbpedia.org/resource/Dwayne_Schintzius,Dwayne Schintzius,1990
http://dbpedia.org/resource/John_Allen_(basketball),John Allen (basketball),2005
http://dbpedia.org/resource/Nate_Reinking,Nate Reinking,1996
http://dbpedia.org/resource/Dominik_Mavra,Dominik Mavra,2016
http://dbpedia.org/resource/Solomon_Jones_(basketball),Solomon Jones (basketball),2006
http://dbpedia.org/resource/Kristen_O'Neill,Kristen O'Neill,2006
http://dbpedia.org/resource/Matt_Guokas,Matt Guokas,1966
http://dbpedia.org/resource/Ben_Brust,Ben Brust,2014
http://dbpedia.org/resource/Joe_Pace,Joe Pace,1976
http://dbpedia.org/resource/Earl_Jones_(basketball),Earl Jones (basketball),1984
http://dbpedia.org/resource/Mike_Iuzzolino,Mike Iuzzolino,1991
http://dbpedia.org/resource/Zach_LaVine,Zach LaVine,2014
http://dbpedia.org/resource/Dimitrios_Kompodietas,Dimitrios Kompodietas,2007
http://dbpedia.org/resource/Michael_Frazier_II,Michael Frazier II,2015
http://dbpedia.org/resource/Melvin_Newbern,Melvin Newbern,1990
http://dbpedia.org/resource/Chris_Washburn,Chris Washburn,1986
http://dbpedia.org/resource/Pat_Riley,Pat Riley,1967
http://dbpedia.org/resource/Dejan_Koturović,Dejan Koturović,1994
http://dbpedia.org/resource/Cleo_Hill,Cleo Hill,1961
http://dbpedia.org/resource/Michael_Cobbins,Michael Cobbins,2015
http://dbpedia.org/resource/Elijah_Obade,Elijah Obade,2013
http://dbpedia.org/resource/Andre_Hollins,Andre Hollins,2015
http://dbpedia.org/resource/Kenny_Battle,Kenny Battle,1989
http://dbpedia.org/resource/Jimmer_Fredette,Jimmer Fredette,2011
http://dbpedia.org/resource/Damian_Martin,Damian Martin,2007
http://dbpedia.org/resource/Josh_Richardson,Josh Richardson,2015
http://dbpedia.org/resource/Anthony_Cook_(basketball),Anthony Cook (basketball),1989
http://dbpedia.org/resource/Fred_Brown_(basketball),Fred Brown (basketball),1971
http://dbpedia.org/resource/Gert_Dorbek,Gert Dorbek,2007
http://dbpedia.org/resource/Ted_Luckenbill,Ted Luckenbill,1961
http://dbpedia.org/resource/Turner_Battle,Turner Battle,2005
http://dbpedia.org/resource/Joe_Hutton_(basketball),Joe Hutton (basketball),1950
http://dbpedia.org/resource/Velibor_Radović,Velibor Radović,1994
http://dbpedia.org/resource/Kevin_Loiselle,Kevin Loiselle,2012
http://dbpedia.org/resource/Alec_Burks,Alec Burks,2011
http://dbpedia.org/resource/Mike_Miller_(basketball_player),Mike Miller (basketball player),2000
http://dbpedia.org/resource/Emre_Bayav,Emre Bayav,2009
http://dbpedia.org/resource/Doğuş_Balbay,Doğuş Balbay,2011
http://dbpedia.org/resource/Lamar_Patterson,Lamar Patterson,2014
http://dbpedia.org/resource/Jamie_Vanderbeken,Jamie Vanderbeken,2011
http://dbpedia.org/resource/Matt_Bonner,Matt Bonner,2003
http://dbpedia.org/resource/Gediminas_Orelik,Gediminas Orelik,2012
http://dbpedia.org/resource/Dallas_Lauderdale,Dallas Lauderdale,2011
http://dbpedia.org/resource/Joe_Kopicki,Joe Kopicki,1982
http://dbpedia.org/resource/Adam_Hrycaniuk,Adam Hrycaniuk,2008
http://dbpedia.org/resource/Jim_Slaughter,Jim Slaughter,1951
http://dbpedia.org/resource/Moon_Tae-jong,Moon Tae-jong,1998
http://dbpedia.org/resource/Zoran_Sretenović,Zoran Sretenović,1986
http://dbpedia.org/resource/John_Clawson,John Clawson,1966
http://dbpedia.org/resource/Don_Hennon,Don Hennon,1959
http://dbpedia.org/resource/Tyaunna_Marshall,Tyaunna Marshall,2014
http://dbpedia.org/resource/Stefan_Djordjević,Stefan Djordjević,2011
http://dbpedia.org/resource/Jameer_Nelson,Jameer Nelson,2004
http://dbpedia.org/resource/Roy_Rogers_(basketball),Roy Rogers (basketball),1996
http://dbpedia.org/resource/Darrin_Hancock,Darrin Hancock,1994
http://dbpedia.org/resource/Kevin_Houston,Kevin Houston,1987
http://dbpedia.org/resource/Ben_Davis_(basketball),Ben Davis (basketball),1996
http://dbpedia.org/resource/Jonas_Mačiulis,Jonas Mačiulis,2007
http://dbpedia.org/resource/Dick_O'Neal,Dick O'Neal,1957
http://dbpedia.org/resource/Lancaster_Gordon,Lancaster Gordon,1984
http://dbpedia.org/resource/Bradley_Beal,Bradley Beal,2012
http://dbpedia.org/resource/Robert_Conley_(basketball),Robert Conley (basketball),1999
http://dbpedia.org/resource/Claude_Overton,Claude Overton,1950
http://dbpedia.org/resource/Curtis_Perry,Curtis Perry,1970
http://dbpedia.org/resource/Tyrone_Nesby,Tyrone Nesby,1998
http://dbpedia.org/resource/Stephen_Croone,Stephen Croone,2016
http://dbpedia.org/resource/Timofey_Mozgov,Timofey Mozgov,2008
http://dbpedia.org/resource/Caldwell_Jones,Caldwell Jones,1973
http://dbpedia.org/resource/Lamont_Hamilton,Lamont Hamilton,2007
http://dbpedia.org/resource/Jack_Cooley,Jack Cooley,2013
http://dbpedia.org/resource/Rubin_Russell,Rubin Russell,1967
http://dbpedia.org/resource/Brian_Grant,Brian Grant,1994
http://dbpedia.org/resource/Petar_Radojičić,Petar Radojičić,2016
http://dbpedia.org/resource/Darnell_Lazare,Darnell Lazare,2007
http://dbpedia.org/resource/David_Jelínek,David Jelínek,2012
http://dbpedia.org/resource/Glenn_Robinson_III,Glenn Robinson III,2014
http://dbpedia.org/resource/Junior_Cadougan,Junior Cadougan,2013
http://dbpedia.org/resource/Taurence_Chisholm,Taurence Chisholm,1988
http://dbpedia.org/resource/Bill_Robinzine,Bill Robinzine,1975
http://dbpedia.org/resource/Anton_Gaddefors,Anton Gaddefors,2011
http://dbpedia.org/resource/Bill_Green_(basketball),Bill Green (basketball),1963
http://dbpedia.org/resource/Wayne_Carlander,Wayne Carlander,1985
http://dbpedia.org/resource/Luke_Witte,Luke Witte,1973
http://dbpedia.org/resource/Bradley_Buckman,Bradley Buckman,2006
http://dbpedia.org/resource/Ansu_Sesay,Ansu Sesay,1998
http://dbpedia.org/resource/Calvin_Booth,Calvin Booth,1999
http://dbpedia.org/resource/Maalik_Wayns,Maalik Wayns,2012
http://dbpedia.org/resource/Patrick_Patterson_(basketball),Patrick Patterson (basketball),2010
http://dbpedia.org/resource/Samme_Givens,Samme Givens,2012
http://dbpedia.org/resource/J._P._Tokoto,J. P. Tokoto,2015
http://dbpedia.org/resource/R._J._Hunter,R. J. Hunter,2015
http://dbpedia.org/resource/Eric_White_(basketball),Eric White (basketball),1987
http://dbpedia.org/resource/Ryan_Pettinella,Ryan Pettinella,2008
http://dbpedia.org/resource/Chris_McCullough,Chris McCullough,2015
http://dbpedia.org/resource/Stephen_Stewart_(basketball),Stephen Stewart (basketball),1995
http://dbpedia.org/resource/Stevan_Nađfeji,Stevan Nađfeji,2001
http://dbpedia.org/resource/Elston_Turner,Elston Turner,1981
http://dbpedia.org/resource/Manix_Auriantal,Manix Auriantal,2004
http://dbpedia.org/resource/Matt_Freije,Matt Freije,2004
http://dbpedia.org/resource/Goran_Jagodnik,Goran Jagodnik,1996
http://dbpedia.org/resource/Carlos_Cabezas,Carlos Cabezas,2002
http://dbpedia.org/resource/Charles_Lee_(basketball),Charles Lee (basketball),2006
http://dbpedia.org/resource/Dennis_Nutt,Dennis Nutt,1985
http://dbpedia.org/resource/Will_Sullivan_(basketball),Will Sullivan (basketball),2015
http://dbpedia.org/resource/James_Garvin_(basketball),James Garvin (basketball),1973
http://dbpedia.org/resource/Jerry_West,Jerry West,1960
http://dbpedia.org/resource/Morenike_Atunrase,Morenike Atunrase,2008
http://dbpedia.org/resource/Will_Cherry,Will Cherry,2013
http://dbpedia.org/resource/Isaac_Rosefelt,Isaac Rosefelt,2007
http://dbpedia.org/resource/Eric_Burks,Eric Burks,1995
http://dbpedia.org/resource/Forest_Able,Forest Able,1956
http://dbpedia.org/resource/Daniel_Fitzgerald_(basketball),Daniel Fitzgerald (basketball),2008
http://dbpedia.org/resource/Akin_Akingbala,Akin Akingbala,2006
http://dbpedia.org/resource/Dahntay_Jones,Dahntay Jones,2003
http://dbpedia.org/resource/Jushay_Rockett,Jushay Rockett,2007
http://dbpedia.org/resource/Rodney_Carney,Rodney Carney,2006
http://dbpedia.org/resource/Rafael_Araújo_(basketball),Rafael Araújo (basketball),2004
http://dbpedia.org/resource/Flynn_Robinson,Flynn Robinson,1965
http://dbpedia.org/resource/Dave_DeBusschere,Dave DeBusschere,1962
"http://dbpedia.org/resource/Jack_Turner_(basketball,_born_1939)","Jack Turner (basketball, born 1939)",1961
http://dbpedia.org/resource/Elliot_Williams,Elliot Williams,2010
"http://dbpedia.org/resource/Craig_Smith_(basketball,_born_1983)","Craig Smith (basketball, born 1983)",2006
http://dbpedia.org/resource/Jaime_Lloreda,Jaime Lloreda,2004
http://dbpedia.org/resource/Dejan_Musli,Dejan Musli,2013
http://dbpedia.org/resource/Otto_Porter,Otto Porter,2013
http://dbpedia.org/resource/Brice_Vounang,Brice Vounang,2005
http://dbpedia.org/resource/Jose_Slaughter,Jose Slaughter,1982
http://dbpedia.org/resource/Byron_Jones_(basketball),Byron Jones (basketball),1973
http://dbpedia.org/resource/Anthony_Stover,Anthony Stover,2012
http://dbpedia.org/resource/Pete_Myers,Pete Myers,1986
http://dbpedia.org/resource/Maksym_Lutsenko,Maksym Lutsenko,2015
http://dbpedia.org/resource/Osvaldas_Olisevičius,Osvaldas Olisevičius,2015
http://dbpedia.org/resource/Gerald_Madkins,Gerald Madkins,1992
http://dbpedia.org/resource/Dwane_Casey,Dwane Casey,1979
http://dbpedia.org/resource/Bob_Cousy,Bob Cousy,1950
http://dbpedia.org/resource/Devin_Searcy,Devin Searcy,2011
http://dbpedia.org/resource/Antonis_Fotsis,Antonis Fotsis,2001
http://dbpedia.org/resource/Cliff_Levingston,Cliff Levingston,1982
http://dbpedia.org/resource/Tanel_Sokk,Tanel Sokk,2007
http://dbpedia.org/resource/Darius_Miles,Darius Miles,2000
http://dbpedia.org/resource/Romain_Sato,Romain Sato,2004
http://dbpedia.org/resource/Briante_Weber,Briante Weber,2015
http://dbpedia.org/resource/Otis_Smith_(basketball),Otis Smith (basketball),1986
http://dbpedia.org/resource/Strahinja_Mićović,Strahinja Mićović,2014
http://dbpedia.org/resource/Bill_Meyer_(basketball),Bill Meyer (basketball),1965
http://dbpedia.org/resource/Bill_Bunting,Bill Bunting,1969
http://dbpedia.org/resource/Bill_Thieben,Bill Thieben,1956
http://dbpedia.org/resource/Bob_Dandridge,Bob Dandridge,1969
http://dbpedia.org/resource/Joe_Ragland,Joe Ragland,2012
http://dbpedia.org/resource/Darius_Clemons,Darius Clemons,1982
http://dbpedia.org/resource/Željko_Obradović,Željko Obradović,1982
http://dbpedia.org/resource/Chris_Ford,Chris Ford,1972
http://dbpedia.org/resource/Ward_Williams,Ward Williams,1948
http://dbpedia.org/resource/Chris_Denson,Chris Denson,2014
http://dbpedia.org/resource/Spencer_Haywood,Spencer Haywood,1971
http://dbpedia.org/resource/Kenrick_Zondervan,Kenrick Zondervan,2009
http://dbpedia.org/resource/Darryl_Johnson,Darryl Johnson,1987
http://dbpedia.org/resource/Red_Stroud,Red Stroud,1963
http://dbpedia.org/resource/Lance_Harris_(basketball),Lance Harris (basketball),2007
http://dbpedia.org/resource/Tina_Thompson,Tina Thompson,1997
http://dbpedia.org/resource/Randy_Denton,Randy Denton,1971
http://dbpedia.org/resource/Amir_Celestin,Amir Celestin,2012
http://dbpedia.org/resource/Bob_Portman,Bob Portman,1969
http://dbpedia.org/resource/Miroslav_Berić,Miroslav Berić,1995
http://dbpedia.org/resource/Sheena_Moore,Sheena Moore,2006
http://dbpedia.org/resource/Paul_Miller_(basketball),Paul Miller (basketball),2006
http://dbpedia.org/resource/Dontae'_Jones,Dontae' Jones,1996
http://dbpedia.org/resource/Boubacar_Coly,Boubacar Coly,2008
http://dbpedia.org/resource/Nigel_Moore_(basketball),Nigel Moore (basketball),2003
http://dbpedia.org/resource/Jordan_Adams,Jordan Adams,2014
http://dbpedia.org/resource/Nikos_Chatzivrettas,Nikos Chatzivrettas,1999
http://dbpedia.org/resource/Ed_Gray,Ed Gray,1997
http://dbpedia.org/resource/Steven_Hill_(basketball),Steven Hill (basketball),2008
http://dbpedia.org/resource/Manuchar_Markoishvili,Manuchar Markoishvili,2007
http://dbpedia.org/resource/İzzet_Türkyılmaz,İzzet Türkyılmaz,2012
http://dbpedia.org/resource/Barney_Cable,Barney Cable,1958
http://dbpedia.org/resource/Matthew_Bryan-Amaning,Matthew Bryan-Amaning,2011
http://dbpedia.org/resource/Bennie_Purcell,Bennie Purcell,1952
http://dbpedia.org/resource/Casey_Mitchell_(basketball),Casey Mitchell (basketball),2011
http://dbpedia.org/resource/Dan_McClintock,Dan McClintock,2000
http://dbpedia.org/resource/Diante_Garrett,Diante Garrett,2011
http://dbpedia.org/resource/Chaz_Williams,Chaz Williams,2014
http://dbpedia.org/resource/Norm_Swanson,Norm Swanson,1953
http://dbpedia.org/resource/Jerome_Randle,Jerome Randle,2010
http://dbpedia.org/resource/Speedy_Claxton,Speedy Claxton,2000
http://dbpedia.org/resource/Johnny_Rogers,Johnny Rogers,1986
http://dbpedia.org/resource/Jim_Les,Jim Les,1986
http://dbpedia.org/resource/Rich_Yonakor,Rich Yonakor,1980
"http://dbpedia.org/resource/Marcus_Thornton_(basketball,_born_1993)","Marcus Thornton (basketball, born 1993)",2015
http://dbpedia.org/resource/Terrence_Oglesby,Terrence Oglesby,2010
http://dbpedia.org/resource/Henry_Ward_(basketball),Henry Ward (basketball),1975
http://dbpedia.org/resource/Renardo_Sidney,Renardo Sidney,2012
http://dbpedia.org/resource/Natalie_Burton,Natalie Burton,2012
http://dbpedia.org/resource/Alex_Stepheson,Alex Stepheson,2011
http://dbpedia.org/resource/Folarin_Campbell,Folarin Campbell,2008
http://dbpedia.org/resource/David_Ancrum,David Ancrum,1980
http://dbpedia.org/resource/Ian_Hummer,Ian Hummer,2013
