http://dbpedia.org/ontology/IceHockeyPlayer,IceHockeyPlayer,http://dbpedia.org/ontology/draftYear
http://dbpedia.org/resource/Johnny_Boychuk,Johnny Boychuk,2166
http://dbpedia.org/resource/Stephon_Williams,Stephon Williams,1854
http://dbpedia.org/resource/Ric_Jackman,Ric Jackman,2001
http://dbpedia.org/resource/Garnet_Bailey,Garnet Bailey,1999
http://dbpedia.org/resource/Rod_Schutt,Rod Schutt,1963
http://dbpedia.org/resource/Jamie_McBain,Jamie McBain,2048
http://dbpedia.org/resource/Vladimir_Krutov,Vladimir Krutov,1819
http://dbpedia.org/resource/Jonas_Junland,Jonas Junland,2007
http://dbpedia.org/resource/Christián_Jaroš,Christián Jaroš,1985
http://dbpedia.org/resource/Niclas_Almari,Niclas Almari,1880
http://dbpedia.org/resource/Logan_Stephenson,Logan Stephenson,2016
http://dbpedia.org/resource/Bill_Derlago,Bill Derlago,1898
http://dbpedia.org/resource/Jesse_Niinimäki,Jesse Niinimäki,2099
http://dbpedia.org/resource/Kevin_Roy,Kevin Roy,1828
http://dbpedia.org/resource/Rick_LaFerriere,Rick LaFerriere,1839
http://dbpedia.org/resource/Pathrik_Vesterholm,Pathrik Vesterholm,2044
http://dbpedia.org/resource/Bryce_Salvador,Bryce Salvador,1991
http://dbpedia.org/resource/Mark_Fistric,Mark Fistric,1815
http://dbpedia.org/resource/Jan_Šulc_(ice_hockey),Jan Šulc (ice hockey),2151
http://dbpedia.org/resource/Tommy_Wingels,Tommy Wingels,1832
http://dbpedia.org/resource/Joe_Noris,Joe Noris,1919
http://dbpedia.org/resource/Milan_Hejduk,Milan Hejduk,1941
http://dbpedia.org/resource/Ryan_Caldwell_(ice_hockey),Ryan Caldwell (ice hockey),2192
http://dbpedia.org/resource/David_Výborný,David Výborný,1810
http://dbpedia.org/resource/Yvon_Lambert,Yvon Lambert,2002
http://dbpedia.org/resource/Jan_Popiel,Jan Popiel,1952
http://dbpedia.org/resource/Lars_Volden,Lars Volden,1954
http://dbpedia.org/resource/Andre_Lakos,Andre Lakos,2106
http://dbpedia.org/resource/Troy_Gamble,Troy Gamble,1823
http://dbpedia.org/resource/Slater_Koekkoek,Slater Koekkoek,1959
http://dbpedia.org/resource/Marko_Kiprusoff,Marko Kiprusoff,1903
http://dbpedia.org/resource/Niklas_Anger,Niklas Anger,2017
http://dbpedia.org/resource/Denis_Chalifoux,Denis Chalifoux,2042
http://dbpedia.org/resource/Kevin_Kemp,Kevin Kemp,2008
http://dbpedia.org/resource/Marty_Howe,Marty Howe,1944
http://dbpedia.org/resource/Jason_Firth,Jason Firth,2133
http://dbpedia.org/resource/Roger_Åkerström,Roger Åkerström,1975
http://dbpedia.org/resource/Ed_Jovanovski,Ed Jovanovski,1887
http://dbpedia.org/resource/Petri_Kontiola,Petri Kontiola,1845
http://dbpedia.org/resource/Chandler_Stephenson,Chandler Stephenson,2147
http://dbpedia.org/resource/Michael_Sauer_(ice_hockey),Michael Sauer (ice hockey),2054
http://dbpedia.org/resource/Igor_Korolev,Igor Korolev,2035
http://dbpedia.org/resource/Stefan_Lundqvist,Stefan Lundqvist,1834
http://dbpedia.org/resource/Barrett_Heisten,Barrett Heisten,1923
"http://dbpedia.org/resource/Yannick_Tremblay_(ice_hockey,_born_1975)","Yannick Tremblay (ice hockey, born 1975)",1833
http://dbpedia.org/resource/Anton_Lindholm,Anton Lindholm,2187
http://dbpedia.org/resource/Willie_Levesque,Willie Levesque,1993
http://dbpedia.org/resource/John_Lammers,John Lammers,1993
http://dbpedia.org/resource/Jēkabs_Rēdlihs,Jēkabs Rēdlihs,2004
http://dbpedia.org/resource/Kyle_Wanvig,Kyle Wanvig,1946
http://dbpedia.org/resource/Peter_Smrek,Peter Smrek,2186
http://dbpedia.org/resource/Jozef_Stümpel,Jozef Stümpel,2022
http://dbpedia.org/resource/Randy_Hillier,Randy Hillier,2091
http://dbpedia.org/resource/Brian_Bowles_(ice_hockey),Brian Bowles (ice hockey),1889
http://dbpedia.org/resource/Patric_Blomdahl,Patric Blomdahl,2125
http://dbpedia.org/resource/Danny_Markov,Danny Markov,2079
http://dbpedia.org/resource/Lindsay_Carson,Lindsay Carson,1828
http://dbpedia.org/resource/Tyler_Shattock,Tyler Shattock,1871
http://dbpedia.org/resource/Bryan_Berard,Bryan Berard,1904
http://dbpedia.org/resource/Peter_Högardh,Peter Högardh,1913
http://dbpedia.org/resource/Justin_Pogge,Justin Pogge,2037
http://dbpedia.org/resource/Roger_Belisle,Roger Belisle,1858
http://dbpedia.org/resource/Bruce_Hamilton_(ice_hockey),Bruce Hamilton (ice hockey),2140
http://dbpedia.org/resource/Tony_Camazzola,Tony Camazzola,1918
http://dbpedia.org/resource/Sebastian_Stefaniszin,Sebastian Stefaniszin,1908
http://dbpedia.org/resource/Klas_Dahlbeck,Klas Dahlbeck,2062
http://dbpedia.org/resource/Greg_Theberge,Greg Theberge,1976
http://dbpedia.org/resource/Paul_Byron,Paul Byron,2055
http://dbpedia.org/resource/Mike_Greenlay,Mike Greenlay,2133
http://dbpedia.org/resource/Tim_Armstrong_(ice_hockey),Tim Armstrong (ice hockey),2058
http://dbpedia.org/resource/Joonas_Vihko,Joonas Vihko,2080
http://dbpedia.org/resource/Normand_Léveillé,Normand Léveillé,2012
http://dbpedia.org/resource/James_Wisniewski,James Wisniewski,1866
http://dbpedia.org/resource/Thomas_Spelling,Thomas Spelling,2213
http://dbpedia.org/resource/Ashton_Rome,Ashton Rome,1918
http://dbpedia.org/resource/Dan_Quinn_(ice_hockey),Dan Quinn (ice hockey),2006
http://dbpedia.org/resource/Sergei_Zubov,Sergei Zubov,2052
http://dbpedia.org/resource/Tyler_Wright,Tyler Wright,1885
http://dbpedia.org/resource/Chris_Holt_(ice_hockey),Chris Holt (ice hockey),2104
http://dbpedia.org/resource/Vladimir_Antipov,Vladimir Antipov,2038
http://dbpedia.org/resource/Dan_Maloney,Dan Maloney,2035
http://dbpedia.org/resource/T._J._Hensick,T. J. Hensick,2086
http://dbpedia.org/resource/Jimmy_Bonneau,Jimmy Bonneau,1981
http://dbpedia.org/resource/Anthony_Nigro_(ice_hockey),Anthony Nigro (ice hockey),1808
http://dbpedia.org/resource/Daniel_Sedin,Daniel Sedin,1811
http://dbpedia.org/resource/Casey_Cizikas,Casey Cizikas,2085
http://dbpedia.org/resource/Mike_Card,Mike Card,2058
http://dbpedia.org/resource/Leo_Komarov,Leo Komarov,1819
"http://dbpedia.org/resource/Sebastian_Aho_(ice_hockey,_born_1997)","Sebastian Aho (ice hockey, born 1997)",1925
http://dbpedia.org/resource/Robert_Kron,Robert Kron,1975
http://dbpedia.org/resource/Rob_McClanahan,Rob McClanahan,2033
http://dbpedia.org/resource/Jon_Rheault,Jon Rheault,1951
http://dbpedia.org/resource/Jeff_Larmer,Jeff Larmer,2023
http://dbpedia.org/resource/Marcel_Dionne,Marcel Dionne,2128
http://dbpedia.org/resource/Ramzi_Abid,Ramzi Abid,1905
http://dbpedia.org/resource/Lukáš_Jašek,Lukáš Jašek,2212
http://dbpedia.org/resource/Ondrej_Otčenáš,Ondrej Otčenáš,2040
http://dbpedia.org/resource/Aaron_Voros,Aaron Voros,1873
http://dbpedia.org/resource/Colin_Smith_(ice_hockey),Colin Smith (ice hockey),2013
http://dbpedia.org/resource/Tyler_Larter,Tyler Larter,2119
http://dbpedia.org/resource/Jordan_Subban,Jordan Subban,1887
http://dbpedia.org/resource/Andrei_Loktionov,Andrei Loktionov,2148
http://dbpedia.org/resource/Miroslav_Šatan,Miroslav Šatan,2006
http://dbpedia.org/resource/Carl_Hagelin,Carl Hagelin,1927
http://dbpedia.org/resource/Joel_Scherban,Joel Scherban,2187
http://dbpedia.org/resource/John_Brill,John Brill,2162
http://dbpedia.org/resource/Timo_Helbling,Timo Helbling,2012
http://dbpedia.org/resource/Terry_O'Reilly,Terry O'Reilly,1973
"http://dbpedia.org/resource/Artem_Anisimov_(ice_hockey,_born_1976)","Artem Anisimov (ice hockey, born 1976)",1825
http://dbpedia.org/resource/Don_Gillen,Don Gillen,1877
http://dbpedia.org/resource/Bob_Manno,Bob Manno,1873
http://dbpedia.org/resource/Konrad_Abeltshauser,Konrad Abeltshauser,1823
http://dbpedia.org/resource/Sergei_Korostin,Sergei Korostin,1894
http://dbpedia.org/resource/Hans_Jonsson,Hans Jonsson,2112
http://dbpedia.org/resource/Clayton_Stoner,Clayton Stoner,2029
http://dbpedia.org/resource/Mike_Rogers_(ice_hockey),Mike Rogers (ice hockey),1934
http://dbpedia.org/resource/Timo_Meier,Timo Meier,1861
http://dbpedia.org/resource/David_Bruce_(ice_hockey),David Bruce (ice hockey),2181
http://dbpedia.org/resource/Steve_Eminger,Steve Eminger,1834
http://dbpedia.org/resource/Bobby_Clarke,Bobby Clarke,2021
http://dbpedia.org/resource/Eero_Kilpeläinen,Eero Kilpeläinen,1900
http://dbpedia.org/resource/Roman_Wick,Roman Wick,1960
http://dbpedia.org/resource/Brian_Carlin,Brian Carlin,1918
http://dbpedia.org/resource/János_Vas,János Vas,1862
http://dbpedia.org/resource/Peter_White_(ice_hockey),Peter White (ice hockey),1795
http://dbpedia.org/resource/Magnus_Nilsson_(ice_hockey),Magnus Nilsson (ice hockey),2071
http://dbpedia.org/resource/Don_Sweeney,Don Sweeney,1929
http://dbpedia.org/resource/Michael_Lauen,Michael Lauen,1829
http://dbpedia.org/resource/Brian_Passmore,Brian Passmore,2055
http://dbpedia.org/resource/Newell_Brown,Newell Brown,2129
http://dbpedia.org/resource/Uli_Hiemer,Uli Hiemer,2172
http://dbpedia.org/resource/Bernie_Lukowich,Bernie Lukowich,1824
http://dbpedia.org/resource/Mark_Streit,Mark Streit,2156
http://dbpedia.org/resource/Emerson_Etem,Emerson Etem,1938
http://dbpedia.org/resource/Joël_Chouinard,Joël Chouinard,2030
http://dbpedia.org/resource/Mariusz_Czerkawski,Mariusz Czerkawski,1998
http://dbpedia.org/resource/Leo_Gudas,Leo Gudas,1896
http://dbpedia.org/resource/Steve_Webb_(ice_hockey),Steve Webb (ice hockey),2149
http://dbpedia.org/resource/Mike_Dunham,Mike Dunham,2188
http://dbpedia.org/resource/Zane_McIntyre,Zane McIntyre,1846
http://dbpedia.org/resource/Trent_Whitfield,Trent Whitfield,2043
http://dbpedia.org/resource/Ryan_Rupert,Ryan Rupert,1970
http://dbpedia.org/resource/Korbinian_Holzer,Korbinian Holzer,2035
http://dbpedia.org/resource/Dustin_Brown,Dustin Brown,2138
http://dbpedia.org/resource/Kirill_Starkov,Kirill Starkov,1974
http://dbpedia.org/resource/Jon_Coleman,Jon Coleman,1948
http://dbpedia.org/resource/Denis_Stasyuk,Denis Stasyuk,2029
http://dbpedia.org/resource/Eric_Staal,Eric Staal,1827
"http://dbpedia.org/resource/Bob_Kelly_(ice_hockey,_born_1950)","Bob Kelly (ice hockey, born 1950)",1933
http://dbpedia.org/resource/Connor_Hellebuyck,Connor Hellebuyck,2052
http://dbpedia.org/resource/Tom_Draper,Tom Draper,1851
http://dbpedia.org/resource/Mikko_Markkanen,Mikko Markkanen,1913
http://dbpedia.org/resource/Kristers_Gudļevskis,Kristers Gudļevskis,1918
http://dbpedia.org/resource/Mike_Rathje,Mike Rathje,2073
http://dbpedia.org/resource/Bob_Suter,Bob Suter,2042
http://dbpedia.org/resource/Johan_Halvardsson,Johan Halvardsson,1891
http://dbpedia.org/resource/Pavel_Kašpařík,Pavel Kašpařík,2042
http://dbpedia.org/resource/Eric_Weinrich,Eric Weinrich,2016
http://dbpedia.org/resource/Ilya_Kovalchuk,Ilya Kovalchuk,1827
http://dbpedia.org/resource/Scott_Laughton,Scott Laughton,1972
http://dbpedia.org/resource/Dean_Morton,Dean Morton,1886
http://dbpedia.org/resource/Tyler_Bertuzzi,Tyler Bertuzzi,2023
http://dbpedia.org/resource/Kent_Huskins,Kent Huskins,1958
http://dbpedia.org/resource/Dan_Spring_(ice_hockey),Dan Spring (ice hockey),2042
http://dbpedia.org/resource/Reto_Berra,Reto Berra,2052
http://dbpedia.org/resource/Sebastian_Collberg,Sebastian Collberg,1959
http://dbpedia.org/resource/Dan_Ellis,Dan Ellis,1922
http://dbpedia.org/resource/Mike_Walsh_(ice_hockey),Mike Walsh (ice hockey),1847
http://dbpedia.org/resource/Bruno_Campese,Bruno Campese,1866
http://dbpedia.org/resource/Jeff_Christian,Jeff Christian,1849
http://dbpedia.org/resource/Brent_Sopel,Brent Sopel,2013
http://dbpedia.org/resource/Vladimír_Országh,Vladimír Országh,2086
http://dbpedia.org/resource/Mikko_Kalteva,Mikko Kalteva,1908
http://dbpedia.org/resource/Sean_Gillam,Sean Gillam,2122
http://dbpedia.org/resource/Alexander_Urbom,Alexander Urbom,2132
http://dbpedia.org/resource/Marty_Turco,Marty Turco,1973
http://dbpedia.org/resource/Julius_Bergman,Julius Bergman,2213
http://dbpedia.org/resource/Éric_Bellerose,Éric Bellerose,2108
http://dbpedia.org/resource/Alexei_Komarov,Alexei Komarov,1887
http://dbpedia.org/resource/Helmuts_Balderis,Helmuts Balderis,2092
http://dbpedia.org/resource/Matt_Zaba,Matt Zaba,2200
http://dbpedia.org/resource/Jason_Arnott,Jason Arnott,2138
http://dbpedia.org/resource/Brian_Mullen,Brian Mullen,2119
http://dbpedia.org/resource/Mike_Bullard_(ice_hockey),Mike Bullard (ice hockey),1892
http://dbpedia.org/resource/Randy_Carlyle,Randy Carlyle,1886
http://dbpedia.org/resource/André_Petersson,André Petersson,1904
"http://dbpedia.org/resource/John_Adams_(ice_hockey,_born_1982)","John Adams (ice hockey, born 1982)",2104
http://dbpedia.org/resource/Matt_Grzelcyk,Matt Grzelcyk,1863
http://dbpedia.org/resource/Brian_Sipotz,Brian Sipotz,1876
http://dbpedia.org/resource/Andreas_Jämtin,Andreas Jämtin,1902
http://dbpedia.org/resource/Blair_Betts,Blair Betts,2039
http://dbpedia.org/resource/Jim_Rutherford,Jim Rutherford,1896
http://dbpedia.org/resource/Dustin_Johner,Dustin Johner,2007
http://dbpedia.org/resource/Shawn_McCosh,Shawn McCosh,2077
http://dbpedia.org/resource/Pavel_Patera,Pavel Patera,2097
http://dbpedia.org/resource/Scott_Pearson,Scott Pearson,2019
http://dbpedia.org/resource/Drake_Berehowsky,Drake Berehowsky,1871
http://dbpedia.org/resource/Devin_Shore,Devin Shore,2051
http://dbpedia.org/resource/Cory_Sarich,Cory Sarich,1971
http://dbpedia.org/resource/Tyler_Motte,Tyler Motte,1876
http://dbpedia.org/resource/Chris_Marinucci,Chris Marinucci,1972
http://dbpedia.org/resource/Nicklas_Bäckström,Nicklas Bäckström,2020
http://dbpedia.org/resource/Duane_Bray,Duane Bray,2110
http://dbpedia.org/resource/Jesse_Boulerice,Jesse Boulerice,1988
http://dbpedia.org/resource/Jimmy_Jones_(ice_hockey),Jimmy Jones (ice hockey),2065
http://dbpedia.org/resource/Edgars_Kulda,Edgars Kulda,2036
http://dbpedia.org/resource/Cam_Botting,Cam Botting,2096
http://dbpedia.org/resource/J._P._Bordeleau,J. P. Bordeleau,2138
http://dbpedia.org/resource/Cal_O'Reilly,Cal O'Reilly,2024
http://dbpedia.org/resource/Bob_Crawford,Bob Crawford,1848
http://dbpedia.org/resource/Landon_Ferraro,Landon Ferraro,1951
http://dbpedia.org/resource/Igor_Knyazev,Igor Knyazev,2057
http://dbpedia.org/resource/Linden_Vey,Linden Vey,1920
http://dbpedia.org/resource/Mike_Veisor,Mike Veisor,2101
http://dbpedia.org/resource/Aleksei_Shkotov,Aleksei Shkotov,1856
http://dbpedia.org/resource/Kris_Newbury,Kris Newbury,1921
http://dbpedia.org/resource/Brad_Stuart,Brad Stuart,1890
http://dbpedia.org/resource/Grant_Mulvey,Grant Mulvey,1990
http://dbpedia.org/resource/Tony_Mårtensson,Tony Mårtensson,1919
http://dbpedia.org/resource/Nino_Niederreiter,Nino Niederreiter,2202
http://dbpedia.org/resource/Kalle_Johansson,Kalle Johansson,2192
http://dbpedia.org/resource/Tim_Thomas_(ice_hockey),Tim Thomas (ice hockey),2115
http://dbpedia.org/resource/Dave_Feamster,Dave Feamster,1966
http://dbpedia.org/resource/Jean-Marc_Pelletier,Jean-Marc Pelletier,2094
http://dbpedia.org/resource/Michael_Paliotta,Michael Paliotta,1907
http://dbpedia.org/resource/Artūrs_Kulda,Artūrs Kulda,2206
http://dbpedia.org/resource/Jamie_Leach,Jamie Leach,1907
http://dbpedia.org/resource/Yves_Archambault,Yves Archambault,1859
http://dbpedia.org/resource/David_Musil,David Musil,1915
http://dbpedia.org/resource/Jack_O'Callahan,Jack O'Callahan,1908
http://dbpedia.org/resource/Jason_Bacashihua,Jason Bacashihua,2072
http://dbpedia.org/resource/Teemu_Riihijärvi,Teemu Riihijärvi,2083
http://dbpedia.org/resource/Patrick_Sieloff,Patrick Sieloff,1978
http://dbpedia.org/resource/Ryan_MacMurchy,Ryan MacMurchy,1987
http://dbpedia.org/resource/Brandon_McMillan,Brandon McMillan,2160
http://dbpedia.org/resource/Niklas_Nordgren,Niklas Nordgren,1995
http://dbpedia.org/resource/Zac_Dalpe,Zac Dalpe,1894
http://dbpedia.org/resource/Niklas_Hansson,Niklas Hansson,1944
http://dbpedia.org/resource/Troy_Murray,Troy Murray,2086
http://dbpedia.org/resource/Václav_Pletka,Václav Pletka,1867
http://dbpedia.org/resource/Frédéric_Chabot,Frédéric Chabot,2097
http://dbpedia.org/resource/Pelle_Lindbergh,Pelle Lindbergh,2123
http://dbpedia.org/resource/Niklas_Hjalmarsson,Niklas Hjalmarsson,2057
http://dbpedia.org/resource/Jeff_Batters,Jeff Batters,1881
http://dbpedia.org/resource/Allen_Pedersen,Allen Pedersen,1932
http://dbpedia.org/resource/Mike_Krushelnyski,Mike Krushelnyski,1909
http://dbpedia.org/resource/Larry_Bignell,Larry Bignell,2061
http://dbpedia.org/resource/Kevin_Willison,Kevin Willison,2021
http://dbpedia.org/resource/Marc_Bergevin,Marc Bergevin,1827
http://dbpedia.org/resource/Josh_Leivo,Josh Leivo,1915
http://dbpedia.org/resource/Pavel_Sedov,Pavel Sedov,1953
http://dbpedia.org/resource/Róbert_Petrovický,Róbert Petrovický,1994
http://dbpedia.org/resource/Steve_Mason_(ice_hockey),Steve Mason (ice hockey),1883
http://dbpedia.org/resource/Jeff_Farkas,Jeff Farkas,1908
http://dbpedia.org/resource/Vern_Smith_(ice_hockey),Vern Smith (ice hockey),2143
http://dbpedia.org/resource/Manny_Malhotra,Manny Malhotra,1915
http://dbpedia.org/resource/Gordie_Roberts,Gordie Roberts,1908
http://dbpedia.org/resource/Drew_Fata,Drew Fata,1881
http://dbpedia.org/resource/Pierre_Engvall,Pierre Engvall,1921
http://dbpedia.org/resource/Dominik_Simon,Dominik Simon,2034
"http://dbpedia.org/resource/Erik_Karlsson_(ice_hockey,_born_1994)","Erik Karlsson (ice hockey, born 1994)",1924
http://dbpedia.org/resource/Paul_Gardner_(ice_hockey),Paul Gardner (ice hockey),2135
http://dbpedia.org/resource/Michel_Ouellet,Michel Ouellet,2087
http://dbpedia.org/resource/Brandon_Yip,Brandon Yip,2197
http://dbpedia.org/resource/Corbin_McPherson,Corbin McPherson,1877
http://dbpedia.org/resource/Joe_DiPenta,Joe DiPenta,2179
http://dbpedia.org/resource/Dmitri_Afanasenkov,Dmitri Afanasenkov,2150
http://dbpedia.org/resource/Shane_Doan,Shane Doan,1825
http://dbpedia.org/resource/Louis-Marc_Aubry,Louis-Marc Aubry,2072
http://dbpedia.org/resource/Niko_Snellman,Niko Snellman,2168
http://dbpedia.org/resource/Marc-André_Cliche,Marc-André Cliche,2073
http://dbpedia.org/resource/Cliff_Ronning,Cliff Ronning,1910
http://dbpedia.org/resource/Ray_DiLauro,Ray DiLauro,2045
http://dbpedia.org/resource/Max_Friberg,Max Friberg,1978
http://dbpedia.org/resource/Chris_Armstrong_(ice_hockey),Chris Armstrong (ice hockey),1986
http://dbpedia.org/resource/Steven_Goertzen,Steven Goertzen,1887
http://dbpedia.org/resource/John_Blue_(ice_hockey),John Blue (ice hockey),2031
http://dbpedia.org/resource/Glen_Burdon,Glen Burdon,2163
http://dbpedia.org/resource/Derek_Mayer,Derek Mayer,2012
http://dbpedia.org/resource/Andrew_Alberts,Andrew Alberts,2066
http://dbpedia.org/resource/Mike_Bales,Mike Bales,1932
http://dbpedia.org/resource/Kieran_Millan,Kieran Millan,1849
http://dbpedia.org/resource/David_Westlund,David Westlund,1835
http://dbpedia.org/resource/Burke_Henry,Burke Henry,2035
http://dbpedia.org/resource/Zenith_Komarniski,Zenith Komarniski,1803
"http://dbpedia.org/resource/John_Gibson_(ice_hockey,_born_1993)","John Gibson (ice hockey, born 1993)",1832
http://dbpedia.org/resource/Milan_Chalupa,Milan Chalupa,1821
http://dbpedia.org/resource/Keith_Ballard,Keith Ballard,1907
http://dbpedia.org/resource/Steve_Short,Steve Short,1884
http://dbpedia.org/resource/Kevin_Marshall,Kevin Marshall,1824
http://dbpedia.org/resource/Gustav_Nyquist,Gustav Nyquist,1876
http://dbpedia.org/resource/Brad_Aitken,Brad Aitken,2005
http://dbpedia.org/resource/Dale_Hunter,Dale Hunter,1791
http://dbpedia.org/resource/Joey_Crabb,Joey Crabb,2068
http://dbpedia.org/resource/Bobby_Ryan,Bobby Ryan,2144
http://dbpedia.org/resource/Denis_Pederson,Denis Pederson,1949
http://dbpedia.org/resource/Jarome_Iginla,Jarome Iginla,2003
http://dbpedia.org/resource/Ronald_Petrovický,Ronald Petrovický,1913
http://dbpedia.org/resource/Lars_Jonsson_(ice_hockey),Lars Jonsson (ice hockey),2199
http://dbpedia.org/resource/Philippe_DeRouville,Philippe DeRouville,1923
http://dbpedia.org/resource/Sergejs_Žoltoks,Sergejs Žoltoks,1892
"http://dbpedia.org/resource/Jarkko_Immonen_(ice_hockey,_born_1984)","Jarkko Immonen (ice hockey, born 1984)",2153
http://dbpedia.org/resource/Jay_Johnston_(ice_hockey),Jay Johnston (ice hockey),2044
http://dbpedia.org/resource/Niklas_Tikkinen,Niklas Tikkinen,1921
http://dbpedia.org/resource/Dmitri_Vlasenkov,Dmitri Vlasenkov,1856
http://dbpedia.org/resource/Milan_Michálek,Milan Michálek,2167
http://dbpedia.org/resource/Felix_Sandström,Felix Sandström,1988
http://dbpedia.org/resource/Petr_Hrbek,Petr Hrbek,1812
http://dbpedia.org/resource/Bob_Birdsell,Bob Birdsell,1974
http://dbpedia.org/resource/Barry_Melrose,Barry Melrose,1835
http://dbpedia.org/resource/Nelson_Burton_(ice_hockey),Nelson Burton (ice hockey),2133
http://dbpedia.org/resource/Scott_Brower,Scott Brower,1798
http://dbpedia.org/resource/Gene_Sobchuk,Gene Sobchuk,2042
http://dbpedia.org/resource/Brett_Sterling,Brett Sterling,2035
http://dbpedia.org/resource/Cam_Atkinson,Cam Atkinson,2193
http://dbpedia.org/resource/Rob_Valicevic,Rob Valicevic,2182
http://dbpedia.org/resource/Miloslav_Hořava,Miloslav Hořava,1901
http://dbpedia.org/resource/Matěj_Trojovský,Matěj Trojovský,1958
http://dbpedia.org/resource/Patrick_Holland_(ice_hockey),Patrick Holland (ice hockey),1877
http://dbpedia.org/resource/Patrice_Tardif,Patrice Tardif,1811
http://dbpedia.org/resource/Dale_Purinton,Dale Purinton,2185
http://dbpedia.org/resource/Jim_Fox_(ice_hockey),Jim Fox (ice hockey),2097
http://dbpedia.org/resource/Alan_Haworth,Alan Haworth,1827
http://dbpedia.org/resource/Marty_Ruff,Marty Ruff,1813
http://dbpedia.org/resource/Brett_McLean,Brett McLean,1937
http://dbpedia.org/resource/Peter_Čerešňák,Peter Čerešňák,1978
http://dbpedia.org/resource/Kristiāns_Pelšs,Kristiāns Pelšs,2177
http://dbpedia.org/resource/Ondřej_Roman,Ondřej Roman,2187
http://dbpedia.org/resource/Ron_Barkwell,Ron Barkwell,1934
http://dbpedia.org/resource/Syl_Apps_Jr.,Syl Apps Jr.,2125
http://dbpedia.org/resource/Connor_Knapp,Connor Knapp,1919
http://dbpedia.org/resource/Mike_Comrie,Mike Comrie,1843
http://dbpedia.org/resource/Adrian_Foster,Adrian Foster,2045
http://dbpedia.org/resource/Lucas_Wallmark,Lucas Wallmark,2031
http://dbpedia.org/resource/Jonathan_Cheechoo,Jonathan Cheechoo,2044
http://dbpedia.org/resource/Jacques_Cossette,Jacques Cossette,1883
http://dbpedia.org/resource/Michal_Broš,Michal Broš,1957
http://dbpedia.org/resource/Ken_Strong_(ice_hockey),Ken Strong (ice hockey),1792
http://dbpedia.org/resource/Ilya_Gorokhov,Ilya Gorokhov,2017
http://dbpedia.org/resource/Daniel_Gunnarsson,Daniel Gunnarsson,2147
http://dbpedia.org/resource/Alexander_Khavanov,Alexander Khavanov,1931
http://dbpedia.org/resource/Mark_Santorelli,Mark Santorelli,2116
http://dbpedia.org/resource/Jim_Camazzola,Jim Camazzola,2020
http://dbpedia.org/resource/Mark_McNeill,Mark McNeill,2096
http://dbpedia.org/resource/Rob_Flick,Rob Flick,1964
http://dbpedia.org/resource/Brad_Moran_(ice_hockey),Brad Moran (ice hockey),1953
http://dbpedia.org/resource/Ryan_White_(ice_hockey),Ryan White (ice hockey),1875
http://dbpedia.org/resource/Bobby_Sheehan_(ice_hockey),Bobby Sheehan (ice hockey),2122
http://dbpedia.org/resource/Blake_Coleman,Blake Coleman,1832
http://dbpedia.org/resource/Neil_Smith_(ice_hockey),Neil Smith (ice hockey),2149
http://dbpedia.org/resource/Henrik_Lundqvist,Henrik Lundqvist,2140
http://dbpedia.org/resource/Filip_Ahl,Filip Ahl,2181
http://dbpedia.org/resource/Erik_Černák,Erik Černák,2123
http://dbpedia.org/resource/Drew_Bagnall,Drew Bagnall,2156
http://dbpedia.org/resource/Andrew_Sarauer,Andrew Sarauer,1836
http://dbpedia.org/resource/Marty_Wilford,Marty Wilford,2174
http://dbpedia.org/resource/Mark_Lawrence_(ice_hockey),Mark Lawrence (ice hockey),2041
http://dbpedia.org/resource/Kirk_Maltby,Kirk Maltby,1967
http://dbpedia.org/resource/Lyle_Odelein,Lyle Odelein,1943
http://dbpedia.org/resource/Theoren_Fleury,Theoren Fleury,1791
http://dbpedia.org/resource/Émile_Poirier,Émile Poirier,1992
http://dbpedia.org/resource/James_Livingston_(ice_hockey),James Livingston (ice hockey),2179
http://dbpedia.org/resource/Niklas_Lundström,Niklas Lundström,1853
http://dbpedia.org/resource/Darwin_McCutcheon,Darwin McCutcheon,1867
http://dbpedia.org/resource/Erik_Lewerström,Erik Lewerström,1980
http://dbpedia.org/resource/John_Emmons,John Emmons,2136
http://dbpedia.org/resource/Joe_Finley,Joe Finley,2068
http://dbpedia.org/resource/Ville_Hämäläinen,Ville Hämäläinen,1911
http://dbpedia.org/resource/Dante_Fabbro,Dante Fabbro,2096
http://dbpedia.org/resource/Ivan_Nalimov,Ivan Nalimov,2214
http://dbpedia.org/resource/Derek_Frenette,Derek Frenette,1801
http://dbpedia.org/resource/Stuart_Percy,Stuart Percy,2068
http://dbpedia.org/resource/Karel_Hromas,Karel Hromas,1943
http://dbpedia.org/resource/Mike_O'Connell,Mike O'Connell,2172
http://dbpedia.org/resource/Robert_Czarnik,Robert Czarnik,2113
http://dbpedia.org/resource/Casey_Fitzgerald_(ice_hockey),Casey Fitzgerald (ice hockey),1833
http://dbpedia.org/resource/Aaron_Ness,Aaron Ness,1933
http://dbpedia.org/resource/Colin_Hemingway,Colin Hemingway,1926
http://dbpedia.org/resource/Ben_Storey,Ben Storey,1857
http://dbpedia.org/resource/Kirill_Gotovets,Kirill Gotovets,2141
http://dbpedia.org/resource/Brad_Boyes,Brad Boyes,2190
http://dbpedia.org/resource/Bob_Bourne,Bob Bourne,1958
http://dbpedia.org/resource/Gord_Kluzak,Gord Kluzak,2180
http://dbpedia.org/resource/Valeri_Bure,Valeri Bure,2187
http://dbpedia.org/resource/Jarrett_Deuling,Jarrett Deuling,1978
http://dbpedia.org/resource/Magnus_Pääjärvi,Magnus Pääjärvi,1945
http://dbpedia.org/resource/Konstantin_Volkov_(ice_hockey),Konstantin Volkov (ice hockey),2025
http://dbpedia.org/resource/Larry_Robinson,Larry Robinson,2105
http://dbpedia.org/resource/Lauri_Tukonen,Lauri Tukonen,2129
http://dbpedia.org/resource/Phil_Kessel,Phil Kessel,1926
http://dbpedia.org/resource/Matt_Kinch,Matt Kinch,2093
http://dbpedia.org/resource/Corrie_D'Alessio,Corrie D'Alessio,2033
http://dbpedia.org/resource/Ryan_Callahan,Ryan Callahan,1841
http://dbpedia.org/resource/Brad_Malone,Brad Malone,2170
http://dbpedia.org/resource/Clayton_Pachal,Clayton Pachal,1941
http://dbpedia.org/resource/Corey_Perry,Corey Perry,1861
http://dbpedia.org/resource/David_Latta_(ice_hockey),David Latta (ice hockey),2041
http://dbpedia.org/resource/Sergei_Soin,Sergei Soin,1987
http://dbpedia.org/resource/Garnet_Exelby,Garnet Exelby,1957
http://dbpedia.org/resource/Mike_Wilson_(ice_hockey),Mike Wilson (ice hockey),1828
http://dbpedia.org/resource/Brett_Skinner,Brett Skinner,1816
http://dbpedia.org/resource/Jack_Roslovic,Jack Roslovic,2055
http://dbpedia.org/resource/Joakim_Nordström,Joakim Nordström,2069
http://dbpedia.org/resource/Dalton_Smith,Dalton Smith,1902
http://dbpedia.org/resource/Tomáš_Linhart,Tomáš Linhart,1991
http://dbpedia.org/resource/Frederik_Andersen,Frederik Andersen,1956
http://dbpedia.org/resource/Clark_Bishop,Clark Bishop,1930
http://dbpedia.org/resource/Simon_Hjalmarsson,Simon Hjalmarsson,1928
http://dbpedia.org/resource/Jeff_Serowik,Jeff Serowik,2014
http://dbpedia.org/resource/František_Mrázek_(ice_hockey),František Mrázek (ice hockey),2026
http://dbpedia.org/resource/Jean-François_Nault,Jean-François Nault,2154
http://dbpedia.org/resource/Joonas_Nättinen,Joonas Nättinen,1940
http://dbpedia.org/resource/Adrian_Kempe,Adrian Kempe,1974
http://dbpedia.org/resource/Mathew_Barzal,Mathew Barzal,1983
http://dbpedia.org/resource/Brian_Petrovek,Brian Petrovek,2123
http://dbpedia.org/resource/Gaétan_Duchesne,Gaétan Duchesne,2126
http://dbpedia.org/resource/David_Krejčí,David Krejčí,1903
http://dbpedia.org/resource/Yuri_Gunko,Yuri Gunko,2117
http://dbpedia.org/resource/Larry_Carriere,Larry Carriere,1937
http://dbpedia.org/resource/Chris_Ferraro,Chris Ferraro,2169
http://dbpedia.org/resource/Jacob_Larsson,Jacob Larsson,1937
http://dbpedia.org/resource/Darren_Veitch,Darren Veitch,2024
http://dbpedia.org/resource/Brett_Sonne,Brett Sonne,1847
http://dbpedia.org/resource/Viktor_Bobrov_(ice_hockey),Viktor Bobrov (ice hockey),1852
http://dbpedia.org/resource/Marek_Zagrapan,Marek Zagrapan,2194
http://dbpedia.org/resource/Nick_Schmaltz,Nick Schmaltz,2133
http://dbpedia.org/resource/Bert_Robertsson,Bert Robertsson,2181
http://dbpedia.org/resource/Ian_Herbers,Ian Herbers,1993
http://dbpedia.org/resource/Matt_Zultek,Matt Zultek,2096
http://dbpedia.org/resource/Glen_Irwin,Glen Irwin,1793
http://dbpedia.org/resource/Tomáš_Mojžíš,Tomáš Mojžíš,1947
http://dbpedia.org/resource/Brandon_Reid,Brandon Reid,2135
http://dbpedia.org/resource/Vyacheslav_Kozlov,Vyacheslav Kozlov,2164
http://dbpedia.org/resource/Adam_Comrie,Adam Comrie,1888
http://dbpedia.org/resource/Julien_Gauthier,Julien Gauthier,2048
http://dbpedia.org/resource/Anton_Rödin,Anton Rödin,2038
http://dbpedia.org/resource/Nathan_Dempsey,Nathan Dempsey,1917
http://dbpedia.org/resource/Viktor_Gordiuk,Viktor Gordiuk,1845
http://dbpedia.org/resource/Andrei_Troschinsky,Andrei Troschinsky,1917
http://dbpedia.org/resource/Andrei_Skopintsev,Andrei Skopintsev,2057
http://dbpedia.org/resource/Max_Jones_(ice_hockey),Max Jones (ice hockey),1884
http://dbpedia.org/resource/Chris_Biotti,Chris Biotti,1928
http://dbpedia.org/resource/Lane_MacDermid,Lane MacDermid,1977
http://dbpedia.org/resource/Luke_Sellars,Luke Sellars,1831
http://dbpedia.org/resource/Dov_Grumet-Morris,Dov Grumet-Morris,1905
http://dbpedia.org/resource/Chad_Kolarik,Chad Kolarik,1936
http://dbpedia.org/resource/Eric_O'Dell,Eric O'Dell,2038
http://dbpedia.org/resource/Craig_Hanmer,Craig Hanmer,1964
http://dbpedia.org/resource/Peter_Taglianetti,Peter Taglianetti,1801
http://dbpedia.org/resource/Ken_Dryden,Ken Dryden,1968
http://dbpedia.org/resource/Reg_Kerr,Reg Kerr,2084
http://dbpedia.org/resource/George_Parros,George Parros,2126
http://dbpedia.org/resource/Dmitri_Klevakin,Dmitri Klevakin,1926
http://dbpedia.org/resource/Nick_Boucher,Nick Boucher,2171
http://dbpedia.org/resource/Paul_Bissonnette,Paul Bissonnette,2108
http://dbpedia.org/resource/Tomáš_Sršeň,Tomáš Sršeň,2059
http://dbpedia.org/resource/Marc_Savard,Marc Savard,2059
http://dbpedia.org/resource/Jonathan_Iilahti,Jonathan Iilahti,2040
http://dbpedia.org/resource/Teemu_Laakso,Teemu Laakso,1994
http://dbpedia.org/resource/Chris_Bourque,Chris Bourque,1936
http://dbpedia.org/resource/Åge_Ellingsen,Åge Ellingsen,2113
http://dbpedia.org/resource/Brendan_Leipsic,Brendan Leipsic,2195
http://dbpedia.org/resource/Teemu_Sainomaa,Teemu Sainomaa,2073
http://dbpedia.org/resource/Kyle_Turris,Kyle Turris,1907
http://dbpedia.org/resource/Joe_Kowal,Joe Kowal,1951
http://dbpedia.org/resource/Teemu_Laine,Teemu Laine,1875
http://dbpedia.org/resource/Aleš_Píša,Aleš Píša,2054
http://dbpedia.org/resource/Sergei_Mylnikov,Sergei Mylnikov,1854
http://dbpedia.org/resource/Frans_Nielsen,Frans Nielsen,2170
http://dbpedia.org/resource/Nikita_Kucherov,Nikita Kucherov,2069
http://dbpedia.org/resource/Norm_LaPointe,Norm LaPointe,1991
http://dbpedia.org/resource/Michael_Garnett,Michael Garnett,1904
http://dbpedia.org/resource/Lucas_Carlsson,Lucas Carlsson,2051
http://dbpedia.org/resource/Tom_Cassidy,Tom Cassidy,1942
http://dbpedia.org/resource/Mike_Palmateer,Mike Palmateer,2096
http://dbpedia.org/resource/Steve_Patrick,Steve Patrick,2004
http://dbpedia.org/resource/Nevin_Markwart,Nevin Markwart,2110
http://dbpedia.org/resource/Daniel_Zaar,Daniel Zaar,1900
http://dbpedia.org/resource/Brad_Schell,Brad Schell,1857
http://dbpedia.org/resource/Bob_Currier,Bob Currier,1821
http://dbpedia.org/resource/Radim_Bičánek,Radim Bičánek,2035
http://dbpedia.org/resource/Pierre_Johnsson,Pierre Johnsson,1924
http://dbpedia.org/resource/Ladislav_Ščurko,Ladislav Ščurko,2019
http://dbpedia.org/resource/Curtis_McElhinney,Curtis McElhinney,1975
http://dbpedia.org/resource/Václav_Varaďa,Václav Varaďa,1896
http://dbpedia.org/resource/Dean_Chynoweth,Dean Chynoweth,1852
http://dbpedia.org/resource/Stéphane_Beauregard,Stéphane Beauregard,1959
http://dbpedia.org/resource/Michal_Rozsíval,Michal Rozsíval,2100
http://dbpedia.org/resource/Jeff_MacMillan,Jeff MacMillan,2113
http://dbpedia.org/resource/Christopher_Gibson,Christopher Gibson,2041
http://dbpedia.org/resource/Evan_McGrath,Evan McGrath,1987
http://dbpedia.org/resource/Paul_Boutilier,Paul Boutilier,1810
http://dbpedia.org/resource/Pierre_Giroux,Pierre Giroux,1784
http://dbpedia.org/resource/Colin_Chisholm_(ice_hockey),Colin Chisholm (ice hockey),1827
http://dbpedia.org/resource/Mike_Fisher_(ice_hockey),Mike Fisher (ice hockey),1918
http://dbpedia.org/resource/Carl_Gunnarsson,Carl Gunnarsson,2087
http://dbpedia.org/resource/Alexander_Hellström,Alexander Hellström,1932
http://dbpedia.org/resource/Marco_Scandella,Marco Scandella,2202
http://dbpedia.org/resource/Jay_Henderson,Jay Henderson,2066
http://dbpedia.org/resource/Wes_George,Wes George,2126
http://dbpedia.org/resource/Teemu_Pulkkinen,Teemu Pulkkinen,1892
http://dbpedia.org/resource/Sergei_Gaiduchenko,Sergei Gaiduchenko,2174
http://dbpedia.org/resource/Egor_Shastin,Egor Shastin,2060
http://dbpedia.org/resource/Patrik_Hersley,Patrik Hersley,1890
http://dbpedia.org/resource/Ryan_McDonagh,Ryan McDonagh,2193
http://dbpedia.org/resource/Robbie_Neale,Robbie Neale,1992
http://dbpedia.org/resource/Anders_Bäckström,Anders Bäckström,2106
http://dbpedia.org/resource/Chris_Tamer,Chris Tamer,1924
http://dbpedia.org/resource/Bengt-Åke_Gustafsson,Bengt-Åke Gustafsson,2143
http://dbpedia.org/resource/Alex_Goligoski,Alex Goligoski,1983
http://dbpedia.org/resource/Doug_Wickenheiser,Doug Wickenheiser,1885
http://dbpedia.org/resource/Tie_Domi,Tie Domi,2085
http://dbpedia.org/resource/Lance_Bouma,Lance Bouma,2092
http://dbpedia.org/resource/Pat_Conacher,Pat Conacher,2111
http://dbpedia.org/resource/Stefan_Matteau,Stefan Matteau,1832
http://dbpedia.org/resource/Jeff_Chychrun,Jeff Chychrun,2145
http://dbpedia.org/resource/Dylan_Hunter,Dylan Hunter,2000
http://dbpedia.org/resource/Jeff_Schultz,Jeff Schultz,1966
http://dbpedia.org/resource/Espen_Knutsen,Espen Knutsen,2150
http://dbpedia.org/resource/Peter_Hamerlík,Peter Hamerlík,2137
http://dbpedia.org/resource/Paul_Holmgren,Paul Holmgren,1946
http://dbpedia.org/resource/Andrey_Pedan,Andrey Pedan,2085
http://dbpedia.org/resource/Lasse_Pirjetä,Lasse Pirjetä,1878
http://dbpedia.org/resource/Peter_Folco,Peter Folco,1897
http://dbpedia.org/resource/Greg_Polis,Greg Polis,1940
http://dbpedia.org/resource/Ľubomír_Vaic,Ľubomír Vaic,2192
http://dbpedia.org/resource/Ray_Emery,Ray Emery,2137
http://dbpedia.org/resource/Alex_Friesen,Alex Friesen,2009
http://dbpedia.org/resource/Milan_Hnilička,Milan Hnilička,2039
"http://dbpedia.org/resource/Brent_Peterson_(ice_hockey,_born_1972)","Brent Peterson (ice hockey, born 1972)",1998
http://dbpedia.org/resource/Eric_Chouinard,Eric Chouinard,2080
http://dbpedia.org/resource/Julien_Sprunger,Julien Sprunger,2067
http://dbpedia.org/resource/Tim_Bozon,Tim Bozon,1898
http://dbpedia.org/resource/Dominik_Hašek,Dominik Hašek,2111
http://dbpedia.org/resource/Daniel_Tetrault,Daniel Tetrault,1985
http://dbpedia.org/resource/Ben_Hutton_(ice_hockey),Ben Hutton (ice hockey),2149
http://dbpedia.org/resource/Pelle_Prestberg,Pelle Prestberg,1820
"http://dbpedia.org/resource/Mike_Hoffman_(ice_hockey,_born_1989)","Mike Hoffman (ice hockey, born 1989)",1924
http://dbpedia.org/resource/Kent_McDonell,Kent McDonell,2072
http://dbpedia.org/resource/Martin_Marinčin,Martin Marinčin,1841
http://dbpedia.org/resource/Alexander_Dergachyov,Alexander Dergachyov,2208
http://dbpedia.org/resource/Craig_Billington,Craig Billington,1843
http://dbpedia.org/resource/Kai_Nurminen,Kai Nurminen,2113
http://dbpedia.org/resource/Todd_Ewen,Todd Ewen,1924
http://dbpedia.org/resource/Andrew_Cogliano,Andrew Cogliano,1858
http://dbpedia.org/resource/Tim_Kennedy_(ice_hockey),Tim Kennedy (ice hockey),1967
http://dbpedia.org/resource/Dick_Axelsson,Dick Axelsson,1841
http://dbpedia.org/resource/Jesse_Fibiger,Jesse Fibiger,2052
http://dbpedia.org/resource/Mikko_Haapakoski,Mikko Haapakoski,1808
http://dbpedia.org/resource/Leonid_Toropchenko,Leonid Toropchenko,2023
http://dbpedia.org/resource/Peter_Podhradský,Peter Podhradský,2019
http://dbpedia.org/resource/Scott_Parse,Scott Parse,1936
http://dbpedia.org/resource/Petteri_Wirtanen,Petteri Wirtanen,2176
http://dbpedia.org/resource/Jeff_Sullivan_(ice_hockey),Jeff Sullivan (ice hockey),1942
http://dbpedia.org/resource/Tom_Bissett,Tom Bissett,1811
http://dbpedia.org/resource/Kyle_Okposo,Kyle Okposo,1892
http://dbpedia.org/resource/Pär_Djoos,Pär Djoos,2022
http://dbpedia.org/resource/Jerry_Butler_(ice_hockey),Jerry Butler (ice hockey),2072
http://dbpedia.org/resource/Keith_Redmond,Keith Redmond,2075
http://dbpedia.org/resource/Mike_Modano,Mike Modano,1893
"http://dbpedia.org/resource/Tom_McCarthy_(ice_hockey,_born_1960)","Tom McCarthy (ice hockey, born 1960)",1839
http://dbpedia.org/resource/Andrew_Kozek,Andrew Kozek,1950
http://dbpedia.org/resource/Marcus_Krüger,Marcus Krüger,1971
http://dbpedia.org/resource/Patrice_Brisebois,Patrice Brisebois,1950
http://dbpedia.org/resource/Gregg_Johnson,Gregg Johnson,1944
http://dbpedia.org/resource/Ilkka_Pikkarainen,Ilkka Pikkarainen,1837
http://dbpedia.org/resource/Grant_Clitsome,Grant Clitsome,2194
http://dbpedia.org/resource/Kevin_Shattenkirk,Kevin Shattenkirk,2021
http://dbpedia.org/resource/Mark_Flood,Mark Flood,2024
http://dbpedia.org/resource/Grigory_Shafigulin,Grigory Shafigulin,2009
http://dbpedia.org/resource/Jouni_Rinne,Jouni Rinne,2077
http://dbpedia.org/resource/Derrick_Pouliot,Derrick Pouliot,2021
http://dbpedia.org/resource/Darcy_Robinson,Darcy Robinson,2018
http://dbpedia.org/resource/Tomas_Jonsson,Tomas Jonsson,2028
http://dbpedia.org/resource/Patrick_Cehlin,Patrick Cehlin,2003
http://dbpedia.org/resource/Valeri_Vasilyev,Valeri Vasilyev,1908
http://dbpedia.org/resource/Dylan_Olsen,Dylan Olsen,1944
http://dbpedia.org/resource/Kevin_Lalande,Kevin Lalande,1916
http://dbpedia.org/resource/Martin_Špaňhel,Martin Špaňhel,1889
http://dbpedia.org/resource/Tomáš_Plekanec,Tomáš Plekanec,1934
http://dbpedia.org/resource/Sylvain_Turgeon,Sylvain Turgeon,1999
http://dbpedia.org/resource/Darrel_Anholt,Darrel Anholt,1997
http://dbpedia.org/resource/Mike_Lee_(ice_hockey),Mike Lee (ice hockey),2162
http://dbpedia.org/resource/Robin_Figren,Robin Figren,2103
http://dbpedia.org/resource/Wade_Redden,Wade Redden,2147
http://dbpedia.org/resource/Andrew_Ference,Andrew Ference,1872
"http://dbpedia.org/resource/Claude_Larose_(ice_hockey,_born_1955)","Claude Larose (ice hockey, born 1955)",2134
http://dbpedia.org/resource/Tony_Amonte,Tony Amonte,1858
http://dbpedia.org/resource/Philippe_Furrer,Philippe Furrer,2153
http://dbpedia.org/resource/Scott_Wilson_(ice_hockey),Scott Wilson (ice hockey),2158
http://dbpedia.org/resource/Miroslav_Zálešák,Miroslav Zálešák,1881
http://dbpedia.org/resource/Patrick_DesRochers,Patrick DesRochers,1955
http://dbpedia.org/resource/Mark_Astley,Mark Astley,2099
http://dbpedia.org/resource/Andrej_Nedorost,Andrej Nedorost,2191
http://dbpedia.org/resource/Brian_Wiseman,Brian Wiseman,2107
http://dbpedia.org/resource/Bernie_Nicholls,Bernie Nicholls,2144
http://dbpedia.org/resource/Brian_McKenzie_(ice_hockey),Brian McKenzie (ice hockey),1936
http://dbpedia.org/resource/Tyler_Seguin,Tyler Seguin,1995
http://dbpedia.org/resource/Ben_Harpur,Ben Harpur,1975
http://dbpedia.org/resource/Václav_Nedorost,Václav Nedorost,2127
http://dbpedia.org/resource/Marc-Édouard_Vlasic,Marc-Édouard Vlasic,1981
http://dbpedia.org/resource/Brett_MacDonald,Brett MacDonald,1860
http://dbpedia.org/resource/Justin_Abdelkader,Justin Abdelkader,1871
http://dbpedia.org/resource/Bob_Attwell,Bob Attwell,1973
http://dbpedia.org/resource/Nazem_Kadri,Nazem Kadri,1962
http://dbpedia.org/resource/John_MacLean_(ice_hockey),John MacLean (ice hockey),2040
http://dbpedia.org/resource/Petteri_Nokelainen,Petteri Nokelainen,2047
http://dbpedia.org/resource/Mathieu_Roy,Mathieu Roy,2100
http://dbpedia.org/resource/Marián_Cisár,Marián Cisár,2189
http://dbpedia.org/resource/Andrej_Nestrašil,Andrej Nestrašil,1825
http://dbpedia.org/resource/Justin_Schultz,Justin Schultz,1948
http://dbpedia.org/resource/Paul_Kruse,Paul Kruse,2129
http://dbpedia.org/resource/Libor_Polášek,Libor Polášek,2096
http://dbpedia.org/resource/Sean_Day,Sean Day,1935
http://dbpedia.org/resource/Rick_Nash,Rick Nash,1957
http://dbpedia.org/resource/Jaromír_Jágr,Jaromír Jágr,1823
http://dbpedia.org/resource/Bob_Halkidis,Bob Halkidis,1822
http://dbpedia.org/resource/Luke_Schenn,Luke Schenn,1953
http://dbpedia.org/resource/Marek_Mazanec,Marek Mazanec,1916
http://dbpedia.org/resource/Chris_Heid,Chris Heid,1972
http://dbpedia.org/resource/Scott_Parker_(ice_hockey),Scott Parker (ice hockey),1799
http://dbpedia.org/resource/Denis_Patry,Denis Patry,2068
http://dbpedia.org/resource/Colin_Wilson_(ice_hockey),Colin Wilson (ice hockey),2061
http://dbpedia.org/resource/Patrick_Kane,Patrick Kane,2139
http://dbpedia.org/resource/Ossi_Väänänen,Ossi Väänänen,2052
"http://dbpedia.org/resource/Juraj_Mikuš_(ice_hockey,_born_1988)","Juraj Mikuš (ice hockey, born 1988)",1909
http://dbpedia.org/resource/Joel_Prpic,Joel Prpic,1998
http://dbpedia.org/resource/Moe_Mantha_Jr.,Moe Mantha Jr.,1793
http://dbpedia.org/resource/Theo_Ruth,Theo Ruth,2201
http://dbpedia.org/resource/Mike_Amodeo,Mike Amodeo,1958
http://dbpedia.org/resource/Andriy_Mikhnov,Andriy Mikhnov,1888
http://dbpedia.org/resource/Guillaume_Latendresse,Guillaume Latendresse,2086
http://dbpedia.org/resource/Ivan_Barbashev,Ivan Barbashev,1862
http://dbpedia.org/resource/Larry_Murphy_(ice_hockey),Larry Murphy (ice hockey),1922
http://dbpedia.org/resource/Derek_Morris_(ice_hockey),Derek Morris (ice hockey),1885
http://dbpedia.org/resource/Ari_Ahonen,Ari Ahonen,2184
http://dbpedia.org/resource/Ron_Smith_(ice_hockey),Ron Smith (ice hockey),1874
http://dbpedia.org/resource/Paul_Healey,Paul Healey,1906
http://dbpedia.org/resource/Nicolas_Blanchard,Nicolas Blanchard,2015
http://dbpedia.org/resource/Luboš_Rob,Luboš Rob,1970
http://dbpedia.org/resource/Gary_Doyle,Gary Doyle,1779
http://dbpedia.org/resource/Tyler_Bunz,Tyler Bunz,2134
http://dbpedia.org/resource/Alexander_Edler,Alexander Edler,2007
http://dbpedia.org/resource/Maxim_Kuznetsov,Maxim Kuznetsov,2139
http://dbpedia.org/resource/Peter_McNab,Peter McNab,1829
http://dbpedia.org/resource/Patrick_Côté_(ice_hockey),Patrick Côté (ice hockey),1997
http://dbpedia.org/resource/Roland_Cloutier,Roland Cloutier,1952
http://dbpedia.org/resource/Yevgeni_Tunik,Yevgeni Tunik,1882
http://dbpedia.org/resource/Juris_Štāls,Juris Štāls,2060
http://dbpedia.org/resource/Andy_Brickley,Andy Brickley,2157
http://dbpedia.org/resource/Peter_Helander,Peter Helander,2042
http://dbpedia.org/resource/Alexander_Chagodayev,Alexander Chagodayev,2069
http://dbpedia.org/resource/Philippe_Dupuis,Philippe Dupuis,1998
http://dbpedia.org/resource/Dmitry_Sinitsyn_(ice_hockey),Dmitry Sinitsyn (ice hockey),1942
http://dbpedia.org/resource/Rick_St._Croix,Rick St. Croix,1919
http://dbpedia.org/resource/Christian_Matte,Christian Matte,2116
http://dbpedia.org/resource/Jaroslav_Balaštík,Jaroslav Balaštík,1949
http://dbpedia.org/resource/Bob_Sauvé,Bob Sauvé,1864
http://dbpedia.org/resource/Gerry_Minor,Gerry Minor,1968
http://dbpedia.org/resource/Josh_Harding,Josh Harding,1921
http://dbpedia.org/resource/Reggie_Leach,Reggie Leach,1892
http://dbpedia.org/resource/Greg_Smyth,Greg Smyth,1886
http://dbpedia.org/resource/Dan_Fascinato,Dan Fascinato,2067
http://dbpedia.org/resource/Ray_Shero,Ray Shero,1984
http://dbpedia.org/resource/Ron_Delorme,Ron Delorme,2159
http://dbpedia.org/resource/Stefan_Meyer_(ice_hockey),Stefan Meyer (ice hockey),2139
http://dbpedia.org/resource/Ted_Bulley,Ted Bulley,2036
http://dbpedia.org/resource/Pavel_Datsyuk,Pavel Datsyuk,1899
http://dbpedia.org/resource/Don_McCulloch,Don McCulloch,2101
http://dbpedia.org/resource/Alex_Biega_(ice_hockey),Alex Biega (ice hockey),1944
http://dbpedia.org/resource/Dustin_Boyd,Dustin Boyd,2175
http://dbpedia.org/resource/Dave_Lumley,Dave Lumley,1944
http://dbpedia.org/resource/Michal_Neuvirth,Michal Neuvirth,1889
"http://dbpedia.org/resource/Sean_Collins_(ice_hockey_forward,_born_1983)","Sean Collins (ice hockey forward, born 1983)",2008
http://dbpedia.org/resource/Stu_Grimson,Stu Grimson,1969
http://dbpedia.org/resource/John_Sheridan_(ice_hockey),John Sheridan (ice hockey),2162
http://dbpedia.org/resource/Jonas_Höglund,Jonas Höglund,1909
http://dbpedia.org/resource/Michal_Macho,Michal Macho,2132
http://dbpedia.org/resource/Fred_Williams_(ice_hockey),Fred Williams (ice hockey),2046
http://dbpedia.org/resource/Brad_Miller_(ice_hockey),Brad Miller (ice hockey),2046
http://dbpedia.org/resource/Grégory_Hofmann,Grégory Hofmann,2178
http://dbpedia.org/resource/Guy_Hebert,Guy Hebert,1900
http://dbpedia.org/resource/Brayden_McNabb,Brayden McNabb,2173
http://dbpedia.org/resource/Nichlas_Torp,Nichlas Torp,2153
http://dbpedia.org/resource/Jim_Cummins_(ice_hockey),Jim Cummins (ice hockey),2099
http://dbpedia.org/resource/Rob_Gaudreau,Rob Gaudreau,2020
http://dbpedia.org/resource/Ben_Knopp,Ben Knopp,2183
http://dbpedia.org/resource/Teppo_Numminen,Teppo Numminen,1837
http://dbpedia.org/resource/Ralph_Hopiavuori,Ralph Hopiavuori,2138
http://dbpedia.org/resource/Francis_Perron,Francis Perron,2134
http://dbpedia.org/resource/Luděk_Čajka,Luděk Čajka,1967
http://dbpedia.org/resource/Floyd_Lahache,Floyd Lahache,1910
http://dbpedia.org/resource/Mikael_Samuelsson,Mikael Samuelsson,1847
http://dbpedia.org/resource/Blake_Pietila,Blake Pietila,1879
http://dbpedia.org/resource/Jeff_Parker_(ice_hockey),Jeff Parker (ice hockey),2152
http://dbpedia.org/resource/Pierre_Mondou,Pierre Mondou,1939
http://dbpedia.org/resource/Malcolm_Subban,Malcolm Subban,2042
http://dbpedia.org/resource/Chris_Hajt,Chris Hajt,2143
http://dbpedia.org/resource/Pete_Peeters,Pete Peeters,2139
http://dbpedia.org/resource/Radek_Dvořák,Radek Dvořák,2017
http://dbpedia.org/resource/Anton_Forsberg,Anton Forsberg,1875
"http://dbpedia.org/resource/Nick_Johnson_(ice_hockey,_born_1985)","Nick Johnson (ice hockey, born 1985)",2148
http://dbpedia.org/resource/Keaton_Ellerby,Keaton Ellerby,2023
http://dbpedia.org/resource/Michel_Petit,Michel Petit,2166
http://dbpedia.org/resource/Aaron_Miller,Aaron Miller,2146
http://dbpedia.org/resource/Anton_Volchenkov,Anton Volchenkov,2155
http://dbpedia.org/resource/Paul_Martin_(ice_hockey),Paul Martin (ice hockey),2168
http://dbpedia.org/resource/Thomas_Sjögren,Thomas Sjögren,1813
http://dbpedia.org/resource/Yannick_Veilleux,Yannick Veilleux,2183
http://dbpedia.org/resource/Tomi_Hirvonen,Tomi Hirvonen,1819
http://dbpedia.org/resource/Serhiy_Klymentiev,Serhiy Klymentiev,1992
http://dbpedia.org/resource/Oscar_Dansk,Oscar Dansk,1867
http://dbpedia.org/resource/Keith_Primeau,Keith Primeau,1907
http://dbpedia.org/resource/Darcy_Martini,Darcy Martini,1792
http://dbpedia.org/resource/Nick_Schultz,Nick Schultz,2008
http://dbpedia.org/resource/Michel_Deziel,Michel Deziel,2132
http://dbpedia.org/resource/Samu_Isosalo,Samu Isosalo,1815
http://dbpedia.org/resource/Michel_Picard_(ice_hockey),Michel Picard (ice hockey),2001
http://dbpedia.org/resource/Pär_Edlund,Pär Edlund,1851
http://dbpedia.org/resource/Bill_Guerin,Bill Guerin,1901
http://dbpedia.org/resource/Bruce_Boudreau,Bruce Boudreau,1976
http://dbpedia.org/resource/Steve_Shutt,Steve Shutt,2078
http://dbpedia.org/resource/Julius_Vähätalo,Julius Vähätalo,2001
http://dbpedia.org/resource/Mike_Sillinger,Mike Sillinger,1820
http://dbpedia.org/resource/Ryan_Whitney,Ryan Whitney,2145
http://dbpedia.org/resource/Rick_Ley,Rick Ley,1910
http://dbpedia.org/resource/Alan_Globensky,Alan Globensky,2041
http://dbpedia.org/resource/Paul_O'Neil,Paul O'Neil,2165
http://dbpedia.org/resource/Steve_Payne_(ice_hockey),Steve Payne (ice hockey),1786
http://dbpedia.org/resource/Michal_Jordán,Michal Jordán,2074
http://dbpedia.org/resource/Milan_Tichý,Milan Tichý,1881
http://dbpedia.org/resource/Dan_Keczmer,Dan Keczmer,2105
http://dbpedia.org/resource/Ryan_Mulhern,Ryan Mulhern,2065
http://dbpedia.org/resource/Mikael_Backlund,Mikael Backlund,2184
http://dbpedia.org/resource/Dave_Syvret,Dave Syvret,1805
http://dbpedia.org/resource/Jussi_Jokinen,Jussi Jokinen,2174
http://dbpedia.org/resource/T._J._Brennan,T. J. Brennan,1854
http://dbpedia.org/resource/Daniel_Winnik,Daniel Winnik,2119
http://dbpedia.org/resource/Lars-Gunnar_Pettersson,Lars-Gunnar Pettersson,1816
http://dbpedia.org/resource/Jacob_de_la_Rose,Jacob de la Rose,1941
http://dbpedia.org/resource/Mike_Muller,Mike Muller,2133
http://dbpedia.org/resource/John_Kordic,John Kordic,1935
http://dbpedia.org/resource/Evgeny_Shaldybin,Evgeny Shaldybin,1840
http://dbpedia.org/resource/Matthew_Barnaby,Matthew Barnaby,2067
http://dbpedia.org/resource/Don_Edwards_(ice_hockey),Don Edwards (ice hockey),1975
http://dbpedia.org/resource/Kyle_Calder,Kyle Calder,1960
http://dbpedia.org/resource/Radovan_Somík,Radovan Somík,1961
http://dbpedia.org/resource/Andrew_Murray_(ice_hockey),Andrew Murray (ice hockey),1808
http://dbpedia.org/resource/Marcus_Högberg,Marcus Högberg,2068
http://dbpedia.org/resource/Arto_Blomsten,Arto Blomsten,1987
http://dbpedia.org/resource/Robert_Nilsson,Robert Nilsson,1897
http://dbpedia.org/resource/Justin_Shugg,Justin Shugg,1995
http://dbpedia.org/resource/Ben_Guité,Ben Guité,2153
http://dbpedia.org/resource/Colin_Beardsmore,Colin Beardsmore,1814
http://dbpedia.org/resource/Marty_Dallman,Marty Dallman,1901
http://dbpedia.org/resource/Derrick_Smith_(ice_hockey),Derrick Smith (ice hockey),1991
http://dbpedia.org/resource/Tyler_Bouck,Tyler Bouck,1988
http://dbpedia.org/resource/Erik_Karlsson,Erik Karlsson,2075
http://dbpedia.org/resource/Rocco_Grimaldi,Rocco Grimaldi,1940
http://dbpedia.org/resource/Dan_Chicoine,Dan Chicoine,2114
http://dbpedia.org/resource/Kari_Lehtonen,Kari Lehtonen,2043
http://dbpedia.org/resource/Jonathan_Hedström,Jonathan Hedström,1993
http://dbpedia.org/resource/Kim_Johnsson,Kim Johnsson,1855
http://dbpedia.org/resource/Alex_McKendry,Alex McKendry,2090
http://dbpedia.org/resource/Jeremy_Duchesne,Jeremy Duchesne,1974
http://dbpedia.org/resource/Corey_Millen,Corey Millen,1880
http://dbpedia.org/resource/Cliff_Loya,Cliff Loya,2177
http://dbpedia.org/resource/Nick_Petrecki,Nick Petrecki,1838
http://dbpedia.org/resource/Alfie_Turcotte,Alfie Turcotte,2120
http://dbpedia.org/resource/Ed_Dyck,Ed Dyck,1857
http://dbpedia.org/resource/Ryan_Russell,Ryan Russell,2090
http://dbpedia.org/resource/John_Paddock,John Paddock,1892
http://dbpedia.org/resource/Ivan_Baranka,Ivan Baranka,1999
http://dbpedia.org/resource/Jason_Woolley,Jason Woolley,1891
http://dbpedia.org/resource/Lukáš_Krajíček,Lukáš Krajíček,2142
http://dbpedia.org/resource/Jarred_Tinordi,Jarred Tinordi,2061
http://dbpedia.org/resource/Jari_Viuhkola,Jari Viuhkola,2141
http://dbpedia.org/resource/Cap_Raeder,Cap Raeder,1779
http://dbpedia.org/resource/Zac_Rinaldo,Zac Rinaldo,2073
http://dbpedia.org/resource/Ed_Kastelic,Ed Kastelic,1824
http://dbpedia.org/resource/Jason_York,Jason York,1967
http://dbpedia.org/resource/Michael_Zigomanis,Michael Zigomanis,2135
http://dbpedia.org/resource/Tomáš_Harant,Tomáš Harant,2031
http://dbpedia.org/resource/Martin_Hosták,Martin Hosták,1966
http://dbpedia.org/resource/Alain_Raymond,Alain Raymond,2073
http://dbpedia.org/resource/Mike_Eagles,Mike Eagles,2031
http://dbpedia.org/resource/Ilkka_Mikkola,Ilkka Mikkola,1900
http://dbpedia.org/resource/Greg_Joly,Greg Joly,2062
http://dbpedia.org/resource/Peter_Worrell,Peter Worrell,1819
http://dbpedia.org/resource/Philippe_Paradis,Philippe Paradis,1964
http://dbpedia.org/resource/Luke_Moffatt,Luke Moffatt,2014
http://dbpedia.org/resource/Kirill_Safronov,Kirill Safronov,2043
http://dbpedia.org/resource/Jean-Sébastien_Bérubé,Jean-Sébastien Bérubé,1863
http://dbpedia.org/resource/Bill_Gardner_(ice_hockey),Bill Gardner (ice hockey),2152
http://dbpedia.org/resource/Jean_Savard,Jean Savard,1938
http://dbpedia.org/resource/TJ_Galiardi,TJ Galiardi,1882
http://dbpedia.org/resource/Ryan_Suter,Ryan Suter,2167
http://dbpedia.org/resource/Maxim_Orlov,Maxim Orlov,1909
http://dbpedia.org/resource/Keith_Seabrook,Keith Seabrook,2047
http://dbpedia.org/resource/Adam_Burt,Adam Burt,1883
http://dbpedia.org/resource/Brent_Sutter,Brent Sutter,2172
http://dbpedia.org/resource/Carl_Grahn,Carl Grahn,1980
"http://dbpedia.org/resource/Daniel_Johansson_(ice_hockey,_born_1981)","Daniel Johansson (ice hockey, born 1981)",2071
http://dbpedia.org/resource/Scott_Daniels_(ice_hockey),Scott Daniels (ice hockey),1865
http://dbpedia.org/resource/Sandis_Ozoliņš,Sandis Ozoliņš,1804
http://dbpedia.org/resource/Willie_Huber,Willie Huber,2042
http://dbpedia.org/resource/Jude_Drouin,Jude Drouin,1859
http://dbpedia.org/resource/Janne_Jokila,Janne Jokila,2061
http://dbpedia.org/resource/Alexei_Glukhov,Alexei Glukhov,1993
http://dbpedia.org/resource/Victor_Posa,Victor Posa,1897
http://dbpedia.org/resource/Paul_McIntosh,Paul McIntosh,1911
http://dbpedia.org/resource/Teemu_Lassila,Teemu Lassila,1962
http://dbpedia.org/resource/Dmitri_Pestunov,Dmitri Pestunov,2091
http://dbpedia.org/resource/Rich_Chernomaz,Rich Chernomaz,2067
http://dbpedia.org/resource/Matt_Pettinger,Matt Pettinger,1918
http://dbpedia.org/resource/Roope_Hintz,Roope Hintz,1935
http://dbpedia.org/resource/Pierre_Bouchard,Pierre Bouchard,1845
http://dbpedia.org/resource/Mike_Kitchen,Mike Kitchen,1812
http://dbpedia.org/resource/Timo_Pärssinen,Timo Pärssinen,1919
http://dbpedia.org/resource/Robyn_Regehr,Robyn Regehr,2191
http://dbpedia.org/resource/Peter_Åslin,Peter Åslin,1969
http://dbpedia.org/resource/John_Persson,John Persson,1984
http://dbpedia.org/resource/Allain_Roy,Allain Roy,1926
http://dbpedia.org/resource/Darren_Haydar,Darren Haydar,2099
http://dbpedia.org/resource/Brian_Noonan,Brian Noonan,2000
http://dbpedia.org/resource/Clarke_Wilm,Clarke Wilm,1979
http://dbpedia.org/resource/Martin_Podlešák,Martin Podlešák,2046
http://dbpedia.org/resource/Kirk_Tomlinson,Kirk Tomlinson,1833
http://dbpedia.org/resource/Al_Iafrate,Al Iafrate,1969
http://dbpedia.org/resource/Danny_O'Regan,Danny O'Regan,1994
http://dbpedia.org/resource/Zemgus_Girgensons,Zemgus Girgensons,1829
http://dbpedia.org/resource/Bill_Laing,Bill Laing,1799
http://dbpedia.org/resource/Adam_Burish,Adam Burish,1971
http://dbpedia.org/resource/Bryan_Little,Bryan Little,1875
http://dbpedia.org/resource/Miro_Aaltonen,Miro Aaltonen,2150
http://dbpedia.org/resource/Per_Svartvadet,Per Svartvadet,1863
http://dbpedia.org/resource/Drew_Bannister,Drew Bannister,1934
http://dbpedia.org/resource/Artyom_Kryukov,Artyom Kryukov,2074
http://dbpedia.org/resource/Anton_Babchuk,Anton Babchuk,1813
http://dbpedia.org/resource/Oskar_Sundqvist,Oskar Sundqvist,2091
http://dbpedia.org/resource/John_Druce,John Druce,1898
http://dbpedia.org/resource/D._J._Smith_(ice_hockey),D. J. Smith (ice hockey),2132
http://dbpedia.org/resource/Tom_Sestito,Tom Sestito,1919
http://dbpedia.org/resource/Calvin_Pickard,Calvin Pickard,2187
http://dbpedia.org/resource/Shean_Donovan,Shean Donovan,1807
http://dbpedia.org/resource/Jan-Mikael_Juutilainen,Jan-Mikael Juutilainen,1830
http://dbpedia.org/resource/John_Byce,John Byce,2149
http://dbpedia.org/resource/Johan_Motin,Johan Motin,1901
http://dbpedia.org/resource/Connor_Ingram,Connor Ingram,1824
http://dbpedia.org/resource/Linus_Söderström,Linus Söderström,1826
http://dbpedia.org/resource/J._T._Compher,J. T. Compher,2109
http://dbpedia.org/resource/Dave_Manson,Dave Manson,2088
http://dbpedia.org/resource/Greg_Kuznik,Greg Kuznik,2033
http://dbpedia.org/resource/Robin_Kovář,Robin Kovář,2065
http://dbpedia.org/resource/Yuri_Babenko,Yuri Babenko,1842
http://dbpedia.org/resource/John_Van_Boxmeer,John Van Boxmeer,1828
http://dbpedia.org/resource/Rick_Pagnutti,Rick Pagnutti,1882
http://dbpedia.org/resource/Tim_Erixon,Tim Erixon,2000
http://dbpedia.org/resource/Warren_Holmes,Warren Holmes,2116
http://dbpedia.org/resource/Tomáš_Škvaridlo,Tomáš Škvaridlo,1893
http://dbpedia.org/resource/Murray_Bannerman,Murray Bannerman,2115
http://dbpedia.org/resource/Petter_Hansson_(ice_hockey),Petter Hansson (ice hockey),1900
http://dbpedia.org/resource/Austin_Smith_(ice_hockey),Austin Smith (ice hockey),1885
http://dbpedia.org/resource/Yvon_Vautour,Yvon Vautour,2128
http://dbpedia.org/resource/David_Printz,David Printz,2016
http://dbpedia.org/resource/Dominik_Uher,Dominik Uher,2072
http://dbpedia.org/resource/Nicklas_Jensen,Nicklas Jensen,2118
http://dbpedia.org/resource/Dan_Woodley,Dan Woodley,2049
http://dbpedia.org/resource/Peter_Ölvecký,Peter Ölvecký,2117
http://dbpedia.org/resource/Stefan_Bergkvist,Stefan Bergkvist,1956
http://dbpedia.org/resource/Daniel_Widing,Daniel Widing,2045
http://dbpedia.org/resource/Joe_Dziedzic,Joe Dziedzic,1927
http://dbpedia.org/resource/Eero_Elo,Eero Elo,1911
http://dbpedia.org/resource/Scott_Wedgewood,Scott Wedgewood,2072
http://dbpedia.org/resource/Ryan_Pulock,Ryan Pulock,2131
http://dbpedia.org/resource/Grigorijs_Panteļejevs,Grigorijs Panteļejevs,2054
http://dbpedia.org/resource/Mark_Moore_(ice_hockey),Mark Moore (ice hockey),1920
http://dbpedia.org/resource/Jim_Malone_(ice_hockey),Jim Malone (ice hockey),1854
http://dbpedia.org/resource/Brian_Dobbin,Brian Dobbin,1863
http://dbpedia.org/resource/Paul_Woods,Paul Woods,2049
http://dbpedia.org/resource/Rick_Chartraw,Rick Chartraw,2007
http://dbpedia.org/resource/Jayson_More,Jayson More,1991
http://dbpedia.org/resource/Hannu_Virta,Hannu Virta,1915
http://dbpedia.org/resource/Craig_Laughlin,Craig Laughlin,1853
http://dbpedia.org/resource/Magnus_Hellberg,Magnus Hellberg,1936
http://dbpedia.org/resource/Maxim_Rybin,Maxim Rybin,1932
http://dbpedia.org/resource/Patrick_Lalime,Patrick Lalime,2155
http://dbpedia.org/resource/Tim_Bergland,Tim Bergland,1944
http://dbpedia.org/resource/Vyacheslav_Butsayev,Vyacheslav Butsayev,1846
http://dbpedia.org/resource/Dick_Tärnström,Dick Tärnström,1992
http://dbpedia.org/resource/Wacey_Rabbit,Wacey Rabbit,2134
"http://dbpedia.org/resource/Bill_Armstrong_(ice_hockey,_born_1970)","Bill Armstrong (ice hockey, born 1970)",1794
"http://dbpedia.org/resource/Neil_Komadoski_(ice_hockey,_born_1951)","Neil Komadoski (ice hockey, born 1951)",1968
http://dbpedia.org/resource/Max_McCormick,Max McCormick,1922
http://dbpedia.org/resource/Chris_Terreri,Chris Terreri,2151
http://dbpedia.org/resource/Zach_Trotman,Zach Trotman,2081
http://dbpedia.org/resource/Harry_Young_(ice_hockey),Harry Young (ice hockey),2196
http://dbpedia.org/resource/Travis_Dermott,Travis Dermott,2079
http://dbpedia.org/resource/Réjean_Houle,Réjean Houle,1881
http://dbpedia.org/resource/Julien_Vauclair,Julien Vauclair,2002
http://dbpedia.org/resource/Kris_Letang,Kris Letang,2185
http://dbpedia.org/resource/Yves_Courteau,Yves Courteau,1792
http://dbpedia.org/resource/Patrick_Dwyer_(ice_hockey),Patrick Dwyer (ice hockey),2166
http://dbpedia.org/resource/Pauli_Levokari,Pauli Levokari,2055
http://dbpedia.org/resource/Griffin_Reinhart,Griffin Reinhart,1995
http://dbpedia.org/resource/Earl_Cronan,Earl Cronan,1846
http://dbpedia.org/resource/Chris_Kreider,Chris Kreider,2004
http://dbpedia.org/resource/Terry_Murray,Terry Murray,1797
http://dbpedia.org/resource/Ed_Hospodar,Ed Hospodar,2117
http://dbpedia.org/resource/Brent_Gauvreau,Brent Gauvreau,2003
http://dbpedia.org/resource/Jan_Hrdina,Jan Hrdina,1945
