http://dbpedia.org/ontology/WinterSportPlayer,WinterSportPlayer,http://dbpedia.org/ontology/activeYearsStartYear
http://dbpedia.org/resource/Ryan_Donovan,Ryan Donovan,2011
http://dbpedia.org/resource/Chris_Durno,Chris Durno,2003
http://dbpedia.org/resource/Mika_Norja,Mika Norja,2005
http://dbpedia.org/resource/Fredrik_Modin,Fredrik Modin,1991
http://dbpedia.org/resource/Martin_Plüss,Martin Plüss,1994
http://dbpedia.org/resource/Pavel_Patera,Pavel Patera,1990
http://dbpedia.org/resource/Kent_Huskins,Kent Huskins,2001
http://dbpedia.org/resource/Maxim_Trunev,Maxim Trunev,2008
http://dbpedia.org/resource/Luke_Curtin,Luke Curtin,1998
http://dbpedia.org/resource/Curtis_Murphy,Curtis Murphy,1998
http://dbpedia.org/resource/Bob_Mongrain,Bob Mongrain,1979
http://dbpedia.org/resource/J._D._Forrest,J. D. Forrest,2004
"http://dbpedia.org/resource/Dave_Reid_(ice_hockey,_born_1964)","Dave Reid (ice hockey, born 1964)",1984
http://dbpedia.org/resource/Clement_Piché,Clement Piché,1914
http://dbpedia.org/resource/Oleg_Antonenko,Oleg Antonenko,1988
http://dbpedia.org/resource/Vic_Teal,Vic Teal,1969
http://dbpedia.org/resource/John_McCarthy_(ice_hockey),John McCarthy (ice hockey),2009
http://dbpedia.org/resource/Matt_Keetley,Matt Keetley,2007
http://dbpedia.org/resource/Andrei_Markov_(ice_hockey),Andrei Markov (ice hockey),1995
http://dbpedia.org/resource/Lyle_Phair,Lyle Phair,1985
http://dbpedia.org/resource/Jonathan_Weaver_(ice_hockey),Jonathan Weaver (ice hockey),1992
http://dbpedia.org/resource/Ken_Klee,Ken Klee,1992
http://dbpedia.org/resource/Victor_Ekarv,Victor Ekarv,2013
http://dbpedia.org/resource/Mike_Nykoluk,Mike Nykoluk,1956
http://dbpedia.org/resource/Ari_Ahonen,Ari Ahonen,1998
"http://dbpedia.org/resource/Aleksi_Mäkelä_(ice_hockey,_born_1995)","Aleksi Mäkelä (ice hockey, born 1995)",2013
http://dbpedia.org/resource/Thibaut_Monnet,Thibaut Monnet,1997
http://dbpedia.org/resource/David_Engblom,David Engblom,1995
http://dbpedia.org/resource/Bill_Huard,Bill Huard,1988
http://dbpedia.org/resource/Jindřich_Barák,Jindřich Barák,2010
http://dbpedia.org/resource/Ville-Valtteri_Leskinen,Ville-Valtteri Leskinen,2013
http://dbpedia.org/resource/Ross_Lonsberry,Ross Lonsberry,1966
http://dbpedia.org/resource/Shawn_Hunwick,Shawn Hunwick,2012
http://dbpedia.org/resource/Gary_Laskoski,Gary Laskoski,1982
http://dbpedia.org/resource/Ryan_Cruthers,Ryan Cruthers,2008
http://dbpedia.org/resource/Patrick_Cullity,Patrick Cullity,2010
http://dbpedia.org/resource/Cully_Dahlstrom,Cully Dahlstrom,1937
http://dbpedia.org/resource/Jan_Kovář,Jan Kovář,2008
http://dbpedia.org/resource/Warren_Luhning,Warren Luhning,1997
http://dbpedia.org/resource/Mathieu_Roy,Mathieu Roy,2003
http://dbpedia.org/resource/Ronald_Amess,Ronald Amess,1950
http://dbpedia.org/resource/Allan_Bester,Allan Bester,1983
http://dbpedia.org/resource/Teemu_Hartikainen,Teemu Hartikainen,2008
http://dbpedia.org/resource/Tommi_Juntunen,Tommi Juntunen,2012
http://dbpedia.org/resource/Harry_Bell_(ice_hockey),Harry Bell (ice hockey),1944
http://dbpedia.org/resource/David_Kämpf,David Kämpf,2012
http://dbpedia.org/resource/Alexei_Smirnov_(ice_hockey),Alexei Smirnov (ice hockey),1999
http://dbpedia.org/resource/Ryan_Nugent-Hopkins,Ryan Nugent-Hopkins,2011
http://dbpedia.org/resource/Bryan_Adams_(ice_hockey),Bryan Adams (ice hockey),1999
http://dbpedia.org/resource/Maxime_Moisand,Maxime Moisand,2008
http://dbpedia.org/resource/André_Binette,André Binette,1953
http://dbpedia.org/resource/Mikko_Salmio,Mikko Salmio,2012
http://dbpedia.org/resource/Iveta_Karafiátová,Iveta Karafiátová,2009
http://dbpedia.org/resource/Vyacheslav_Andryushchenko,Vyacheslav Andryushchenko,2008
http://dbpedia.org/resource/Cengiz_Akyıldız,Cengiz Akyıldız,1997
http://dbpedia.org/resource/Pat_Hickey,Pat Hickey,1973
http://dbpedia.org/resource/Daniel_Brière,Daniel Brière,1997
http://dbpedia.org/resource/Joey_Crabb,Joey Crabb,2006
http://dbpedia.org/resource/Tim_Wallace,Tim Wallace,2006
http://dbpedia.org/resource/Paul_Guay,Paul Guay,1984
http://dbpedia.org/resource/Cody_McLeod,Cody McLeod,2005
http://dbpedia.org/resource/Roy_McGiffin,Roy McGiffin,1907
http://dbpedia.org/resource/Mike_Torchia,Mike Torchia,1992
http://dbpedia.org/resource/Malte_Strömwall,Malte Strömwall,2013
http://dbpedia.org/resource/Toni_Koivisto,Toni Koivisto,1999
http://dbpedia.org/resource/Andrei_Plekhanov,Andrei Plekhanov,2004
http://dbpedia.org/resource/Jeremy_Morin,Jeremy Morin,2010
http://dbpedia.org/resource/Brad_Schell,Brad Schell,2004
http://dbpedia.org/resource/Sean_O'Donnell,Sean O'Donnell,1991
http://dbpedia.org/resource/Barney_Holden,Barney Holden,1904
"http://dbpedia.org/resource/Terry_Ryan_(ice_hockey,_born_1952)","Terry Ryan (ice hockey, born 1952)",1972
http://dbpedia.org/resource/Denis_Barantsev,Denis Barantsev,2009
http://dbpedia.org/resource/Adam_Krug,Adam Krug,2009
http://dbpedia.org/resource/Fred_Berry_(ice_hockey),Fred Berry (ice hockey),1976
http://dbpedia.org/resource/Pat_Murray_(ice_hockey),Pat Murray (ice hockey),1990
"http://dbpedia.org/resource/Maxim_Osipov_(ice_hockey,_born_1993)","Maxim Osipov (ice hockey, born 1993)",2011
http://dbpedia.org/resource/Bill_Lesuk,Bill Lesuk,1967
http://dbpedia.org/resource/Juho_Keränen,Juho Keränen,2005
http://dbpedia.org/resource/Wayne_Hillman,Wayne Hillman,1957
http://dbpedia.org/resource/Alex_D'jamirze,Alex D'jamirze,2004
http://dbpedia.org/resource/Steve_Jensen,Steve Jensen,1975
http://dbpedia.org/resource/Pierre_Mondou,Pierre Mondou,1975
http://dbpedia.org/resource/Doug_Berry_(ice_hockey),Doug Berry (ice hockey),1978
http://dbpedia.org/resource/Federico_Lardi,Federico Lardi,2004
http://dbpedia.org/resource/František_Pospíšil,František Pospíšil,1966
http://dbpedia.org/resource/Dion_Phaneuf,Dion Phaneuf,2005
http://dbpedia.org/resource/Ivan_Hlinka,Ivan Hlinka,1966
http://dbpedia.org/resource/Ryan_Maki,Ryan Maki,2007
http://dbpedia.org/resource/Rob_Zepp,Rob Zepp,2001
http://dbpedia.org/resource/Pete_Laframboise,Pete Laframboise,1966
http://dbpedia.org/resource/Alexander_Romanovsky_(ice_hockey),Alexander Romanovsky (ice hockey),2005
http://dbpedia.org/resource/Ron_Lyons,Ron Lyons,1929
http://dbpedia.org/resource/Jamie_MacQueen,Jamie MacQueen,2012
http://dbpedia.org/resource/Danny_Lecours,Danny Lecours,1977
http://dbpedia.org/resource/Dan_Shermerhorn,Dan Shermerhorn,1997
http://dbpedia.org/resource/Mike_Amodeo,Mike Amodeo,1972
http://dbpedia.org/resource/Nolan_Baumgartner,Nolan Baumgartner,1996
http://dbpedia.org/resource/Robert_Czarnik,Robert Czarnik,2011
http://dbpedia.org/resource/Jeremy_Adduono,Jeremy Adduono,1999
http://dbpedia.org/resource/Allen_Pedersen,Allen Pedersen,1985
http://dbpedia.org/resource/Cummy_Burton,Cummy Burton,1956
http://dbpedia.org/resource/Triston_Grant,Triston Grant,2005
http://dbpedia.org/resource/Boone_Jenner,Boone Jenner,2012
http://dbpedia.org/resource/Scott_Scissons,Scott Scissons,1991
http://dbpedia.org/resource/Bo_Horvat,Bo Horvat,2014
http://dbpedia.org/resource/Sergei_Vikulov,Sergei Vikulov,1977
"http://dbpedia.org/resource/Jack_Adams_(ice_hockey,_born_1920)","Jack Adams (ice hockey, born 1920)",1938
http://dbpedia.org/resource/Martin_Lundberg,Martin Lundberg,2007
http://dbpedia.org/resource/Josh_Green_(ice_hockey),Josh Green (ice hockey),1997
http://dbpedia.org/resource/Randy_Jones_(ice_hockey),Randy Jones (ice hockey),2003
http://dbpedia.org/resource/Nigel_Dawes,Nigel Dawes,2004
http://dbpedia.org/resource/Craig_Anderson_(ice_hockey),Craig Anderson (ice hockey),2001
http://dbpedia.org/resource/Adam_McKenzie,Adam McKenzie,2014
http://dbpedia.org/resource/Chase_Watson,Chase Watson,2007
http://dbpedia.org/resource/Reg_Bentley,Reg Bentley,1931
http://dbpedia.org/resource/Jack_McVicar,Jack McVicar,1926
http://dbpedia.org/resource/Shuhei_Kuji,Shuhei Kuji,2010
http://dbpedia.org/resource/Leo_Gudas,Leo Gudas,1988
http://dbpedia.org/resource/Lukáš_Radil,Lukáš Radil,2008
http://dbpedia.org/resource/Igor_Korolev,Igor Korolev,1988
http://dbpedia.org/resource/Bill_Adams_(ice_hockey),Bill Adams (ice hockey),1913
http://dbpedia.org/resource/Bill_Masterton,Bill Masterton,1961
http://dbpedia.org/resource/Jeff_Caister,Jeff Caister,2010
http://dbpedia.org/resource/Pär_Mikaelsson,Pär Mikaelsson,1989
http://dbpedia.org/resource/Alexander_Medvedev_(ice_hockey),Alexander Medvedev (ice hockey),1997
http://dbpedia.org/resource/Fred_Barrett_(ice_hockey),Fred Barrett (ice hockey),1970
http://dbpedia.org/resource/Alexander_Sundberg,Alexander Sundberg,1998
http://dbpedia.org/resource/Jordan_Krestanovich,Jordan Krestanovich,2001
http://dbpedia.org/resource/Brendan_Shanahan,Brendan Shanahan,1987
http://dbpedia.org/resource/Bill_Quackenbush,Bill Quackenbush,1942
http://dbpedia.org/resource/Max_Quackenbush,Max Quackenbush,1947
http://dbpedia.org/resource/Jan_Látal,Jan Látal,2010
http://dbpedia.org/resource/Michal_Grošek,Michal Grošek,1992
http://dbpedia.org/resource/Andrew_MacWilliam,Andrew MacWilliam,2009
http://dbpedia.org/resource/Chris_Biotti,Chris Biotti,1987
http://dbpedia.org/resource/Leif_Rohlin,Leif Rohlin,1988
"http://dbpedia.org/resource/Marcus_Johansson_(ice_hockey,_born_1979)","Marcus Johansson (ice hockey, born 1979)",2011
http://dbpedia.org/resource/Matt_Duchene,Matt Duchene,2009
http://dbpedia.org/resource/Pavel_Kubiš,Pavel Kubiš,2005
http://dbpedia.org/resource/Mikko_Jokela,Mikko Jokela,1997
http://dbpedia.org/resource/Jared_Boll,Jared Boll,2007
"http://dbpedia.org/resource/Stefan_Schneider_(ice_hockey,_born_1989)","Stefan Schneider (ice hockey, born 1989)",2010
http://dbpedia.org/resource/Gregg_Naumenko,Gregg Naumenko,1999
http://dbpedia.org/resource/Peter_Nilsson,Peter Nilsson,1978
http://dbpedia.org/resource/Pavel_Boychenko,Pavel Boychenko,1993
http://dbpedia.org/resource/Gary_Bromley,Gary Bromley,1971
http://dbpedia.org/resource/Daniel_Spivak,Daniel Spivak,2005
http://dbpedia.org/resource/Chris_Abbott_(ice_hockey),Chris Abbott (ice hockey),2006
http://dbpedia.org/resource/Robin_Rahm,Robin Rahm,2008
http://dbpedia.org/resource/Christian_Lechtaler,Christian Lechtaler,1990
http://dbpedia.org/resource/Andrei_Posnov,Andrei Posnov,1999
http://dbpedia.org/resource/Gus_Giesebrecht,Gus Giesebrecht,1937
http://dbpedia.org/resource/Russell_McCrimmon,Russell McCrimmon,1908
http://dbpedia.org/resource/Mattias_Sjögren,Mattias Sjögren,2005
http://dbpedia.org/resource/Scottie_Upshall,Scottie Upshall,2003
http://dbpedia.org/resource/Brian_Connelly,Brian Connelly,2009
http://dbpedia.org/resource/Dave_MacQueen,Dave MacQueen,1979
http://dbpedia.org/resource/Rob_Murray,Rob Murray,1987
http://dbpedia.org/resource/Mel_Hill,Mel Hill,1932
http://dbpedia.org/resource/Paul_Fixter,Paul Fixter,1982
http://dbpedia.org/resource/Anton_Lindholm,Anton Lindholm,2012
http://dbpedia.org/resource/Alexandra_Carpenter,Alexandra Carpenter,2013
http://dbpedia.org/resource/Petra_Országhová,Petra Országhová,2007
http://dbpedia.org/resource/Yves_Bergeron,Yves Bergeron,1972
http://dbpedia.org/resource/Patrik_Zackrisson,Patrik Zackrisson,2005
http://dbpedia.org/resource/Mike_Marcinkiewicz,Mike Marcinkiewicz,1988
http://dbpedia.org/resource/Matthew_Barnaby,Matthew Barnaby,1992
http://dbpedia.org/resource/Dane_Jackson,Dane Jackson,1992
http://dbpedia.org/resource/Peter_Ratchuk,Peter Ratchuk,1998
http://dbpedia.org/resource/Dan_Keczmer,Dan Keczmer,1990
http://dbpedia.org/resource/Nick_Leddy,Nick Leddy,2010
http://dbpedia.org/resource/Jakub_Matai,Jakub Matai,2011
http://dbpedia.org/resource/Des_Smith_(ice_hockey),Des Smith (ice hockey),1935
http://dbpedia.org/resource/Dean_Morton,Dean Morton,1988
http://dbpedia.org/resource/Steve_Shields_(ice_hockey),Steve Shields (ice hockey),1994
http://dbpedia.org/resource/Jan_Guryca,Jan Guryca,2001
http://dbpedia.org/resource/Stan_Reddick,Stan Reddick,1990
http://dbpedia.org/resource/Egor_Milovzorov,Egor Milovzorov,2005
http://dbpedia.org/resource/Șandor_Gal,Șandor Gal,1976
http://dbpedia.org/resource/Maxim_Shalunov,Maxim Shalunov,2010
http://dbpedia.org/resource/Károly_Orosz,Károly Orosz,1964
http://dbpedia.org/resource/Brad_Richards,Brad Richards,2000
http://dbpedia.org/resource/Murray_Armstrong,Murray Armstrong,1937
http://dbpedia.org/resource/Takuro_Yamashita,Takuro Yamashita,2012
http://dbpedia.org/resource/John_Craighead,John Craighead,1992
http://dbpedia.org/resource/Kyle_Klubertanz,Kyle Klubertanz,2008
http://dbpedia.org/resource/Matthew_Haywood,Matthew Haywood,2006
http://dbpedia.org/resource/Garrett_Burnett,Garrett Burnett,1995
http://dbpedia.org/resource/Sean_Haggerty,Sean Haggerty,1996
http://dbpedia.org/resource/Václav_Pletka,Václav Pletka,2002
http://dbpedia.org/resource/Aivaras_Bendžius,Aivaras Bendžius,2013
http://dbpedia.org/resource/Darcy_Wakaluk,Darcy Wakaluk,1986
http://dbpedia.org/resource/Josh_Garbutt,Josh Garbutt,2005
http://dbpedia.org/resource/Jakub_Stehlík,Jakub Stehlík,2011
http://dbpedia.org/resource/Chris_Huxley,Chris Huxley,2011
http://dbpedia.org/resource/Morris_Titanic,Morris Titanic,1970
http://dbpedia.org/resource/Jim_Henry_(ice_hockey),Jim Henry (ice hockey),1941
http://dbpedia.org/resource/Dana_Trivigno,Dana Trivigno,2012
http://dbpedia.org/resource/Almen_Bibic,Almen Bibic,2013
http://dbpedia.org/resource/Henri_Kiviaho,Henri Kiviaho,2012
http://dbpedia.org/resource/Kenneth_Ekman,Kenneth Ekman,1960
http://dbpedia.org/resource/Dmitry_Shikin,Dmitry Shikin,2007
http://dbpedia.org/resource/Alexei_Zhamnov,Alexei Zhamnov,1992
http://dbpedia.org/resource/Andrea_Schjelderup_Dalen,Andrea Schjelderup Dalen,2009
http://dbpedia.org/resource/Paul_Bissonnette,Paul Bissonnette,2003
http://dbpedia.org/resource/Greg_Sturrock,Greg Sturrock,2004
http://dbpedia.org/resource/Jesse_Blacker,Jesse Blacker,2010
http://dbpedia.org/resource/Billy_Boyd_(ice_hockey),Billy Boyd (ice hockey),1926
http://dbpedia.org/resource/Erol_Kahraman,Erol Kahraman,2000
http://dbpedia.org/resource/Roman_Lyashenko,Roman Lyashenko,1995
http://dbpedia.org/resource/Remy_Wellen,Remy Wellen,1955
http://dbpedia.org/resource/Bogdan_Yakimov,Bogdan Yakimov,2012
http://dbpedia.org/resource/Justin_Bernhardt,Justin Bernhardt,2009
http://dbpedia.org/resource/Tomáš_Mojžíš,Tomáš Mojžíš,2003
http://dbpedia.org/resource/Vladimír_Kameš,Vladimír Kameš,2008
http://dbpedia.org/resource/Scott_Lehman,Scott Lehman,2006
http://dbpedia.org/resource/Patrik_Näslund,Patrik Näslund,2008
http://dbpedia.org/resource/David_Schneider_(ice_hockey),David Schneider (ice hockey),2002
http://dbpedia.org/resource/Sean_Backman,Sean Backman,2010
http://dbpedia.org/resource/Carter_Trevisani,Carter Trevisani,2003
http://dbpedia.org/resource/Stefan_Chowaniec,Stefan Chowaniec,1969
http://dbpedia.org/resource/Carl_Corazzini,Carl Corazzini,2001
http://dbpedia.org/resource/Aaron_Rome,Aaron Rome,2004
http://dbpedia.org/resource/Vojtěch_Polák,Vojtěch Polák,2001
http://dbpedia.org/resource/Ernest_Bokroš,Ernest Bokroš,1978
http://dbpedia.org/resource/Dániel_Kóger,Dániel Kóger,2006
http://dbpedia.org/resource/Tomáš_Vondráček,Tomáš Vondráček,2010
http://dbpedia.org/resource/Brent_Sopel,Brent Sopel,1997
http://dbpedia.org/resource/Paul_Jacobs_(ice_hockey),Paul Jacobs (ice hockey),1912
http://dbpedia.org/resource/Evan_Bloodoff,Evan Bloodoff,2011
http://dbpedia.org/resource/Klas_Dahlbeck,Klas Dahlbeck,2009
http://dbpedia.org/resource/Mac_Faulkner,Mac Faulkner,2005
http://dbpedia.org/resource/Joseph_McCormick_(ice_hockey),Joseph McCormick (ice hockey),1920
http://dbpedia.org/resource/Brett_Sonne,Brett Sonne,2009
http://dbpedia.org/resource/Rich_Healey,Rich Healey,1956
http://dbpedia.org/resource/Chuck_Hamilton,Chuck Hamilton,1956
http://dbpedia.org/resource/John_Tripp_(ice_hockey),John Tripp (ice hockey),1997
http://dbpedia.org/resource/Walt_Atanas,Walt Atanas,1943
http://dbpedia.org/resource/Gustaf_Lindvall,Gustaf Lindvall,2010
http://dbpedia.org/resource/Emil_Djuse,Emil Djuse,2009
http://dbpedia.org/resource/Aaron_Miller,Aaron Miller,1993
http://dbpedia.org/resource/Erik_Nyström,Erik Nyström,2011
http://dbpedia.org/resource/Bryan_Maxwell,Bryan Maxwell,1976
http://dbpedia.org/resource/Sergei_Belo,Sergei Belo,1995
http://dbpedia.org/resource/Jamie_Allison,Jamie Allison,1995
http://dbpedia.org/resource/Niklas_Svedberg,Niklas Svedberg,2008
http://dbpedia.org/resource/Adam_Harding,Adam Harding,2011
http://dbpedia.org/resource/Libor_Hudáček,Libor Hudáček,2009
http://dbpedia.org/resource/Sid_Finney,Sid Finney,1949
http://dbpedia.org/resource/Teemu_Lassila,Teemu Lassila,2002
http://dbpedia.org/resource/Adrian_Kempe,Adrian Kempe,2013
http://dbpedia.org/resource/Kevin_Gagne,Kevin Gagne,2013
http://dbpedia.org/resource/Erik_Westrum,Erik Westrum,2001
http://dbpedia.org/resource/George_McNeil_(ice_hockey),George McNeil (ice hockey),1936
http://dbpedia.org/resource/Claudia_Riechsteiner,Claudia Riechsteiner,2001
http://dbpedia.org/resource/Jakub_Strnad,Jakub Strnad,2011
http://dbpedia.org/resource/Chris_Luongo,Chris Luongo,1989
http://dbpedia.org/resource/Vladimir_Tsyplakov,Vladimir Tsyplakov,1988
http://dbpedia.org/resource/Anton_Cederholm,Anton Cederholm,2013
http://dbpedia.org/resource/Jim_Bales,Jim Bales,1978
http://dbpedia.org/resource/Milt_Black,Milt Black,1970
http://dbpedia.org/resource/Luca_Boltshauser,Luca Boltshauser,2011
http://dbpedia.org/resource/Doug_Zmolek,Doug Zmolek,1992
http://dbpedia.org/resource/Larry_Romanchych,Larry Romanchych,1970
http://dbpedia.org/resource/Valeri_Pokrovsky,Valeri Pokrovsky,1997
http://dbpedia.org/resource/Konstantin_Volkov_(ice_hockey),Konstantin Volkov (ice hockey),2005
http://dbpedia.org/resource/William_Duval_(ice_hockey),William Duval (ice hockey),1899
http://dbpedia.org/resource/Stephanie_Anderson,Stephanie Anderson,2010
http://dbpedia.org/resource/Jussi_Makkonen,Jussi Makkonen,2004
http://dbpedia.org/resource/Çağıl_Uyar,Çağıl Uyar,2003
http://dbpedia.org/resource/Clas_Eriksson,Clas Eriksson,1990
http://dbpedia.org/resource/Earl_Robinson_(ice_hockey),Earl Robinson (ice hockey),1928
http://dbpedia.org/resource/Blake_Wheeler,Blake Wheeler,2008
http://dbpedia.org/resource/Cullen_Eddy,Cullen Eddy,2010
http://dbpedia.org/resource/Bill_Collins_(ice_hockey),Bill Collins (ice hockey),1964
http://dbpedia.org/resource/Christopher_Aspeqvist,Christopher Aspeqvist,2009
http://dbpedia.org/resource/Brett_Gensler,Brett Gensler,2014
http://dbpedia.org/resource/Justin_Papineau,Justin Papineau,2000
http://dbpedia.org/resource/Andreas_Johnsson,Andreas Johnsson,2012
http://dbpedia.org/resource/Scott_Farrell,Scott Farrell,2003
http://dbpedia.org/resource/Juha_Järvenpää,Juha Järvenpää,2008
http://dbpedia.org/resource/Craig_Wolanin,Craig Wolanin,1985
http://dbpedia.org/resource/David_Stach,David Stach,2012
http://dbpedia.org/resource/Dennis_Owchar,Dennis Owchar,1973
http://dbpedia.org/resource/Johnny_Bower,Johnny Bower,1945
http://dbpedia.org/resource/Maxim_Galanov,Maxim Galanov,1992
http://dbpedia.org/resource/Bobby_Hull,Bobby Hull,1957
http://dbpedia.org/resource/Ken_Duggan,Ken Duggan,1986
http://dbpedia.org/resource/Olivier_Gigon,Olivier Gigon,2001
http://dbpedia.org/resource/Mike_Antonovich_(ice_hockey),Mike Antonovich (ice hockey),1972
http://dbpedia.org/resource/Sylvain_Cloutier,Sylvain Cloutier,1994
http://dbpedia.org/resource/Steve_Kariya,Steve Kariya,1999
http://dbpedia.org/resource/Cindy_Eadie,Cindy Eadie,2000
http://dbpedia.org/resource/Andy_Aitkenhead,Andy Aitkenhead,1926
http://dbpedia.org/resource/Nikoleta_Celárová,Nikoleta Celárová,2003
http://dbpedia.org/resource/Gordon_Robertson_(ice_hockey),Gordon Robertson (ice hockey),1946
http://dbpedia.org/resource/Viktor_Arvidsson,Viktor Arvidsson,2011
http://dbpedia.org/resource/George_Brown_(ice_hockey),George Brown (ice hockey),1936
http://dbpedia.org/resource/Gilles_Boisvert,Gilles Boisvert,1959
http://dbpedia.org/resource/Norm_Defelice,Norm Defelice,1951
http://dbpedia.org/resource/Alexander_Sazonov,Alexander Sazonov,1999
http://dbpedia.org/resource/Evgeny_Katichev,Evgeny Katichev,2005
http://dbpedia.org/resource/Jan_Sandström_(ice_hockey),Jan Sandström (ice hockey),1997
http://dbpedia.org/resource/Scott_Howson,Scott Howson,1981
http://dbpedia.org/resource/Shane_Willis,Shane Willis,1998
http://dbpedia.org/resource/Al_Huggins,Al Huggins,1926
http://dbpedia.org/resource/Grant_Jennings,Grant Jennings,1985
http://dbpedia.org/resource/Joakim_Lindström,Joakim Lindström,2001
http://dbpedia.org/resource/Brian_Wilks,Brian Wilks,1984
http://dbpedia.org/resource/Alexander_Hermansson,Alexander Hermansson,2006
http://dbpedia.org/resource/Duncan_Siemens,Duncan Siemens,2012
http://dbpedia.org/resource/Alexandre_Picard_(ice_hockey),Alexandre Picard (ice hockey),2005
http://dbpedia.org/resource/Raymie_Skilton,Raymie Skilton,1911
http://dbpedia.org/resource/Jens_Bergenström,Jens Bergenström,2000
http://dbpedia.org/resource/Václav_Nedorost,Václav Nedorost,1998
http://dbpedia.org/resource/Jiří_Stejskal,Jiří Stejskal,2004
http://dbpedia.org/resource/Justin_Donati,Justin Donati,2007
http://dbpedia.org/resource/Bill_Speer,Bill Speer,1963
http://dbpedia.org/resource/Michael_Forney,Michael Forney,2008
http://dbpedia.org/resource/Bryan_Hextall_Jr.,Bryan Hextall Jr.,1958
http://dbpedia.org/resource/Clément_Jodoin,Clément Jodoin,1969
http://dbpedia.org/resource/Corey_Crawford,Corey Crawford,2005
http://dbpedia.org/resource/Al_Secord,Al Secord,1978
http://dbpedia.org/resource/Zarley_Zalapski,Zarley Zalapski,1987
http://dbpedia.org/resource/Peter_Holecko,Peter Holecko,2001
http://dbpedia.org/resource/Germain_Gagnon,Germain Gagnon,1961
http://dbpedia.org/resource/Matěj_Stříteský,Matěj Stříteský,2006
http://dbpedia.org/resource/Jason_Duda,Jason Duda,1996
http://dbpedia.org/resource/Aaron_Sorochan,Aaron Sorochan,2009
http://dbpedia.org/resource/Darren_Lowe,Darren Lowe,1983
http://dbpedia.org/resource/Patrick_Traverse,Patrick Traverse,1993
http://dbpedia.org/resource/Terry_Holbrook_(ice_hockey),Terry Holbrook (ice hockey),1970
http://dbpedia.org/resource/Dean_Prentice,Dean Prentice,1952
http://dbpedia.org/resource/Patsy_Séguin,Patsy Séguin,1908
http://dbpedia.org/resource/Alexandru_Hălăucă,Alexandru Hălăucă,1975
http://dbpedia.org/resource/Pelle_Eklund,Pelle Eklund,1981
http://dbpedia.org/resource/Jim_Harrison_(ice_hockey),Jim Harrison (ice hockey),1963
http://dbpedia.org/resource/Teemu_Virtanen,Teemu Virtanen,2011
http://dbpedia.org/resource/John_Jakopin,John Jakopin,1997
http://dbpedia.org/resource/Alexander_Yeronov,Alexander Yeronov,2006
http://dbpedia.org/resource/Mikael_Tam,Mikael Tam,2012
http://dbpedia.org/resource/Jeff_Farkas,Jeff Farkas,2000
http://dbpedia.org/resource/Geordie_Robertson,Geordie Robertson,1979
http://dbpedia.org/resource/Jan_Snopek,Jan Snopek,1997
http://dbpedia.org/resource/Petri_Varis,Petri Varis,1988
http://dbpedia.org/resource/Stefan_Herzog,Stefan Herzog,1999
http://dbpedia.org/resource/Dean_Ouellet,Dean Ouellet,2012
http://dbpedia.org/resource/Rob_Sich,Rob Sich,2005
http://dbpedia.org/resource/Les_Anning,Les Anning,1946
http://dbpedia.org/resource/Nils_Bergström,Nils Bergström,2005
http://dbpedia.org/resource/Denny_Urban,Denny Urban,2011
http://dbpedia.org/resource/Craig_Valette,Craig Valette,2003
http://dbpedia.org/resource/Louis_Trudel,Louis Trudel,1932
http://dbpedia.org/resource/Jim_Nesich,Jim Nesich,1986
http://dbpedia.org/resource/Marius_Trygg,Marius Trygg,1994
http://dbpedia.org/resource/Frederic_Cloutier,Frederic Cloutier,2001
http://dbpedia.org/resource/Peter_Brearley,Peter Brearley,1997
http://dbpedia.org/resource/Jean-Guy_Lagace,Jean-Guy Lagace,1965
http://dbpedia.org/resource/Marc_Saumier,Marc Saumier,1988
http://dbpedia.org/resource/Fredrik_Lystad_Jacobsen,Fredrik Lystad Jacobsen,2010
http://dbpedia.org/resource/Vadim_Sushko,Vadim Sushko,2008
http://dbpedia.org/resource/Len_Wharton,Len Wharton,1944
http://dbpedia.org/resource/Jeff_Kealty,Jeff Kealty,1998
http://dbpedia.org/resource/Richard_Huna,Richard Huna,2002
http://dbpedia.org/resource/Scott_Brower,Scott Brower,1988
http://dbpedia.org/resource/David_Leggio,David Leggio,2008
http://dbpedia.org/resource/Rod_Smith_(ice_hockey),Rod Smith (ice hockey),1914
http://dbpedia.org/resource/Wes_George,Wes George,1979
http://dbpedia.org/resource/Ilari_Filppula,Ilari Filppula,2001
http://dbpedia.org/resource/Vladislav_Evseev,Vladislav Evseev,1999
http://dbpedia.org/resource/Wendel_Clark,Wendel Clark,1985
http://dbpedia.org/resource/Marty_Dallman,Marty Dallman,1984
http://dbpedia.org/resource/Greg_de_Vries,Greg de Vries,1994
http://dbpedia.org/resource/Morgan_Cey,Morgan Cey,2005
http://dbpedia.org/resource/Lorne_Henning,Lorne Henning,1972
http://dbpedia.org/resource/Jonas_Elofsson,Jonas Elofsson,1997
http://dbpedia.org/resource/Pierre_Gagne,Pierre Gagne,1959
http://dbpedia.org/resource/Jason_Morgan_(ice_hockey),Jason Morgan (ice hockey),1996
http://dbpedia.org/resource/Marc_Dufour,Marc Dufour,1963
http://dbpedia.org/resource/Calle_Andersson,Calle Andersson,2012
http://dbpedia.org/resource/Hubert_Davidson,Hubert Davidson,1916
http://dbpedia.org/resource/Krisztián_Nagy_(ice_hockey),Krisztián Nagy (ice hockey),2012
http://dbpedia.org/resource/Hunter_Bishop,Hunter Bishop,2010
http://dbpedia.org/resource/Rick_Bragnalo,Rick Bragnalo,1974
http://dbpedia.org/resource/Florian_Schnitzer,Florian Schnitzer,1999
http://dbpedia.org/resource/Seth_Martin,Seth Martin,1953
http://dbpedia.org/resource/John_Johannson,John Johannson,1983
http://dbpedia.org/resource/Bryan_Muir,Bryan Muir,1996
http://dbpedia.org/resource/Aleksei_Shkotov,Aleksei Shkotov,2002
http://dbpedia.org/resource/Troy_Bourke,Troy Bourke,2014
http://dbpedia.org/resource/Sami_Lähteenmäki,Sami Lähteenmäki,2007
http://dbpedia.org/resource/Dan_Ellis,Dan Ellis,2003
http://dbpedia.org/resource/Richard_Moon,Richard Moon,2001
http://dbpedia.org/resource/Gordon_Buttrey,Gordon Buttrey,1943
http://dbpedia.org/resource/Sari_Kärnä,Sari Kärnä,2004
http://dbpedia.org/resource/Ryley_Grantham,Ryley Grantham,2009
http://dbpedia.org/resource/Niclas_Andersén,Niclas Andersén,2007
http://dbpedia.org/resource/Dan_Dorion,Dan Dorion,1986
http://dbpedia.org/resource/Bryan_Smolinski,Bryan Smolinski,1992
http://dbpedia.org/resource/Dennis_Abgrall,Dennis Abgrall,1973
http://dbpedia.org/resource/Vladimir_Hartinger,Vladimir Hartinger,2001
http://dbpedia.org/resource/Jeannot_Gilbert,Jeannot Gilbert,1959
http://dbpedia.org/resource/Jörgen_Bemström,Jörgen Bemström,1996
http://dbpedia.org/resource/Sara_Benz,Sara Benz,2008
http://dbpedia.org/resource/Kim_Lilja,Kim Lilja,2014
http://dbpedia.org/resource/David_Van_Drunen,David Van Drunen,1997
http://dbpedia.org/resource/Gilles_Villemure,Gilles Villemure,1963
http://dbpedia.org/resource/Mike_Bloski,Mike Bloski,198
http://dbpedia.org/resource/Chico_Maki,Chico Maki,1960
http://dbpedia.org/resource/Timo_Blomqvist,Timo Blomqvist,1977
http://dbpedia.org/resource/George_Konik,George Konik,1967
http://dbpedia.org/resource/Jack_Howard_(ice_hockey),Jack Howard (ice hockey),1933
http://dbpedia.org/resource/Hans_Lindberg_(ice_hockey),Hans Lindberg (ice hockey),1961
http://dbpedia.org/resource/Peter_Nordström,Peter Nordström,1994
http://dbpedia.org/resource/Jay_Pandolfo,Jay Pandolfo,1996
http://dbpedia.org/resource/David_Clarke_(ice_hockey),David Clarke (ice hockey),1998
http://dbpedia.org/resource/Jiří_Dudáček,Jiří Dudáček,1978
http://dbpedia.org/resource/Eric_Boguniecki,Eric Boguniecki,1997
http://dbpedia.org/resource/Jimmy_Roy,Jimmy Roy,1997
http://dbpedia.org/resource/Nikolai_Skladnichenko,Nikolai Skladnichenko,2012
http://dbpedia.org/resource/Barry_Richter,Barry Richter,1993
http://dbpedia.org/resource/Bob_McCord,Bob McCord,1952
"http://dbpedia.org/resource/Bob_Johnson_(ice_hockey,_born_1948)","Bob Johnson (ice hockey, born 1948)",1970
http://dbpedia.org/resource/Björn_Karlsson,Björn Karlsson,2008
http://dbpedia.org/resource/John_Arbour,John Arbour,1965
http://dbpedia.org/resource/Darryl_Shannon,Darryl Shannon,1988
http://dbpedia.org/resource/Linus_Videll,Linus Videll,2003
http://dbpedia.org/resource/Cam_Severson,Cam Severson,1999
http://dbpedia.org/resource/Seth_Jones_(ice_hockey),Seth Jones (ice hockey),2013
http://dbpedia.org/resource/Rodrigo_Ābols,Rodrigo Ābols,2014
http://dbpedia.org/resource/Maurice_Barrett,Maurice Barrett,1973
http://dbpedia.org/resource/Brian_Spencer,Brian Spencer,1969
http://dbpedia.org/resource/Joe_Reekie,Joe Reekie,1985
http://dbpedia.org/resource/Bobbo_Petersson,Bobbo Petersson,2012
http://dbpedia.org/resource/Jim_Nahrgang,Jim Nahrgang,1974
http://dbpedia.org/resource/Bill_Sutherland,Bill Sutherland,1955
http://dbpedia.org/resource/Alexander_Vasyunov,Alexander Vasyunov,2004
http://dbpedia.org/resource/Kaspars_Saulietis,Kaspars Saulietis,2004
http://dbpedia.org/resource/Vadim_Khlopotov,Vadim Khlopotov,2012
http://dbpedia.org/resource/Sean_Oultram,Sean Oultram,2004
http://dbpedia.org/resource/Tony_Amonte,Tony Amonte,1991
http://dbpedia.org/resource/Dean_Kennedy,Dean Kennedy,1982
http://dbpedia.org/resource/Jim_Vandermeer,Jim Vandermeer,2001
http://dbpedia.org/resource/Kent_Nilsson,Kent Nilsson,1976
http://dbpedia.org/resource/Dumitru_Axinte,Dumitru Axinte,1971
http://dbpedia.org/resource/Rob_Scuderi,Rob Scuderi,2001
http://dbpedia.org/resource/Charlie_Simmer,Charlie Simmer,1974
http://dbpedia.org/resource/Anssi_Salmela,Anssi Salmela,2003
http://dbpedia.org/resource/Kalle_Olsson,Kalle Olsson,2003
http://dbpedia.org/resource/David_Volek,David Volek,1984
http://dbpedia.org/resource/André_Burakovsky,André Burakovsky,2011
http://dbpedia.org/resource/Yoko_Kondo,Yoko Kondo,1995
http://dbpedia.org/resource/Rob_Laird_(ice_hockey),Rob Laird (ice hockey),1974
http://dbpedia.org/resource/Evgeni_Nabokov,Evgeni Nabokov,1995
http://dbpedia.org/resource/Jonathon_Blum,Jonathon Blum,2009
http://dbpedia.org/resource/Skip_Krake,Skip Krake,1964
http://dbpedia.org/resource/Fred_Hucul,Fred Hucul,1951
http://dbpedia.org/resource/Emil_Garipov,Emil Garipov,2009
http://dbpedia.org/resource/Antti_Ore,Antti Ore,1999
http://dbpedia.org/resource/Ilgiz_Nuriyev,Ilgiz Nuriyev,1999
http://dbpedia.org/resource/Alexander_Rybakov_(ice_hockey),Alexander Rybakov (ice hockey),2003
http://dbpedia.org/resource/Corey_Mapes,Corey Mapes,2010
http://dbpedia.org/resource/Rick_Martin,Rick Martin,1971
http://dbpedia.org/resource/Daniil_Sobchenko,Daniil Sobchenko,2009
http://dbpedia.org/resource/Fredrik_Carlsson,Fredrik Carlsson,2007
http://dbpedia.org/resource/Murray_Wing,Murray Wing,1971
http://dbpedia.org/resource/Ilya_Musin_(ice_hockey),Ilya Musin (ice hockey),2010
http://dbpedia.org/resource/Joel_Martin,Joel Martin,2003
http://dbpedia.org/resource/Kent_Johansson,Kent Johansson,1982
http://dbpedia.org/resource/Bryan_Pitton,Bryan Pitton,2008
http://dbpedia.org/resource/Denis_Perevozchikov,Denis Perevozchikov,2013
http://dbpedia.org/resource/Danijela_Rundqvist,Danijela Rundqvist,2001
http://dbpedia.org/resource/Fern_Perreault,Fern Perreault,1944
http://dbpedia.org/resource/Milan_Gulaš,Milan Gulaš,2004
http://dbpedia.org/resource/Roland_McKeown,Roland McKeown,2015
http://dbpedia.org/resource/Mark_Lomenda,Mark Lomenda,1974
http://dbpedia.org/resource/Lyndsey_Fry,Lyndsey Fry,2010
http://dbpedia.org/resource/Dmitri_Tertyshny,Dmitri Tertyshny,1994
http://dbpedia.org/resource/Nico_Nyberg,Nico Nyberg,2012
http://dbpedia.org/resource/Nikita_Mokin,Nikita Mokin,2009
http://dbpedia.org/resource/Jakub_Slavík,Jakub Slavík,2012
http://dbpedia.org/resource/Leszek_Laszkiewicz,Leszek Laszkiewicz,1996
http://dbpedia.org/resource/Jan_Štencel,Jan Štencel,2012
http://dbpedia.org/resource/Andrej_Razinger,Andrej Razinger,1983
http://dbpedia.org/resource/Sergei_Yemelin,Sergei Yemelin,2011
http://dbpedia.org/resource/Brian_Boyle,Brian Boyle,2007
http://dbpedia.org/resource/Brian_Glenwright,Brian Glenwright,1968
http://dbpedia.org/resource/Timo_Hirvonen,Timo Hirvonen,1992
http://dbpedia.org/resource/Greg_Hawgood,Greg Hawgood,1988
http://dbpedia.org/resource/Elvis_Merzļikins,Elvis Merzļikins,2013
http://dbpedia.org/resource/Haralds_Vasiļjevs,Haralds Vasiļjevs,1968
http://dbpedia.org/resource/Rick_Kowalsky,Rick Kowalsky,1993
http://dbpedia.org/resource/Patric_Hörnqvist,Patric Hörnqvist,2005
http://dbpedia.org/resource/Walter_Dürst_(ice_hockey_b._1950),Walter Dürst (ice hockey b. 1950),1976
http://dbpedia.org/resource/Janne_Ojanen,Janne Ojanen,1985
http://dbpedia.org/resource/Bob_Sabourin,Bob Sabourin,1952
http://dbpedia.org/resource/Alexander_Karpovtsev,Alexander Karpovtsev,1987
http://dbpedia.org/resource/Derek_King,Derek King,1986
http://dbpedia.org/resource/Oscar_Aubuchon,Oscar Aubuchon,1938
http://dbpedia.org/resource/Mark_Kosick,Mark Kosick,2002
http://dbpedia.org/resource/Matt_Carkner,Matt Carkner,2001
http://dbpedia.org/resource/Helmuts_Balderis,Helmuts Balderis,1973
http://dbpedia.org/resource/Evgeni_Kovyrshin,Evgeni Kovyrshin,2004
http://dbpedia.org/resource/Dustin_Stevenson,Dustin Stevenson,2010
http://dbpedia.org/resource/Andreas_Hjelm,Andreas Hjelm,2008
http://dbpedia.org/resource/Mikko_Komulainen,Mikko Komulainen,2013
http://dbpedia.org/resource/Kevin_Colley,Kevin Colley,1999
http://dbpedia.org/resource/Bradley_Mills,Bradley Mills,2007
http://dbpedia.org/resource/Shawn_Bates,Shawn Bates,1997
http://dbpedia.org/resource/Dan_Bolduc,Dan Bolduc,1975
http://dbpedia.org/resource/Jason_Fitzsimmons,Jason Fitzsimmons,1992
http://dbpedia.org/resource/Juuso_Puustinen,Juuso Puustinen,2008
http://dbpedia.org/resource/Ákos_Kiss,Ákos Kiss,2006
http://dbpedia.org/resource/Rob_DiMaio,Rob DiMaio,1988
http://dbpedia.org/resource/Dean_Seymour,Dean Seymour,1996
http://dbpedia.org/resource/Jakub_Trefný,Jakub Trefný,2001
http://dbpedia.org/resource/Duane_Dennis,Duane Dennis,1994
http://dbpedia.org/resource/Nikolai_Belov_(ice_hockey),Nikolai Belov (ice hockey),2005
http://dbpedia.org/resource/Jeff_Daniels_(ice_hockey),Jeff Daniels (ice hockey),1988
http://dbpedia.org/resource/Catherine_Ward,Catherine Ward,2009
http://dbpedia.org/resource/Teemu_Riihijärvi,Teemu Riihijärvi,1993
http://dbpedia.org/resource/Mike_Kavanagh_(ice_hockey),Mike Kavanagh (ice hockey),2012
http://dbpedia.org/resource/Brent_Krahn,Brent Krahn,2003
http://dbpedia.org/resource/Viktors_Bļinovs,Viktors Bļinovs,1996
http://dbpedia.org/resource/Roland_Eriksson,Roland Eriksson,1976
http://dbpedia.org/resource/Cameron_Todd,Cameron Todd,2010
http://dbpedia.org/resource/Reto_Amstutz,Reto Amstutz,2011
http://dbpedia.org/resource/Enio_Sclisizzi,Enio Sclisizzi,1946
http://dbpedia.org/resource/Stan_Jackson,Stan Jackson,1923
http://dbpedia.org/resource/Simon_Nolet,Simon Nolet,1962
http://dbpedia.org/resource/Landry_Macrez,Landry Macrez,2002
http://dbpedia.org/resource/Kevin_Marshall,Kevin Marshall,2009
http://dbpedia.org/resource/Mike_Greenlay,Mike Greenlay,1989
http://dbpedia.org/resource/Brad_DeFauw,Brad DeFauw,2000
http://dbpedia.org/resource/Troy_Bodie,Troy Bodie,2006
http://dbpedia.org/resource/Todd_Harkins,Todd Harkins,1990
http://dbpedia.org/resource/Matthew_Zay,Matthew Zay,2015
http://dbpedia.org/resource/Ken_Priestlay,Ken Priestlay,1986
http://dbpedia.org/resource/Igor_Varitsky,Igor Varitsky,1988
http://dbpedia.org/resource/T._J._Fast,T. J. Fast,2008
http://dbpedia.org/resource/Ray_Martynuik,Ray Martynuik,1970
http://dbpedia.org/resource/Ted_Hampson,Ted Hampson,1959
http://dbpedia.org/resource/Jan_Starý,Jan Starý,2004
http://dbpedia.org/resource/Judd_Medak,Judd Medak,2002
http://dbpedia.org/resource/Alain_Daigle,Alain Daigle,1974
http://dbpedia.org/resource/Jim_Cardiff,Jim Cardiff,1965
http://dbpedia.org/resource/Dmitri_Akishin,Dmitri Akishin,2012
http://dbpedia.org/resource/Igor_Golovkov,Igor Golovkov,2008
http://dbpedia.org/resource/Kevin_Reeves_(ice_hockey),Kevin Reeves (ice hockey),1978
http://dbpedia.org/resource/Jonathan_Harty,Jonathan Harty,2012
http://dbpedia.org/resource/Fleming_Mackell,Fleming Mackell,1944
http://dbpedia.org/resource/Cody_Ceci,Cody Ceci,2013
http://dbpedia.org/resource/Dmitry_Sinitsyn_(ice_hockey),Dmitry Sinitsyn (ice hockey),2014
http://dbpedia.org/resource/Ryane_Clowe,Ryane Clowe,2003
http://dbpedia.org/resource/Cengiz_Gök,Cengiz Gök,2005
http://dbpedia.org/resource/Justin_Morrison,Justin Morrison,2001
http://dbpedia.org/resource/Don_Nachbaur,Don Nachbaur,1979
http://dbpedia.org/resource/Rick_Hayward_(ice_hockey),Rick Hayward (ice hockey),1986
http://dbpedia.org/resource/Chris_Pryor,Chris Pryor,1983
http://dbpedia.org/resource/Dmitri_Monya,Dmitri Monya,2007
http://dbpedia.org/resource/Wally_Stanowski,Wally Stanowski,1939
http://dbpedia.org/resource/Cam_Neely,Cam Neely,1983
http://dbpedia.org/resource/Tomáš_Voráček,Tomáš Voráček,2007
http://dbpedia.org/resource/Julius_Bergman,Julius Bergman,2012
http://dbpedia.org/resource/Denis_Abdullin,Denis Abdullin,2005
http://dbpedia.org/resource/Rocco_Grimaldi,Rocco Grimaldi,2014
http://dbpedia.org/resource/Kimmo_Eronen,Kimmo Eronen,1992
http://dbpedia.org/resource/Patrick_Roy,Patrick Roy,1984
http://dbpedia.org/resource/Daniel_Welch_(ice_hockey),Daniel Welch (ice hockey),2002
http://dbpedia.org/resource/Travis_Brigley,Travis Brigley,1997
http://dbpedia.org/resource/Billy_Boucher,Billy Boucher,1921
http://dbpedia.org/resource/Carl_Hagelin,Carl Hagelin,2011
http://dbpedia.org/resource/Patrick_Lebeau,Patrick Lebeau,1990
http://dbpedia.org/resource/Michal_Čajkovský,Michal Čajkovský,2009
http://dbpedia.org/resource/Michal_Dobroň,Michal Dobroň,1998
http://dbpedia.org/resource/Jakub_Bartoň,Jakub Bartoň,2002
http://dbpedia.org/resource/Tomáš_Kaberle,Tomáš Kaberle,1994
http://dbpedia.org/resource/Terry_Martin_(ice_hockey),Terry Martin (ice hockey),1975
http://dbpedia.org/resource/Braden_Holtby,Braden Holtby,2009
http://dbpedia.org/resource/Sergey_Akimov_(ice_hockey),Sergey Akimov (ice hockey),1995
"http://dbpedia.org/resource/Ryan_Murphy_(ice_hockey,_born_1993)","Ryan Murphy (ice hockey, born 1993)",2013
http://dbpedia.org/resource/Jochen_Hecht,Jochen Hecht,1994
http://dbpedia.org/resource/Mike_Marson,Mike Marson,1974
http://dbpedia.org/resource/Jeremias_Augustin,Jeremias Augustin,2003
http://dbpedia.org/resource/Thérèse_Brisson,Thérèse Brisson,1994
http://dbpedia.org/resource/Andreas_Nödl,Andreas Nödl,2008
http://dbpedia.org/resource/Petr_Čáslava,Petr Čáslava,1998
http://dbpedia.org/resource/Rob_Rankin,Rob Rankin,2006
http://dbpedia.org/resource/Whitey_Merritt,Whitey Merritt,1891
http://dbpedia.org/resource/Ralph_Cox,Ralph Cox,1979
http://dbpedia.org/resource/Matt_Koalska,Matt Koalska,2004
http://dbpedia.org/resource/Gord_Williams,Gord Williams,1980
"http://dbpedia.org/resource/Scott_Campbell_(ice_hockey,_born_1957)","Scott Campbell (ice hockey, born 1957)",1977
http://dbpedia.org/resource/Daniel_Manzato,Daniel Manzato,2004
http://dbpedia.org/resource/Pierre_Hamel,Pierre Hamel,1974
http://dbpedia.org/resource/Artūrs_Kuzmenkovs,Artūrs Kuzmenkovs,2011
http://dbpedia.org/resource/Anton_Krysanov,Anton Krysanov,2004
http://dbpedia.org/resource/Hap_Myers_(ice_hockey),Hap Myers (ice hockey),1968
http://dbpedia.org/resource/Willie_Coetzee,Willie Coetzee,2010
http://dbpedia.org/resource/Geoff_Platt,Geoff Platt,2005
http://dbpedia.org/resource/Juuso_Hietanen,Juuso Hietanen,2003
http://dbpedia.org/resource/Maurice_Courteau,Maurice Courteau,1938
http://dbpedia.org/resource/Yegor_Ogiyenko,Yegor Ogiyenko,2015
http://dbpedia.org/resource/Morgan_Klimchuk,Morgan Klimchuk,2014
http://dbpedia.org/resource/Pavel_Snurnitsyn,Pavel Snurnitsyn,2009
http://dbpedia.org/resource/Tomáš_Sýkora,Tomáš Sýkora,1999
http://dbpedia.org/resource/Chris_Govedaris,Chris Govedaris,1989
http://dbpedia.org/resource/Robin_Álvarez,Robin Álvarez,2007
http://dbpedia.org/resource/Dmitry_Yudin,Dmitry Yudin,2013
http://dbpedia.org/resource/Torsten_Ankert,Torsten Ankert,2005
http://dbpedia.org/resource/Dennis_Kassian,Dennis Kassian,1961
http://dbpedia.org/resource/Jonathan_Girard,Jonathan Girard,1998
http://dbpedia.org/resource/Tyler_Shattock,Tyler Shattock,2010
http://dbpedia.org/resource/Aleš_Kotalík,Aleš Kotalík,1997
http://dbpedia.org/resource/Teemu_Rinkinen,Teemu Rinkinen,2008
http://dbpedia.org/resource/Flash_Hollett,Flash Hollett,1932
http://dbpedia.org/resource/Simon_Gysbers,Simon Gysbers,2010
http://dbpedia.org/resource/Jannik_Christensen,Jannik Christensen,2007
http://dbpedia.org/resource/Fran_Huck,Fran Huck,1969
http://dbpedia.org/resource/Sergejs_Seņins,Sergejs Seņins,1991
http://dbpedia.org/resource/Miroslav_Ihnačák,Miroslav Ihnačák,1985
http://dbpedia.org/resource/Miikka_Männikkö,Miikka Männikkö,1999
http://dbpedia.org/resource/Roman_Vlach,Roman Vlach,2007
http://dbpedia.org/resource/Jack_McCartan,Jack McCartan,1959
http://dbpedia.org/resource/David_Legwand,David Legwand,1999
http://dbpedia.org/resource/Alexander_Kadeikin,Alexander Kadeikin,2010
http://dbpedia.org/resource/Nikita_Bespalov,Nikita Bespalov,2005
http://dbpedia.org/resource/Roman_Szturc,Roman Szturc,2007
http://dbpedia.org/resource/Chris_Kreider,Chris Kreider,2012
http://dbpedia.org/resource/Kelly_Guard,Kelly Guard,2004
http://dbpedia.org/resource/Jason_Smart_(ice_hockey),Jason Smart (ice hockey),1990
http://dbpedia.org/resource/Cosmin_Radu,Cosmin Radu,1997
http://dbpedia.org/resource/Teiji_Honma,Teiji Honma,1936
http://dbpedia.org/resource/Jock_Callander,Jock Callander,1982
http://dbpedia.org/resource/Peter_Schlagenhauf,Peter Schlagenhauf,1976
http://dbpedia.org/resource/Niclas_Lundgren,Niclas Lundgren,2008
http://dbpedia.org/resource/Manuele_Celio,Manuele Celio,1982
http://dbpedia.org/resource/Manuel_Klinge,Manuel Klinge,2003
http://dbpedia.org/resource/Archie_Wilcox,Archie Wilcox,1927
http://dbpedia.org/resource/Vladimír_Dzurilla,Vladimír Dzurilla,1959
http://dbpedia.org/resource/Blair_Barnes,Blair Barnes,1980
http://dbpedia.org/resource/James_van_Riemsdyk,James van Riemsdyk,2009
http://dbpedia.org/resource/Eduard_Zankovets,Eduard Zankovets,1987
http://dbpedia.org/resource/Michel_Larocque,Michel Larocque,1972
http://dbpedia.org/resource/Mark_Bernard,Mark Bernard,1990
http://dbpedia.org/resource/Yan_Stastny,Yan Stastny,2005
http://dbpedia.org/resource/Juha_Ikonen,Juha Ikonen,1988
http://dbpedia.org/resource/Mike_Richard,Mike Richard,1987
http://dbpedia.org/resource/Anthony_Gale_(ice_sledge_hockey),Anthony Gale (ice sledge hockey),2000
http://dbpedia.org/resource/Marián_Gáborík,Marián Gáborík,1998
http://dbpedia.org/resource/Matti_Kuparinen,Matti Kuparinen,2003
http://dbpedia.org/resource/Floyd_Curry,Floyd Curry,1945
http://dbpedia.org/resource/Jarno_Kultanen,Jarno Kultanen,1994
"http://dbpedia.org/resource/Alexei_Vasilevsky_(ice_hockey,_born_1993)","Alexei Vasilevsky (ice hockey, born 1993)",2012
http://dbpedia.org/resource/John_Gould_(ice_hockey),John Gould (ice hockey),1969
http://dbpedia.org/resource/Marty_Pavelich,Marty Pavelich,1944
http://dbpedia.org/resource/Ted_Ouimet,Ted Ouimet,1968
http://dbpedia.org/resource/Anton_Khudobin,Anton Khudobin,2004
http://dbpedia.org/resource/David_Huxley,David Huxley,2005
http://dbpedia.org/resource/Jung_Ahn,Jung Ahn,2012
http://dbpedia.org/resource/Steve_Payne_(ice_hockey),Steve Payne (ice hockey),1978
http://dbpedia.org/resource/Steve_Shutt,Steve Shutt,1972
http://dbpedia.org/resource/Tom_Paton_(ice_hockey),Tom Paton (ice hockey),1883
http://dbpedia.org/resource/Evgeny_Muratov,Evgeny Muratov,1999
http://dbpedia.org/resource/Erika_Lawler,Erika Lawler,2005
http://dbpedia.org/resource/Guyle_Fielder,Guyle Fielder,1951
http://dbpedia.org/resource/Ossi-Petteri_Grönholm,Ossi-Petteri Grönholm,1999
http://dbpedia.org/resource/Mark_Sibbald,Mark Sibbald,2009
http://dbpedia.org/resource/Evgeny_Palenga,Evgeny Palenga,2011
http://dbpedia.org/resource/Gordie_Howe,Gordie Howe,1946
http://dbpedia.org/resource/Hovnan_Markosyan,Hovnan Markosyan,2003
http://dbpedia.org/resource/Jack_Laviolette,Jack Laviolette,1903
http://dbpedia.org/resource/Jyri_Junnila,Jyri Junnila,2003
http://dbpedia.org/resource/Jonathan_Bale,Jonathan Bale,2005
"http://dbpedia.org/resource/Petr_Svoboda_(ice_hockey,_born_1980)","Petr Svoboda (ice hockey, born 1980)",1998
http://dbpedia.org/resource/Rob_Niedermayer,Rob Niedermayer,1993
http://dbpedia.org/resource/Paul_Ronty,Paul Ronty,1945
http://dbpedia.org/resource/Tavis_Hansen,Tavis Hansen,1995
http://dbpedia.org/resource/Bud_Holloway,Bud Holloway,2008
http://dbpedia.org/resource/Ilya_Sorokin,Ilya Sorokin,2012
http://dbpedia.org/resource/Ray_Edwards_(ice_hockey),Ray Edwards (ice hockey),1991
http://dbpedia.org/resource/Vladan_Stransky,Vladan Stransky,1990
http://dbpedia.org/resource/Vítězslav_Ďuriš,Vítězslav Ďuriš,1977
http://dbpedia.org/resource/Kim_Issel,Kim Issel,1987
http://dbpedia.org/resource/Michael_Chaput,Michael Chaput,2012
http://dbpedia.org/resource/Marc-Olivier_Vallerand,Marc-Olivier Vallerand,2010
http://dbpedia.org/resource/Chuck_Luksa,Chuck Luksa,1974
http://dbpedia.org/resource/Joakim_Hagelin,Joakim Hagelin,2009
http://dbpedia.org/resource/Julius_Nättinen,Julius Nättinen,2013
http://dbpedia.org/resource/Jere_Seppälä,Jere Seppälä,2013
http://dbpedia.org/resource/Matt_Hackett,Matt Hackett,2010
http://dbpedia.org/resource/Blake_Evans,Blake Evans,1996
http://dbpedia.org/resource/Jean_Pusie,Jean Pusie,1929
http://dbpedia.org/resource/Mike_Giorgi,Mike Giorgi,2004
http://dbpedia.org/resource/Aran_Fox,Aran Fox,2007
http://dbpedia.org/resource/Tomislav_Zanoški,Tomislav Zanoški,2007
http://dbpedia.org/resource/Rasmus_Rinne,Rasmus Rinne,2009
http://dbpedia.org/resource/Dwayne_Norris,Dwayne Norris,1992
http://dbpedia.org/resource/Martin_Látal,Martin Látal,2005
http://dbpedia.org/resource/Mike_Corrigan,Mike Corrigan,1965
http://dbpedia.org/resource/Jamie_Pushor,Jamie Pushor,1993
http://dbpedia.org/resource/Riccardo_Del_Basso,Riccardo Del Basso,2005
http://dbpedia.org/resource/Lloyd_Cook,Lloyd Cook,1912
http://dbpedia.org/resource/Todd_Kelman,Todd Kelman,1997
http://dbpedia.org/resource/Joël_Chouinard,Joël Chouinard,2010
http://dbpedia.org/resource/Gord_Brydson,Gord Brydson,1926
http://dbpedia.org/resource/Craig_Berube,Craig Berube,1986
http://dbpedia.org/resource/Jimmie_Jansson,Jimmie Jansson,2014
http://dbpedia.org/resource/Dwight_King,Dwight King,2009
http://dbpedia.org/resource/Zemgus_Girgensons,Zemgus Girgensons,2012
http://dbpedia.org/resource/Marc_Reaume,Marc Reaume,1954
http://dbpedia.org/resource/Claude_Evans,Claude Evans,1950
http://dbpedia.org/resource/Jimmy_Kilpatrick,Jimmy Kilpatrick,2008
http://dbpedia.org/resource/Mika_Zibanejad,Mika Zibanejad,2010
http://dbpedia.org/resource/Alexei_Antsiferov,Alexei Antsiferov,2009
http://dbpedia.org/resource/Petr_Franěk,Petr Franěk,1996
http://dbpedia.org/resource/Joël_Champagne,Joël Champagne,2010
http://dbpedia.org/resource/Mike_Hudson,Mike Hudson,1987
http://dbpedia.org/resource/Chris_Neil,Chris Neil,2001
http://dbpedia.org/resource/Shayne_McCosh,Shayne McCosh,1994
http://dbpedia.org/resource/A._J._Gale,A. J. Gale,2009
http://dbpedia.org/resource/Manuel_de_Toni,Manuel de Toni,1995
http://dbpedia.org/resource/Larry_Jeffrey,Larry Jeffrey,1958
http://dbpedia.org/resource/Mathias_Tjärnqvist,Mathias Tjärnqvist,1997
http://dbpedia.org/resource/Chris_Valentine,Chris Valentine,1981
http://dbpedia.org/resource/Andrei_Kostitsyn,Andrei Kostitsyn,2003
http://dbpedia.org/resource/Cameron_Schilling,Cameron Schilling,2012
http://dbpedia.org/resource/Ian_McKegney,Ian McKegney,1971
http://dbpedia.org/resource/Lanny_McDonald,Lanny McDonald,1973
http://dbpedia.org/resource/Phil_DeSimone,Phil DeSimone,2011
http://dbpedia.org/resource/Serhiy_Varlamov,Serhiy Varlamov,1997
http://dbpedia.org/resource/Chris_Gratton,Chris Gratton,1993
http://dbpedia.org/resource/Phil_Fox,Phil Fox,2011
http://dbpedia.org/resource/Cliff_McBride,Cliff McBride,1928
http://dbpedia.org/resource/Brent_Ashton,Brent Ashton,1979
http://dbpedia.org/resource/Craig_Fisher,Craig Fisher,1990
http://dbpedia.org/resource/Ron_Pasco,Ron Pasco,1994
http://dbpedia.org/resource/Karel_Plášek,Karel Plášek,1996
http://dbpedia.org/resource/Mikhail_Fisenko,Mikhail Fisenko,2011
http://dbpedia.org/resource/Steve_Dubinsky,Steve Dubinsky,1993
http://dbpedia.org/resource/Trevor_Read,Trevor Read,2002
http://dbpedia.org/resource/Marc_Rancourt,Marc Rancourt,2010
http://dbpedia.org/resource/Roman_Hamrlík,Roman Hamrlík,1990
http://dbpedia.org/resource/Francis_Reinhard,Francis Reinhard,1967
http://dbpedia.org/resource/Pierre_Bouchard,Pierre Bouchard,1970
http://dbpedia.org/resource/Valtteri_Filppula,Valtteri Filppula,2003
http://dbpedia.org/resource/Glen_Seabrooke,Glen Seabrooke,1986
http://dbpedia.org/resource/Ted_Irvine,Ted Irvine,1963
http://dbpedia.org/resource/Peter_Aeschlimann,Peter Aeschlimann,1972
http://dbpedia.org/resource/Randy_Velischek,Randy Velischek,1983
http://dbpedia.org/resource/Harond_Litim,Harond Litim,1994
http://dbpedia.org/resource/Andrei_Grankin,Andrei Grankin,2006
http://dbpedia.org/resource/Fredrik_Norrena,Fredrik Norrena,1992
http://dbpedia.org/resource/Matt_Barnes_(ice_hockey),Matt Barnes (ice hockey),1999
http://dbpedia.org/resource/Daniel_Grillfors,Daniel Grillfors,2003
http://dbpedia.org/resource/Daniel_Laperrière,Daniel Laperrière,1992
http://dbpedia.org/resource/Joonas_Järvinen,Joonas Järvinen,2007
http://dbpedia.org/resource/Darren_Turcotte,Darren Turcotte,1988
http://dbpedia.org/resource/Shayne_Gostisbehere,Shayne Gostisbehere,2014
http://dbpedia.org/resource/Ivan_Rachůnek,Ivan Rachůnek,1999
http://dbpedia.org/resource/Lukáš_Daneček,Lukáš Daneček,2006
http://dbpedia.org/resource/Roman_Pšurný,Roman Pšurný,2003
http://dbpedia.org/resource/Bert_Corbeau,Bert Corbeau,1914
http://dbpedia.org/resource/Ernie_Parkes,Ernie Parkes,1921
http://dbpedia.org/resource/David_Rutherford_(ice_hockey),David Rutherford (ice hockey),2008
http://dbpedia.org/resource/Ran_McDonald,Ran McDonald,1911
http://dbpedia.org/resource/Brian_Savage,Brian Savage,1993
http://dbpedia.org/resource/Bobby_Carpenter_(ice_hockey),Bobby Carpenter (ice hockey),1981
http://dbpedia.org/resource/Sondre_Olden,Sondre Olden,2010
http://dbpedia.org/resource/Tyler_Haskins,Tyler Haskins,2002
http://dbpedia.org/resource/Billy_Brennan,Billy Brennan,1951
http://dbpedia.org/resource/Dan_LaCosta,Dan LaCosta,2006
http://dbpedia.org/resource/Marc_Methot,Marc Methot,2005
http://dbpedia.org/resource/Brad_Lauer,Brad Lauer,1986
http://dbpedia.org/resource/Al_MacAdam,Al MacAdam,1973
http://dbpedia.org/resource/Mário_Bližňák,Mário Bližňák,2008
http://dbpedia.org/resource/Roman_Tomas,Roman Tomas,1999
http://dbpedia.org/resource/Roberts_Lapainis,Roberts Lapainis,1933
http://dbpedia.org/resource/Jiří_Kuchler,Jiří Kuchler,1995
http://dbpedia.org/resource/Daniel_Paille,Daniel Paille,2004
http://dbpedia.org/resource/Jan_Košťál,Jan Košťál,1999
http://dbpedia.org/resource/Igor_Nikulin_(ice_hockey),Igor Nikulin (ice hockey),1992
http://dbpedia.org/resource/Theodor_Lennstrom,Theodor Lennstrom,2013
http://dbpedia.org/resource/Matt_D'Agostini,Matt D'Agostini,2008
http://dbpedia.org/resource/David_Pastrňák,David Pastrňák,2012
http://dbpedia.org/resource/Stephan_Retzer,Stephan Retzer,1994
http://dbpedia.org/resource/Dmitri_Stulov,Dmitri Stulov,1991
http://dbpedia.org/resource/Andrei_Zubarev,Andrei Zubarev,2003
http://dbpedia.org/resource/Alan_Quine,Alan Quine,2012
http://dbpedia.org/resource/Lew_Morrison,Lew Morrison,1968
http://dbpedia.org/resource/Reed_Low,Reed Low,1998
http://dbpedia.org/resource/Max_Rüegg_(ice_hockey),Max Rüegg (ice hockey),1963
http://dbpedia.org/resource/Ryan_Lindsay_(ice_hockey),Ryan Lindsay (ice hockey),1998
http://dbpedia.org/resource/Bob_Solinger,Bob Solinger,1944
http://dbpedia.org/resource/Talgat_Zhailauov,Talgat Zhailauov,2002
http://dbpedia.org/resource/Brandon_DeFazio,Brandon DeFazio,2011
http://dbpedia.org/resource/Gordon_Laxton,Gordon Laxton,1975
http://dbpedia.org/resource/Jon_Pelle,Jon Pelle,2008
http://dbpedia.org/resource/Greg_Fox_(ice_hockey),Greg Fox (ice hockey),1976
http://dbpedia.org/resource/Kenneth_Kennholt,Kenneth Kennholt,1984
http://dbpedia.org/resource/Ron_Fischer,Ron Fischer,1980
http://dbpedia.org/resource/Rob_Conn,Rob Conn,1991
http://dbpedia.org/resource/Tyler_Maxwell,Tyler Maxwell,2012
http://dbpedia.org/resource/Ed_Ward_(ice_hockey),Ed Ward (ice hockey),1991
http://dbpedia.org/resource/Hilary_Knight_(ice_hockey),Hilary Knight (ice hockey),2006
http://dbpedia.org/resource/Tyler_Murovich,Tyler Murovich,2010
http://dbpedia.org/resource/Carter_Bancks,Carter Bancks,2010
http://dbpedia.org/resource/Oleg_Gubin,Oleg Gubin,2004
http://dbpedia.org/resource/Jason_Becker_(ice_hockey),Jason Becker (ice hockey),2000
http://dbpedia.org/resource/Romain_Masson,Romain Masson,2003
http://dbpedia.org/resource/Arne_Carlsson_(ice_hockey),Arne Carlsson (ice hockey),1959
http://dbpedia.org/resource/Teemu_Lämsä,Teemu Lämsä,2014
http://dbpedia.org/resource/Christopher_Heino-Lindberg,Christopher Heino-Lindberg,2005
http://dbpedia.org/resource/Glen_Hanlon,Glen Hanlon,1977
http://dbpedia.org/resource/Matt_Francis,Matt Francis,2009
http://dbpedia.org/resource/Neil_Stevenson-Moore,Neil Stevenson-Moore,2005
http://dbpedia.org/resource/Niclas_Edman,Niclas Edman,2010
http://dbpedia.org/resource/Gary_McAdam,Gary McAdam,1975
http://dbpedia.org/resource/Glenn_Patrick,Glenn Patrick,1973
http://dbpedia.org/resource/Matt_Selby,Matt Selby,2011
http://dbpedia.org/resource/Noora_Tulus,Noora Tulus,2013
http://dbpedia.org/resource/Dan_Henningson,Dan Henningson,2009
http://dbpedia.org/resource/Maxim_Kondratyev,Maxim Kondratyev,2001
http://dbpedia.org/resource/Mikael_Lindholm,Mikael Lindholm,1986
http://dbpedia.org/resource/Roy_Edwards,Roy Edwards,1959
http://dbpedia.org/resource/Garrett_Festerling,Garrett Festerling,2007
http://dbpedia.org/resource/Anson_Carter,Anson Carter,1996
http://dbpedia.org/resource/Adam_Polášek,Adam Polášek,2009
http://dbpedia.org/resource/Jan_Holub_(ice_hockey),Jan Holub (ice hockey),2001
"http://dbpedia.org/resource/Marcus_Johansson_(ice_hockey,_born_1990)","Marcus Johansson (ice hockey, born 1990)",2007
http://dbpedia.org/resource/Paul_Rivard,Paul Rivard,1921
http://dbpedia.org/resource/Alexander_Preibisch,Alexander Preibisch,2009
http://dbpedia.org/resource/Klemen_Pretnar,Klemen Pretnar,2009
http://dbpedia.org/resource/Steve_Rexe,Steve Rexe,1967
http://dbpedia.org/resource/Nikita_Zaitsev,Nikita Zaitsev,2009
http://dbpedia.org/resource/Ivan_Telegin,Ivan Telegin,2009
http://dbpedia.org/resource/Gennady_Churilov,Gennady Churilov,2005
http://dbpedia.org/resource/Rich_Brennan,Rich Brennan,1995
http://dbpedia.org/resource/Danil_Faizullin,Danil Faizullin,2010
http://dbpedia.org/resource/Brendan_McDowell,Brendan McDowell,2010
http://dbpedia.org/resource/Mike_Gabinet,Mike Gabinet,2004
http://dbpedia.org/resource/Jack_Leswick,Jack Leswick,1929
http://dbpedia.org/resource/Nathan_Walker,Nathan Walker,2010
http://dbpedia.org/resource/Ron_Berteling,Ron Berteling,1975
http://dbpedia.org/resource/Darryl_Maggs,Darryl Maggs,1968
http://dbpedia.org/resource/Kamil_Kreps,Kamil Kreps,2007
http://dbpedia.org/resource/Konstantin_Alexeyev,Konstantin Alexeyev,2006
http://dbpedia.org/resource/Jack_Adams,Jack Adams,1917
http://dbpedia.org/resource/Frank_Carson_(ice_hockey),Frank Carson (ice hockey),1926
http://dbpedia.org/resource/Bobby_Simpson_(ice_hockey),Bobby Simpson (ice hockey),1976
http://dbpedia.org/resource/Ivan_Ageyev,Ivan Ageyev,2013
http://dbpedia.org/resource/Eric_Brewer,Eric Brewer,1998
http://dbpedia.org/resource/Alyn_McCauley,Alyn McCauley,1997
http://dbpedia.org/resource/Claude_Vilgrain,Claude Vilgrain,1988
http://dbpedia.org/resource/Joe_Miller_(ice_hockey),Joe Miller (ice hockey),1916
http://dbpedia.org/resource/Curtis_Hamilton_(ice_hockey),Curtis Hamilton (ice hockey),2011
http://dbpedia.org/resource/Ken_Reardon,Ken Reardon,1940
http://dbpedia.org/resource/Darby_Walker,Darby Walker,1997
http://dbpedia.org/resource/Roger_Christian_(ice_hockey),Roger Christian (ice hockey),1956
http://dbpedia.org/resource/Moe_Mantha_Jr.,Moe Mantha Jr.,1980
http://dbpedia.org/resource/André_Boudrias,André Boudrias,1963
http://dbpedia.org/resource/Carson_Cooper,Carson Cooper,1918
http://dbpedia.org/resource/Victor_Bartley,Victor Bartley,2009
http://dbpedia.org/resource/Jörgen_Jönsson,Jörgen Jönsson,1990
http://dbpedia.org/resource/Henrik_Tömmernes,Henrik Tömmernes,2006
http://dbpedia.org/resource/Matti_Wasama,Matti Wasama,1935
http://dbpedia.org/resource/Jack_Gibson_(ice_hockey_b._1880),Jack Gibson (ice hockey b. 1880),1895
http://dbpedia.org/resource/Mark_Louis,Mark Louis,2012
http://dbpedia.org/resource/Percy_Traub,Percy Traub,1915
http://dbpedia.org/resource/Denis_Yachmenev,Denis Yachmenev,2003
http://dbpedia.org/resource/Miks_Lipsbergs,Miks Lipsbergs,2007
http://dbpedia.org/resource/Martin_Kariya,Martin Kariya,2003
http://dbpedia.org/resource/Jan_Plodek,Jan Plodek,1997
http://dbpedia.org/resource/Régis_Fuchs,Régis Fuchs,1987
http://dbpedia.org/resource/Jan_Janssen_(ice_hockey),Jan Janssen (ice hockey),1975
http://dbpedia.org/resource/Mike_Kitchen,Mike Kitchen,1976
http://dbpedia.org/resource/Austin_McKenzie,Austin McKenzie,2009
http://dbpedia.org/resource/Torrey_Mitchell,Torrey Mitchell,2007
http://dbpedia.org/resource/Sena_Acolatse,Sena Acolatse,2011
http://dbpedia.org/resource/Goldie_Goldthorpe,Goldie Goldthorpe,1973
http://dbpedia.org/resource/Frederick_Roy,Frederick Roy,2012
http://dbpedia.org/resource/Lawrence_Nycholat,Lawrence Nycholat,2000
http://dbpedia.org/resource/Martin_Jenáček,Martin Jenáček,1999
http://dbpedia.org/resource/Luboš_Rob_(ice_hockey_b._1995),Luboš Rob (ice hockey b. 1995),2013
http://dbpedia.org/resource/Toni_Söderholm,Toni Söderholm,1998
http://dbpedia.org/resource/Cam_Brown,Cam Brown,1990
http://dbpedia.org/resource/Vasile_Huțanu,Vasile Huțanu,1975
http://dbpedia.org/resource/Mikael_Ruohomaa,Mikael Ruohomaa,2011
http://dbpedia.org/resource/Terry_Ewasiuk,Terry Ewasiuk,1973
http://dbpedia.org/resource/Éric_Veilleux,Éric Veilleux,1993
http://dbpedia.org/resource/Alex_Stalock,Alex Stalock,2009
http://dbpedia.org/resource/Joel_Lehtinen,Joel Lehtinen,2013
http://dbpedia.org/resource/Jordan_Schmaltz,Jordan Schmaltz,2015
http://dbpedia.org/resource/John_Tucker_(ice_hockey),John Tucker (ice hockey),1983
http://dbpedia.org/resource/Keith_McCambridge,Keith McCambridge,1995
http://dbpedia.org/resource/Willie_Huber,Willie Huber,1978
http://dbpedia.org/resource/Ville_Peltonen,Ville Peltonen,1991
http://dbpedia.org/resource/Mike_Krushelnyski,Mike Krushelnyski,1980
http://dbpedia.org/resource/Francis_Wathier,Francis Wathier,2005
http://dbpedia.org/resource/Steve_Konroyd,Steve Konroyd,1981
http://dbpedia.org/resource/Mike_Robitaille,Mike Robitaille,1968
http://dbpedia.org/resource/Christian_Djoos,Christian Djoos,2011
http://dbpedia.org/resource/Dave_Schultz_(ice_hockey),Dave Schultz (ice hockey),1969
http://dbpedia.org/resource/Brad_Bombardir,Brad Bombardir,1994
http://dbpedia.org/resource/Slavomír_Pavličko,Slavomír Pavličko,1992
http://dbpedia.org/resource/Egor_Averin,Egor Averin,2007
http://dbpedia.org/resource/Jimmy_Gibson_(ice_hockey),Jimmy Gibson (ice hockey),1917
"http://dbpedia.org/resource/Tom_McCarthy_(ice_hockey,_born_1934)","Tom McCarthy (ice hockey, born 1934)",1955
http://dbpedia.org/resource/Bob_Kudelski,Bob Kudelski,1987
http://dbpedia.org/resource/Artūrs_Kulda,Artūrs Kulda,2005
http://dbpedia.org/resource/Jean-Claude_Garneau,Jean-Claude Garneau,1969
http://dbpedia.org/resource/Val_Fonteyne,Val Fonteyne,1954
http://dbpedia.org/resource/Oleg_Kvasha,Oleg Kvasha,1995
http://dbpedia.org/resource/Garrett_Roe,Garrett Roe,2011
http://dbpedia.org/resource/Billy_Thompson_(ice_hockey),Billy Thompson (ice hockey),2003
http://dbpedia.org/resource/Jon_Kalinski,Jon Kalinski,2008
http://dbpedia.org/resource/Michaela_Matejová,Michaela Matejová,2005
http://dbpedia.org/resource/Nikolay_Mikhaylovich_Makarov,Nikolay Mikhaylovich Makarov,1969
http://dbpedia.org/resource/Nicklas_Lasu,Nicklas Lasu,2007
http://dbpedia.org/resource/Mark_Katic,Mark Katic,2009
http://dbpedia.org/resource/Greg_McKegg,Greg McKegg,2011
http://dbpedia.org/resource/Anton_Malyshev,Anton Malyshev,2005
http://dbpedia.org/resource/Randy_Betty,Randy Betty,1978
http://dbpedia.org/resource/Calvin_de_Haan,Calvin de Haan,2011
http://dbpedia.org/resource/Rickard_Wallin,Rickard Wallin,1999
http://dbpedia.org/resource/Earl_Robertson,Earl Robertson,1928
http://dbpedia.org/resource/Martina_Veličková,Martina Veličková,2009
http://dbpedia.org/resource/Trevor_Converse,Trevor Converse,1991
http://dbpedia.org/resource/Marty_Gateman,Marty Gateman,1972
http://dbpedia.org/resource/Floyd_Hillman,Floyd Hillman,1952
http://dbpedia.org/resource/Kasper_Jensen_(ice_hockey),Kasper Jensen (ice hockey),2007
http://dbpedia.org/resource/Kim_Kyu-hun,Kim Kyu-hun,2005
http://dbpedia.org/resource/Tyler_Wotherspoon,Tyler Wotherspoon,2013
http://dbpedia.org/resource/Ryan_Spooner,Ryan Spooner,2011
http://dbpedia.org/resource/Stelio_Zupancich,Stelio Zupancich,1979
http://dbpedia.org/resource/Bari_McKenzie,Bari McKenzie,2003
http://dbpedia.org/resource/Iiro_Pakarinen,Iiro Pakarinen,2009
http://dbpedia.org/resource/Justin_Kelly_(ice_hockey),Justin Kelly (ice hockey),2002
http://dbpedia.org/resource/Dmitri_Lugin,Dmitri Lugin,2008
http://dbpedia.org/resource/Steve_Witiuk,Steve Witiuk,1946
http://dbpedia.org/resource/Hans_Zach,Hans Zach,1967
http://dbpedia.org/resource/Romano_Lemm,Romano Lemm,2002
http://dbpedia.org/resource/Josh_McQuade,Josh McQuade,2011
http://dbpedia.org/resource/Juha-Pekka_Hytönen,Juha-Pekka Hytönen,2000
http://dbpedia.org/resource/Simon_Ferguson_(ice_hockey),Simon Ferguson (ice hockey),2004
http://dbpedia.org/resource/Niklas_Fogström,Niklas Fogström,2000
"http://dbpedia.org/resource/Barry_Smith_(ice_hockey,_born_1955)","Barry Smith (ice hockey, born 1955)",1975
http://dbpedia.org/resource/Ken_Hodge,Ken Hodge,1964
http://dbpedia.org/resource/Rod_Branch,Rod Branch,1996
http://dbpedia.org/resource/Corey_Tropp,Corey Tropp,2010
http://dbpedia.org/resource/Peter_Berndtsson,Peter Berndtsson,1983
http://dbpedia.org/resource/Patrick_Howald,Patrick Howald,1987
http://dbpedia.org/resource/Oskar_Lindstedt,Oskar Lindstedt,2011
http://dbpedia.org/resource/Leo_Bourgeault,Leo Bourgeault,1924
http://dbpedia.org/resource/John_Quenneville,John Quenneville,2016
http://dbpedia.org/resource/Jim_Leavins,Jim Leavins,1984
http://dbpedia.org/resource/D._J._King,D. J. King,2004
http://dbpedia.org/resource/Ralf_Hantschke,Ralf Hantschke,1984
http://dbpedia.org/resource/Björn_Barta,Björn Barta,1998
http://dbpedia.org/resource/Benoit_Gosselin,Benoit Gosselin,1977
http://dbpedia.org/resource/Joe_Cavanagh,Joe Cavanagh,1968
http://dbpedia.org/resource/Jiří_Dopita,Jiří Dopita,1990
http://dbpedia.org/resource/Jimmy_Vesey,Jimmy Vesey,2016
http://dbpedia.org/resource/Eric_Walsky,Eric Walsky,2009
http://dbpedia.org/resource/Gerald_Diduck,Gerald Diduck,1984
http://dbpedia.org/resource/Bob_Charlebois,Bob Charlebois,1961
http://dbpedia.org/resource/Ondrej_Otčenáš,Ondrej Otčenáš,2007
http://dbpedia.org/resource/Igor_Bobček,Igor Bobček,2003
http://dbpedia.org/resource/Ray_Allison,Ray Allison,1979
http://dbpedia.org/resource/Evgeny_Orlov,Evgeny Orlov,2009
http://dbpedia.org/resource/Jordan_Bianchin,Jordan Bianchin,2004
http://dbpedia.org/resource/Aaron_Broten,Aaron Broten,1980
http://dbpedia.org/resource/Paul_Brousseau,Paul Brousseau,1993
http://dbpedia.org/resource/Milan_Procházka,Milan Procházka,1996
"http://dbpedia.org/resource/Jonas_Johansson_(ice_hockey,_born_1995)","Jonas Johansson (ice hockey, born 1995)",2014
http://dbpedia.org/resource/Andreas_Andersson_(ice_hockey),Andreas Andersson (ice hockey),1997
http://dbpedia.org/resource/Emil_Larsson_(ice_hockey),Emil Larsson (ice hockey),2013
http://dbpedia.org/resource/Mat_Robinson,Mat Robinson,2009
http://dbpedia.org/resource/Al_Karlander,Al Karlander,1969
http://dbpedia.org/resource/Logan_Shaw,Logan Shaw,2013
http://dbpedia.org/resource/Robert_Kousal,Robert Kousal,2009
http://dbpedia.org/resource/Mark_Isherwood_(ice_hockey),Mark Isherwood (ice hockey),2010
http://dbpedia.org/resource/Vladimir_Kramar,Vladimir Kramar,2008
http://dbpedia.org/resource/Bill_Muckalt,Bill Muckalt,1998
"http://dbpedia.org/resource/Pat_Donnelly_(ice_hockey,_born_1953)","Pat Donnelly (ice hockey, born 1953)",1973
http://dbpedia.org/resource/Alexander_Perezhogin,Alexander Perezhogin,2000
http://dbpedia.org/resource/Rickard_Rakell,Rickard Rakell,2010
http://dbpedia.org/resource/Martin_Buchwieser,Martin Buchwieser,2006
http://dbpedia.org/resource/Shawn_McCosh,Shawn McCosh,1990
http://dbpedia.org/resource/Michael_Davies_(ice_hockey),Michael Davies (ice hockey),2010
http://dbpedia.org/resource/Jerry_Byers,Jerry Byers,1972
http://dbpedia.org/resource/Ben_Maxwell,Ben Maxwell,2008
http://dbpedia.org/resource/Mike_Byers,Mike Byers,1967
http://dbpedia.org/resource/Turner_Stevenson,Turner Stevenson,1992
http://dbpedia.org/resource/Paul_Gaustad,Paul Gaustad,2002
http://dbpedia.org/resource/Jared_Bednar,Jared Bednar,1993
http://dbpedia.org/resource/Danny_Richmond,Danny Richmond,2004
http://dbpedia.org/resource/Terry_Murray,Terry Murray,1970
http://dbpedia.org/resource/Blake_Dunlop,Blake Dunlop,1973
http://dbpedia.org/resource/Marc_Habscheid,Marc Habscheid,1982
http://dbpedia.org/resource/Jim_Adair,Jim Adair,1968
http://dbpedia.org/resource/Matt_Bradley,Matt Bradley,1997
http://dbpedia.org/resource/Larry_Keenan,Larry Keenan,1961
http://dbpedia.org/resource/Scott_Jackson_(ice_hockey),Scott Jackson (ice hockey),2008
http://dbpedia.org/resource/Cliff_Barton,Cliff Barton,1929
http://dbpedia.org/resource/Duane_Sutter,Duane Sutter,1979
http://dbpedia.org/resource/Bengt_Ohlson,Bengt Ohlson,1957
http://dbpedia.org/resource/Ken_Holland,Ken Holland,1983
http://dbpedia.org/resource/Tommy_Westlund,Tommy Westlund,1995
http://dbpedia.org/resource/Boris_Elik,Boris Elik,1951
http://dbpedia.org/resource/Brit_Selby,Brit Selby,1965
http://dbpedia.org/resource/Pete_Vipond,Pete Vipond,1969
http://dbpedia.org/resource/Erik_Rasmussen_(ice_hockey),Erik Rasmussen (ice hockey),1997
http://dbpedia.org/resource/Louis-Marc_Aubry,Louis-Marc Aubry,2011
http://dbpedia.org/resource/Iain_Fraser_(ice_hockey),Iain Fraser (ice hockey),1990
http://dbpedia.org/resource/Ctirad_Ovčáčík,Ctirad Ovčáčík,2003
http://dbpedia.org/resource/Brad_Hunt_(ice_hockey),Brad Hunt (ice hockey),2012
http://dbpedia.org/resource/David_Ling,David Ling,1995
http://dbpedia.org/resource/Tomáš_Bulík,Tomáš Bulík,2003
http://dbpedia.org/resource/Filip_Forsberg,Filip Forsberg,2010
http://dbpedia.org/resource/Jack_Marshall_(ice_hockey),Jack Marshall (ice hockey),1898
http://dbpedia.org/resource/Raphael_Diaz,Raphael Diaz,2003
http://dbpedia.org/resource/Bryan_Allen_(ice_hockey),Bryan Allen (ice hockey),2000
http://dbpedia.org/resource/Alexander_Ytterell,Alexander Ytterell,2011
http://dbpedia.org/resource/Carl_Greenhous,Carl Greenhous,1995
http://dbpedia.org/resource/Stacy_Roest,Stacy Roest,1995
http://dbpedia.org/resource/Lukáš_Novák,Lukáš Novák,2013
http://dbpedia.org/resource/Sebastian_Stålberg,Sebastian Stålberg,2012
http://dbpedia.org/resource/Nolan_Schaefer,Nolan Schaefer,2003
http://dbpedia.org/resource/Robin_Dahse,Robin Dahse,2011
http://dbpedia.org/resource/Ryan_Mulhern,Ryan Mulhern,1996
http://dbpedia.org/resource/Rod_Buskas,Rod Buskas,1981
http://dbpedia.org/resource/Jared_Staal,Jared Staal,2009
http://dbpedia.org/resource/Hy_Buller,Hy Buller,1943
http://dbpedia.org/resource/Tomi_Källarsson,Tomi Källarsson,1998
"http://dbpedia.org/resource/Peter_Andersson_(ice_hockey,_born_1965)","Peter Andersson (ice hockey, born 1965)",1985
http://dbpedia.org/resource/Gerry_Odrowski,Gerry Odrowski,1959
http://dbpedia.org/resource/Joe_Grant_(ice_hockey),Joe Grant (ice hockey),1979
http://dbpedia.org/resource/Chris_Harrington_(ice_hockey),Chris Harrington (ice hockey),2006
http://dbpedia.org/resource/Stefan_Stepanov,Stefan Stepanov,2010
http://dbpedia.org/resource/Bruce_Landon,Bruce Landon,1969
http://dbpedia.org/resource/Pud_Hamilton,Pud Hamilton,1898
http://dbpedia.org/resource/Kevin_Du,Kevin Du,2007
http://dbpedia.org/resource/Curt_Bennett,Curt Bennett,1970
http://dbpedia.org/resource/Rene_Bourque,Rene Bourque,2004
http://dbpedia.org/resource/Denis_Afinogenov,Denis Afinogenov,1992
http://dbpedia.org/resource/Scott_Daniels_(ice_hockey),Scott Daniels (ice hockey),1990
http://dbpedia.org/resource/Philipp_Neuenschwander,Philipp Neuenschwander,1981
http://dbpedia.org/resource/Adam_Comrie,Adam Comrie,2010
http://dbpedia.org/resource/Anders_Broström,Anders Broström,1970
http://dbpedia.org/resource/Andreas_Martinsen,Andreas Martinsen,2007
http://dbpedia.org/resource/David_Suvanto,David Suvanto,2014
http://dbpedia.org/resource/Jean-Paul_Davis,Jean-Paul Davis,1997
http://dbpedia.org/resource/Mike_Berube,Mike Berube,2009
http://dbpedia.org/resource/Marián_Šťastný,Marián Šťastný,1974
http://dbpedia.org/resource/Linnea_Bäckman,Linnea Bäckman,2011
http://dbpedia.org/resource/Jamie_Hagerman,Jamie Hagerman,1999
http://dbpedia.org/resource/Adam_Bergendahl,Adam Bergendahl,2013
http://dbpedia.org/resource/Brian_Fahey_(ice_hockey),Brian Fahey (ice hockey),2003
http://dbpedia.org/resource/Matt_Henderson_(ice_hockey),Matt Henderson (ice hockey),1998
http://dbpedia.org/resource/Igor_Bortnikov,Igor Bortnikov,2008
http://dbpedia.org/resource/Todd_Graham_(ice_hockey),Todd Graham (ice hockey),2006
http://dbpedia.org/resource/Allen_Bourbeau,Allen Bourbeau,1988
http://dbpedia.org/resource/Daniel_Vukovic,Daniel Vukovic,2008
http://dbpedia.org/resource/Andreas_Johansson_(ice_hockey),Andreas Johansson (ice hockey),1991
http://dbpedia.org/resource/Ilya_Byakin,Ilya Byakin,1982
http://dbpedia.org/resource/Mark_Barberio,Mark Barberio,2010
http://dbpedia.org/resource/Jim_Fox_(ice_hockey),Jim Fox (ice hockey),1980
http://dbpedia.org/resource/Jean-Guy_Gendron,Jean-Guy Gendron,1954
http://dbpedia.org/resource/Vadim_Gusseinov,Vadim Gusseinov,1985
http://dbpedia.org/resource/Jayson_More,Jayson More,1988
http://dbpedia.org/resource/Martin_Štrbák,Martin Štrbák,1994
http://dbpedia.org/resource/Scott_Thomas_(ice_hockey),Scott Thomas (ice hockey),1992
http://dbpedia.org/resource/Nathan_MacKinnon,Nathan MacKinnon,2013
http://dbpedia.org/resource/Dave_Manson,Dave Manson,1986
http://dbpedia.org/resource/Vladislav_Yegin,Vladislav Yegin,2007
http://dbpedia.org/resource/Patrick_Cehlin,Patrick Cehlin,2009
http://dbpedia.org/resource/Calle_Ridderwall,Calle Ridderwall,2011
http://dbpedia.org/resource/Andy_Branigan,Andy Branigan,1939
http://dbpedia.org/resource/Marc-André_Dorion,Marc-André Dorion,2012
http://dbpedia.org/resource/Bernhard_Bagnoud,Bernhard Bagnoud,1956
http://dbpedia.org/resource/Mika_Lehto,Mika Lehto,1998
http://dbpedia.org/resource/Anders_Myrvold,Anders Myrvold,1993
http://dbpedia.org/resource/Henrik_Eriksson_(ice_hockey),Henrik Eriksson (ice hockey),2007
http://dbpedia.org/resource/Rob_Dopson,Rob Dopson,1990
http://dbpedia.org/resource/Nap_Milroy,Nap Milroy,1947
http://dbpedia.org/resource/Anthony_Stewart_(ice_hockey),Anthony Stewart (ice hockey),2005
http://dbpedia.org/resource/Jannik_Fischer,Jannik Fischer,2008
http://dbpedia.org/resource/Jan_Zdráhal,Jan Zdráhal,2010
http://dbpedia.org/resource/Ladislav_Šmíd,Ladislav Šmíd,2002
http://dbpedia.org/resource/Brad_Selwood,Brad Selwood,1968
http://dbpedia.org/resource/Jim_Seaborn,Jim Seaborn,1914
http://dbpedia.org/resource/Nathan_Beaulieu,Nathan Beaulieu,2012
http://dbpedia.org/resource/Brad_MacGregor,Brad MacGregor,1986
http://dbpedia.org/resource/Rick_Rypien,Rick Rypien,2005
http://dbpedia.org/resource/Chris_VandeVelde,Chris VandeVelde,2010
http://dbpedia.org/resource/Darren_Reid,Darren Reid,2004
http://dbpedia.org/resource/Ico_Migliore,Ico Migliore,1978
http://dbpedia.org/resource/Sepp_Göbl,Sepp Göbl,1928
http://dbpedia.org/resource/Merlyn_Phillips,Merlyn Phillips,1914
http://dbpedia.org/resource/Lukáš_Poživil,Lukáš Poživil,2001
http://dbpedia.org/resource/Earl_Johnson_(ice_hockey),Earl Johnson (ice hockey),1949
http://dbpedia.org/resource/Kevin_Seibel,Kevin Seibel,2008
http://dbpedia.org/resource/Tomáš_Marcinko,Tomáš Marcinko,2008
http://dbpedia.org/resource/Georgijs_Pujacs,Georgijs Pujacs,1996
http://dbpedia.org/resource/Ryan_Walter,Ryan Walter,1978
http://dbpedia.org/resource/Pekka_Rinne,Pekka Rinne,2001
http://dbpedia.org/resource/Orland_Kurtenbach,Orland Kurtenbach,1954
http://dbpedia.org/resource/Cory_Pecker,Cory Pecker,2002
http://dbpedia.org/resource/Jacob_Goll,Jacob Goll,2012
http://dbpedia.org/resource/Harry_Lange_(ice_hockey),Harry Lange (ice hockey),1999
http://dbpedia.org/resource/Phil_Stein,Phil Stein,1933
http://dbpedia.org/resource/Sean_Whyte_(ice_hockey),Sean Whyte (ice hockey),1990
http://dbpedia.org/resource/Dániel_Kiss_(ice_hockey_player),Dániel Kiss (ice hockey player),2007
http://dbpedia.org/resource/Matthew_Register,Matthew Register,2012
http://dbpedia.org/resource/Mike_Danton,Mike Danton,2011
http://dbpedia.org/resource/Peter_Bessone,Peter Bessone,1931
http://dbpedia.org/resource/Jesse_Fibiger,Jesse Fibiger,2001
http://dbpedia.org/resource/Robert_Nyholm,Robert Nyholm,2008
http://dbpedia.org/resource/Jerred_Smithson,Jerred Smithson,2002
http://dbpedia.org/resource/Chris_Leinweber,Chris Leinweber,2003
http://dbpedia.org/resource/Jaden_Schwartz,Jaden Schwartz,2012
http://dbpedia.org/resource/Walt_Tkaczuk,Walt Tkaczuk,1967
http://dbpedia.org/resource/Brian_Callahan,Brian Callahan,1997
http://dbpedia.org/resource/Ryan_Parent,Ryan Parent,2006
http://dbpedia.org/resource/Brandon_Mashinter,Brandon Mashinter,2009
http://dbpedia.org/resource/Mike_Ribeiro,Mike Ribeiro,1999
http://dbpedia.org/resource/Teemu_Normio,Teemu Normio,1999
http://dbpedia.org/resource/Jack_Borotsik,Jack Borotsik,1966
http://dbpedia.org/resource/Ludvig_Byström,Ludvig Byström,2011
http://dbpedia.org/resource/Chris_Snell,Chris Snell,1991
http://dbpedia.org/resource/George_McPhee,George McPhee,1978
http://dbpedia.org/resource/Ramil_Yuldashev,Ramil Yuldashev,1978
http://dbpedia.org/resource/Shawn_Skelly,Shawn Skelly,2011
http://dbpedia.org/resource/Manuel_Strodel,Manuel Strodel,2011
http://dbpedia.org/resource/Matěj_Psota,Matěj Psota,2013
http://dbpedia.org/resource/Bryan_Bridges,Bryan Bridges,2006
http://dbpedia.org/resource/Jake_Hansen_(ice_hockey),Jake Hansen (ice hockey),2012
http://dbpedia.org/resource/Wilf_Talbot,Wilf Talbot,1919
http://dbpedia.org/resource/Ryan_Kesler,Ryan Kesler,2003
http://dbpedia.org/resource/Laura_Stacey,Laura Stacey,2011
http://dbpedia.org/resource/Brayden_Schenn,Brayden Schenn,2009
http://dbpedia.org/resource/Pasi_Nurminen,Pasi Nurminen,1994
http://dbpedia.org/resource/Josh_Lunden,Josh Lunden,2010
http://dbpedia.org/resource/Rudolf_Vojta,Rudolf Vojta,1936
http://dbpedia.org/resource/Mikhail_Tatarinov,Mikhail Tatarinov,1983
http://dbpedia.org/resource/Wacey_Hamilton,Wacey Hamilton,2011
http://dbpedia.org/resource/Greg_Oddy,Greg Oddy,1998
http://dbpedia.org/resource/Rhett_Warrener,Rhett Warrener,1995
http://dbpedia.org/resource/Alexander_Kitarov,Alexander Kitarov,2005
http://dbpedia.org/resource/Vladimir_Denisov_(ice_hockey),Vladimir Denisov (ice hockey),2001
http://dbpedia.org/resource/Ryan_Shannon,Ryan Shannon,2005
http://dbpedia.org/resource/Jack_Bownass,Jack Bownass,1950
http://dbpedia.org/resource/Markus_Gander,Markus Gander,2010
http://dbpedia.org/resource/Fredric_Andersson,Fredric Andersson,2006
http://dbpedia.org/resource/Jonas_Gunnarsson,Jonas Gunnarsson,2009
http://dbpedia.org/resource/Micki_DuPont,Micki DuPont,2000
http://dbpedia.org/resource/Gary_Nylund,Gary Nylund,1982
http://dbpedia.org/resource/Markus_Janka,Markus Janka,2000
http://dbpedia.org/resource/Mark_Osborne_(ice_hockey),Mark Osborne (ice hockey),1981
http://dbpedia.org/resource/Hong_Hyun-mok,Hong Hyun-mok,2009
http://dbpedia.org/resource/Chris_Valicevic,Chris Valicevic,1993
http://dbpedia.org/resource/Brad_May,Brad May,1991
http://dbpedia.org/resource/Ben_Storey,Ben Storey,1999
http://dbpedia.org/resource/Maik_Klingsporn,Maik Klingsporn,2011
http://dbpedia.org/resource/Sergei_Lesnukhin,Sergei Lesnukhin,2005
http://dbpedia.org/resource/Lukáš_Vopelka,Lukáš Vopelka,2013
http://dbpedia.org/resource/Alfred_Kuchevsky,Alfred Kuchevsky,1949
http://dbpedia.org/resource/Matt_Tennyson,Matt Tennyson,2012
http://dbpedia.org/resource/Kim_Geun-ho,Kim Geun-ho,2006
http://dbpedia.org/resource/Joel_Eriksson_Ek,Joel Eriksson Ek,2014
http://dbpedia.org/resource/Rick_Cornacchia,Rick Cornacchia,1975
http://dbpedia.org/resource/Filip_Novotný,Filip Novotný,2011
http://dbpedia.org/resource/Bálint_Magosi,Bálint Magosi,2006
http://dbpedia.org/resource/Ed_Litzenberger,Ed Litzenberger,1952
"http://dbpedia.org/resource/Janne_Karlsson_(ice_hockey,_born_1964)","Janne Karlsson (ice hockey, born 1964)",1982
http://dbpedia.org/resource/Alexandr_Hylák,Alexandr Hylák,2003
http://dbpedia.org/resource/Mikhail_Grigorenko,Mikhail Grigorenko,2013
http://dbpedia.org/resource/Teemu_Kesä,Teemu Kesä,1999
http://dbpedia.org/resource/Jason_Christie,Jason Christie,1990
http://dbpedia.org/resource/Stefan_Örnskog,Stefan Örnskog,1987
http://dbpedia.org/resource/Derek_Kern_(ice_hockey),Derek Kern (ice hockey),2002
http://dbpedia.org/resource/Joonas_Jalvanti,Joonas Jalvanti,2006
http://dbpedia.org/resource/Per_Svensson_(ice_hockey),Per Svensson (ice hockey),2006
http://dbpedia.org/resource/Paul_Henderson,Paul Henderson,1962
http://dbpedia.org/resource/Phil_Myre,Phil Myre,1968
http://dbpedia.org/resource/Scott_Stevens,Scott Stevens,1982
http://dbpedia.org/resource/David_Westlund,David Westlund,2013
http://dbpedia.org/resource/Steve_Walker,Steve Walker,1993
http://dbpedia.org/resource/Daniel_Zaar,Daniel Zaar,2012
http://dbpedia.org/resource/Jakub_Koreis,Jakub Koreis,2001
http://dbpedia.org/resource/Andy_Bohmbach,Andy Bohmbach,2010
http://dbpedia.org/resource/Robbie_Moore,Robbie Moore,1978
http://dbpedia.org/resource/Robb_Gordon,Robb Gordon,1996
http://dbpedia.org/resource/Matt_Towe,Matt Towe,2003
http://dbpedia.org/resource/Bret_Tyler,Bret Tyler,2008
http://dbpedia.org/resource/Kenny_Agostino,Kenny Agostino,2014
http://dbpedia.org/resource/Duane_Wylie,Duane Wylie,1967
http://dbpedia.org/resource/Greg_Hotham,Greg Hotham,1976
http://dbpedia.org/resource/Māris_Diļevka,Māris Diļevka,2008
http://dbpedia.org/resource/Darcy_Anderson,Darcy Anderson,1995
http://dbpedia.org/resource/David_Růžička,David Růžička,2005
http://dbpedia.org/resource/Pavel_Kraskovsky,Pavel Kraskovsky,2013
http://dbpedia.org/resource/Roman_Wäger,Roman Wäger,1980
http://dbpedia.org/resource/Glenn_Fisher,Glenn Fisher,2007
http://dbpedia.org/resource/Jesper_Dahlroth,Jesper Dahlroth,2010
http://dbpedia.org/resource/Mikhail_Ustyantsev,Mikhail Ustyantsev,2009
http://dbpedia.org/resource/Paul_Cohen_(ice_hockey),Paul Cohen (ice hockey),1989
http://dbpedia.org/resource/Johnny_Gottselig,Johnny Gottselig,1928
http://dbpedia.org/resource/Alexander_Lipin,Alexander Lipin,2004
http://dbpedia.org/resource/Milan_Hnilička,Milan Hnilička,1989
http://dbpedia.org/resource/Vladimir_Kiselev_(ice_hockey),Vladimir Kiselev (ice hockey),1953
http://dbpedia.org/resource/Ron_Barkwell,Ron Barkwell,1967
http://dbpedia.org/resource/Jeremy_Williams_(ice_hockey),Jeremy Williams (ice hockey),2005
http://dbpedia.org/resource/Zach_Hyman,Zach Hyman,2015
http://dbpedia.org/resource/Clarence_Drouillard,Clarence Drouillard,1934
http://dbpedia.org/resource/Garry_Galley,Garry Galley,1984
http://dbpedia.org/resource/Kim_Davis_(ice_hockey),Kim Davis (ice hockey),1974
http://dbpedia.org/resource/Daniel_Tjärnqvist,Daniel Tjärnqvist,1994
http://dbpedia.org/resource/Tom_Chorske,Tom Chorske,1989
http://dbpedia.org/resource/Jan_Lundell,Jan Lundell,1996
http://dbpedia.org/resource/John_Kurtz,John Kurtz,2010
http://dbpedia.org/resource/Jonathan_Toews,Jonathan Toews,2007
http://dbpedia.org/resource/Peter_Ing,Peter Ing,1989
http://dbpedia.org/resource/Jacqueline_Janzen,Jacqueline Janzen,2009
http://dbpedia.org/resource/Leo_Reise_Jr.,Leo Reise Jr.,1945
http://dbpedia.org/resource/T._J._Syner,T. J. Syner,2012
http://dbpedia.org/resource/Eduard_Šimun,Eduard Šimun,2012
http://dbpedia.org/resource/Tyson_Sexsmith,Tyson Sexsmith,2009
http://dbpedia.org/resource/Matic_Kralj,Matic Kralj,2000
http://dbpedia.org/resource/Guido_Tenesi,Guido Tenesi,1973
http://dbpedia.org/resource/Hank_Goldup,Hank Goldup,1939
http://dbpedia.org/resource/Pat_Falloon,Pat Falloon,1991
http://dbpedia.org/resource/Jim_Hofford,Jim Hofford,1984
http://dbpedia.org/resource/Erik_Karlsson,Erik Karlsson,2008
http://dbpedia.org/resource/Ralf_Rinke,Ralf Rinke,2011
http://dbpedia.org/resource/Ken_Breitenbach,Ken Breitenbach,1975
http://dbpedia.org/resource/Matt_Kennedy_(ice_hockey),Matt Kennedy (ice hockey),2010
http://dbpedia.org/resource/Nick_Petersen,Nick Petersen,2010
http://dbpedia.org/resource/Bill_Ranford,Bill Ranford,1985
http://dbpedia.org/resource/Willard_Ikola,Willard Ikola,1952
http://dbpedia.org/resource/Curtis_Huppe,Curtis Huppe,2000
http://dbpedia.org/resource/Florian_Kettemer,Florian Kettemer,2004
http://dbpedia.org/resource/Jiří_Sekáč,Jiří Sekáč,2011
http://dbpedia.org/resource/Danton_Cole,Danton Cole,1989
http://dbpedia.org/resource/Jarret_Zukiwsky,Jarret Zukiwsky,1997
http://dbpedia.org/resource/Sergei_Peretyagin,Sergei Peretyagin,2001
http://dbpedia.org/resource/Ken_Mann,Ken Mann,1973
http://dbpedia.org/resource/Andrew_Campbell_(ice_hockey),Andrew Campbell (ice hockey),2008
http://dbpedia.org/resource/Adam_Rundqvist,Adam Rundqvist,2010
http://dbpedia.org/resource/Dick_Butler_(ice_hockey),Dick Butler (ice hockey),1946
http://dbpedia.org/resource/Tom_Fergus,Tom Fergus,1981
http://dbpedia.org/resource/Jason_Spezza,Jason Spezza,2002
http://dbpedia.org/resource/Erik_Haula,Erik Haula,2013
http://dbpedia.org/resource/Ossi_Väänänen,Ossi Väänänen,1998
http://dbpedia.org/resource/David_Brooks_(ice_hockey),David Brooks (ice hockey),1959
http://dbpedia.org/resource/Dave_Phillips_(ice_hockey),Dave Phillips (ice hockey),2004
http://dbpedia.org/resource/Chris_Phillips,Chris Phillips,1997
http://dbpedia.org/resource/Mark_Bomersback,Mark Bomersback,2007
http://dbpedia.org/resource/Ville_Ahlgren,Ville Ahlgren,2013
http://dbpedia.org/resource/Yves_Archambault,Yves Archambault,1972
http://dbpedia.org/resource/Jake_Muzzin,Jake Muzzin,2010
http://dbpedia.org/resource/Matt_Nieto,Matt Nieto,2013
http://dbpedia.org/resource/Yves_Racine,Yves Racine,1989
http://dbpedia.org/resource/Anton_Šťastný,Anton Šťastný,1976
http://dbpedia.org/resource/Pauli_Levokari,Pauli Levokari,1996
http://dbpedia.org/resource/Brian_Flynn_(ice_hockey),Brian Flynn (ice hockey),2012
http://dbpedia.org/resource/Ben_Stafford,Ben Stafford,2000
http://dbpedia.org/resource/Adam_Smyth_(ice_hockey),Adam Smyth (ice hockey),2004
http://dbpedia.org/resource/Sylvain_Rodrigue,Sylvain Rodrigue,1997
http://dbpedia.org/resource/Soren_Sturm,Soren Sturm,2006
http://dbpedia.org/resource/Stan_Mikita,Stan Mikita,1958
http://dbpedia.org/resource/Milan_Gajic,Milan Gajic,2005
http://dbpedia.org/resource/Miroslav_Přerost,Miroslav Přerost,1982
http://dbpedia.org/resource/Josh_Anderson_(ice_hockey),Josh Anderson (ice hockey),2014
http://dbpedia.org/resource/Patrik_Nemeth,Patrik Nemeth,2010
http://dbpedia.org/resource/Eetu_Sopanen,Eetu Sopanen,2014
http://dbpedia.org/resource/Tommy_Cross,Tommy Cross,2012
http://dbpedia.org/resource/Miks_Indrašis,Miks Indrašis,2008
http://dbpedia.org/resource/Fred_Lake_(ice_hockey),Fred Lake (ice hockey),1902
http://dbpedia.org/resource/Nikita_Kashirsky,Nikita Kashirsky,2009
http://dbpedia.org/resource/Nikolas_Petrik,Nikolas Petrik,2001
http://dbpedia.org/resource/Roberto_Franchini,Roberto Franchini,2006
http://dbpedia.org/resource/Dylan_Hunter,Dylan Hunter,2006
http://dbpedia.org/resource/Viktor_Kokman,Viktor Kokman,2011
http://dbpedia.org/resource/Fedor_Tyutin,Fedor Tyutin,2000
http://dbpedia.org/resource/Marko_Ahosilta,Marko Ahosilta,2001
http://dbpedia.org/resource/Jan_Vopat,Jan Vopat,1990
http://dbpedia.org/resource/Otto_Wittwer,Otto Wittwer,1962
http://dbpedia.org/resource/Alexander_Johansson,Alexander Johansson,2008
http://dbpedia.org/resource/Nick_Bonino,Nick Bonino,2010
http://dbpedia.org/resource/Ray_Ceresino,Ray Ceresino,1947
http://dbpedia.org/resource/Nick_Jensen,Nick Jensen,2013
http://dbpedia.org/resource/Ken_Holland,Ken Holland,1977
http://dbpedia.org/resource/Jan_Ludvig,Jan Ludvig,1982
http://dbpedia.org/resource/Richard_Petiot,Richard Petiot,2005
http://dbpedia.org/resource/Eddie_Carpenter,Eddie Carpenter,1909
http://dbpedia.org/resource/Drew_MacIntyre,Drew MacIntyre,2003
http://dbpedia.org/resource/Nikola_Gajovský,Nikola Gajovský,2008
http://dbpedia.org/resource/Ian_Schultz,Ian Schultz,2010
http://dbpedia.org/resource/Dave_Scatchard,Dave Scatchard,1996
http://dbpedia.org/resource/Juho_Tommila,Juho Tommila,2013
http://dbpedia.org/resource/Mike_Condon_(ice_hockey),Mike Condon (ice hockey),2013
http://dbpedia.org/resource/Aigars_Cipruss,Aigars Cipruss,1990
http://dbpedia.org/resource/Troy_Murray,Troy Murray,1982
http://dbpedia.org/resource/Vitaly_Tomilin,Vitaly Tomilin,1990
http://dbpedia.org/resource/Grant_Erickson,Grant Erickson,1965
http://dbpedia.org/resource/Nick_Sirota,Nick Sirota,2009
http://dbpedia.org/resource/Jeff_Finger,Jeff Finger,2003
http://dbpedia.org/resource/Nathan_McIver,Nathan McIver,2005
http://dbpedia.org/resource/Murray_Flegel,Murray Flegel,1967
http://dbpedia.org/resource/Ilya_Zubov,Ilya Zubov,2002
http://dbpedia.org/resource/Ray_Gariepy,Ray Gariepy,1948
http://dbpedia.org/resource/Mike_Leclerc,Mike Leclerc,1996
http://dbpedia.org/resource/Bill_Oleschuk,Bill Oleschuk,1975
http://dbpedia.org/resource/Larry_Mavety,Larry Mavety,1963
http://dbpedia.org/resource/Jim_Montgomery_(ice_hockey),Jim Montgomery (ice hockey),1993
http://dbpedia.org/resource/Tim_Bernhardt,Tim Bernhardt,1982
http://dbpedia.org/resource/Jim_Brown_(ice_hockey),Jim Brown (ice hockey),1982
http://dbpedia.org/resource/Kyle_Wanvig,Kyle Wanvig,2001
http://dbpedia.org/resource/Rod_Taylor_(ice_hockey),Rod Taylor (ice hockey),1992
http://dbpedia.org/resource/Tomáš_Dujsík,Tomáš Dujsík,2012
http://dbpedia.org/resource/Isak_Ahrling,Isak Ahrling,2010
http://dbpedia.org/resource/Tomáš_Pavelka,Tomáš Pavelka,2011
http://dbpedia.org/resource/Hammy_Baker,Hammy Baker,1908
http://dbpedia.org/resource/Alex_Henry,Alex Henry,1999
http://dbpedia.org/resource/Jean-Sébastien_Giguère,Jean-Sébastien Giguère,1997
http://dbpedia.org/resource/Dale_Hunter,Dale Hunter,1980
http://dbpedia.org/resource/Ronald_Pettersson,Ronald Pettersson,1951
http://dbpedia.org/resource/Derek_Frenette,Derek Frenette,1991
http://dbpedia.org/resource/Yoshifumi_Fujisawa,Yoshifumi Fujisawa,1995
http://dbpedia.org/resource/Martin_St._Amour,Martin St. Amour,1990
http://dbpedia.org/resource/Charlie_Bourgeois,Charlie Bourgeois,1981
http://dbpedia.org/resource/Jason_Ryznar,Jason Ryznar,2005
http://dbpedia.org/resource/Pat_Egan,Pat Egan,1938
http://dbpedia.org/resource/Liam_O'Brien_(ice_hockey),Liam O'Brien (ice hockey),2014
http://dbpedia.org/resource/Lukáš_Klimek,Lukáš Klimek,2006
http://dbpedia.org/resource/Adam_Burt,Adam Burt,1989
http://dbpedia.org/resource/Ron_Murphy,Ron Murphy,1952
http://dbpedia.org/resource/Ron_Duguay,Ron Duguay,1977
http://dbpedia.org/resource/Viktor_Gordiuk,Viktor Gordiuk,1987
http://dbpedia.org/resource/Robin_Gomez,Robin Gomez,2002
http://dbpedia.org/resource/Alexander_Komaristy,Alexander Komaristy,2006
http://dbpedia.org/resource/Sandy_Jeannin,Sandy Jeannin,1995
http://dbpedia.org/resource/Greg_Amadio,Greg Amadio,2003
http://dbpedia.org/resource/Danny_DeKeyser,Danny DeKeyser,2013
http://dbpedia.org/resource/Ryan_McKay,Ryan McKay,2016
http://dbpedia.org/resource/Jace_Coyle,Jace Coyle,2011
http://dbpedia.org/resource/Christoph_Brandner,Christoph Brandner,1994
http://dbpedia.org/resource/Reggie_Savage,Reggie Savage,1990
http://dbpedia.org/resource/Brian_Engblom,Brian Engblom,1975
http://dbpedia.org/resource/Nelson_Pyatt,Nelson Pyatt,1973
http://dbpedia.org/resource/Egor_Mikhailov,Egor Mikhailov,1997
http://dbpedia.org/resource/Dmytro_Yakushyn,Dmytro Yakushyn,1998
http://dbpedia.org/resource/Marian_Bazany,Marian Bazany,1994
http://dbpedia.org/resource/Mike_Reilly_(ice_hockey),Mike Reilly (ice hockey),2015
http://dbpedia.org/resource/Tommy_Kristiansen,Tommy Kristiansen,2005
http://dbpedia.org/resource/Stéphan_Lebeau,Stéphan Lebeau,1988
http://dbpedia.org/resource/Timo_Helbling,Timo Helbling,1998
http://dbpedia.org/resource/Fred_Stanfield,Fred Stanfield,1964
http://dbpedia.org/resource/Andrei_Stelmakh,Andrei Stelmakh,2012
http://dbpedia.org/resource/Mark_Pysyk,Mark Pysyk,2012
http://dbpedia.org/resource/Christoph_Hoehenleitner,Christoph Hoehenleitner,2005
http://dbpedia.org/resource/Paul_Healey,Paul Healey,1995
http://dbpedia.org/resource/Jamie_Hunt_(ice_hockey),Jamie Hunt (ice hockey),2006
http://dbpedia.org/resource/Josh_Langfeld,Josh Langfeld,2001
http://dbpedia.org/resource/Darren_Eliot,Darren Eliot,1984
http://dbpedia.org/resource/Vadim_Shipachyov,Vadim Shipachyov,2005
http://dbpedia.org/resource/Kim_Kyung-tae_(ice_hockey),Kim Kyung-tae (ice hockey),2003
http://dbpedia.org/resource/Bruce_Driver,Bruce Driver,1983
http://dbpedia.org/resource/Philippe_Boucher,Philippe Boucher,1992
http://dbpedia.org/resource/Jessie_Gregory,Jessie Gregory,2011
http://dbpedia.org/resource/Jimmy_Franks_(ice_hockey),Jimmy Franks (ice hockey),1936
http://dbpedia.org/resource/Sho_Sato_(ice_hockey),Sho Sato (ice hockey),2005
http://dbpedia.org/resource/Terry_Kurtenbach,Terry Kurtenbach,1979
http://dbpedia.org/resource/Steve_Bégin,Steve Bégin,1997
http://dbpedia.org/resource/Zuzana_Drdáková,Zuzana Drdáková,2013
http://dbpedia.org/resource/Jens_Öhling,Jens Öhling,1979
http://dbpedia.org/resource/Mathieu_Brodeur,Mathieu Brodeur,2010
http://dbpedia.org/resource/Brad_Herauf,Brad Herauf,2003
http://dbpedia.org/resource/Sam_Klassen,Sam Klassen,2010
http://dbpedia.org/resource/Don_Morrison_(ice_hockey),Don Morrison (ice hockey),1945
http://dbpedia.org/resource/Jerry_Badiuk,Jerry Badiuk,1974
http://dbpedia.org/resource/Udo_Kiessling,Udo Kiessling,1972
http://dbpedia.org/resource/David_Booth_(ice_hockey),David Booth (ice hockey),2006
http://dbpedia.org/resource/Brian_Cullen,Brian Cullen,1951
http://dbpedia.org/resource/Al_Murray_(ice_hockey),Al Murray (ice hockey),1928
http://dbpedia.org/resource/Fausto_Mazzoleni,Fausto Mazzoleni,1979
http://dbpedia.org/resource/Peter_Bakovic,Peter Bakovic,1985
http://dbpedia.org/resource/Jordan_Smith_(ice_hockey),Jordan Smith (ice hockey),2004
http://dbpedia.org/resource/Billy_Bawlf,Billy Bawlf,1900
http://dbpedia.org/resource/Maxim_Karpov_(ice_hockey),Maxim Karpov (ice hockey),2011
http://dbpedia.org/resource/Anders_Håkansson,Anders Håkansson,1975
http://dbpedia.org/resource/Johannes_Jönsson,Johannes Jönsson,2013
http://dbpedia.org/resource/Yannick_Tifu,Yannick Tifu,2005
http://dbpedia.org/resource/Cory_Larose,Cory Larose,2000
http://dbpedia.org/resource/Robert_Bortuzzo,Robert Bortuzzo,2009
http://dbpedia.org/resource/Rick_Kozak,Rick Kozak,2004
http://dbpedia.org/resource/Mike_Murray_(ice_hockey),Mike Murray (ice hockey),1986
http://dbpedia.org/resource/Fredric_Anderberg,Fredric Anderberg,2013
http://dbpedia.org/resource/Oscar_Engsund,Oscar Engsund,2011
http://dbpedia.org/resource/Gary_Sampson_(ice_hockey),Gary Sampson (ice hockey),1983
http://dbpedia.org/resource/Petr_Přindiš,Petr Přindiš,2010
http://dbpedia.org/resource/Rod_Flett,Rod Flett,1893
http://dbpedia.org/resource/Jonas_Enlund,Jonas Enlund,2006
http://dbpedia.org/resource/Nick_Smith_(ice_hockey),Nick Smith (ice hockey),1999
http://dbpedia.org/resource/Dan_O'Rourke_(ice_hockey),Dan O'Rourke (ice hockey),1993
http://dbpedia.org/resource/Jake_Rathwell,Jake Rathwell,1968
http://dbpedia.org/resource/Jeff_Taffe,Jeff Taffe,2002
http://dbpedia.org/resource/Julie_Zwarthoed,Julie Zwarthoed,2011
http://dbpedia.org/resource/Kevin_Baker_(ice_hockey),Kevin Baker (ice hockey),2000
http://dbpedia.org/resource/Chris_Doyle_(ice_hockey),Chris Doyle (ice hockey),2011
http://dbpedia.org/resource/Alec_Kirschner,Alec Kirschner,2008
http://dbpedia.org/resource/Gordon_Shore,Gordon Shore,1910
http://dbpedia.org/resource/Roman_Lyuduchin,Roman Lyuduchin,2008
http://dbpedia.org/resource/Albert_Holway,Albert Holway,1923
http://dbpedia.org/resource/Ilya_Nekolenko,Ilya Nekolenko,2013
http://dbpedia.org/resource/Kim_Woo-young,Kim Woo-young,2011
http://dbpedia.org/resource/Andre_Deveaux,Andre Deveaux,2004
http://dbpedia.org/resource/Jim_Korn,Jim Korn,1979
http://dbpedia.org/resource/Norm_Dupont,Norm Dupont,1977
"http://dbpedia.org/resource/Bill_Armstrong_(ice_hockey,_born_1966)","Bill Armstrong (ice hockey, born 1966)",1989
http://dbpedia.org/resource/Scott_Harrington_(ice_hockey),Scott Harrington (ice hockey),2013
http://dbpedia.org/resource/Karel_Lang,Karel Lang,1976
http://dbpedia.org/resource/Alfie_Michaud,Alfie Michaud,1999
http://dbpedia.org/resource/Derrick_Walser,Derrick Walser,2002
http://dbpedia.org/resource/Yulian_Popovich,Yulian Popovich,2007
http://dbpedia.org/resource/Anthon_Eriksson,Anthon Eriksson,2013
http://dbpedia.org/resource/Niclas_Hävelid,Niclas Hävelid,1991
http://dbpedia.org/resource/Kevin_Stevens,Kevin Stevens,1987
http://dbpedia.org/resource/Aki_Berg,Aki Berg,1993
http://dbpedia.org/resource/Gustav_Nyquist,Gustav Nyquist,2011
http://dbpedia.org/resource/Brian_McKenzie_(ice_hockey),Brian McKenzie (ice hockey),1971
http://dbpedia.org/resource/Janne_Öfverström,Janne Öfverström,2012
http://dbpedia.org/resource/Mike_Bukta,Mike Bukta,1989
http://dbpedia.org/resource/Reddy_McMillan,Reddy McMillan,1900
http://dbpedia.org/resource/Kimmo_Kapanen,Kimmo Kapanen,1992
"http://dbpedia.org/resource/Andrei_Makarov_(ice_hockey,_born_1966)","Andrei Makarov (ice hockey, born 1966)",1986
http://dbpedia.org/resource/Jeff_Schultz,Jeff Schultz,2006
http://dbpedia.org/resource/Bert_Hunt_(ice_hockey),Bert Hunt (ice hockey),1912
http://dbpedia.org/resource/David_Hruška,David Hruška,1996
http://dbpedia.org/resource/Jozef_Čierny,Jozef Čierny,1992
http://dbpedia.org/resource/Mike_Mole,Mike Mole,2005
http://dbpedia.org/resource/Raffi_Wolf,Raffi Wolf,1998
http://dbpedia.org/resource/Emory_Sparrow,Emory Sparrow,1921
http://dbpedia.org/resource/Herb_Carnegie,Herb Carnegie,1944
http://dbpedia.org/resource/Ondřej_Hošťálek,Ondřej Hošťálek,2010
http://dbpedia.org/resource/Warren_Godfrey,Warren Godfrey,1952
http://dbpedia.org/resource/Alain_Beaulé,Alain Beaulé,1966
http://dbpedia.org/resource/Max_Middendorf,Max Middendorf,1987
http://dbpedia.org/resource/Karri_Rämö,Karri Rämö,2003
http://dbpedia.org/resource/Stefan_Söder,Stefan Söder,2010
http://dbpedia.org/resource/Bruce_Cowick,Bruce Cowick,1971
http://dbpedia.org/resource/Chris_Herperger,Chris Herperger,1995
http://dbpedia.org/resource/Kevin_Romy,Kevin Romy,2000
http://dbpedia.org/resource/Paul_Gillis,Paul Gillis,1983
http://dbpedia.org/resource/J._T._Compher,J. T. Compher,2016
http://dbpedia.org/resource/Richard_Kromm,Richard Kromm,1983
http://dbpedia.org/resource/Derek_Meech,Derek Meech,2006
http://dbpedia.org/resource/Alexander_Almetov,Alexander Almetov,1958
http://dbpedia.org/resource/Yegor_Martynov,Yegor Martynov,2010
http://dbpedia.org/resource/Ross_Parke,Ross Parke,1951
http://dbpedia.org/resource/Bryan_Wells_(ice_hockey),Bryan Wells (ice hockey),1981
http://dbpedia.org/resource/André_Beaulieu,André Beaulieu,1960
http://dbpedia.org/resource/Fredric_Weigel,Fredric Weigel,2011
http://dbpedia.org/resource/Radim_Vrbata,Radim Vrbata,2001
http://dbpedia.org/resource/Jamie_Klayman,Jamie Klayman,2007
http://dbpedia.org/resource/Hank_Nowak,Hank Nowak,1970
http://dbpedia.org/resource/Johan_Lorraine,Johan Lorraine,2008
http://dbpedia.org/resource/Lukáš_Klíma_(ice_hockey),Lukáš Klíma (ice hockey),2010
"http://dbpedia.org/resource/Terry_Ryan_(ice_hockey,_born_1977)","Terry Ryan (ice hockey, born 1977)",1996
http://dbpedia.org/resource/Antoine_Bibeau,Antoine Bibeau,2014
http://dbpedia.org/resource/Simon_Courcelles,Simon Courcelles,2008
http://dbpedia.org/resource/Mark_Borowiecki,Mark Borowiecki,2011
http://dbpedia.org/resource/Bryan_Ewing,Bryan Ewing,2008
http://dbpedia.org/resource/Dan_Labraaten,Dan Labraaten,1969
http://dbpedia.org/resource/Nathan_Paetsch,Nathan Paetsch,2003
http://dbpedia.org/resource/Charles_Pletsch,Charles Pletsch,1911
http://dbpedia.org/resource/Éric_Landry,Éric Landry,1995
http://dbpedia.org/resource/Paul_Dyck,Paul Dyck,1991
http://dbpedia.org/resource/Ron_Hextall,Ron Hextall,1984
http://dbpedia.org/resource/David_Sulkovsky,David Sulkovsky,1999
http://dbpedia.org/resource/Philippe_Paradis,Philippe Paradis,2010
http://dbpedia.org/resource/Dmitrijs_Žabotinskis,Dmitrijs Žabotinskis,1996
http://dbpedia.org/resource/Roger_Belisle,Roger Belisle,1968
http://dbpedia.org/resource/Robert_Burakovsky,Robert Burakovsky,1985
http://dbpedia.org/resource/Bryan_Miller_(ice_hockey),Bryan Miller (ice hockey),2005
http://dbpedia.org/resource/Alexander_Ribbenstrand,Alexander Ribbenstrand,2005
http://dbpedia.org/resource/Everett_McGowan,Everett McGowan,1918
http://dbpedia.org/resource/Reto_Pavoni,Reto Pavoni,1986
http://dbpedia.org/resource/Art_Jones_(ice_hockey),Art Jones (ice hockey),1957
http://dbpedia.org/resource/Grant_Besse,Grant Besse,2013
http://dbpedia.org/resource/Mark_Murphy_(ice_hockey),Mark Murphy (ice hockey),1999
http://dbpedia.org/resource/Dave_Dunn,Dave Dunn,1973
http://dbpedia.org/resource/Joe_Lamb,Joe Lamb,1927
http://dbpedia.org/resource/Mikhail_Mamkin,Mikhail Mamkin,2011
http://dbpedia.org/resource/Tim_Thomas_(ice_hockey),Tim Thomas (ice hockey),1997
http://dbpedia.org/resource/Park_Woo-sang,Park Woo-sang,2008
http://dbpedia.org/resource/Vilma_Tanskanen,Vilma Tanskanen,2011
http://dbpedia.org/resource/Charlie_Cotch,Charlie Cotch,1921
