http://dbpedia.org/ontology/WinterSportPlayer,WinterSportPlayer,http://dbpedia.org/ontology/activeYearsEndYear
http://dbpedia.org/resource/Ron_Busniuk,Ron Busniuk,1978
http://dbpedia.org/resource/René_Corbet,René Corbet,2011
http://dbpedia.org/resource/Foley_Martin,Foley Martin,1922
http://dbpedia.org/resource/Jaroslav_Pouzar,Jaroslav Pouzar,1992
http://dbpedia.org/resource/Floyd_Crawford,Floyd Crawford,1960
http://dbpedia.org/resource/Owen_Lloyd,Owen Lloyd,1983
http://dbpedia.org/resource/Danny_Belisle,Danny Belisle,1971
http://dbpedia.org/resource/Mike_Minard,Mike Minard,2008
http://dbpedia.org/resource/Paul_Manning_(ice_hockey),Paul Manning (ice hockey),2012
http://dbpedia.org/resource/Don_Luce,Don Luce,1982
http://dbpedia.org/resource/Andrei_Dobrokhodov,Andrei Dobrokhodov,2006
http://dbpedia.org/resource/Ondrej_Otčenáš,Ondrej Otčenáš,2013
http://dbpedia.org/resource/Bryan_Watson_(ice_hockey),Bryan Watson (ice hockey),1979
http://dbpedia.org/resource/Rob_Tallas,Rob Tallas,2005
http://dbpedia.org/resource/Craig_Fisher,Craig Fisher,1999
http://dbpedia.org/resource/Hooley_Smith,Hooley Smith,1941
http://dbpedia.org/resource/Jeff_Weber,Jeff Weber,2007
"http://dbpedia.org/resource/Jim_Johnson_(ice_hockey,_born_1942)","Jim Johnson (ice hockey, born 1942)",1975
http://dbpedia.org/resource/Rob_Zettler,Rob Zettler,2002
http://dbpedia.org/resource/Peggy_Fleming,Peggy Fleming,1968
http://dbpedia.org/resource/Harold_Cotton_(ice_hockey),Harold Cotton (ice hockey),1937
http://dbpedia.org/resource/Ron_Duguay,Ron Duguay,1999
http://dbpedia.org/resource/Jocelyn_Lemieux,Jocelyn Lemieux,1999
http://dbpedia.org/resource/Lonny_Bohonos,Lonny Bohonos,2006
http://dbpedia.org/resource/Loren_Galler-Rabinowitz,Loren Galler-Rabinowitz,2006
http://dbpedia.org/resource/Nancy_Drolet,Nancy Drolet,2000
http://dbpedia.org/resource/Troy_Murray,Troy Murray,1997
http://dbpedia.org/resource/Bob_Fryday,Bob Fryday,1953
http://dbpedia.org/resource/Roger_Wilson_(ice_hockey),Roger Wilson (ice hockey),1975
http://dbpedia.org/resource/Chauncey_Kirby,Chauncey Kirby,1899
http://dbpedia.org/resource/Alfred_Lüthi,Alfred Lüthi,1997
http://dbpedia.org/resource/Shawn_McEachern,Shawn McEachern,2006
http://dbpedia.org/resource/Patrick_Lebeau,Patrick Lebeau,2011
http://dbpedia.org/resource/Dmitri_Stulov,Dmitri Stulov,2005
http://dbpedia.org/resource/Bob_Lemieux,Bob Lemieux,1970
http://dbpedia.org/resource/Tim_Jackman,Tim Jackman,2016
http://dbpedia.org/resource/Art_Herchenratter,Art Herchenratter,1947
http://dbpedia.org/resource/Vesa_Viitakoski,Vesa Viitakoski,2010
http://dbpedia.org/resource/Tomas_Csabi,Tomas Csabi,2007
http://dbpedia.org/resource/Don_Cairns,Don Cairns,1978
http://dbpedia.org/resource/Dane_Jackson,Dane Jackson,2003
http://dbpedia.org/resource/Reto_Delnon,Reto Delnon,1952
http://dbpedia.org/resource/Mike_Crowley,Mike Crowley,2002
http://dbpedia.org/resource/J._P._Testwuide,J. P. Testwuide,2013
http://dbpedia.org/resource/Samuel_Rothschild,Samuel Rothschild,1928
http://dbpedia.org/resource/Rick_Berry,Rick Berry,2009
http://dbpedia.org/resource/Jean_Ratelle,Jean Ratelle,1981
http://dbpedia.org/resource/Floyd_Hillman,Floyd Hillman,1964
http://dbpedia.org/resource/Audrey_Peppe,Audrey Peppe,1939
http://dbpedia.org/resource/Cammi_Granato,Cammi Granato,2005
http://dbpedia.org/resource/Igor_Kuznetsov_(ice_hockey),Igor Kuznetsov (ice hockey),1993
http://dbpedia.org/resource/Cam_Paddock,Cam Paddock,2013
http://dbpedia.org/resource/Oksana_Baiul,Oksana Baiul,1994
http://dbpedia.org/resource/Antti-Jussi_Niemi,Antti-Jussi Niemi,2014
http://dbpedia.org/resource/Dan_McGillis,Dan McGillis,2010
http://dbpedia.org/resource/Morris_Lukowich,Morris Lukowich,1987
http://dbpedia.org/resource/Robert_Picard,Robert Picard,1990
http://dbpedia.org/resource/Denis_Larocque,Denis Larocque,1993
http://dbpedia.org/resource/Bill_Guerin,Bill Guerin,2010
http://dbpedia.org/resource/Lukáš_Král,Lukáš Král,1998
http://dbpedia.org/resource/Bob_Tombari,Bob Tombari,1978
http://dbpedia.org/resource/Dejan_Burnik,Dejan Burnik,1989
http://dbpedia.org/resource/Dan_Hinton,Dan Hinton,1979
http://dbpedia.org/resource/Jean_Pusie,Jean Pusie,1943
http://dbpedia.org/resource/Peter_Berndtsson,Peter Berndtsson,2002
http://dbpedia.org/resource/Mike_Matteucci,Mike Matteucci,2004
http://dbpedia.org/resource/Dan_Tangnes,Dan Tangnes,2005
http://dbpedia.org/resource/Tyler_Larter,Tyler Larter,1994
http://dbpedia.org/resource/Bill_Blackwood,Bill Blackwood,1980
http://dbpedia.org/resource/Earl_Campbell_(ice_hockey),Earl Campbell (ice hockey),1929
http://dbpedia.org/resource/Jarod_Palmer,Jarod Palmer,2013
http://dbpedia.org/resource/Arthur_Throop,Arthur Throop,1915
http://dbpedia.org/resource/Janet_Morrissey,Janet Morrissey,1980
http://dbpedia.org/resource/Darren_Van_Oene,Darren Van Oene,2005
http://dbpedia.org/resource/Nick_Harbaruk,Nick Harbaruk,1977
http://dbpedia.org/resource/John_LeClair,John LeClair,2006
http://dbpedia.org/resource/Agnès_Gosselin,Agnès Gosselin,1988
http://dbpedia.org/resource/Mike_Stuart,Mike Stuart,2010
http://dbpedia.org/resource/Jayson_More,Jayson More,1999
http://dbpedia.org/resource/David_Brooks_(ice_hockey),David Brooks (ice hockey),1967
http://dbpedia.org/resource/Haldor_Halderson,Haldor Halderson,1937
http://dbpedia.org/resource/Nobunari_Oda,Nobunari Oda,2013
http://dbpedia.org/resource/Robert_Larsson,Robert Larsson,1995
http://dbpedia.org/resource/Dan_Söderström,Dan Söderström,1983
http://dbpedia.org/resource/Jan_Erixon,Jan Erixon,1994
http://dbpedia.org/resource/Moe_White,Moe White,1952
http://dbpedia.org/resource/Ron_Morgan,Ron Morgan,1977
http://dbpedia.org/resource/Link_Gaetz,Link Gaetz,2007
http://dbpedia.org/resource/Keith_Seabrook,Keith Seabrook,2015
http://dbpedia.org/resource/Pat_Price_(ice_hockey),Pat Price (ice hockey),1988
http://dbpedia.org/resource/Rick_Fraser_(ice_hockey),Rick Fraser (ice hockey),1979
http://dbpedia.org/resource/Nick_Vitucci,Nick Vitucci,2001
http://dbpedia.org/resource/Michael_Zenezini,Michael Zenezini,2002
http://dbpedia.org/resource/Ryan_Bradley,Ryan Bradley,2011
http://dbpedia.org/resource/Gord_Kruppke,Gord Kruppke,1999
http://dbpedia.org/resource/Jacek_Tascher,Jacek Tascher,1979
http://dbpedia.org/resource/Cecil_Dillon,Cecil Dillon,1942
http://dbpedia.org/resource/Ken_Houston_(ice_hockey),Ken Houston (ice hockey),1984
http://dbpedia.org/resource/Tomas_Jonsson,Tomas Jonsson,1998
http://dbpedia.org/resource/Kari_Haakana,Kari Haakana,2010
http://dbpedia.org/resource/Jacques_Cloutier,Jacques Cloutier,1994
http://dbpedia.org/resource/Arthur_A._C._Moore,Arthur A. C. Moore,1909
http://dbpedia.org/resource/Jordan_Parise,Jordan Parise,2013
http://dbpedia.org/resource/Helmut_Kristofics-Binder,Helmut Kristofics-Binder,1981
http://dbpedia.org/resource/Mark_Eaton_(ice_hockey),Mark Eaton (ice hockey),2013
http://dbpedia.org/resource/Jürg_Berger,Jürg Berger,1985
http://dbpedia.org/resource/Paul_Moran_(ice_hockey),Paul Moran (ice hockey),2009
http://dbpedia.org/resource/Len_Ronson,Len Ronson,1973
http://dbpedia.org/resource/Jeff_Van_Nynatten,Jeff Van Nynatten,2008
http://dbpedia.org/resource/Bert_Hunt_(ice_hockey),Bert Hunt (ice hockey),1915
http://dbpedia.org/resource/Don_McKenney,Don McKenney,1970
http://dbpedia.org/resource/Gary_Coalter,Gary Coalter,1979
http://dbpedia.org/resource/Cy_Denneny,Cy Denneny,1929
http://dbpedia.org/resource/Tom_Lawson_(ice_hockey),Tom Lawson (ice hockey),2010
http://dbpedia.org/resource/Bill_Gratton,Bill Gratton,1978
http://dbpedia.org/resource/Patrice_Brisebois,Patrice Brisebois,2009
http://dbpedia.org/resource/Rod_Zaine,Rod Zaine,1975
http://dbpedia.org/resource/Hirofumi_Torii,Hirofumi Torii,2009
http://dbpedia.org/resource/Ayane_Nakamura,Ayane Nakamura,2012
http://dbpedia.org/resource/Jari_Korpisalo,Jari Korpisalo,2005
http://dbpedia.org/resource/Rusty_Crawford,Rusty Crawford,1930
http://dbpedia.org/resource/Terry_Jones_(ice_hockey),Terry Jones (ice hockey),1975
http://dbpedia.org/resource/Derek_Sanderson,Derek Sanderson,1978
http://dbpedia.org/resource/Pēteris_Skudra,Pēteris Skudra,2007
http://dbpedia.org/resource/Joakim_Eriksson,Joakim Eriksson,2015
http://dbpedia.org/resource/Vladimír_Růžička,Vladimír Růžička,2000
http://dbpedia.org/resource/Kyle_Rogers,Kyle Rogers,2015
http://dbpedia.org/resource/Don_Jackson_(ice_hockey),Don Jackson (ice hockey),1987
http://dbpedia.org/resource/Jari_Laukkanen_(ice_hockey),Jari Laukkanen (ice hockey),2002
http://dbpedia.org/resource/Keith_McCreary,Keith McCreary,1975
http://dbpedia.org/resource/Tony_Cimellaro,Tony Cimellaro,2000
http://dbpedia.org/resource/Barry_Wilcox,Barry Wilcox,1975
http://dbpedia.org/resource/Wang_Qingyun,Wang Qingyun,2002
http://dbpedia.org/resource/Carl_Voss,Carl Voss,1938
http://dbpedia.org/resource/Svitlana_Pylypenko,Svitlana Pylypenko,2003
http://dbpedia.org/resource/Shaun_Rogers_(figure_skater),Shaun Rogers (figure skater),2010
http://dbpedia.org/resource/Sam_Ftorek,Sam Ftorek,2015
http://dbpedia.org/resource/Roy_Kelly,Roy Kelly,1969
http://dbpedia.org/resource/Rejean_Stringer,Rejean Stringer,2006
http://dbpedia.org/resource/David_Kozier,David Kozier,2004
http://dbpedia.org/resource/Myriam_Oberwiler,Myriam Oberwiler,1984
http://dbpedia.org/resource/Jimmy_Chappell,Jimmy Chappell,1948
http://dbpedia.org/resource/Étienne_Drapeau,Étienne Drapeau,2002
http://dbpedia.org/resource/Thomas_Hlavik,Thomas Hlavik,1987
http://dbpedia.org/resource/Dean_DeFazio,Dean DeFazio,1989
http://dbpedia.org/resource/Paul_Robinson_(figure_skater),Paul Robinson (figure skater),1988
http://dbpedia.org/resource/Pierre_Dagenais,Pierre Dagenais,2012
http://dbpedia.org/resource/Rich_Brennan,Rich Brennan,2009
http://dbpedia.org/resource/Gaston_Leroux_(ice_hockey),Gaston Leroux (ice hockey),1936
http://dbpedia.org/resource/Tony_Collard,Tony Collard,2005
http://dbpedia.org/resource/Cap_Raeder,Cap Raeder,1980
http://dbpedia.org/resource/Todd_Dougherty,Todd Dougherty,2000
http://dbpedia.org/resource/Myles_Lane,Myles Lane,1934
http://dbpedia.org/resource/Henry_Dyck,Henry Dyck,1944
http://dbpedia.org/resource/Ulf_Nilsson_(ice_hockey),Ulf Nilsson (ice hockey),1983
http://dbpedia.org/resource/Sylvio_Mantha,Sylvio Mantha,1937
http://dbpedia.org/resource/Dan_Hinote,Dan Hinote,2010
http://dbpedia.org/resource/Karen_Preston,Karen Preston,1994
http://dbpedia.org/resource/Gary_Lupul,Gary Lupul,1986
http://dbpedia.org/resource/Craig_Millar,Craig Millar,2002
http://dbpedia.org/resource/Harrie_van_Heumen,Harrie van Heumen,2000
http://dbpedia.org/resource/Sergei_Vyshedkevich,Sergei Vyshedkevich,2011
http://dbpedia.org/resource/Éric_Houde,Éric Houde,2012
http://dbpedia.org/resource/Fernand_Fédronic,Fernand Fédronic,1988
http://dbpedia.org/resource/Maxim_Zavozin,Maxim Zavozin,2011
http://dbpedia.org/resource/Jimmy_Kilburn,Jimmy Kilburn,1952
http://dbpedia.org/resource/Doug_Favell,Doug Favell,1979
http://dbpedia.org/resource/Chris_Grigg_(ice_hockey),Chris Grigg (ice hockey),1976
http://dbpedia.org/resource/Bobby_Gould_(ice_hockey),Bobby Gould (ice hockey),1991
http://dbpedia.org/resource/Curt_Lundmark,Curt Lundmark,1975
http://dbpedia.org/resource/Jonas_Andersson_(ice_hockey),Jonas Andersson (ice hockey),2015
http://dbpedia.org/resource/Murray_Davison,Murray Davison,1971
http://dbpedia.org/resource/Ed_Patenaude,Ed Patenaude,1978
http://dbpedia.org/resource/Thomas_Öberg_(figure_skater),Thomas Öberg (figure skater),1981
http://dbpedia.org/resource/Harold_McNamara,Harold McNamara,1917
http://dbpedia.org/resource/Butch_McDonald,Butch McDonald,1951
http://dbpedia.org/resource/Neil_Sheehy,Neil Sheehy,1994
http://dbpedia.org/resource/Jonathan_Bale,Jonathan Bale,2013
http://dbpedia.org/resource/Pete_Leichnitz,Pete Leichnitz,1948
http://dbpedia.org/resource/Lou_Fontinato,Lou Fontinato,1963
http://dbpedia.org/resource/Jeff_Farkas,Jeff Farkas,2003
http://dbpedia.org/resource/Roberto_Franchini,Roberto Franchini,2010
http://dbpedia.org/resource/Ding_Yang,Ding Yang,2005
http://dbpedia.org/resource/Gus_Forslund,Gus Forslund,1936
http://dbpedia.org/resource/Marie-Claude_Savard-Gagnon,Marie-Claude Savard-Gagnon,1999
http://dbpedia.org/resource/Ryan_Smyth,Ryan Smyth,2014
http://dbpedia.org/resource/Rob_Conn,Rob Conn,1997
http://dbpedia.org/resource/Rik_Wilson,Rik Wilson,1988
http://dbpedia.org/resource/Rod_Smith_(ice_hockey),Rod Smith (ice hockey),1923
http://dbpedia.org/resource/Floyd_Smith,Floyd Smith,1972
http://dbpedia.org/resource/Chris_Schmidt_(ice_hockey),Chris Schmidt (ice hockey),2011
http://dbpedia.org/resource/Merv_Haney,Merv Haney,1976
http://dbpedia.org/resource/Dale_Lewis_(ice_hockey),Dale Lewis (ice hockey),1981
http://dbpedia.org/resource/Christian_Conrad,Christian Conrad,1956
http://dbpedia.org/resource/Robert_Gaudreau,Robert Gaudreau,1969
http://dbpedia.org/resource/Brian_McReynolds,Brian McReynolds,1999
http://dbpedia.org/resource/Matthias_Iberer,Matthias Iberer,2015
http://dbpedia.org/resource/Andrei_Chuvilaev,Andrei Chuvilaev,2006
http://dbpedia.org/resource/Franck_Laporte,Franck Laporte,1996
http://dbpedia.org/resource/Marc_Habscheid,Marc Habscheid,1996
http://dbpedia.org/resource/Jack_O'Callahan,Jack O'Callahan,1989
http://dbpedia.org/resource/Denis_Chalifoux,Denis Chalifoux,2008
http://dbpedia.org/resource/Rick_Hayward_(ice_hockey),Rick Hayward (ice hockey),2001
http://dbpedia.org/resource/Al_Hill_(ice_hockey),Al Hill (ice hockey),1989
http://dbpedia.org/resource/Ryan_O'Marra,Ryan O'Marra,2015
http://dbpedia.org/resource/Juha_Ikonen,Juha Ikonen,2002
http://dbpedia.org/resource/Kamil_Kašťák,Kamil Kašťák,1999
http://dbpedia.org/resource/Don_Fletcher_(ice_hockey),Don Fletcher (ice hockey),1965
http://dbpedia.org/resource/Craig_Berube,Craig Berube,2004
http://dbpedia.org/resource/Dale_Kushner,Dale Kushner,1996
http://dbpedia.org/resource/Kevin_Kraxner,Kevin Kraxner,2011
http://dbpedia.org/resource/Denis_Carufel,Denis Carufel,1975
http://dbpedia.org/resource/Murray_Keogan,Murray Keogan,1977
http://dbpedia.org/resource/Mario_Gosselin_(ice_hockey),Mario Gosselin (ice hockey),1994
http://dbpedia.org/resource/Peter_Krick,Peter Krick,1968
http://dbpedia.org/resource/Florent_Fortier,Florent Fortier,1977
http://dbpedia.org/resource/Dean_Tiltgen,Dean Tiltgen,2006
http://dbpedia.org/resource/Irina_Gashennikova,Irina Gashennikova,2010
http://dbpedia.org/resource/Bob_Cox_(ice_hockey),Bob Cox (ice hockey),1971
http://dbpedia.org/resource/Wade_Dubielewicz,Wade Dubielewicz,2012
http://dbpedia.org/resource/Paul_Rosen,Paul Rosen,2010
http://dbpedia.org/resource/Wendell_Young,Wendell Young,2001
http://dbpedia.org/resource/Carl_Smith_(ice_hockey),Carl Smith (ice hockey),1949
http://dbpedia.org/resource/Rene_Chapdelaine,Rene Chapdelaine,2003
http://dbpedia.org/resource/Vic_Hadfield,Vic Hadfield,1977
http://dbpedia.org/resource/Richard_Zedník,Richard Zedník,2013
http://dbpedia.org/resource/Laëtitia_Hubert,Laëtitia Hubert,2002
http://dbpedia.org/resource/Alexei_Troschinsky,Alexei Troschinsky,2013
http://dbpedia.org/resource/Todd_Eldredge,Todd Eldredge,2002
http://dbpedia.org/resource/Miriam_Manzano,Miriam Manzano,2006
http://dbpedia.org/resource/Byron_Shutt,Byron Shutt,1983
http://dbpedia.org/resource/Bob_McGill,Bob McGill,1996
http://dbpedia.org/resource/Charlie_Liffiton,Charlie Liffiton,1907
http://dbpedia.org/resource/Brad_Park,Brad Park,1985
http://dbpedia.org/resource/Kelly_Burnett,Kelly Burnett,1961
http://dbpedia.org/resource/Chris_Madden,Chris Madden,2006
"http://dbpedia.org/resource/Jack_Riley_(ice_hockey,_born_1919)","Jack Riley (ice hockey, born 1919)",1950
http://dbpedia.org/resource/Troy_Mallette,Troy Mallette,1998
http://dbpedia.org/resource/Tatiana_Totmianina,Tatiana Totmianina,2006
http://dbpedia.org/resource/Roger_Melin,Roger Melin,1985
http://dbpedia.org/resource/Sergei_Krivokrasov,Sergei Krivokrasov,2008
http://dbpedia.org/resource/George_Allen_(ice_hockey),George Allen (ice hockey),1951
http://dbpedia.org/resource/Rem_Murray,Rem Murray,2012
http://dbpedia.org/resource/Aleksandr_Golikov,Aleksandr Golikov,1984
http://dbpedia.org/resource/Kevin_Reiter,Kevin Reiter,2011
http://dbpedia.org/resource/Viktors_Hatuļevs,Viktors Hatuļevs,1981
http://dbpedia.org/resource/Chris_Huxley,Chris Huxley,2014
http://dbpedia.org/resource/Per_Lundell,Per Lundell,2007
http://dbpedia.org/resource/Frank_Bialowas,Frank Bialowas,2006
http://dbpedia.org/resource/Alex_Nicholson,Alex Nicholson,1950
http://dbpedia.org/resource/Sammy_Hebert,Sammy Hebert,1924
http://dbpedia.org/resource/Edward_Slowinski,Edward Slowinski,1958
http://dbpedia.org/resource/Sergei_Voronov_(ice_hockey),Sergei Voronov (ice hockey),2008
http://dbpedia.org/resource/Alexander_Drozdetsky,Alexander Drozdetsky,2012
http://dbpedia.org/resource/Cody_McCormick,Cody McCormick,2015
http://dbpedia.org/resource/Hec_Kilrea,Hec Kilrea,1943
http://dbpedia.org/resource/Ryan_Rishaug,Ryan Rishaug,1997
http://dbpedia.org/resource/Szabolcs_Vidrai,Szabolcs Vidrai,2001
http://dbpedia.org/resource/Mark_Kumpel,Mark Kumpel,1993
http://dbpedia.org/resource/Tracey_Wainman,Tracey Wainman,1986
http://dbpedia.org/resource/Neil_Brady,Neil Brady,2001
http://dbpedia.org/resource/Jim_Pritchard,Jim Pritchard,1977
http://dbpedia.org/resource/Doug_Honegger,Doug Honegger,1996
http://dbpedia.org/resource/Gilles_Villemure,Gilles Villemure,1977
http://dbpedia.org/resource/Ragnar_Wikström,Ragnar Wikström,1970
http://dbpedia.org/resource/Hap_Emms,Hap Emms,1938
http://dbpedia.org/resource/Craig_Hanmer,Craig Hanmer,1977
http://dbpedia.org/resource/Netty_Kim,Netty Kim,1997
http://dbpedia.org/resource/Scott_Walker_(ice_hockey),Scott Walker (ice hockey),2010
http://dbpedia.org/resource/Martin_St._Louis,Martin St. Louis,2015
http://dbpedia.org/resource/John_Aiken_(ice_hockey),John Aiken (ice hockey),1958
http://dbpedia.org/resource/Brian_Eklund,Brian Eklund,2006
http://dbpedia.org/resource/Todd_Fedoruk,Todd Fedoruk,2010
http://dbpedia.org/resource/Paul_Esdale,Paul Esdale,2009
http://dbpedia.org/resource/Paul_Cyr,Paul Cyr,1993
http://dbpedia.org/resource/Jim_Shires,Jim Shires,1975
http://dbpedia.org/resource/D'Arcy_Coulson,D'Arcy Coulson,1936
http://dbpedia.org/resource/Maxim_Mikhailovsky,Maxim Mikhailovsky,2006
http://dbpedia.org/resource/Hanna_Walter,Hanna Walter,1959
http://dbpedia.org/resource/Rashid_Kadyrkaev,Rashid Kadyrkaev,1989
http://dbpedia.org/resource/Steve_Witiuk,Steve Witiuk,1969
http://dbpedia.org/resource/George_Owen_(ice_hockey),George Owen (ice hockey),1933
http://dbpedia.org/resource/Nathan_Horton,Nathan Horton,2014
http://dbpedia.org/resource/Michel_Rouleau,Michel Rouleau,1976
http://dbpedia.org/resource/Earl_Heiskala,Earl Heiskala,1974
http://dbpedia.org/resource/Russell_Jones_(ice_hockey),Russell Jones (ice hockey),1964
http://dbpedia.org/resource/Walt_Atanas,Walt Atanas,1957
http://dbpedia.org/resource/Pierre_Guité,Pierre Guité,1979
http://dbpedia.org/resource/Andre_Gill_(ice_hockey),Andre Gill (ice hockey),1974
http://dbpedia.org/resource/David_Roberts_(ice_hockey),David Roberts (ice hockey),2004
http://dbpedia.org/resource/Bernie_Ruelle,Bernie Ruelle,1947
http://dbpedia.org/resource/Thomas_Milani,Thomas Milani,1988
http://dbpedia.org/resource/Michael_Stewart_(ice_hockey),Michael Stewart (ice hockey),2010
http://dbpedia.org/resource/Alissa_Czisny,Alissa Czisny,2014
http://dbpedia.org/resource/Tom_Howard_(ice_hockey),Tom Howard (ice hockey),1906
http://dbpedia.org/resource/Ed_Stankiewicz,Ed Stankiewicz,1965
http://dbpedia.org/resource/Alexander_Smirnov_(ice_hockey),Alexander Smirnov (ice hockey),2006
http://dbpedia.org/resource/André_Savard,André Savard,1985
http://dbpedia.org/resource/Bogdan_Rudenko,Bogdan Rudenko,2009
http://dbpedia.org/resource/Gaston_Van_Volxem,Gaston Van Volxem,1924
http://dbpedia.org/resource/Pekka_Marjamäki,Pekka Marjamäki,1984
http://dbpedia.org/resource/Chris_Taylor_(ice_hockey),Chris Taylor (ice hockey),2011
http://dbpedia.org/resource/Buzz_Boll,Buzz Boll,1944
http://dbpedia.org/resource/Chris_McAllister,Chris McAllister,2010
http://dbpedia.org/resource/Lasse_Pirjetä,Lasse Pirjetä,2009
http://dbpedia.org/resource/Ted_Long_(ice_hockey),Ted Long (ice hockey),1980
http://dbpedia.org/resource/Jim_Collins_(ice_hockey),Jim Collins (ice hockey),1973
http://dbpedia.org/resource/André_Verdeil,André Verdeil,1924
http://dbpedia.org/resource/David_Maley,David Maley,1999
http://dbpedia.org/resource/Mark_Cockerell,Mark Cockerell,1985
http://dbpedia.org/resource/Robert_Reichel,Robert Reichel,2010
http://dbpedia.org/resource/Tatsuya_Tanaka_(figure_skater),Tatsuya Tanaka (figure skater),2007
http://dbpedia.org/resource/Ryan_Tobler,Ryan Tobler,2010
http://dbpedia.org/resource/Jamie_Heward,Jamie Heward,2009
http://dbpedia.org/resource/Ed_Chadwick,Ed Chadwick,1968
http://dbpedia.org/resource/Jeff_Daniels_(ice_hockey),Jeff Daniels (ice hockey),2003
http://dbpedia.org/resource/Billy_Nicholson_(ice_hockey),Billy Nicholson (ice hockey),1917
http://dbpedia.org/resource/Gordon_Forbes_(figure_skater),Gordon Forbes (figure skater),1985
http://dbpedia.org/resource/Jean-Guy_Trudel,Jean-Guy Trudel,2010
http://dbpedia.org/resource/Jim_Lynch_(ice_hockey),Jim Lynch (ice hockey),1995
http://dbpedia.org/resource/Alexander_Galimov,Alexander Galimov,2011
http://dbpedia.org/resource/Kory_Kocur,Kory Kocur,1993
http://dbpedia.org/resource/Norm_Defelice,Norm Defelice,1970
http://dbpedia.org/resource/Mike_Sillinger,Mike Sillinger,2009
http://dbpedia.org/resource/Sergei_Belo,Sergei Belo,2011
http://dbpedia.org/resource/Todd_Bertuzzi,Todd Bertuzzi,2014
http://dbpedia.org/resource/P._J._Axelsson,P. J. Axelsson,2012
http://dbpedia.org/resource/Bob_David,Bob David,1950
http://dbpedia.org/resource/Otto_Dlabola,Otto Dlabola,2005
http://dbpedia.org/resource/Pierre_Gagne,Pierre Gagne,1970
http://dbpedia.org/resource/Karin_Brandstätter,Karin Brandstätter,2007
http://dbpedia.org/resource/Terran_Sandwith,Terran Sandwith,2003
http://dbpedia.org/resource/Rat_Westwick,Rat Westwick,1909
http://dbpedia.org/resource/Sean_Gagnon,Sean Gagnon,2006
http://dbpedia.org/resource/Barry_Nieckar,Barry Nieckar,2003
http://dbpedia.org/resource/Steve_Wochy,Steve Wochy,1955
http://dbpedia.org/resource/Dave_Reierson,Dave Reierson,1999
http://dbpedia.org/resource/Josef_Boumedienne,Josef Boumedienne,2013
http://dbpedia.org/resource/Andrei_Raisky,Andrei Raisky,2005
http://dbpedia.org/resource/Mel_Bridgman,Mel Bridgman,1989
http://dbpedia.org/resource/Clayton_Pachal,Clayton Pachal,1980
http://dbpedia.org/resource/Brian_Johnson_(ice_hockey),Brian Johnson (ice hockey),1986
http://dbpedia.org/resource/Bert_Knibbs,Bert Knibbs,1954
http://dbpedia.org/resource/Joe_Zanussi,Joe Zanussi,1978
http://dbpedia.org/resource/Denis_Chervyakov,Denis Chervyakov,2001
http://dbpedia.org/resource/Tiny_Thompson,Tiny Thompson,1941
http://dbpedia.org/resource/Dan_Spring_(ice_hockey),Dan Spring (ice hockey),1978
"http://dbpedia.org/resource/Dave_Gilmour_(ice_hockey,_born_1950)","Dave Gilmour (ice hockey, born 1950)",1976
http://dbpedia.org/resource/Chi_Hyun-jung,Chi Hyun-jung,1988
http://dbpedia.org/resource/France_Saint-Louis,France Saint-Louis,1999
http://dbpedia.org/resource/Duane_Sutter,Duane Sutter,1990
http://dbpedia.org/resource/Mike_O'Connell,Mike O'Connell,1990
http://dbpedia.org/resource/Ron_Flockhart_(ice_hockey),Ron Flockhart (ice hockey),1991
http://dbpedia.org/resource/Keith_Acton,Keith Acton,1995
http://dbpedia.org/resource/Michael_Gough_(ice_hockey),Michael Gough (ice hockey),2008
http://dbpedia.org/resource/Randy_Legge,Randy Legge,1977
http://dbpedia.org/resource/Kari_Takko,Kari Takko,2000
http://dbpedia.org/resource/Tomáš_Verner,Tomáš Verner,2014
http://dbpedia.org/resource/Tony_Voce,Tony Voce,2010
http://dbpedia.org/resource/George_Kuzmicz,George Kuzmicz,1976
http://dbpedia.org/resource/Cummy_Burton,Cummy Burton,1968
http://dbpedia.org/resource/Daniel_Rydmark,Daniel Rydmark,2004
http://dbpedia.org/resource/Rick_Middleton,Rick Middleton,1988
http://dbpedia.org/resource/Herb_Cain,Herb Cain,1950
http://dbpedia.org/resource/Chris_Szysky,Chris Szysky,2003
http://dbpedia.org/resource/Gheorghe_Chiper,Gheorghe Chiper,2006
http://dbpedia.org/resource/Frank_Peters_(ice_hockey),Frank Peters (ice hockey),1934
http://dbpedia.org/resource/Martin_Ručinský,Martin Ručinský,2015
http://dbpedia.org/resource/Stefania_Calegari,Stefania Calegari,1993
http://dbpedia.org/resource/Martin_Škoula,Martin Škoula,2015
http://dbpedia.org/resource/Jim_Hofford,Jim Hofford,1990
"http://dbpedia.org/resource/Paul_Thompson_(ice_hockey,_born_1906)","Paul Thompson (ice hockey, born 1906)",1939
http://dbpedia.org/resource/Teresa_Weyna,Teresa Weyna,1976
http://dbpedia.org/resource/Derek_Armstrong_(ice_hockey),Derek Armstrong (ice hockey),2010
http://dbpedia.org/resource/Curt_Fraser,Curt Fraser,1990
http://dbpedia.org/resource/Angie_Keseley,Angie Keseley,2010
http://dbpedia.org/resource/Alfie_Miller,Alfie Miller,1992
http://dbpedia.org/resource/Leo_Thiffault,Leo Thiffault,1974
http://dbpedia.org/resource/Yuka_Kanazawa,Yuka Kanazawa,2001
http://dbpedia.org/resource/Annica_Ahlen,Annica Ahlen,2002
http://dbpedia.org/resource/Frank_Musil,Frank Musil,2001
"http://dbpedia.org/resource/Mike_Kennedy_(ice_hockey,_born_1972)","Mike Kennedy (ice hockey, born 1972)",2007
http://dbpedia.org/resource/Greg_Tebbutt,Greg Tebbutt,1988
http://dbpedia.org/resource/Jan_Čejvan,Jan Čejvan,2003
http://dbpedia.org/resource/Willie_Brossart,Willie Brossart,1977
http://dbpedia.org/resource/Mark_Messier,Mark Messier,2004
http://dbpedia.org/resource/Mike_Murray_(ice_hockey),Mike Murray (ice hockey),2005
http://dbpedia.org/resource/Ray_Gariepy,Ray Gariepy,1969
http://dbpedia.org/resource/Davis_Payne,Davis Payne,2000
http://dbpedia.org/resource/Jack_Garrity,Jack Garrity,1955
"http://dbpedia.org/resource/Don_McLean_(ice_hockey,_born_1926)","Don McLean (ice hockey, born 1926)",1959
http://dbpedia.org/resource/Barry_Cullen,Barry Cullen,1964
http://dbpedia.org/resource/Colleen_O'Connor,Colleen O'Connor,1976
http://dbpedia.org/resource/Dave_Tippett,Dave Tippett,1995
http://dbpedia.org/resource/Bob_Logan_(ice_hockey),Bob Logan (ice hockey),1990
http://dbpedia.org/resource/Bob_Blake_(ice_hockey),Bob Blake (ice hockey),1943
http://dbpedia.org/resource/Jim_Wiley,Jim Wiley,1980
http://dbpedia.org/resource/Don_Metz_(ice_hockey),Don Metz (ice hockey),1949
http://dbpedia.org/resource/Nick_Kypreos,Nick Kypreos,1997
http://dbpedia.org/resource/Oksana_Gozeva,Oksana Gozeva,2010
http://dbpedia.org/resource/Patrik_Juhlin,Patrik Juhlin,2009
http://dbpedia.org/resource/Cam_Janssen,Cam Janssen,2016
http://dbpedia.org/resource/Brent_Cullaton,Brent Cullaton,2013
http://dbpedia.org/resource/Dmitri_Tarabrin,Dmitri Tarabrin,2008
http://dbpedia.org/resource/Fritz_Demmer,Fritz Demmer,1949
http://dbpedia.org/resource/Małgorzata_Grajcar,Małgorzata Grajcar,1991
http://dbpedia.org/resource/Bill_LeCaine,Bill LeCaine,1975
http://dbpedia.org/resource/Brian_McKee,Brian McKee,1995
http://dbpedia.org/resource/Gord_Baldwin,Gord Baldwin,2015
http://dbpedia.org/resource/Christian_Perthaler,Christian Perthaler,2008
http://dbpedia.org/resource/Māris_Ziediņš,Māris Ziediņš,2013
http://dbpedia.org/resource/Allen_Pedersen,Allen Pedersen,1995
http://dbpedia.org/resource/Frank_Bennett_(ice_hockey),Frank Bennett (ice hockey),1949
http://dbpedia.org/resource/Gino_Odjick,Gino Odjick,2002
http://dbpedia.org/resource/Grant_Stevenson,Grant Stevenson,2011
http://dbpedia.org/resource/Gaye_Cooley,Gaye Cooley,1977
http://dbpedia.org/resource/Wade_Belak,Wade Belak,2011
http://dbpedia.org/resource/Kay_Thomson,Kay Thomson,1984
http://dbpedia.org/resource/Julia_Obertas,Julia Obertas,2008
http://dbpedia.org/resource/Phil_Stein,Phil Stein,1943
http://dbpedia.org/resource/Robert_Boeser,Robert Boeser,1958
http://dbpedia.org/resource/Milan_Kraft,Milan Kraft,2013
http://dbpedia.org/resource/Scott_Stirling,Scott Stirling,2008
http://dbpedia.org/resource/Viera_Řeháková,Viera Řeháková,1988
http://dbpedia.org/resource/Humberto_Contreras,Humberto Contreras,2010
http://dbpedia.org/resource/Charlie_Huddy,Charlie Huddy,1997
http://dbpedia.org/resource/Marian_Costea,Marian Costea,1981
http://dbpedia.org/resource/Chris_Hajt,Chris Hajt,2008
http://dbpedia.org/resource/Mike_Muller,Mike Muller,2010
http://dbpedia.org/resource/Rod_Buskas,Rod Buskas,1995
http://dbpedia.org/resource/Ignac_Kavec,Ignac Kavec,1976
http://dbpedia.org/resource/Jon_Coleman,Jon Coleman,2012
http://dbpedia.org/resource/Harijs_Vītoliņš,Harijs Vītoliņš,2005
http://dbpedia.org/resource/Bill_Hajt,Bill Hajt,1987
http://dbpedia.org/resource/Scott_Daniels_(ice_hockey),Scott Daniels (ice hockey),1999
http://dbpedia.org/resource/Bob_Bedier,Bob Bedier,1983
http://dbpedia.org/resource/Maxim_Marinin,Maxim Marinin,2006
http://dbpedia.org/resource/Alexander_Mogilny,Alexander Mogilny,2006
"http://dbpedia.org/resource/Jack_Adams_(ice_hockey,_born_1920)","Jack Adams (ice hockey, born 1920)",1949
http://dbpedia.org/resource/Martine_Zuiderwijk,Martine Zuiderwijk,2007
http://dbpedia.org/resource/Paul_Stanton,Paul Stanton,2005
http://dbpedia.org/resource/Roger_Hansson,Roger Hansson,2003
http://dbpedia.org/resource/Ross_McKay,Ross McKay,1991
http://dbpedia.org/resource/Gord_Stafford,Gord Stafford,1987
http://dbpedia.org/resource/Ron_Hurst,Ron Hurst,1960
http://dbpedia.org/resource/Irina_Lobacheva,Irina Lobacheva,2003
http://dbpedia.org/resource/Jukka_Koskilahti,Jukka Koskilahti,1984
http://dbpedia.org/resource/Corey_Schwab,Corey Schwab,2004
http://dbpedia.org/resource/Max_Bentley,Max Bentley,1954
http://dbpedia.org/resource/Elena_Pingacheva,Elena Pingacheva,1998
http://dbpedia.org/resource/Valeri_Karpov,Valeri Karpov,2005
http://dbpedia.org/resource/Gord_McTavish,Gord McTavish,1980
http://dbpedia.org/resource/František_Kučera,František Kučera,2005
http://dbpedia.org/resource/Mark_Vermette,Mark Vermette,1994
http://dbpedia.org/resource/Wayne_Hall_(ice_hockey),Wayne Hall (ice hockey),1969
http://dbpedia.org/resource/Dick_Tärnström,Dick Tärnström,2013
http://dbpedia.org/resource/William_Chalmers_(ice_hockey),William Chalmers (ice hockey),1971
http://dbpedia.org/resource/Joe_Corvo,Joe Corvo,2014
http://dbpedia.org/resource/Veronika_Havlíčková,Veronika Havlíčková,2004
http://dbpedia.org/resource/Pascal_Lavanchy,Pascal Lavanchy,1998
http://dbpedia.org/resource/Barry_Potomski,Barry Potomski,2001
http://dbpedia.org/resource/Ted_Green,Ted Green,1979
http://dbpedia.org/resource/Tom_Colley,Tom Colley,1986
http://dbpedia.org/resource/Elena_Sokolova,Elena Sokolova,2007
http://dbpedia.org/resource/Darrel_Knibbs,Darrel Knibbs,1975
http://dbpedia.org/resource/Olga_Orlova_(Russian_figure_skater),Olga Orlova (Russian figure skater),2010
http://dbpedia.org/resource/David_Ellett,David Ellett,2000
http://dbpedia.org/resource/Kimmie_Meissner,Kimmie Meissner,2010
http://dbpedia.org/resource/Peter_Zezel,Peter Zezel,1999
http://dbpedia.org/resource/Rick_DiPietro,Rick DiPietro,2013
http://dbpedia.org/resource/Gord_Fashoway,Gord Fashoway,1964
http://dbpedia.org/resource/Adam_Graves,Adam Graves,2003
http://dbpedia.org/resource/Jim_Montgomery_(ice_hockey),Jim Montgomery (ice hockey),2005
http://dbpedia.org/resource/Zac_Boyer,Zac Boyer,2003
http://dbpedia.org/resource/Rolly_Huard,Rolly Huard,1934
http://dbpedia.org/resource/Jay_Leach_(ice_hockey),Jay Leach (ice hockey),2013
http://dbpedia.org/resource/Derrick_Smith_(ice_hockey),Derrick Smith (ice hockey),1999
http://dbpedia.org/resource/Dennis_Packard,Dennis Packard,2010
http://dbpedia.org/resource/Michael_Hjälm,Michael Hjälm,1996
http://dbpedia.org/resource/Ron_Greschner,Ron Greschner,1990
http://dbpedia.org/resource/Stefan_Persson_(ice_hockey),Stefan Persson (ice hockey),1985
http://dbpedia.org/resource/Charlene_Wong,Charlene Wong,1990
http://dbpedia.org/resource/Harry_York,Harry York,2000
http://dbpedia.org/resource/Billy_Burch,Billy Burch,1933
"http://dbpedia.org/resource/Sergei_Gimayev_(ice_hockey,_born_1955)","Sergei Gimayev (ice hockey, born 1955)",1986
http://dbpedia.org/resource/Josef_Beránek,Josef Beránek,2010
http://dbpedia.org/resource/David_Hanson_(ice_hockey),David Hanson (ice hockey),1984
http://dbpedia.org/resource/Norm_Maracle,Norm Maracle,2012
http://dbpedia.org/resource/Thomas_Enström,Thomas Enström,2014
http://dbpedia.org/resource/Chantal_Poirier,Chantal Poirier,2002
http://dbpedia.org/resource/Jonas_Junkka,Jonas Junkka,2004
http://dbpedia.org/resource/Curtis_Billsten,Curtis Billsten,2011
http://dbpedia.org/resource/Stefan_Lundqvist,Stefan Lundqvist,2009
http://dbpedia.org/resource/Djilali_Hamri,Djilali Hamri,2004
http://dbpedia.org/resource/Pierre_Béchu,Pierre Béchu,1984
http://dbpedia.org/resource/Mikko_Haapakoski,Mikko Haapakoski,2001
http://dbpedia.org/resource/Marion_Krijgsman,Marion Krijgsman,2001
http://dbpedia.org/resource/Joe_Jerwa,Joe Jerwa,1942
http://dbpedia.org/resource/Karl_Friesen,Karl Friesen,1992
http://dbpedia.org/resource/Tripp_Tracy,Tripp Tracy,1998
http://dbpedia.org/resource/Mark_Major,Mark Major,2004
http://dbpedia.org/resource/Nadine_Gosselin,Nadine Gosselin,2003
http://dbpedia.org/resource/Joe_Lavin,Joe Lavin,2014
http://dbpedia.org/resource/Alexander_Galchenyuk,Alexander Galchenyuk,2007
http://dbpedia.org/resource/Len_Hachborn,Len Hachborn,2001
http://dbpedia.org/resource/Steve_Carlson,Steve Carlson,1987
http://dbpedia.org/resource/Lee_Davidson,Lee Davidson,1999
http://dbpedia.org/resource/Ryane_Clowe,Ryane Clowe,2015
http://dbpedia.org/resource/Diána_Póth,Diána Póth,2006
http://dbpedia.org/resource/George_Horne_(ice_hockey),George Horne (ice hockey),1929
http://dbpedia.org/resource/Mike_Carman,Mike Carman,2014
http://dbpedia.org/resource/Christian_Tanguay,Christian Tanguay,1984
http://dbpedia.org/resource/Peter_Karlsson_(ice_hockey),Peter Karlsson (ice hockey),1995
http://dbpedia.org/resource/Dave_MacQueen,Dave MacQueen,1986
http://dbpedia.org/resource/Petr_Klíma,Petr Klíma,2003
http://dbpedia.org/resource/Christopher_Berneck,Christopher Berneck,2016
http://dbpedia.org/resource/Zvone_Šuvak,Zvone Šuvak,1993
http://dbpedia.org/resource/Mike_Rathje,Mike Rathje,2006
http://dbpedia.org/resource/Ian_Gordon_(ice_hockey),Ian Gordon (ice hockey),2013
http://dbpedia.org/resource/Isabelle_Chartrand,Isabelle Chartrand,2002
http://dbpedia.org/resource/Todd_Marchant,Todd Marchant,2011
http://dbpedia.org/resource/Lars_Zetterström,Lars Zetterström,1987
http://dbpedia.org/resource/Joe_Howard_(sledge_hockey),Joe Howard (sledge hockey),2010
"http://dbpedia.org/resource/Alexei_Filippov_(ice_hockey,_born_1989)","Alexei Filippov (ice hockey, born 1989)",2012
http://dbpedia.org/resource/Denis_Afinogenov,Denis Afinogenov,2008
http://dbpedia.org/resource/Dolly_Swift,Dolly Swift,1899
http://dbpedia.org/resource/Line_Haddad,Line Haddad,2001
"http://dbpedia.org/resource/Andrei_Vasilevski_(ice_hockey,_born_1966)","Andrei Vasilevski (ice hockey, born 1966)",2001
http://dbpedia.org/resource/Jim_Craig_(ice_hockey),Jim Craig (ice hockey),1984
http://dbpedia.org/resource/Tim_Regan_(ice_hockey),Tim Regan (ice hockey),1975
http://dbpedia.org/resource/Ron_Smith_(ice_hockey),Ron Smith (ice hockey),1977
http://dbpedia.org/resource/Brian_Callahan,Brian Callahan,2001
http://dbpedia.org/resource/Beata_Handra,Beata Handra,2002
http://dbpedia.org/resource/Jérémie_Colot,Jérémie Colot,2008
"http://dbpedia.org/resource/Janne_Karlsson_(ice_hockey,_born_1964)","Janne Karlsson (ice hockey, born 1964)",1996
http://dbpedia.org/resource/Matthew_Barnaby,Matthew Barnaby,2007
http://dbpedia.org/resource/Wally_Maxwell,Wally Maxwell,1960
http://dbpedia.org/resource/Jeff_Bloemberg,Jeff Bloemberg,1999
http://dbpedia.org/resource/Miroslav_Ihnačák,Miroslav Ihnačák,2006
http://dbpedia.org/resource/Sergey_Akimov_(ice_hockey),Sergey Akimov (ice hockey),2012
http://dbpedia.org/resource/Anders_Kallur,Anders Kallur,1985
http://dbpedia.org/resource/Stu_Barnes,Stu Barnes,2008
http://dbpedia.org/resource/Sanny_Lindström,Sanny Lindström,2013
http://dbpedia.org/resource/Evgeny_Alexandrov,Evgeny Alexandrov,2013
http://dbpedia.org/resource/Mike_Needham,Mike Needham,1996
http://dbpedia.org/resource/Lloyd_Haddon,Lloyd Haddon,1965
http://dbpedia.org/resource/Eric_Cairns,Eric Cairns,2007
http://dbpedia.org/resource/John_Craighead,John Craighead,2005
http://dbpedia.org/resource/Andreas_Salomonsson,Andreas Salomonsson,2010
http://dbpedia.org/resource/Mark_Dutiaume,Mark Dutiaume,2008
http://dbpedia.org/resource/Jaroslav_Lyčka,Jaroslav Lyčka,1989
http://dbpedia.org/resource/Jack_Brannen,Jack Brannen,1901
http://dbpedia.org/resource/Shawn_Sawyer,Shawn Sawyer,2011
http://dbpedia.org/resource/Glen_Burdon,Glen Burdon,1979
http://dbpedia.org/resource/Gaston_Gingras,Gaston Gingras,1996
http://dbpedia.org/resource/Sandy_McGregor,Sandy McGregor,1969
http://dbpedia.org/resource/Andrei_Samokhvalov,Andrei Samokhvalov,2010
http://dbpedia.org/resource/Dave_Moylan,Dave Moylan,1994
http://dbpedia.org/resource/John_Hamer_(figure_skater),John Hamer (figure skater),2007
http://dbpedia.org/resource/Alyn_McCauley,Alyn McCauley,2007
http://dbpedia.org/resource/Mike_Hiltner,Mike Hiltner,1993
http://dbpedia.org/resource/John_Gould_(ice_hockey),John Gould (ice hockey),1980
http://dbpedia.org/resource/Alec_Connell,Alec Connell,1937
http://dbpedia.org/resource/Leif_Carlsson,Leif Carlsson,2003
http://dbpedia.org/resource/Mike_Christie_(ice_hockey),Mike Christie (ice hockey),1981
http://dbpedia.org/resource/Brian_Glennie,Brian Glennie,1979
http://dbpedia.org/resource/Svetlana_Chernyshyova,Svetlana Chernyshyova,2002
http://dbpedia.org/resource/Tony_Granato,Tony Granato,2001
http://dbpedia.org/resource/Réal_Chevrefils,Réal Chevrefils,1964
http://dbpedia.org/resource/Sergei_Zubov,Sergei Zubov,2010
http://dbpedia.org/resource/Miwa_Fukuhara,Miwa Fukuhara,1967
http://dbpedia.org/resource/Alexander_Gschliesser,Alexander Gschliesser,2008
http://dbpedia.org/resource/Butch_Paul,Butch Paul,1966
http://dbpedia.org/resource/Camille_Bedard,Camille Bedard,1966
http://dbpedia.org/resource/Rolf_Diethelm,Rolf Diethelm,1964
http://dbpedia.org/resource/Steve_Bozek,Steve Bozek,1993
http://dbpedia.org/resource/Brad_MacGregor,Brad MacGregor,1989
http://dbpedia.org/resource/James_Jamieson_(ice_hockey),James Jamieson (ice hockey),1952
http://dbpedia.org/resource/Keith_Aldridge,Keith Aldridge,2005
http://dbpedia.org/resource/Mike_Stapleton,Mike Stapleton,2004
http://dbpedia.org/resource/Colby_Cohen,Colby Cohen,2015
http://dbpedia.org/resource/Jeff_Nelson_(ice_hockey),Jeff Nelson (ice hockey),2011
http://dbpedia.org/resource/Dennis_Ververgaert,Dennis Ververgaert,1981
http://dbpedia.org/resource/Artem_Knyazev,Artem Knyazev,2007
http://dbpedia.org/resource/Norm_Gustavsen,Norm Gustavsen,1962
http://dbpedia.org/resource/Guy_Lafleur,Guy Lafleur,1988
http://dbpedia.org/resource/Bullet_Joe_Simpson,Bullet Joe Simpson,1931
http://dbpedia.org/resource/Rod_Branch,Rod Branch,2006
http://dbpedia.org/resource/Ludovic_Garreau,Ludovic Garreau,2011
http://dbpedia.org/resource/Joby_Messier,Joby Messier,1998
http://dbpedia.org/resource/Barry_Pederson,Barry Pederson,1992
http://dbpedia.org/resource/Dmitri_Khristich,Dmitri Khristich,2004
http://dbpedia.org/resource/Wayne_Clairmont,Wayne Clairmont,1976
http://dbpedia.org/resource/Raimo_Helminen,Raimo Helminen,2008
http://dbpedia.org/resource/Patric_Kjellberg,Patric Kjellberg,2003
http://dbpedia.org/resource/Cullen_Eddy,Cullen Eddy,2016
http://dbpedia.org/resource/Ed_Gilbert_(ice_hockey),Ed Gilbert (ice hockey),1979
http://dbpedia.org/resource/Wayne_Gretzky,Wayne Gretzky,1999
http://dbpedia.org/resource/Maya_Belenkaya,Maya Belenkaya,1958
http://dbpedia.org/resource/Jana_Mrázková,Jana Mrázková,1965
http://dbpedia.org/resource/Dorothy_Hamill,Dorothy Hamill,1976
http://dbpedia.org/resource/Norm_Gratton,Norm Gratton,1977
http://dbpedia.org/resource/Brett_Hauer,Brett Hauer,2008
http://dbpedia.org/resource/Keith_Hanson,Keith Hanson,1985
http://dbpedia.org/resource/Dutch_Gainor,Dutch Gainor,1936
http://dbpedia.org/resource/Brad_Ference,Brad Ference,2008
http://dbpedia.org/resource/Garrett_Lucash,Garrett Lucash,2006
http://dbpedia.org/resource/Victor_Kraatz,Victor Kraatz,2003
http://dbpedia.org/resource/Rie_Arikawa,Rie Arikawa,2003
http://dbpedia.org/resource/Alexandra_Kamieniecki,Alexandra Kamieniecki,2014
http://dbpedia.org/resource/Mark_Fitzpatrick,Mark Fitzpatrick,2001
http://dbpedia.org/resource/Clem_Loughlin,Clem Loughlin,1932
http://dbpedia.org/resource/Peter_Laviolette,Peter Laviolette,1997
http://dbpedia.org/resource/Robert_Cowan_(ice_hockey),Robert Cowan (ice hockey),2011
http://dbpedia.org/resource/Doug_Senior,Doug Senior,1970
http://dbpedia.org/resource/Pavel_Trakhanov,Pavel Trakhanov,2011
http://dbpedia.org/resource/Bob_Taylor_(ice_hockey),Bob Taylor (ice hockey),1958
http://dbpedia.org/resource/Tom_Fergus,Tom Fergus,1995
http://dbpedia.org/resource/Sophie_Moniotte,Sophie Moniotte,1998
http://dbpedia.org/resource/Rod_Willard,Rod Willard,1985
http://dbpedia.org/resource/Gord_Wilson,Gord Wilson,1960
http://dbpedia.org/resource/Walt_Farrant,Walt Farrant,1946
http://dbpedia.org/resource/Björn_Hellkvist,Björn Hellkvist,2004
http://dbpedia.org/resource/Si_Griffis,Si Griffis,1919
http://dbpedia.org/resource/Pernille_Sørensen,Pernille Sørensen,2016
http://dbpedia.org/resource/Hobb_Wilson,Hobb Wilson,1937
http://dbpedia.org/resource/Steve_MacIntyre,Steve MacIntyre,2015
http://dbpedia.org/resource/Miroslav_Fryčer,Miroslav Fryčer,1991
http://dbpedia.org/resource/Jon_Sim,Jon Sim,2014
http://dbpedia.org/resource/Curt_Giles,Curt Giles,1993
http://dbpedia.org/resource/André_Racicot,André Racicot,2004
http://dbpedia.org/resource/Ronald_Amess,Ronald Amess,1960
http://dbpedia.org/resource/Charles_Henzen,Charles Henzen,1976
http://dbpedia.org/resource/Dave_Smith_(ice_hockey),Dave Smith (ice hockey),1998
http://dbpedia.org/resource/Gaétan_Royer,Gaétan Royer,2007
http://dbpedia.org/resource/Mud_Bruneteau,Mud Bruneteau,1948
http://dbpedia.org/resource/Stanisław_Klocek,Stanisław Klocek,1984
http://dbpedia.org/resource/Mikhail_Kuleshov,Mikhail Kuleshov,2006
http://dbpedia.org/resource/Chief_Jones,Chief Jones,1913
http://dbpedia.org/resource/Len_Ircandia,Len Ircandia,1979
http://dbpedia.org/resource/Darren_Banks,Darren Banks,2005
http://dbpedia.org/resource/Steven_Cousins,Steven Cousins,1998
http://dbpedia.org/resource/Vince_Bellissimo,Vince Bellissimo,2011
http://dbpedia.org/resource/Murray_Murdoch,Murray Murdoch,1938
http://dbpedia.org/resource/Ken_Broderick,Ken Broderick,1978
http://dbpedia.org/resource/Jukka_Vilander,Jukka Vilander,2001
http://dbpedia.org/resource/Hec_Highton,Hec Highton,1951
http://dbpedia.org/resource/Thomas_Rundqvist,Thomas Rundqvist,1998
http://dbpedia.org/resource/Petr_Svoboda,Petr Svoboda,2001
http://dbpedia.org/resource/Jeff_Chychrun,Jeff Chychrun,1994
http://dbpedia.org/resource/Randy_Wood_(ice_hockey),Randy Wood (ice hockey),1997
http://dbpedia.org/resource/Gary_Jarrett,Gary Jarrett,1976
http://dbpedia.org/resource/Dan_Labraaten,Dan Labraaten,1988
http://dbpedia.org/resource/Butch_Barber,Butch Barber,1976
http://dbpedia.org/resource/Don_Martineau,Don Martineau,1978
http://dbpedia.org/resource/Bryan_Hextall_Jr.,Bryan Hextall Jr.,1979
http://dbpedia.org/resource/Bob_Woods_(ice_hockey),Bob Woods (ice hockey),2001
http://dbpedia.org/resource/Chuck_Luksa,Chuck Luksa,1982
http://dbpedia.org/resource/Alek_Stojanov,Alek Stojanov,2002
http://dbpedia.org/resource/Kristin_King,Kristin King,2007
http://dbpedia.org/resource/Patrick_Rissmiller,Patrick Rissmiller,2015
http://dbpedia.org/resource/Andreas_Dahlström,Andreas Dahlström,2011
http://dbpedia.org/resource/Kim_Chae-hwa,Kim Chae-hwa,2011
http://dbpedia.org/resource/Jack_Adams,Jack Adams,1927
http://dbpedia.org/resource/Martin_Jenáček,Martin Jenáček,2013
http://dbpedia.org/resource/Nick_Bootland,Nick Bootland,2008
http://dbpedia.org/resource/Brian_Passmore,Brian Passmore,2009
http://dbpedia.org/resource/Eric_Healey,Eric Healey,2010
http://dbpedia.org/resource/Joe_Paterson,Joe Paterson,1992
http://dbpedia.org/resource/Gordon_Burnett,Gordon Burnett,2013
http://dbpedia.org/resource/Pat_Elynuik,Pat Elynuik,1997
http://dbpedia.org/resource/Nikolay_Mikhaylovich_Makarov,Nikolay Mikhaylovich Makarov,1984
http://dbpedia.org/resource/Scott_Thomas_(ice_hockey),Scott Thomas (ice hockey),2003
http://dbpedia.org/resource/Chris_Wells_(ice_hockey),Chris Wells (ice hockey),2005
http://dbpedia.org/resource/Charlie_Hodge_(ice_hockey),Charlie Hodge (ice hockey),1971
http://dbpedia.org/resource/Peter_Helander,Peter Helander,1983
http://dbpedia.org/resource/Jaroslav_Modrý,Jaroslav Modrý,2012
http://dbpedia.org/resource/Aleksandrs_Ņiživijs,Aleksandrs Ņiživijs,2014
http://dbpedia.org/resource/Grant_Clitsome,Grant Clitsome,2016
http://dbpedia.org/resource/Domine_Lomovšek,Domine Lomovšek,1993
http://dbpedia.org/resource/Aut_Erickson,Aut Erickson,1970
http://dbpedia.org/resource/Martin_Steinegger,Martin Steinegger,2012
http://dbpedia.org/resource/Leon_Rochefort,Leon Rochefort,1976
http://dbpedia.org/resource/Stefan_Lindemann,Stefan Lindemann,2010
http://dbpedia.org/resource/Ari_Sulander,Ari Sulander,2012
http://dbpedia.org/resource/Arto_Sirviö,Arto Sirviö,1998
http://dbpedia.org/resource/David_Pulkkinen,David Pulkkinen,1975
http://dbpedia.org/resource/Tommy_Jakobsen,Tommy Jakobsen,2013
http://dbpedia.org/resource/Gerry_Meehan,Gerry Meehan,1979
http://dbpedia.org/resource/Zuzanna_Szwed,Zuzanna Szwed,1998
http://dbpedia.org/resource/Harold_Fiskari,Harold Fiskari,1954
http://dbpedia.org/resource/Alexander_Kalyanin,Alexander Kalyanin,2011
http://dbpedia.org/resource/Dick_Cherry,Dick Cherry,1971
http://dbpedia.org/resource/Doug_Adam,Doug Adam,1961
http://dbpedia.org/resource/Serge_Boisvert,Serge Boisvert,1999
http://dbpedia.org/resource/Brent_Bommentre,Brent Bommentre,2010
http://dbpedia.org/resource/Brian_Ford_(ice_hockey),Brian Ford (ice hockey),1991
http://dbpedia.org/resource/Cam_McCaffrey,Cam McCaffrey,2007
http://dbpedia.org/resource/Dan_McCarthy_(ice_hockey),Dan McCarthy (ice hockey),1986
http://dbpedia.org/resource/Larry_Melnyk,Larry Melnyk,1990
http://dbpedia.org/resource/Dave_Chyzowski,Dave Chyzowski,2007
http://dbpedia.org/resource/Jeff_Lazaro,Jeff Lazaro,2002
http://dbpedia.org/resource/Sandy_Fitzpatrick,Sandy Fitzpatrick,1972
http://dbpedia.org/resource/Duke_Harris,Duke Harris,1978
http://dbpedia.org/resource/Daniel_Lacroix,Daniel Lacroix,2002
http://dbpedia.org/resource/Thomas_Eriksson_(ice_hockey),Thomas Eriksson (ice hockey),1995
http://dbpedia.org/resource/Morgan_McCormick,Morgan McCormick,2002
http://dbpedia.org/resource/Joni_Lius,Joni Lius,2006
http://dbpedia.org/resource/Keith_Carney,Keith Carney,2009
http://dbpedia.org/resource/Milan_Brzý,Milan Brzý,1994
http://dbpedia.org/resource/Johan_Markusson,Johan Markusson,2014
http://dbpedia.org/resource/Mustafa_Bešić,Mustafa Bešić,1996
http://dbpedia.org/resource/Niklas_Eriksson,Niklas Eriksson,2007
http://dbpedia.org/resource/Ken_Girard,Ken Girard,1962
http://dbpedia.org/resource/Stan_Jonathan,Stan Jonathan,1983
http://dbpedia.org/resource/John_Voss_(ice_hockey),John Voss (ice hockey),1982
http://dbpedia.org/resource/Jackie_McLeod,Jackie McLeod,1965
http://dbpedia.org/resource/Nelson_Burton_(ice_hockey),Nelson Burton (ice hockey),1984
http://dbpedia.org/resource/Anna_Mosenkova,Anna Mosenkova,2002
http://dbpedia.org/resource/Doug_Anderson_(ice_hockey),Doug Anderson (ice hockey),1963
http://dbpedia.org/resource/Kim_Clackson,Kim Clackson,1981
http://dbpedia.org/resource/Trent_Klatt,Trent Klatt,2004
http://dbpedia.org/resource/Darcy_Loewen,Darcy Loewen,2001
http://dbpedia.org/resource/Archie_Atkinson,Archie Atkinson,1923
http://dbpedia.org/resource/Olena_Bilousivska,Olena Bilousivska,1998
http://dbpedia.org/resource/Brian_McGregor,Brian McGregor,1982
http://dbpedia.org/resource/Brent_Sutter,Brent Sutter,1998
http://dbpedia.org/resource/Dale_Krentz,Dale Krentz,1996
http://dbpedia.org/resource/Tommy_Söderström,Tommy Söderström,2000
http://dbpedia.org/resource/Pat_Micheletti,Pat Micheletti,1992
http://dbpedia.org/resource/Yves_Bergeron,Yves Bergeron,1977
http://dbpedia.org/resource/Rene_LeClerc,Rene LeClerc,1979
http://dbpedia.org/resource/Kelly_Fairchild,Kelly Fairchild,2009
http://dbpedia.org/resource/Dave_Creighton,Dave Creighton,1969
http://dbpedia.org/resource/Pascal_Leclaire,Pascal Leclaire,2010
http://dbpedia.org/resource/Bob_Fillion,Bob Fillion,1951
http://dbpedia.org/resource/Anders_Bäckström,Anders Bäckström,1988
http://dbpedia.org/resource/Alphonse_Lacroix,Alphonse Lacroix,1931
http://dbpedia.org/resource/Janne_Grönvall,Janne Grönvall,2010
http://dbpedia.org/resource/Ørjan_Løvdal,Ørjan Løvdal,1997
http://dbpedia.org/resource/Gump_Worsley,Gump Worsley,1974
http://dbpedia.org/resource/Richard_Sévigny,Richard Sévigny,1990
http://dbpedia.org/resource/Jonas_Frögren,Jonas Frögren,2016
http://dbpedia.org/resource/Floyd_Curry,Floyd Curry,1959
http://dbpedia.org/resource/Doug_Chapman_(ice_hockey),Doug Chapman (ice hockey),1954
http://dbpedia.org/resource/Leth_Graham,Leth Graham,1926
http://dbpedia.org/resource/Bob_Rouse,Bob Rouse,2000
http://dbpedia.org/resource/Bates_Battaglia,Bates Battaglia,2012
http://dbpedia.org/resource/Igor_Stelnov,Igor Stelnov,1994
http://dbpedia.org/resource/Dmitri_Yushkevich,Dmitri Yushkevich,2010
http://dbpedia.org/resource/Karin_Riediger,Karin Riediger,1984
http://dbpedia.org/resource/Bill_Plager,Bill Plager,1976
http://dbpedia.org/resource/Tadeusz_Obłój,Tadeusz Obłój,1980
http://dbpedia.org/resource/Wayne_Ramsey,Wayne Ramsey,1981
http://dbpedia.org/resource/Larry_Murphy_(ice_hockey),Larry Murphy (ice hockey),2001
http://dbpedia.org/resource/Craig_Janney,Craig Janney,1999
http://dbpedia.org/resource/Erich_Reifschneider,Erich Reifschneider,1975
http://dbpedia.org/resource/Jean-Marc_Pelletier,Jean-Marc Pelletier,2010
http://dbpedia.org/resource/Steve_Montador,Steve Montador,2014
http://dbpedia.org/resource/Jaroslav_Jiřík,Jaroslav Jiřík,1975
http://dbpedia.org/resource/Kim_McCullough,Kim McCullough,2006
http://dbpedia.org/resource/Todd_Brost,Todd Brost,1995
http://dbpedia.org/resource/Agnes_Zawadzki,Agnes Zawadzki,2014
http://dbpedia.org/resource/Marquis_Mathieu,Marquis Mathieu,2009
"http://dbpedia.org/resource/Don_Smith_(ice_hockey,_born_1929)","Don Smith (ice hockey, born 1929)",1964
http://dbpedia.org/resource/Gillian_Wachsman,Gillian Wachsman,1988
http://dbpedia.org/resource/Antti_Aalto,Antti Aalto,2006
http://dbpedia.org/resource/Bill_Berglund,Bill Berglund,1975
http://dbpedia.org/resource/Bobby_Bauer,Bobby Bauer,1952
http://dbpedia.org/resource/Howard_McNamara,Howard McNamara,1920
http://dbpedia.org/resource/Rumi_Suizu,Rumi Suizu,2010
http://dbpedia.org/resource/Vadim_Sharifijanov,Vadim Sharifijanov,2010
http://dbpedia.org/resource/Mark_Hunter_(ice_hockey),Mark Hunter (ice hockey),1993
http://dbpedia.org/resource/Vic_Venasky,Vic Venasky,1981
http://dbpedia.org/resource/Carola_Wolff,Carola Wolff,1991
http://dbpedia.org/resource/Rob_Dopson,Rob Dopson,2004
http://dbpedia.org/resource/Brent_Bilodeau,Brent Bilodeau,2005
http://dbpedia.org/resource/Raeto_Raffainer,Raeto Raffainer,2013
http://dbpedia.org/resource/Marty_Burke,Marty Burke,1938
http://dbpedia.org/resource/Lee_McLauchlan,Lee McLauchlan,2009
http://dbpedia.org/resource/Dan_Fridgen,Dan Fridgen,1984
http://dbpedia.org/resource/Scott_MacLeod_(ice_hockey),Scott MacLeod (ice hockey),1991
http://dbpedia.org/resource/Bob_Murphy_(ice_hockey),Bob Murphy (ice hockey),2002
http://dbpedia.org/resource/Bill_MacMillan,Bill MacMillan,1978
http://dbpedia.org/resource/Richard_Matvichuk,Richard Matvichuk,2008
http://dbpedia.org/resource/Bryan_Maxwell,Bryan Maxwell,1985
http://dbpedia.org/resource/Brandon_Rogers_(ice_hockey),Brandon Rogers (ice hockey),2013
http://dbpedia.org/resource/Roland_Cloutier,Roland Cloutier,1988
"http://dbpedia.org/resource/Steve_Smith_(ice_hockey,_born_in_Scotland)","Steve Smith (ice hockey, born in Scotland)",2000
http://dbpedia.org/resource/François_Leroux,François Leroux,2003
http://dbpedia.org/resource/Bobby_Lalonde,Bobby Lalonde,1982
http://dbpedia.org/resource/Nikolai_Narimanov,Nikolai Narimanov,2000
http://dbpedia.org/resource/Karol_Divín,Karol Divín,1964
http://dbpedia.org/resource/Brian_Sakic,Brian Sakic,1999
http://dbpedia.org/resource/Jacques_Richard,Jacques Richard,1983
http://dbpedia.org/resource/Brit_Selby,Brit Selby,1975
http://dbpedia.org/resource/Vasile_Morar,Vasile Morar,1979
http://dbpedia.org/resource/Neil_Wilkinson_(ice_hockey),Neil Wilkinson (ice hockey),2003
http://dbpedia.org/resource/Giorgia_Carrossa,Giorgia Carrossa,2005
http://dbpedia.org/resource/Doug_Nolan,Doug Nolan,2011
http://dbpedia.org/resource/Steve_Martinson,Steve Martinson,1996
http://dbpedia.org/resource/J._J._Daigneault,J. J. Daigneault,2001
http://dbpedia.org/resource/Alain_Calmat,Alain Calmat,1965
http://dbpedia.org/resource/Natalia_Popova,Natalia Popova,2015
http://dbpedia.org/resource/Johnny_Matz,Johnny Matz,1928
http://dbpedia.org/resource/Howie_Morenz,Howie Morenz,1937
http://dbpedia.org/resource/Mark_Kolesar,Mark Kolesar,2004
http://dbpedia.org/resource/Yvon_Vautour,Yvon Vautour,1985
http://dbpedia.org/resource/Maylin_Wende,Maylin Wende,2014
http://dbpedia.org/resource/Peter_Slater_(ice_hockey),Peter Slater (ice hockey),1976
http://dbpedia.org/resource/Chris_Govedaris,Chris Govedaris,2001
http://dbpedia.org/resource/Jyrki_Aho,Jyrki Aho,2000
http://dbpedia.org/resource/Hovnan_Markosyan,Hovnan Markosyan,2007
http://dbpedia.org/resource/Kazimierz_Chodakowski,Kazimierz Chodakowski,1972
http://dbpedia.org/resource/Martin_Klempa,Martin Klempa,2011
http://dbpedia.org/resource/Éric_Desjardins,Éric Desjardins,2006
http://dbpedia.org/resource/Syl_Apps_Jr.,Syl Apps Jr.,1980
http://dbpedia.org/resource/Ben_Storey,Ben Storey,2008
http://dbpedia.org/resource/Scott_Howson,Scott Howson,1986
http://dbpedia.org/resource/Rick_Carriere,Rick Carriere,1980
http://dbpedia.org/resource/Ondrej_Weissmann,Ondrej Weissmann,1991
http://dbpedia.org/resource/Les_Hunt,Les Hunt,1971
http://dbpedia.org/resource/Tim_Brent,Tim Brent,2016
http://dbpedia.org/resource/Fred_Berry_(ice_hockey),Fred Berry (ice hockey),1987
http://dbpedia.org/resource/Ivan_Tkachenko_(ice_hockey),Ivan Tkachenko (ice hockey),2011
http://dbpedia.org/resource/Gennadi_Krasnitski,Gennadi Krasnitski,1990
http://dbpedia.org/resource/Bronco_Horvath,Bronco Horvath,1970
http://dbpedia.org/resource/Junko_Yaginuma_(figure_skater),Junko Yaginuma (figure skater),1995
http://dbpedia.org/resource/Petri_Kokko_(figure_skater),Petri Kokko (figure skater),1995
http://dbpedia.org/resource/Derek_Boogaard,Derek Boogaard,2011
http://dbpedia.org/resource/François_Sasseville,François Sasseville,2004
http://dbpedia.org/resource/Klara_Bramfeldt,Klara Bramfeldt,2002
http://dbpedia.org/resource/Josef_Paleček,Josef Paleček,1987
http://dbpedia.org/resource/Larry_Hale,Larry Hale,1979
http://dbpedia.org/resource/Katharina_Häcker,Katharina Häcker,2011
http://dbpedia.org/resource/George_Hay_(ice_hockey),George Hay (ice hockey),1933
http://dbpedia.org/resource/Ralph_Backstrom,Ralph Backstrom,1977
http://dbpedia.org/resource/Corey_Millen,Corey Millen,2004
http://dbpedia.org/resource/Jeff_Larmer,Jeff Larmer,1994
http://dbpedia.org/resource/Red_Green_(ice_hockey),Red Green (ice hockey),1932
http://dbpedia.org/resource/Benjamin_Agosto,Benjamin Agosto,2010
http://dbpedia.org/resource/Frank_St._Marseille,Frank St. Marseille,1977
http://dbpedia.org/resource/Adelbert_St._John,Adelbert St. John,1979
http://dbpedia.org/resource/Ollie_Reinikka,Ollie Reinikka,1937
http://dbpedia.org/resource/Kris_Draper,Kris Draper,2011
http://dbpedia.org/resource/Konrad_McKay,Konrad McKay,2009
http://dbpedia.org/resource/Darryl_Laplante,Darryl Laplante,2004
http://dbpedia.org/resource/Evariste_Payer,Evariste Payer,1918
http://dbpedia.org/resource/Rich_Dupras,Rich Dupras,1975
http://dbpedia.org/resource/Tony_Poeta,Tony Poeta,1960
http://dbpedia.org/resource/Alexandre_Fadeev,Alexandre Fadeev,1990
http://dbpedia.org/resource/Jim_Jones_(ice_hockey),Jim Jones (ice hockey),1976
http://dbpedia.org/resource/Rusty_Fitzgerald,Rusty Fitzgerald,2003
http://dbpedia.org/resource/Paul_Hofer_(ice_hockey),Paul Hofer (ice hockey),1956
http://dbpedia.org/resource/Steve_McCarthy_(ice_hockey),Steve McCarthy (ice hockey),2016
http://dbpedia.org/resource/André_Peloffy,André Peloffy,1990
http://dbpedia.org/resource/Erik_Westrum,Erik Westrum,2012
http://dbpedia.org/resource/Dave_Ritchie_(ice_hockey),Dave Ritchie (ice hockey),1926
http://dbpedia.org/resource/Tyler_Sloan,Tyler Sloan,2013
http://dbpedia.org/resource/Angelo_D'Agostino,Angelo D'Agostino,1989
http://dbpedia.org/resource/Craig_Coxe,Craig Coxe,2000
http://dbpedia.org/resource/Riley_Hern,Riley Hern,1911
http://dbpedia.org/resource/Andrzej_Ujwary,Andrzej Ujwary,1984
http://dbpedia.org/resource/Johnny_Gagnon,Johnny Gagnon,1945
http://dbpedia.org/resource/Mike_Millar,Mike Millar,2003
http://dbpedia.org/resource/Patrice_Lefebvre,Patrice Lefebvre,2009
http://dbpedia.org/resource/Jill_Sawyer,Jill Sawyer,1979
http://dbpedia.org/resource/Dody_Wood,Dody Wood,2004
http://dbpedia.org/resource/Stig-Göran_Johansson,Stig-Göran Johansson,1978
http://dbpedia.org/resource/Steve_McKichan,Steve McKichan,1990
http://dbpedia.org/resource/Masako_Sato,Masako Sato,2002
http://dbpedia.org/resource/Richard_Mulhern,Richard Mulhern,1981
http://dbpedia.org/resource/Weldy_Young,Weldy Young,1905
http://dbpedia.org/resource/Anastasia_Gorshkova,Anastasia Gorshkova,2006
http://dbpedia.org/resource/Gerry_Odrowski,Gerry Odrowski,1976
http://dbpedia.org/resource/Mads_Hansen,Mads Hansen,2015
http://dbpedia.org/resource/Derek_Matheson,Derek Matheson,2014
http://dbpedia.org/resource/Rob_Leask,Rob Leask,2013
http://dbpedia.org/resource/Dan_Ratushny,Dan Ratushny,2006
http://dbpedia.org/resource/Bill_Hughes_(ice_hockey),Bill Hughes (ice hockey),1978
http://dbpedia.org/resource/Adam_Smith_(ice_hockey),Adam Smith (ice hockey),2003
http://dbpedia.org/resource/Earl_Seibert,Earl Seibert,1947
http://dbpedia.org/resource/Louis_Robitaille_(ice_hockey),Louis Robitaille (ice hockey),2011
"http://dbpedia.org/resource/Jim_McKenzie_(ice_hockey,_born_1969)","Jim McKenzie (ice hockey, born 1969)",2004
http://dbpedia.org/resource/Eddie_Carpenter,Eddie Carpenter,1921
http://dbpedia.org/resource/Jordan_Bianchin,Jordan Bianchin,2007
http://dbpedia.org/resource/Jerry_Trooien,Jerry Trooien,1974
http://dbpedia.org/resource/Bill_Gilligan,Bill Gilligan,1982
http://dbpedia.org/resource/Éric_Fichaud,Éric Fichaud,2008
http://dbpedia.org/resource/Peter_Bakovic,Peter Bakovic,1991
http://dbpedia.org/resource/Max_Kolu,Max Kolu,2011
http://dbpedia.org/resource/Václav_Prospal,Václav Prospal,2013
http://dbpedia.org/resource/D'Arcy_Keating,D'Arcy Keating,1979
"http://dbpedia.org/resource/Scott_King_(ice_hockey,_born_1967)","Scott King (ice hockey, born 1967)",1993
http://dbpedia.org/resource/Alf_Smith_(ice_hockey),Alf Smith (ice hockey),1909
http://dbpedia.org/resource/Mike_McEwen_(ice_hockey),Mike McEwen (ice hockey),1992
http://dbpedia.org/resource/Natasha_Kuchiki,Natasha Kuchiki,1994
http://dbpedia.org/resource/Fred_Kearney,Fred Kearney,1935
http://dbpedia.org/resource/Roger_Côté,Roger Côté,1975
http://dbpedia.org/resource/Susan_Broman,Susan Broman,1980
http://dbpedia.org/resource/Olga_Markova_(figure_skater),Olga Markova (figure skater),1998
http://dbpedia.org/resource/Ivo_Jan_(ice_hockey_b._1942),Ivo Jan (ice hockey b. 1942),1972
http://dbpedia.org/resource/Chris_Newans,Chris Newans,2009
http://dbpedia.org/resource/Jim_Schraefel,Jim Schraefel,1974
http://dbpedia.org/resource/Harry_Hyland,Harry Hyland,1918
http://dbpedia.org/resource/Chris_Kelland,Chris Kelland,2001
http://dbpedia.org/resource/Walt_Peacosh,Walt Peacosh,1971
http://dbpedia.org/resource/Jiří_Dudáček,Jiří Dudáček,1991
http://dbpedia.org/resource/Jeff_Allan,Jeff Allan,1980
http://dbpedia.org/resource/James_Patterson_(ice_hockey),James Patterson (ice hockey),2008
http://dbpedia.org/resource/Mark_Hardy_(ice_hockey),Mark Hardy (ice hockey),1994
http://dbpedia.org/resource/Pud_Hamilton,Pud Hamilton,1909
http://dbpedia.org/resource/Wayne_Maki,Wayne Maki,1973
http://dbpedia.org/resource/Petra_Burka,Petra Burka,1969
http://dbpedia.org/resource/Rob_Weingartner,Rob Weingartner,2000
http://dbpedia.org/resource/Keith_Tkachuk,Keith Tkachuk,2010
http://dbpedia.org/resource/Fredrik_Modin,Fredrik Modin,2011
http://dbpedia.org/resource/Dmitri_Filimonov,Dmitri Filimonov,2006
http://dbpedia.org/resource/Sergei_Simonov_(ice_hockey),Sergei Simonov (ice hockey),2016
http://dbpedia.org/resource/Robin_Lindqvist,Robin Lindqvist,2013
http://dbpedia.org/resource/Randy_Burchell,Randy Burchell,1977
http://dbpedia.org/resource/Brian_Bonin,Brian Bonin,2005
http://dbpedia.org/resource/Scott_McCrory,Scott McCrory,2001
http://dbpedia.org/resource/Joe_Ferras,Joe Ferras,2000
http://dbpedia.org/resource/Udo_Kiessling,Udo Kiessling,1996
http://dbpedia.org/resource/Carol_Vadnais,Carol Vadnais,1983
http://dbpedia.org/resource/Carlo_Fassi,Carlo Fassi,1954
http://dbpedia.org/resource/Bill_Barilko,Bill Barilko,1951
http://dbpedia.org/resource/Janina_Poremska,Janina Poremska,1970
http://dbpedia.org/resource/Patrick_Poulin,Patrick Poulin,2002
http://dbpedia.org/resource/Kevin_Lowe,Kevin Lowe,1998
http://dbpedia.org/resource/Sue_Merz,Sue Merz,2002
http://dbpedia.org/resource/Don_Nachbaur,Don Nachbaur,1994
http://dbpedia.org/resource/Ralph_Intranuovo,Ralph Intranuovo,2013
http://dbpedia.org/resource/Guy_Lash,Guy Lash,1981
http://dbpedia.org/resource/Russ_Robertson,Russ Robertson,1954
http://dbpedia.org/resource/Bill_McDonagh,Bill McDonagh,1951
http://dbpedia.org/resource/Annie_Bellemare,Annie Bellemare,2005
http://dbpedia.org/resource/Larry_Pleau,Larry Pleau,1979
http://dbpedia.org/resource/Brett_Lindros,Brett Lindros,1996
http://dbpedia.org/resource/Kari_Eloranta,Kari Eloranta,1997
http://dbpedia.org/resource/Aki_Sawada,Aki Sawada,2011
http://dbpedia.org/resource/Joey_Tetarenko,Joey Tetarenko,2007
http://dbpedia.org/resource/Mike_Holmes_(ice_hockey),Mike Holmes (ice hockey),1981
http://dbpedia.org/resource/Darin_Sceviour,Darin Sceviour,1991
http://dbpedia.org/resource/Anastasia_Grebenkina,Anastasia Grebenkina,2008
http://dbpedia.org/resource/Nathalie_Krieg,Nathalie Krieg,1995
http://dbpedia.org/resource/Pudge_MacKenzie,Pudge MacKenzie,1933
http://dbpedia.org/resource/Neil_Belland,Neil Belland,1987
http://dbpedia.org/resource/Werner_Schnarr,Werner Schnarr,1931
http://dbpedia.org/resource/Rene_Lafleur,Rene Lafleur,1931
http://dbpedia.org/resource/Terry_McDonald_(ice_hockey),Terry McDonald (ice hockey),1979
http://dbpedia.org/resource/Todd_Robinson_(ice_hockey),Todd Robinson (ice hockey),2014
http://dbpedia.org/resource/Ross_Cory,Ross Cory,1983
http://dbpedia.org/resource/Magnus_Wernblom,Magnus Wernblom,2008
http://dbpedia.org/resource/Don_Burgess_(ice_hockey),Don Burgess (ice hockey),1980
http://dbpedia.org/resource/Vladimir_Petrov_(ice_hockey),Vladimir Petrov (ice hockey),1983
http://dbpedia.org/resource/Jean_Landry_(ice_hockey),Jean Landry (ice hockey),1977
http://dbpedia.org/resource/František_Hossa,František Hossa,1987
http://dbpedia.org/resource/Jeremy_Reich,Jeremy Reich,2012
http://dbpedia.org/resource/Jim_Malacko,Jim Malacko,1965
http://dbpedia.org/resource/Scott_Fankhouser,Scott Fankhouser,2009
http://dbpedia.org/resource/Keith_Jones_(ice_hockey),Keith Jones (ice hockey),2000
http://dbpedia.org/resource/Shawn_Anderson,Shawn Anderson,2004
http://dbpedia.org/resource/Mika_Oksa,Mika Oksa,2012
http://dbpedia.org/resource/Scott_Niedermayer,Scott Niedermayer,2010
http://dbpedia.org/resource/Claude_Vilgrain,Claude Vilgrain,2002
http://dbpedia.org/resource/Gerry_Gray_(ice_hockey),Gerry Gray (ice hockey),1978
http://dbpedia.org/resource/Ray_Cullen,Ray Cullen,1971
http://dbpedia.org/resource/Dick_Irvin,Dick Irvin,1929
http://dbpedia.org/resource/Marcel_Fillion,Marcel Fillion,1954
http://dbpedia.org/resource/Justin_Lanning,Justin Lanning,2002
http://dbpedia.org/resource/Jason_Firth,Jason Firth,2005
http://dbpedia.org/resource/George_Grigor,George Grigor,1944
http://dbpedia.org/resource/Zdeněk_Nedvěd,Zdeněk Nedvěd,2011
http://dbpedia.org/resource/Sonya_Klopfer,Sonya Klopfer,1952
http://dbpedia.org/resource/Brad_Smyth,Brad Smyth,2013
http://dbpedia.org/resource/Sergei_Nevstruyev,Sergei Nevstruyev,2010
http://dbpedia.org/resource/Darby_Hendrickson,Darby Hendrickson,2007
http://dbpedia.org/resource/Brett_MacLean,Brett MacLean,2012
http://dbpedia.org/resource/Wally_Hergesheimer,Wally Hergesheimer,1962
http://dbpedia.org/resource/Carl_Corazzini,Carl Corazzini,2011
http://dbpedia.org/resource/Julia_Shapiro,Julia Shapiro,2005
http://dbpedia.org/resource/Mark_Wotton,Mark Wotton,2011
http://dbpedia.org/resource/Lawrence_McCormick,Lawrence McCormick,1920
http://dbpedia.org/resource/Oleg_Vasiliev_(figure_skater),Oleg Vasiliev (figure skater),1988
http://dbpedia.org/resource/Jeff_Beukeboom,Jeff Beukeboom,1999
http://dbpedia.org/resource/Robb_Stauber,Robb Stauber,2006
http://dbpedia.org/resource/Cyril_Brun,Cyril Brun,2002
http://dbpedia.org/resource/Akiko_Kitamura,Akiko Kitamura,2011
http://dbpedia.org/resource/Wally_Kilrea,Wally Kilrea,1947
http://dbpedia.org/resource/Philippe_Boucher,Philippe Boucher,2009
http://dbpedia.org/resource/Douglas_Razzano,Douglas Razzano,2015
http://dbpedia.org/resource/Darcy_Verot,Darcy Verot,2013
http://dbpedia.org/resource/Rick_Vaive,Rick Vaive,1992
http://dbpedia.org/resource/Alex_Faulkner,Alex Faulkner,1972
http://dbpedia.org/resource/Pavel_Kubina,Pavel Kubina,2013
http://dbpedia.org/resource/Sergei_Rylov,Sergei Rylov,2002
http://dbpedia.org/resource/Bill_Prentice,Bill Prentice,1980
http://dbpedia.org/resource/Mika_Alatalo,Mika Alatalo,2009
http://dbpedia.org/resource/Jeff_Jillson,Jeff Jillson,2012
http://dbpedia.org/resource/Vladimir_Golikov,Vladimir Golikov,1985
http://dbpedia.org/resource/Carla_Tichatschek,Carla Tichatschek,1960
http://dbpedia.org/resource/Joe_Kowal,Joe Kowal,1981
http://dbpedia.org/resource/Hal_Willis_(ice_hockey),Hal Willis (ice hockey),1975
http://dbpedia.org/resource/Fern_Gauthier,Fern Gauthier,1951
http://dbpedia.org/resource/Bill_Klatt,Bill Klatt,1979
http://dbpedia.org/resource/Jeff_Heerema,Jeff Heerema,2012
http://dbpedia.org/resource/Miles_Zaharko,Miles Zaharko,1984
http://dbpedia.org/resource/Dunc_Munro,Dunc Munro,1932
http://dbpedia.org/resource/Yevgeni_Zimin,Yevgeni Zimin,1977
http://dbpedia.org/resource/Edwin_Gorman,Edwin Gorman,1928
http://dbpedia.org/resource/Brad_Schlegel,Brad Schlegel,2007
http://dbpedia.org/resource/Ron_Hextall,Ron Hextall,1999
http://dbpedia.org/resource/Michel_Brunet_(figure_skater),Michel Brunet (figure skater),1999
http://dbpedia.org/resource/Brian_de_Bruyn,Brian de Bruyn,1984
http://dbpedia.org/resource/Terry_Clancy,Terry Clancy,1975
http://dbpedia.org/resource/Pete_Kapusta,Pete Kapusta,1960
http://dbpedia.org/resource/Ari-Pekka_Selin,Ari-Pekka Selin,1993
http://dbpedia.org/resource/Derek_Mayer,Derek Mayer,2006
http://dbpedia.org/resource/Gord_McFarlane,Gord McFarlane,1938
http://dbpedia.org/resource/Harold_Druken,Harold Druken,2010
http://dbpedia.org/resource/Mark_Bavis,Mark Bavis,1996
http://dbpedia.org/resource/Ross_Brooks,Ross Brooks,1976
http://dbpedia.org/resource/Norm_Maciver,Norm Maciver,1999
http://dbpedia.org/resource/Brad_Gassoff,Brad Gassoff,1980
http://dbpedia.org/resource/Sommer_West,Sommer West,2012
http://dbpedia.org/resource/Glenn_Tomalty,Glenn Tomalty,1982
http://dbpedia.org/resource/Michael_Chack,Michael Chack,1999
http://dbpedia.org/resource/Ben_Guité,Ben Guité,2013
http://dbpedia.org/resource/Brenden_Morrow,Brenden Morrow,2015
http://dbpedia.org/resource/Keiller_Greig,Keiller Greig,1910
http://dbpedia.org/resource/Hank_Blade,Hank Blade,1953
http://dbpedia.org/resource/George_McNaughton,George McNaughton,1924
http://dbpedia.org/resource/Patrik_Carnbäck,Patrik Carnbäck,2003
http://dbpedia.org/resource/Katrien_Pauwels,Katrien Pauwels,1988
http://dbpedia.org/resource/Lenny_Faustino,Lenny Faustino,2004
http://dbpedia.org/resource/Rumun_Ndur,Rumun Ndur,2010
http://dbpedia.org/resource/Serge_Lajeunesse,Serge Lajeunesse,1976
http://dbpedia.org/resource/Leonie_Krail,Leonie Krail,2010
http://dbpedia.org/resource/Roger_Cormier,Roger Cormier,1940
http://dbpedia.org/resource/Bob_Crawford,Bob Crawford,1989
http://dbpedia.org/resource/Trevor_Meier,Trevor Meier,2012
http://dbpedia.org/resource/Danny_Gruen,Danny Gruen,1983
http://dbpedia.org/resource/Jean-Guy_Lagace,Jean-Guy Lagace,1977
http://dbpedia.org/resource/Dmitri_Antoni,Dmitri Antoni,2003
http://dbpedia.org/resource/Emile_Francis,Emile Francis,1960
http://dbpedia.org/resource/Steve_Larouche,Steve Larouche,2011
http://dbpedia.org/resource/Wilf_Cude,Wilf Cude,1941
http://dbpedia.org/resource/Lee_Odelein,Lee Odelein,1993
http://dbpedia.org/resource/Donald_Audette,Donald Audette,2004
http://dbpedia.org/resource/Oliver_Seibert,Oliver Seibert,1909
http://dbpedia.org/resource/Håkan_Södergren,Håkan Södergren,1991
http://dbpedia.org/resource/Jarda_Krupicka,Jarda Krupicka,1973
http://dbpedia.org/resource/Brent_Pope,Brent Pope,2008
http://dbpedia.org/resource/Rick_Lessard,Rick Lessard,1994
http://dbpedia.org/resource/Merve_Kuryluk,Merve Kuryluk,1970
http://dbpedia.org/resource/Dave_Maloney,Dave Maloney,1985
http://dbpedia.org/resource/Luke_Erickson,Luke Erickson,2012
http://dbpedia.org/resource/Scott_Harlow,Scott Harlow,1992
http://dbpedia.org/resource/Anabelle_Langlois,Anabelle Langlois,2010
http://dbpedia.org/resource/Kenji_Miyamoto_(figure_skater),Kenji Miyamoto (figure skater),2006
http://dbpedia.org/resource/Mike_Ridley,Mike Ridley,1997
http://dbpedia.org/resource/Ruslan_Batyrshin,Ruslan Batyrshin,2004
http://dbpedia.org/resource/Mark_Ardelan,Mark Ardelan,2013
http://dbpedia.org/resource/Michel_Lachance,Michel Lachance,1980
http://dbpedia.org/resource/Bill_Folk,Bill Folk,1966
http://dbpedia.org/resource/Jerod_Swallow,Jerod Swallow,1998
http://dbpedia.org/resource/Ryan_Duthie,Ryan Duthie,2006
http://dbpedia.org/resource/Max_McNab,Max McNab,1959
http://dbpedia.org/resource/Daren_Puppa,Daren Puppa,2000
http://dbpedia.org/resource/Mario_Rottaris,Mario Rottaris,2003
http://dbpedia.org/resource/Joey_Johnston,Joey Johnston,1976
http://dbpedia.org/resource/Lukáš_Rakowski,Lukáš Rakowski,2006
http://dbpedia.org/resource/Dave_Christian,Dave Christian,1996
http://dbpedia.org/resource/Renzo_Holzer,Renzo Holzer,1980
http://dbpedia.org/resource/Marcel_Dionne,Marcel Dionne,1989
http://dbpedia.org/resource/Jim_Mill,Jim Mill,1996
http://dbpedia.org/resource/Francis_Reinhard,Francis Reinhard,1976
http://dbpedia.org/resource/Jim_Hamilton_(ice_hockey),Jim Hamilton (ice hockey),1985
http://dbpedia.org/resource/Mika_Strömberg,Mika Strömberg,2010
http://dbpedia.org/resource/Neil_Wilson_(figure_skater),Neil Wilson (figure skater),2004
http://dbpedia.org/resource/Johnny_Gottselig,Johnny Gottselig,1945
http://dbpedia.org/resource/Mariana_Kozlova,Mariana Kozlova,2004
http://dbpedia.org/resource/Danny_Johnson_(ice_hockey),Danny Johnson (ice hockey),1975
http://dbpedia.org/resource/Joaquin_Gage,Joaquin Gage,2008
http://dbpedia.org/resource/Paul_Woods,Paul Woods,1984
http://dbpedia.org/resource/Rodger_Smith,Rodger Smith,1931
http://dbpedia.org/resource/Tommy_Anderson_(ice_hockey),Tommy Anderson (ice hockey),1951
http://dbpedia.org/resource/Igor_Stelnov,Igor Stelnov,1997
http://dbpedia.org/resource/Jim_Hrycuik,Jim Hrycuik,1976
http://dbpedia.org/resource/Ron_Riley_(ice_hockey),Ron Riley (ice hockey),1975
http://dbpedia.org/resource/Mark_Cavallin,Mark Cavallin,2006
http://dbpedia.org/resource/Yon_García,Yon García,2005
http://dbpedia.org/resource/Filip_Bernadowski,Filip Bernadowski,2001
http://dbpedia.org/resource/Eric_Nesterenko,Eric Nesterenko,1974
http://dbpedia.org/resource/Don_Spring,Don Spring,1985
http://dbpedia.org/resource/Marek_Malík,Marek Malík,2014
http://dbpedia.org/resource/Ivan_Mitchell,Ivan Mitchell,1922
http://dbpedia.org/resource/Gordon_Wilkie,Gordon Wilkie,1974
http://dbpedia.org/resource/Jim_Cummins_(ice_hockey),Jim Cummins (ice hockey),2004
http://dbpedia.org/resource/Neil_Paterson_(figure_skater),Neil Paterson (figure skater),1988
http://dbpedia.org/resource/Timo_Jutila,Timo Jutila,1999
http://dbpedia.org/resource/Matt_McIlvane,Matt McIlvane,2011
http://dbpedia.org/resource/Sibby_Nichols,Sibby Nichols,1919
http://dbpedia.org/resource/Gord_Strate,Gord Strate,1962
http://dbpedia.org/resource/Stéphane_Morin,Stéphane Morin,1998
http://dbpedia.org/resource/René_Huguenin,René Huguenin,1972
http://dbpedia.org/resource/Merlyn_Phillips,Merlyn Phillips,1933
http://dbpedia.org/resource/Jeff_Sebastian,Jeff Sebastian,2006
http://dbpedia.org/resource/Ed_Westfall,Ed Westfall,1979
http://dbpedia.org/resource/Geoff_Sarjeant,Geoff Sarjeant,2001
http://dbpedia.org/resource/Jekaterina_Golovatenko,Jekaterina Golovatenko,2001
http://dbpedia.org/resource/Katarina_Gerboldt,Katarina Gerboldt,2015
http://dbpedia.org/resource/Lyudmyla_Ivanova,Lyudmyla Ivanova,1996
http://dbpedia.org/resource/Scotty_Cameron_(ice_hockey),Scotty Cameron (ice hockey),1951
http://dbpedia.org/resource/Lasse_Heikkilä,Lasse Heikkilä,1971
http://dbpedia.org/resource/Renée_Roca,Renée Roca,1996
http://dbpedia.org/resource/Jean_Lemieux,Jean Lemieux,1979
http://dbpedia.org/resource/Bill_Lochead,Bill Lochead,1987
http://dbpedia.org/resource/Hans_Lindberg_(ice_hockey),Hans Lindberg (ice hockey),1975
http://dbpedia.org/resource/Borden_Smith,Borden Smith,1976
http://dbpedia.org/resource/Martin_Grenier,Martin Grenier,2013
http://dbpedia.org/resource/Kristin_Fraser,Kristin Fraser,2010
http://dbpedia.org/resource/Dave_Simpson_(ice_hockey),Dave Simpson (ice hockey),1986
http://dbpedia.org/resource/Fred_Shero,Fred Shero,1958
http://dbpedia.org/resource/Valeri_Kamensky,Valeri Kamensky,2005
http://dbpedia.org/resource/Dmitry_Zatonsky,Dmitry Zatonsky,2006
http://dbpedia.org/resource/Kevin_Dahl,Kevin Dahl,2004
http://dbpedia.org/resource/Barry_Richter,Barry Richter,2008
http://dbpedia.org/resource/Hugh_Harris_(ice_hockey),Hugh Harris (ice hockey),1978
"http://dbpedia.org/resource/Ron_Wilson_(ice_hockey,_born_1955)","Ron Wilson (ice hockey, born 1955)",1988
http://dbpedia.org/resource/Dave_Langevin,Dave Langevin,1987
http://dbpedia.org/resource/Gord_Pennell,Gord Pennell,1960
http://dbpedia.org/resource/Håkan_Pettersson_(ice_hockey),Håkan Pettersson (ice hockey),1982
http://dbpedia.org/resource/Lorne_Rombough,Lorne Rombough,1980
http://dbpedia.org/resource/Johnny_Peirson,Johnny Peirson,1958
http://dbpedia.org/resource/Fred_Gordon,Fred Gordon,1939
http://dbpedia.org/resource/Hap_Myers_(ice_hockey),Hap Myers (ice hockey),1974
http://dbpedia.org/resource/Mario_Chitaroni,Mario Chitaroni,2009
http://dbpedia.org/resource/Chris_Bailey_(ice_hockey),Chris Bailey (ice hockey),2002
http://dbpedia.org/resource/Eddie_Mio,Eddie Mio,1986
http://dbpedia.org/resource/Jamie_Langenbrunner,Jamie Langenbrunner,2013
http://dbpedia.org/resource/Pascal_Dupuis,Pascal Dupuis,2015
http://dbpedia.org/resource/Derek_Bekar,Derek Bekar,2010
http://dbpedia.org/resource/Sonny_Mignacca,Sonny Mignacca,2000
http://dbpedia.org/resource/Todd_Warriner,Todd Warriner,2009
http://dbpedia.org/resource/Ben_Thilthorpe,Ben Thilthorpe,2011
http://dbpedia.org/resource/Al_Rollins,Al Rollins,1962
http://dbpedia.org/resource/Róbert_Döme,Róbert Döme,2010
http://dbpedia.org/resource/Thomas_Pleisch,Thomas Pleisch,1936
http://dbpedia.org/resource/Brett_Hull,Brett Hull,2005
http://dbpedia.org/resource/Rick_Paterson,Rick Paterson,1988
http://dbpedia.org/resource/Larry_van_Wieren,Larry van Wieren,1985
http://dbpedia.org/resource/Sandra_Garde,Sandra Garde,1991
http://dbpedia.org/resource/Robin_Cousins,Robin Cousins,1980
http://dbpedia.org/resource/Bert_Connelly,Bert Connelly,1946
http://dbpedia.org/resource/Jean-Yves_Roy_(ice_hockey),Jean-Yves Roy (ice hockey),2006
http://dbpedia.org/resource/Andreas_Beutler,Andreas Beutler,1998
http://dbpedia.org/resource/Bobby_Crawford,Bobby Crawford,1992
http://dbpedia.org/resource/Tamara_Moskvina,Tamara Moskvina,1969
http://dbpedia.org/resource/Ryan_Walter,Ryan Walter,1993
http://dbpedia.org/resource/Greg_Leeb,Greg Leeb,2013
http://dbpedia.org/resource/Brian_Stapleton,Brian Stapleton,1977
http://dbpedia.org/resource/Brendan_Buckley_(ice_hockey),Brendan Buckley (ice hockey),2011
http://dbpedia.org/resource/Jim_Watson_(ice_hockey),Jim Watson (ice hockey),1976
http://dbpedia.org/resource/Constance_Wilson-Samuel,Constance Wilson-Samuel,1936
http://dbpedia.org/resource/Marty_Yewchuk,Marty Yewchuk,1998
http://dbpedia.org/resource/George_Servinis,George Servinis,1989
http://dbpedia.org/resource/Keith_Magnuson,Keith Magnuson,1979
http://dbpedia.org/resource/Brian_Holzinger,Brian Holzinger,2004
http://dbpedia.org/resource/Del_Irvine,Del Irvine,1916
http://dbpedia.org/resource/Constanze_Paulinus,Constanze Paulinus,2011
http://dbpedia.org/resource/Gerry_Brisson,Gerry Brisson,1967
http://dbpedia.org/resource/Kevin_Colley,Kevin Colley,2006
http://dbpedia.org/resource/Vic_Lynn,Vic Lynn,1962
http://dbpedia.org/resource/Johnny_Mowers,Johnny Mowers,1948
http://dbpedia.org/resource/Scooter_Smith,Scooter Smith,2011
http://dbpedia.org/resource/Dave_Salvian,Dave Salvian,1980
http://dbpedia.org/resource/Kati_Winkler,Kati Winkler,2004
http://dbpedia.org/resource/Stacy_Roest,Stacy Roest,2012
http://dbpedia.org/resource/Doug_Lidster,Doug Lidster,1999
http://dbpedia.org/resource/Jan_Viktorsson,Jan Viktorsson,1999
http://dbpedia.org/resource/Andrew_Ference,Andrew Ference,2016
http://dbpedia.org/resource/Cully_Dahlstrom,Cully Dahlstrom,1945
http://dbpedia.org/resource/Mark_Fernandez,Mark Fernandez,2009
http://dbpedia.org/resource/Jeannette_Altwegg,Jeannette Altwegg,1952
http://dbpedia.org/resource/Princeton_Kwong,Princeton Kwong,2007
http://dbpedia.org/resource/André_Kaden,André Kaden,2004
http://dbpedia.org/resource/Michael_Funk,Michael Funk,2010
http://dbpedia.org/resource/Dmitri_Suur,Dmitri Suur,2013
http://dbpedia.org/resource/Jacques_Pousaz,Jacques Pousaz,1972
http://dbpedia.org/resource/Rob_Blake,Rob Blake,2010
http://dbpedia.org/resource/George_Standing,George Standing,1972
http://dbpedia.org/resource/Scott_Langdon,Scott Langdon,2015
http://dbpedia.org/resource/Mihail_Popescu,Mihail Popescu,1989
http://dbpedia.org/resource/Gary_Veneruzzo,Gary Veneruzzo,1977
http://dbpedia.org/resource/Dan_O'Rourke_(ice_hockey),Dan O'Rourke (ice hockey),1997
http://dbpedia.org/resource/Dan_Held,Dan Held,2000
http://dbpedia.org/resource/Bob_Blackburn_(ice_hockey),Bob Blackburn (ice hockey),1972
http://dbpedia.org/resource/Alexei_Zhamnov,Alexei Zhamnov,2006
http://dbpedia.org/resource/Dave_Dunn,Dave Dunn,1978
http://dbpedia.org/resource/Alf_Barbour,Alf Barbour,1919
http://dbpedia.org/resource/Justin_Mapletoft,Justin Mapletoft,2012
http://dbpedia.org/resource/Sarah_Vaillancourt,Sarah Vaillancourt,2013
http://dbpedia.org/resource/Trevor_Ettinger,Trevor Ettinger,2003
http://dbpedia.org/resource/Inge_Paul,Inge Paul,1964
http://dbpedia.org/resource/Martin_Riesen,Martin Riesen,1956
http://dbpedia.org/resource/Vic_Sluce,Vic Sluce,1954
http://dbpedia.org/resource/Ted_McAneeley,Ted McAneeley,1979
http://dbpedia.org/resource/Etsuko_Inada,Etsuko Inada,1951
http://dbpedia.org/resource/Donald_Brashear,Donald Brashear,2015
http://dbpedia.org/resource/Midori_Ito,Midori Ito,1992
http://dbpedia.org/resource/Jimmy_Roy,Jimmy Roy,2011
http://dbpedia.org/resource/Laura_Lepistö,Laura Lepistö,2012
http://dbpedia.org/resource/Billy_Hague,Billy Hague,1917
http://dbpedia.org/resource/Mirco_Lüdemann,Mirco Lüdemann,2016
http://dbpedia.org/resource/Hardy_Nilsson,Hardy Nilsson,1982
http://dbpedia.org/resource/Dave_Walter_(ice_hockey),Dave Walter (ice hockey),1981
http://dbpedia.org/resource/Don_Cherry,Don Cherry,1972
http://dbpedia.org/resource/Eveline_Brunner,Eveline Brunner,2015
http://dbpedia.org/resource/Ray_Kaunisto,Ray Kaunisto,2016
http://dbpedia.org/resource/Paul_McIntosh,Paul McIntosh,1980
http://dbpedia.org/resource/Matthew_Ezzy,Matthew Ezzy,2011
http://dbpedia.org/resource/Syd_Desireau,Syd Desireau,1927
http://dbpedia.org/resource/Didier_Courtois,Didier Courtois,1988
http://dbpedia.org/resource/Dennis_Giannini,Dennis Giannini,1978
"http://dbpedia.org/resource/Mikael_Andersson_(ice_hockey,_born_1966)","Mikael Andersson (ice hockey, born 1966)",2003
http://dbpedia.org/resource/Maurice_Benoit,Maurice Benoit,1970
http://dbpedia.org/resource/Jean-Guy_Talbot,Jean-Guy Talbot,1971
http://dbpedia.org/resource/Stan_Marples,Stan Marples,1919
http://dbpedia.org/resource/Art_Alexandre,Art Alexandre,1933
http://dbpedia.org/resource/Garry_Galley,Garry Galley,2001
http://dbpedia.org/resource/Hib_Milks,Hib Milks,1933
http://dbpedia.org/resource/Babe_Siebert,Babe Siebert,1939
http://dbpedia.org/resource/Shawn_McCosh,Shawn McCosh,2000
http://dbpedia.org/resource/Keith_McCambridge,Keith McCambridge,2006
http://dbpedia.org/resource/Don_Saleski,Don Saleski,1980
http://dbpedia.org/resource/Ed_Kastelic,Ed Kastelic,1999
http://dbpedia.org/resource/Jon_Awe,Jon Awe,2013
http://dbpedia.org/resource/Jordan_Willis_(ice_hockey),Jordan Willis (ice hockey),2002
http://dbpedia.org/resource/Des_Smith_(ice_hockey),Des Smith (ice hockey),1946
http://dbpedia.org/resource/Steven_Finn_(ice_hockey),Steven Finn (ice hockey),1998
http://dbpedia.org/resource/Jouni_Rinne,Jouni Rinne,1997
http://dbpedia.org/resource/Billy_Dea,Billy Dea,1978
http://dbpedia.org/resource/Clare_Martin_(ice_hockey),Clare Martin (ice hockey),1957
http://dbpedia.org/resource/John_French_(ice_hockey),John French (ice hockey),1979
http://dbpedia.org/resource/Rod_Seiling,Rod Seiling,1979
http://dbpedia.org/resource/George_Carey_(ice_hockey),George Carey (ice hockey),1924
http://dbpedia.org/resource/Denise_Zimmermann,Denise Zimmermann,2006
http://dbpedia.org/resource/Skene_Ronan,Skene Ronan,1919
http://dbpedia.org/resource/Jan_Čaloun,Jan Čaloun,2010
http://dbpedia.org/resource/Jarkko_Varvio,Jarkko Varvio,2005
http://dbpedia.org/resource/Alex_Dampier,Alex Dampier,1985
http://dbpedia.org/resource/Paul_Gillis,Paul Gillis,1993
http://dbpedia.org/resource/Joe_Riley_(ice_hockey),Joe Riley (ice hockey),1949
http://dbpedia.org/resource/Benoît_Brunet,Benoît Brunet,2002
http://dbpedia.org/resource/Steve_Leach,Steve Leach,2000
http://dbpedia.org/resource/Dick_Duff,Dick Duff,1972
http://dbpedia.org/resource/Frédéric_Lipka,Frédéric Lipka,1995
http://dbpedia.org/resource/Kris_King,Kris King,2001
"http://dbpedia.org/resource/Jack_Fraser_(ice_hockey,_born_1882)","Jack Fraser (ice hockey, born 1882)",1915
http://dbpedia.org/resource/Joe_DiPenta,Joe DiPenta,2011
http://dbpedia.org/resource/Newsy_Lalonde,Newsy Lalonde,1927
http://dbpedia.org/resource/Kim_Issel,Kim Issel,1998
http://dbpedia.org/resource/Thomas_Graul,Thomas Graul,2005
http://dbpedia.org/resource/Jan_Srdínko,Jan Srdínko,2009
http://dbpedia.org/resource/Brandon_Straub,Brandon Straub,2011
http://dbpedia.org/resource/Kelly_Hrudey,Kelly Hrudey,1998
"http://dbpedia.org/resource/Yuri_Kuznetsov_(ice_hockey,_born_1971)","Yuri Kuznetsov (ice hockey, born 1971)",2009
http://dbpedia.org/resource/Peter_Allen_(ice_hockey),Peter Allen (ice hockey),2004
http://dbpedia.org/resource/Pekka_Rautakallio,Pekka Rautakallio,1989
http://dbpedia.org/resource/Andrzej_Dostatni,Andrzej Dostatni,1991
http://dbpedia.org/resource/Leo_Gudas,Leo Gudas,2002
http://dbpedia.org/resource/Brad_Herauf,Brad Herauf,2011
http://dbpedia.org/resource/Glenn_Mulvenna,Glenn Mulvenna,2001
http://dbpedia.org/resource/Jay_Miller_(ice_hockey),Jay Miller (ice hockey),1992
http://dbpedia.org/resource/Alla_Beknazarova,Alla Beknazarova,2010
http://dbpedia.org/resource/Duane_Bray,Duane Bray,1978
http://dbpedia.org/resource/Vladislav_Tretiak,Vladislav Tretiak,1984
http://dbpedia.org/resource/Karolina_Urban,Karolina Urban,2015
http://dbpedia.org/resource/John_Brophy_(ice_hockey),John Brophy (ice hockey),1973
http://dbpedia.org/resource/Kim_Min-seok_(figure_skater),Kim Min-seok (figure skater),2015
http://dbpedia.org/resource/Marshall_Johnston,Marshall Johnston,1974
http://dbpedia.org/resource/Harry_Allen_(ice_hockey),Harry Allen (ice hockey),1952
http://dbpedia.org/resource/Elena_Vodorezova,Elena Vodorezova,1984
http://dbpedia.org/resource/Bruce_Driver,Bruce Driver,1998
http://dbpedia.org/resource/Ralph_Buchanan,Ralph Buchanan,1958
http://dbpedia.org/resource/Alexander_Godynyuk,Alexander Godynyuk,2001
http://dbpedia.org/resource/Jiří_Fischer,Jiří Fischer,2005
http://dbpedia.org/resource/Dale_Yakiwchuk,Dale Yakiwchuk,1987
http://dbpedia.org/resource/Mario_Faubert,Mario Faubert,1982
http://dbpedia.org/resource/Dean_Beuker,Dean Beuker,2009
http://dbpedia.org/resource/Mike_Pelyk,Mike Pelyk,1978
http://dbpedia.org/resource/Lars-Gunnar_Pettersson,Lars-Gunnar Pettersson,1994
http://dbpedia.org/resource/Ted_McCaskill,Ted McCaskill,1975
http://dbpedia.org/resource/K._C._Timmons,K. C. Timmons,2012
http://dbpedia.org/resource/Joel_Savage,Joel Savage,2004
http://dbpedia.org/resource/Ondrej_Nepela,Ondrej Nepela,1973
http://dbpedia.org/resource/Harry_Cameron,Harry Cameron,1933
http://dbpedia.org/resource/Guido_Tenesi,Guido Tenesi,1980
http://dbpedia.org/resource/Marc_Dupuis,Marc Dupuis,2002
http://dbpedia.org/resource/Barbora_Silná,Barbora Silná,2016
http://dbpedia.org/resource/Anatoli_Semenov,Anatoli Semenov,1997
http://dbpedia.org/resource/Kārlis_Zirnis,Kārlis Zirnis,2010
http://dbpedia.org/resource/Doug_Mohns,Doug Mohns,1975
http://dbpedia.org/resource/Ryan_Malone,Ryan Malone,2015
http://dbpedia.org/resource/Harvey_Stapleford,Harvey Stapleford,1949
http://dbpedia.org/resource/Ari_Moisanen,Ari Moisanen,1994
http://dbpedia.org/resource/Bruce_Bell,Bruce Bell,1998
http://dbpedia.org/resource/Marc_Bergevin,Marc Bergevin,2004
http://dbpedia.org/resource/Vladislav_Sesganov,Vladislav Sesganov,2014
http://dbpedia.org/resource/Colleen_Coyne,Colleen Coyne,1998
http://dbpedia.org/resource/Brian_Dobbin,Brian Dobbin,1999
http://dbpedia.org/resource/Dan_Tessier,Dan Tessier,2009
http://dbpedia.org/resource/Anna_Rechnio,Anna Rechnio,2000
http://dbpedia.org/resource/Jack_Marshall_(ice_hockey),Jack Marshall (ice hockey),1917
http://dbpedia.org/resource/Tom_Serviss,Tom Serviss,1978
http://dbpedia.org/resource/Ted_Crowley,Ted Crowley,2005
http://dbpedia.org/resource/Nelli_Chervotkina,Nelli Chervotkina,1983
http://dbpedia.org/resource/Melville_Vail,Melville Vail,1936
http://dbpedia.org/resource/Mike_Baumgartner,Mike Baumgartner,1976
http://dbpedia.org/resource/Harry_Connor,Harry Connor,1933
http://dbpedia.org/resource/Fred_Williams_(ice_hockey),Fred Williams (ice hockey),1982
http://dbpedia.org/resource/Darren_Langdon,Darren Langdon,2006
http://dbpedia.org/resource/Ken_Baker_(entertainment_journalist),Ken Baker (entertainment journalist),2002
http://dbpedia.org/resource/Jim_Adair,Jim Adair,1976
http://dbpedia.org/resource/Tomáš_Kaberle,Tomáš Kaberle,2016
http://dbpedia.org/resource/Mikhail_Balandin,Mikhail Balandin,2011
http://dbpedia.org/resource/Artur_Dmitriev,Artur Dmitriev,1999
http://dbpedia.org/resource/William_Duval_(ice_hockey),William Duval (ice hockey),1905
http://dbpedia.org/resource/Guillaume_Latendresse,Guillaume Latendresse,2013
http://dbpedia.org/resource/Howie_Lockhart,Howie Lockhart,1925
http://dbpedia.org/resource/Herb_Gardiner,Herb Gardiner,1929
http://dbpedia.org/resource/Denis_Tsygurov,Denis Tsygurov,2001
http://dbpedia.org/resource/Jim_Hay,Jim Hay,1972
http://dbpedia.org/resource/Mike_Vellucci,Mike Vellucci,1995
http://dbpedia.org/resource/Peter_Wespi,Peter Wespi,1964
http://dbpedia.org/resource/Gary_Kurt,Gary Kurt,1977
http://dbpedia.org/resource/Red_Hamill,Red Hamill,1951
http://dbpedia.org/resource/Art_Hodgins,Art Hodgins,1968
http://dbpedia.org/resource/Bryan_Trottier,Bryan Trottier,1994
http://dbpedia.org/resource/Jack_LeClair,Jack LeClair,1968
http://dbpedia.org/resource/Grzegorz_Głowania,Grzegorz Głowania,1983
http://dbpedia.org/resource/Edouard_Filliol,Edouard Filliol,1924
http://dbpedia.org/resource/Russ_Blinco,Russ Blinco,1939
http://dbpedia.org/resource/Andy_Schliebener,Andy Schliebener,1986
http://dbpedia.org/resource/Bob_Sabourin,Bob Sabourin,1968
http://dbpedia.org/resource/Al_Osborne,Al Osborne,1977
http://dbpedia.org/resource/Natalia_Ponomareva,Natalia Ponomareva,2004
http://dbpedia.org/resource/Patrice_Tardif,Patrice Tardif,2008
http://dbpedia.org/resource/Petteri_Lehto,Petteri Lehto,1990
http://dbpedia.org/resource/Claude_Boivin,Claude Boivin,1995
http://dbpedia.org/resource/Nels_Crutchfield,Nels Crutchfield,1935
http://dbpedia.org/resource/Sara_Wheat,Sara Wheat,2004
http://dbpedia.org/resource/Michael_Shmerkin,Michael Shmerkin,2002
http://dbpedia.org/resource/Kjell_Samuelsson,Kjell Samuelsson,1999
http://dbpedia.org/resource/Dino_Quattrocecere,Dino Quattrocecere,2003
http://dbpedia.org/resource/Alva_Sibbetts,Alva Sibbetts,1928
http://dbpedia.org/resource/Jed_Ortmeyer,Jed Ortmeyer,2014
http://dbpedia.org/resource/Bryan_Leitch,Bryan Leitch,2010
