http://dbpedia.org/ontology/SportsTeam,SportsTeam,http://dbpedia.org/ontology/foundingYear
http://dbpedia.org/resource/Mississauga_Power,Mississauga Power,1809
http://dbpedia.org/resource/SK_Tirana,SK Tirana,1553
http://dbpedia.org/resource/West_of_Scotland_F.C.,West of Scotland F.C.,1873
http://dbpedia.org/resource/HC_Lev_Poprad,HC Lev Poprad,2341
http://dbpedia.org/resource/Mount_Lofty_District_Football_Club,Mount Lofty District Football Club,2173
http://dbpedia.org/resource/Boston_Lobsters_(1974),Boston Lobsters (1974),2072
http://dbpedia.org/resource/UPB_Gandia,UPB Gandia,1925
http://dbpedia.org/resource/Parkmore_RFC,Parkmore RFC,2076
http://dbpedia.org/resource/KK_Novi_Sad,KK Novi Sad,1935
http://dbpedia.org/resource/Basket_Zielona_Góra,Basket Zielona Góra,1982
http://dbpedia.org/resource/Lubbock_Renegades,Lubbock Renegades,2128
http://dbpedia.org/resource/Utah_Saints_(AIFA),Utah Saints (AIFA),2096
http://dbpedia.org/resource/Young-Sprinters_Hockey_Club,Young-Sprinters Hockey Club,1775
http://dbpedia.org/resource/Jiangsu_Dragons,Jiangsu Dragons,1906
http://dbpedia.org/resource/AB_Pacense,AB Pacense,1918
http://dbpedia.org/resource/Garda_RFC,Garda RFC,2000
http://dbpedia.org/resource/Kaohsiung_Truth,Kaohsiung Truth,2033
http://dbpedia.org/resource/Slovenska_Bistrica_Werewolves,Slovenska Bistrica Werewolves,1810
http://dbpedia.org/resource/Pizza_Corner,Pizza Corner,2275
http://dbpedia.org/resource/BC_Nevėžis,BC Nevėžis,2118
http://dbpedia.org/resource/Ardee_RFC,Ardee RFC,2328
http://dbpedia.org/resource/Gwinnett_Majic,Gwinnett Majic,1733
http://dbpedia.org/resource/RC_Aachen,RC Aachen,2179
http://dbpedia.org/resource/Oviedo_RC,Oviedo RC,2077
http://dbpedia.org/resource/KK_Vardar,KK Vardar,2118
http://dbpedia.org/resource/IK_Göta,IK Göta,2204
http://dbpedia.org/resource/Calder_Cannons,Calder Cannons,2172
http://dbpedia.org/resource/KK_Cedevita,KK Cedevita,22
http://dbpedia.org/resource/Bejjeh_SC,Bejjeh SC,1976
http://dbpedia.org/resource/HK_Stari_Grad,HK Stari Grad,1792
http://dbpedia.org/resource/Toyota_Industries_Shuttles,Toyota Industries Shuttles,2179
http://dbpedia.org/resource/BK_NH_Ostrava,BK NH Ostrava,2076
http://dbpedia.org/resource/SC_Germania_List,SC Germania List,1739
http://dbpedia.org/resource/Chervena_Zvezda_Sofia,Chervena Zvezda Sofia,2057
http://dbpedia.org/resource/Heidelberger_TV,Heidelberger TV,1691
http://dbpedia.org/resource/Team_SoloMid,Team SoloMid,1808
http://dbpedia.org/resource/Ystrad_Rhondda_RFC,Ystrad Rhondda RFC,1599
http://dbpedia.org/resource/Rhode_Island_Indians,Rhode Island Indians,1848
http://dbpedia.org/resource/Ergotelis_B.C.,Ergotelis B.C.,1728
http://dbpedia.org/resource/Klosterneuburg_Dukes,Klosterneuburg Dukes,1718
http://dbpedia.org/resource/PINKK-Pécsi_424,PINKK-Pécsi 424,2198
http://dbpedia.org/resource/Molly_Maid,Molly Maid,1796
http://dbpedia.org/resource/Portland_Stags,Portland Stags,1849
http://dbpedia.org/resource/Launceston_RUFC,Launceston RUFC,1880
http://dbpedia.org/resource/SISU_BK,SISU BK,2052
http://dbpedia.org/resource/Welshpool_RFC,Welshpool RFC,2129
http://dbpedia.org/resource/HAKK_Mladost,HAKK Mladost,2189
http://dbpedia.org/resource/Sherwood_Park_Crusaders,Sherwood Park Crusaders,1861
http://dbpedia.org/resource/Maccabi_Bnot_Ashdod,Maccabi Bnot Ashdod,2329
http://dbpedia.org/resource/Chin_Min_Dragons_UBC_Sankt_Pölten,Chin Min Dragons UBC Sankt Pölten,1735
http://dbpedia.org/resource/Frisco_Falcons,Frisco Falcons,1875
http://dbpedia.org/resource/Dorking_R.F.C.,Dorking R.F.C.,1809
http://dbpedia.org/resource/Maryland_Reapers,Maryland Reapers,1581
http://dbpedia.org/resource/YCO_Shine_Masters,YCO Shine Masters,1952
http://dbpedia.org/resource/SC_Neuenheim,SC Neuenheim,1712
http://dbpedia.org/resource/Wirral_Rugby_Club,Wirral Rugby Club,1522
http://dbpedia.org/resource/Philadelphia_Yellow_Jackets,Philadelphia Yellow Jackets,2167
http://dbpedia.org/resource/HC_Berkut-Kiev,HC Berkut-Kiev,2297
http://dbpedia.org/resource/Danbury_Trashers,Danbury Trashers,1874
http://dbpedia.org/resource/Ponoka_Stampeders,Ponoka Stampeders,2214
http://dbpedia.org/resource/Northolt_Rugby_Football_Club,Northolt Rugby Football Club,2375
http://dbpedia.org/resource/HC_Plzeň,HC Plzeň,1735
http://dbpedia.org/resource/Mogliano_Rugby,Mogliano Rugby,1709
http://dbpedia.org/resource/Anka_Spor_Kulübü,Anka Spor Kulübü,1858
http://dbpedia.org/resource/Miami_Midnites,Miami Midnites,1622
http://dbpedia.org/resource/Maccabi_Istanbul,Maccabi Istanbul,1890
http://dbpedia.org/resource/New_York_Sportimes,New York Sportimes,2197
http://dbpedia.org/resource/Dauphins_de_Créteil,Dauphins de Créteil,1868
http://dbpedia.org/resource/TBS_Universiteti_RC,TBS Universiteti RC,2055
http://dbpedia.org/resource/Epping_Rugby_&_Netball_Club,Epping Rugby & Netball Club,1604
http://dbpedia.org/resource/Cross_Keys_RFC,Cross Keys RFC,1737
http://dbpedia.org/resource/Central_Valley_Titans,Central Valley Titans,2002
http://dbpedia.org/resource/SFK_Trygg,SFK Trygg,1829
http://dbpedia.org/resource/Jászberényi_KSE,Jászberényi KSE,1909
http://dbpedia.org/resource/Gothia_Basket,Gothia Basket,2118
http://dbpedia.org/resource/Missoula_Maggots,Missoula Maggots,1877
http://dbpedia.org/resource/San_Antonio_Spurs,San Antonio Spurs,2342
http://dbpedia.org/resource/Calanda_Broncos,Calanda Broncos,2131
http://dbpedia.org/resource/Beyoğlu_S.K.,Beyoğlu S.K.,1828
http://dbpedia.org/resource/TSV_Victoria_Linden,TSV Victoria Linden,1501
http://dbpedia.org/resource/Currie_RFC,Currie RFC,2058
http://dbpedia.org/resource/Secom_Rugguts,Secom Rugguts,2155
http://dbpedia.org/resource/Chicago_Condors,Chicago Condors,2051
http://dbpedia.org/resource/Roller_Derby_Germany,Roller Derby Germany,2185
http://dbpedia.org/resource/Washington_DC_Current,Washington DC Current,2284
http://dbpedia.org/resource/Co-Optimist_Rugby_Club,Co-Optimist Rugby Club,2215
http://dbpedia.org/resource/Saint_John_Mill_Rats,Saint John Mill Rats,2030
http://dbpedia.org/resource/Bauru_Basket,Bauru Basket,2016
http://dbpedia.org/resource/Papakura_RFC,Papakura RFC,1903
http://dbpedia.org/resource/Army_Rugby_Union,Army Rugby Union,1652
http://dbpedia.org/resource/Dublin_University_Football_Club,Dublin University Football Club,1805
http://dbpedia.org/resource/Simcoe_Storm,Simcoe Storm,1951
http://dbpedia.org/resource/Heilbronner_Falken,Heilbronner Falken,2431
http://dbpedia.org/resource/İzmir_Büyükşehir_Belediyesi_GSK,İzmir Büyükşehir Belediyesi GSK,1988
http://dbpedia.org/resource/KK_AMAK_SP,KK AMAK SP,2002
http://dbpedia.org/resource/HC_Sierre-Anniviers,HC Sierre-Anniviers,2252
http://dbpedia.org/resource/Emerging_Ireland,Emerging Ireland,1883
http://dbpedia.org/resource/Rhein-Neckar_Bandits,Rhein-Neckar Bandits,1743
http://dbpedia.org/resource/Marion_Blue_Racers,Marion Blue Racers,2344
http://dbpedia.org/resource/Yertis_Pavlodar,Yertis Pavlodar,2238
http://dbpedia.org/resource/Fiamme_Oro_Rugby,Fiamme Oro Rugby,2035
http://dbpedia.org/resource/Annan_RFC,Annan RFC,1852
http://dbpedia.org/resource/BC_Yenisey_Krasnoyarsk,BC Yenisey Krasnoyarsk,2208
http://dbpedia.org/resource/Keramin_Minsk,Keramin Minsk,1921
http://dbpedia.org/resource/Pallacanestro_Reggiana,Pallacanestro Reggiana,2171
http://dbpedia.org/resource/Utah_Jynx,Utah Jynx,1964
http://dbpedia.org/resource/Erie_Explosion,Erie Explosion,2151
http://dbpedia.org/resource/BV_Chemnitz_99,BV Chemnitz 99,1801
http://dbpedia.org/resource/Újpesti_TE,Újpesti TE,2102
http://dbpedia.org/resource/HK_Lido_Nafta_Riga,HK Lido Nafta Riga,2112
http://dbpedia.org/resource/Portland_Shockwave,Portland Shockwave,1699
http://dbpedia.org/resource/Badener_Greifs,Badener Greifs,2054
http://dbpedia.org/resource/IFK_Växjö,IFK Växjö,1491
http://dbpedia.org/resource/CB_L'Hospitalet,CB L'Hospitalet,2025
http://dbpedia.org/resource/Cardiff_Blues,Cardiff Blues,1942
http://dbpedia.org/resource/Araski_AES,Araski AES,2108
http://dbpedia.org/resource/Soles_de_Santo_Domingo_Este,Soles de Santo Domingo Este,1724
http://dbpedia.org/resource/IK_Oskarshamn,IK Oskarshamn,1869
http://dbpedia.org/resource/Guelph_Storm,Guelph Storm,2394
http://dbpedia.org/resource/Windsor_Express,Windsor Express,2132
http://dbpedia.org/resource/Stockton_Wolves,Stockton Wolves,1963
http://dbpedia.org/resource/Boca_Juniors_(basketball),Boca Juniors (basketball),1837
http://dbpedia.org/resource/HC_Vityaz,HC Vityaz,1797
http://dbpedia.org/resource/Tenerife_AB,Tenerife AB,2216
http://dbpedia.org/resource/BC_Palanga,BC Palanga,2310
http://dbpedia.org/resource/Florence_Phantoms,Florence Phantoms,1667
http://dbpedia.org/resource/Rugbyclub_Turnhout,Rugbyclub Turnhout,1971
http://dbpedia.org/resource/HC_Vrchlabí,HC Vrchlabí,2265
http://dbpedia.org/resource/Briton_Ferry_RFC,Briton Ferry RFC,1777
http://dbpedia.org/resource/Royal_Navy_Rugby_Union,Royal Navy Rugby Union,1721
http://dbpedia.org/resource/Rugbyclub_Waereghem,Rugbyclub Waereghem,1922
http://dbpedia.org/resource/Keflavík_ÍF,Keflavík ÍF,1824
http://dbpedia.org/resource/Hinckley_RFC,Hinckley RFC,1988
http://dbpedia.org/resource/Almere_Pioneers,Almere Pioneers,2262
http://dbpedia.org/resource/Berlin_Rebels,Berlin Rebels,2221
http://dbpedia.org/resource/CB_Puig_d'en_Valls,CB Puig d'en Valls,2216
http://dbpedia.org/resource/Lindø_RSC,Lindø RSC,1703
http://dbpedia.org/resource/Middlebury_College_Rugby_Club,Middlebury College Rugby Club,2190
http://dbpedia.org/resource/Wichita_Force,Wichita Force,2358
http://dbpedia.org/resource/Louisville_Belles,Louisville Belles,1580
http://dbpedia.org/resource/CSKA_Sofia_(ice_hockey),CSKA Sofia (ice hockey),1797
http://dbpedia.org/resource/St._Louis_Vipers,St. Louis Vipers,1946
http://dbpedia.org/resource/Karlsruher_SV_Rugby,Karlsruher SV Rugby,2101
http://dbpedia.org/resource/New_York/New_Jersey_Hitmen,New York/New Jersey Hitmen,2086
http://dbpedia.org/resource/AmericInn,AmericInn,1877
http://dbpedia.org/resource/Hapoel_Afula_B.C.,Hapoel Afula B.C.,1852
http://dbpedia.org/resource/Suntory_Sungoliath,Suntory Sungoliath,1846
http://dbpedia.org/resource/New_Ross_RFC,New Ross RFC,1958
http://dbpedia.org/resource/Queensland_Scorchers,Queensland Scorchers,1924
http://dbpedia.org/resource/Steel_City_Renegades,Steel City Renegades,2049
http://dbpedia.org/resource/CSM_București_(rugby),CSM București (rugby),2220
http://dbpedia.org/resource/Unione_Rugby_Sannio,Unione Rugby Sannio,2322
http://dbpedia.org/resource/Tasman_Rugby_Union,Tasman Rugby Union,2080
http://dbpedia.org/resource/Rugby_Union_Club_Piešťany,Rugby Union Club Piešťany,2108
http://dbpedia.org/resource/San_Sebastián_Gipuzkoa_BC,San Sebastián Gipuzkoa BC,2004
http://dbpedia.org/resource/ETHA_Engomis,ETHA Engomis,1560
http://dbpedia.org/resource/KB_RTV21,KB RTV21,1882
http://dbpedia.org/resource/Brantford_Blast,Brantford Blast,2139
http://dbpedia.org/resource/Transcona_Railer_Express,Transcona Railer Express,2012
http://dbpedia.org/resource/Macclesfield_Football_Club,Macclesfield Football Club,1952
http://dbpedia.org/resource/Wadebridge_Camels,Wadebridge Camels,2039
http://dbpedia.org/resource/RC_Mainz,RC Mainz,2122
http://dbpedia.org/resource/Nagoya_Diamond_Dolphins,Nagoya Diamond Dolphins,1883
http://dbpedia.org/resource/Maccabi_Tel_Aviv,Maccabi Tel Aviv,1996
http://dbpedia.org/resource/KK_FMP_Beograd,KK FMP Beograd,2037
http://dbpedia.org/resource/Strathroy_Rockets,Strathroy Rockets,2273
http://dbpedia.org/resource/Sociedade_Esportiva_Palmeiras_(basketball),Sociedade Esportiva Palmeiras (basketball),1707
http://dbpedia.org/resource/Rowdies_Rugby_Football_Club,Rowdies Rugby Football Club,1742
http://dbpedia.org/resource/Imperial_Medicals_Rugby_Club,Imperial Medicals Rugby Club,1705
http://dbpedia.org/resource/Valdosta_State_University_Rugby_Club,Valdosta State University Rugby Club,1913
http://dbpedia.org/resource/Charleston_Gunners,Charleston Gunners,1690
http://dbpedia.org/resource/Paris_Cockerels,Paris Cockerels,1848
http://dbpedia.org/resource/Erdgas_Ehingen/Urspringschule,Erdgas Ehingen/Urspringschule,1972
http://dbpedia.org/resource/Tallahassee_Thunder,Tallahassee Thunder,2114
http://dbpedia.org/resource/Botafogo_Reptiles,Botafogo Reptiles,1879
http://dbpedia.org/resource/NT_Pearls,NT Pearls,1850
http://dbpedia.org/resource/G.S._Olympia_Larissa_B.C.,G.S. Olympia Larissa B.C.,2229
http://dbpedia.org/resource/HC_Lev_Praha,HC Lev Praha,1767
http://dbpedia.org/resource/ČEZ_Basketball_Nymburk,ČEZ Basketball Nymburk,1590
http://dbpedia.org/resource/Tartu_Rugby_Klubi_Lelo,Tartu Rugby Klubi Lelo,1867
http://dbpedia.org/resource/Toronto_Furies,Toronto Furies,2240
http://dbpedia.org/resource/Gary_Splash,Gary Splash,1605
http://dbpedia.org/resource/Jaguares_(Super_Rugby),Jaguares (Super Rugby),1614
http://dbpedia.org/resource/Beaconsfield_Rugby_Club,Beaconsfield Rugby Club,2054
http://dbpedia.org/resource/Bearno's,Bearno's,1908
http://dbpedia.org/resource/Northern_Indiana_Monarchs,Northern Indiana Monarchs,2076
http://dbpedia.org/resource/Philadelphia_Whitemarsh_RFC,Philadelphia Whitemarsh RFC,1913
http://dbpedia.org/resource/Port_City_Sharks,Port City Sharks,1884
http://dbpedia.org/resource/Wanganui_Rugby_Football_Union,Wanganui Rugby Football Union,1777
http://dbpedia.org/resource/Northeastern_Nitro,Northeastern Nitro,1911
http://dbpedia.org/resource/San_Gregorio_Catania_Rugby,San Gregorio Catania Rugby,2145
http://dbpedia.org/resource/Pallacanestro_Milano_1958,Pallacanestro Milano 1958,2249
http://dbpedia.org/resource/Squamish_Wolf_Pack,Squamish Wolf Pack,1802
http://dbpedia.org/resource/Kane_County_Dawgs,Kane County Dawgs,1688
http://dbpedia.org/resource/Hamlet_RK,Hamlet RK,1799
http://dbpedia.org/resource/Café_de_Coral_(restaurant),Café de Coral (restaurant),1704
http://dbpedia.org/resource/New_York_Buzz,New York Buzz,2269
http://dbpedia.org/resource/Tuscaloosa_Warriors,Tuscaloosa Warriors,1872
http://dbpedia.org/resource/Salina_Bombers,Salina Bombers,1947
http://dbpedia.org/resource/Blindern_Rugbyklubb,Blindern Rugbyklubb,1893
http://dbpedia.org/resource/Team_Dragon_Knights,Team Dragon Knights,1871
http://dbpedia.org/resource/Traverse_Bay_Blues_Rugby_Football_Club,Traverse Bay Blues Rugby Football Club,2024
http://dbpedia.org/resource/Cronulla_Sharks_Water_Polo_Club,Cronulla Sharks Water Polo Club,2074
http://dbpedia.org/resource/HK_ATEK_Kiev,HK ATEK Kiev,1885
http://dbpedia.org/resource/Buffalo_Sharks,Buffalo Sharks,2365
http://dbpedia.org/resource/Tignish_Aces,Tignish Aces,2157
http://dbpedia.org/resource/Woodstock_Navy-Vets,Woodstock Navy-Vets,1596
http://dbpedia.org/resource/ŽKK_Radnički_Kragujevac,ŽKK Radnički Kragujevac,1855
http://dbpedia.org/resource/Oklahoma_Thunder,Oklahoma Thunder,2150
http://dbpedia.org/resource/Monash_Whites_Football_Club,Monash Whites Football Club,2204
http://dbpedia.org/resource/Cheyenne_Warriors,Cheyenne Warriors,2118
http://dbpedia.org/resource/McLaren_Football_Club,McLaren Football Club,2350
http://dbpedia.org/resource/AS_Orizzonte_Catania,AS Orizzonte Catania,1696
http://dbpedia.org/resource/Eno_River_Rugby,Eno River Rugby,2102
http://dbpedia.org/resource/East_Africa_rugby_union_team,East Africa rugby union team,1916
http://dbpedia.org/resource/Wiesbaden_Phantoms,Wiesbaden Phantoms,1899
http://dbpedia.org/resource/Saskatoon_Wild_Oats_RFC,Saskatoon Wild Oats RFC,1900
http://dbpedia.org/resource/Klaipėdos_Nafta-Universitetas,Klaipėdos Nafta-Universitetas,1868
http://dbpedia.org/resource/Tokyo_Apache,Tokyo Apache,1718
http://dbpedia.org/resource/Astralis,Astralis,1835
http://dbpedia.org/resource/Macon_Steel,Macon Steel,1876
http://dbpedia.org/resource/Sarasota_Thunder,Sarasota Thunder,2206
http://dbpedia.org/resource/Falcons_(rugby_team),Falcons (rugby team),2264
http://dbpedia.org/resource/Baie-Comeau_Drakkar,Baie-Comeau Drakkar,1745
http://dbpedia.org/resource/BC_Lietkabelis,BC Lietkabelis,1860
http://dbpedia.org/resource/Darlington_Mowden_Park_R.F.C.,Darlington Mowden Park R.F.C.,1969
http://dbpedia.org/resource/Lieksan_Hurtat,Lieksan Hurtat,2083
http://dbpedia.org/resource/Calcutta_Polo_Club,Calcutta Polo Club,1891
http://dbpedia.org/resource/San_Diego_Breakers,San Diego Breakers,2068
http://dbpedia.org/resource/Swift_Current_Broncos,Swift Current Broncos,2224
http://dbpedia.org/resource/Sheffield_Scimitars,Sheffield Scimitars,2202
http://dbpedia.org/resource/RC_TEX-A-C,RC TEX-A-C,2353
http://dbpedia.org/resource/RC_Graz,RC Graz,2111
http://dbpedia.org/resource/Traktor_Chelyabinsk,Traktor Chelyabinsk,2141
http://dbpedia.org/resource/Wests_Lions,Wests Lions,2147
http://dbpedia.org/resource/NMKY_Helsinki,NMKY Helsinki,1705
http://dbpedia.org/resource/Hong_Kong_Scottish,Hong Kong Scottish,2019
http://dbpedia.org/resource/Toronto_Tecumsehs,Toronto Tecumsehs,2359
http://dbpedia.org/resource/Crociati_Parma_Rugby_FC,Crociati Parma Rugby FC,2041
http://dbpedia.org/resource/Bydgoszcz_Raiders,Bydgoszcz Raiders,2138
http://dbpedia.org/resource/Fargo-Moorhead_Beez,Fargo-Moorhead Beez,2153
http://dbpedia.org/resource/BBC_Diekirch,BBC Diekirch,1861
http://dbpedia.org/resource/Black_Star_Mersch,Black Star Mersch,1761
http://dbpedia.org/resource/Pizza_Lucé,Pizza Lucé,2199
http://dbpedia.org/resource/1._Oberösterreichischer_Rugby_Sport_Club,1. Oberösterreichischer Rugby Sport Club,2140
http://dbpedia.org/resource/Bremen_Roosters,Bremen Roosters,1930
http://dbpedia.org/resource/A.P.S._Aspida_Xanthi,A.P.S. Aspida Xanthi,2036
http://dbpedia.org/resource/A.S._Ramat_HaSharon,A.S. Ramat HaSharon,2030
http://dbpedia.org/resource/Central_Cal_War_Angels,Central Cal War Angels,1721
http://dbpedia.org/resource/Halmstads_BTK,Halmstads BTK,1907
http://dbpedia.org/resource/Halton_Hills_Bulldogs,Halton Hills Bulldogs,2112
http://dbpedia.org/resource/BC_Nizhny_Novgorod,BC Nizhny Novgorod,2230
http://dbpedia.org/resource/Montreal_Jazz,Montreal Jazz,1662
http://dbpedia.org/resource/Laval_Kebs,Laval Kebs,2095
http://dbpedia.org/resource/Llanelli_Wanderers_RFC,Llanelli Wanderers RFC,1847
http://dbpedia.org/resource/Spokane_Braves,Spokane Braves,2031
http://dbpedia.org/resource/Talywain_RFC,Talywain RFC,1993
http://dbpedia.org/resource/P.A.O.K.,P.A.O.K.,1935
http://dbpedia.org/resource/Adelaide_Cricket_Club,Adelaide Cricket Club,1797
http://dbpedia.org/resource/Maccabi_Thessaloniki,Maccabi Thessaloniki,2054
http://dbpedia.org/resource/Huntington_Hammer,Huntington Hammer,2362
http://dbpedia.org/resource/Philadelphia_Warriors_(ABL),Philadelphia Warriors (ABL),2046
http://dbpedia.org/resource/Island_Storm,Island Storm,2258
http://dbpedia.org/resource/Oakland_Skates,Oakland Skates,1890
http://dbpedia.org/resource/Rimouski_Océanic,Rimouski Océanic,1662
http://dbpedia.org/resource/Ferro_Carril_Oeste_(basketball),Ferro Carril Oeste (basketball),1735
http://dbpedia.org/resource/Minnesota_Arctic_Blast,Minnesota Arctic Blast,1647
http://dbpedia.org/resource/HC_Slavia_Sofia,HC Slavia Sofia,1835
http://dbpedia.org/resource/Grupo_Dramático_e_Sportivo_Cascais,Grupo Dramático e Sportivo Cascais,1666
http://dbpedia.org/resource/Detroit_Pistons,Detroit Pistons,2184
http://dbpedia.org/resource/Queen's_House_Football_Club,Queen's House Football Club,1875
http://dbpedia.org/resource/Toronto_Indians,Toronto Indians,1689
http://dbpedia.org/resource/Ulverstone_Football_Club,Ulverstone Football Club,1551
http://dbpedia.org/resource/Ísknattleiksfélagið_Björninn,Ísknattleiksfélagið Björninn,2373
http://dbpedia.org/resource/Újpesti_TE_(men's_water_polo),Újpesti TE (men's water polo),2153
http://dbpedia.org/resource/Nueva_Ecija_Patriots,Nueva Ecija Patriots,2141
http://dbpedia.org/resource/Los_Santos_Reales_de_San_Luis,Los Santos Reales de San Luis,1917
http://dbpedia.org/resource/Tring_Rugby,Tring Rugby,2022
http://dbpedia.org/resource/Millmount_House_RFC,Millmount House RFC,2164
http://dbpedia.org/resource/Brampton_Thunder,Brampton Thunder,1784
http://dbpedia.org/resource/Waverley_Rugby_Club,Waverley Rugby Club,2337
http://dbpedia.org/resource/BIK_Karlskoga,BIK Karlskoga,2466
http://dbpedia.org/resource/Dresden_Titans,Dresden Titans,2315
http://dbpedia.org/resource/KK_Beovuk_72,KK Beovuk 72,2195
http://dbpedia.org/resource/Erie_Illusion,Erie Illusion,1784
http://dbpedia.org/resource/Basket_Burgos_2002,Basket Burgos 2002,1950
http://dbpedia.org/resource/Free_State_Cheetahs,Free State Cheetahs,1645
http://dbpedia.org/resource/CYM_RFC,CYM RFC,1888
http://dbpedia.org/resource/Georgia_Warriors,Georgia Warriors,1916
http://dbpedia.org/resource/HK_Vojvodina,HK Vojvodina,1692
http://dbpedia.org/resource/Sioux_City_Bandits,Sioux City Bandits,2176
http://dbpedia.org/resource/MBK_SPU_Nitra,MBK SPU Nitra,1705
http://dbpedia.org/resource/Kragujevac_Wild_Boars,Kragujevac Wild Boars,1759
http://dbpedia.org/resource/Ottawa_Jr._Senators,Ottawa Jr. Senators,1777
http://dbpedia.org/resource/Oklahoma_Defenders,Oklahoma Defenders,2138
http://dbpedia.org/resource/NRK_Troján,NRK Troján,1907
http://dbpedia.org/resource/Dundas_Blues,Dundas Blues,1674
http://dbpedia.org/resource/UMMC_Ekaterinburg,UMMC Ekaterinburg,2250
http://dbpedia.org/resource/ASA_Tel_Aviv_Rugby_Club,ASA Tel Aviv Rugby Club,1973
http://dbpedia.org/resource/South_Adelaide_Basketball_Club,South Adelaide Basketball Club,2118
http://dbpedia.org/resource/Ballarat_Miners,Ballarat Miners,2050
http://dbpedia.org/resource/Åkers_IF,Åkers IF,1902
http://dbpedia.org/resource/SC_Sokil,SC Sokil,2110
http://dbpedia.org/resource/Team_City_of_Gods,Team City of Gods,2200
http://dbpedia.org/resource/Dunfermline_RFC,Dunfermline RFC,1770
http://dbpedia.org/resource/Team_23,Team 23,1842
http://dbpedia.org/resource/CS_Meaux_(WBC),CS Meaux (WBC),1991
http://dbpedia.org/resource/Bonymaen_Broncos,Bonymaen Broncos,2125
http://dbpedia.org/resource/Devonport_Football_Club,Devonport Football Club,1839
http://dbpedia.org/resource/Celta_de_Vigo_Baloncesto,Celta de Vigo Baloncesto,1824
http://dbpedia.org/resource/Birmingham_Thunderbolts,Birmingham Thunderbolts,2455
http://dbpedia.org/resource/Gladsaxe_SF,Gladsaxe SF,1634
http://dbpedia.org/resource/BV_Den_Helder,BV Den Helder,2094
http://dbpedia.org/resource/Horsens_IC,Horsens IC,1939
http://dbpedia.org/resource/Prince_George_Cougars,Prince George Cougars,2154
http://dbpedia.org/resource/S.Oliver_Würzburg,S.Oliver Würzburg,2209
http://dbpedia.org/resource/Castlegar_Rebels,Castlegar Rebels,2282
http://dbpedia.org/resource/HC_Spartak_St._Petersburg,HC Spartak St. Petersburg,2070
http://dbpedia.org/resource/Hershey_Impact,Hershey Impact,1867
http://dbpedia.org/resource/Chicago_Pythons,Chicago Pythons,2302
http://dbpedia.org/resource/Diablo_Gaels_RFC,Diablo Gaels RFC,1778
http://dbpedia.org/resource/Yakima_Valley_Warriors,Yakima Valley Warriors,2264
http://dbpedia.org/resource/Suncoast_Suns,Suncoast Suns,2129
http://dbpedia.org/resource/Reno_Bighorns,Reno Bighorns,2324
http://dbpedia.org/resource/Yamaha_Júbilo,Yamaha Júbilo,1812
http://dbpedia.org/resource/Charleston_Swamp_Foxes,Charleston Swamp Foxes,2108
http://dbpedia.org/resource/ANO_Glyfada,ANO Glyfada,1711
http://dbpedia.org/resource/Círcol_Catòlic_de_Badalona,Círcol Catòlic de Badalona,1937
http://dbpedia.org/resource/Maryland_Maniacs,Maryland Maniacs,2208
http://dbpedia.org/resource/Swans_Gmunden,Swans Gmunden,1582
http://dbpedia.org/resource/St._Albert_Merchants,St. Albert Merchants,1997
http://dbpedia.org/resource/US_Tours_Rugby,US Tours Rugby,2143
http://dbpedia.org/resource/X.A.N._Thessaloniki,X.A.N. Thessaloniki,1748
http://dbpedia.org/resource/Newton_Abbot_RFC,Newton Abbot RFC,1720
http://dbpedia.org/resource/Borås_Basket,Borås Basket,1894
http://dbpedia.org/resource/RC_Yantra_Gabrovo,RC Yantra Gabrovo,1855
http://dbpedia.org/resource/Norfolk_Nighthawks,Norfolk Nighthawks,2233
http://dbpedia.org/resource/Excelsior_Brussels,Excelsior Brussels,2225
http://dbpedia.org/resource/Montreal_Royal_(AUDL),Montreal Royal (AUDL),2464
http://dbpedia.org/resource/Njurunda_SK,Njurunda SK,2078
http://dbpedia.org/resource/Woodville_Lacrosse_Club,Woodville Lacrosse Club,2142
http://dbpedia.org/resource/Aiolos_Astakou_B.C.,Aiolos Astakou B.C.,1972
http://dbpedia.org/resource/Scunthorpe_Rugby_Club,Scunthorpe Rugby Club,1600
http://dbpedia.org/resource/Chattanooga_Locomotion,Chattanooga Locomotion,1901
http://dbpedia.org/resource/Thedford_Dirty_Dogs,Thedford Dirty Dogs,2333
http://dbpedia.org/resource/Nightcliff_Baseball_Club,Nightcliff Baseball Club,1830
http://dbpedia.org/resource/Metallurg_Magnitogorsk,Metallurg Magnitogorsk,1914
http://dbpedia.org/resource/Toronto_Rowing_and_Athletic_Association,Toronto Rowing and Athletic Association,2245
http://dbpedia.org/resource/Kitchener-Waterloo_Braves,Kitchener-Waterloo Braves,2083
http://dbpedia.org/resource/Cholet_Basket,Cholet Basket,1643
http://dbpedia.org/resource/Miami_Sting,Miami Sting,2087
http://dbpedia.org/resource/Alcobendas_Rugby,Alcobendas Rugby,2131
http://dbpedia.org/resource/Findlay_Prep,Findlay Prep,2390
http://dbpedia.org/resource/Kelowna_Rockets,Kelowna Rockets,2195
http://dbpedia.org/resource/BC_Caspiy_Aktau,BC Caspiy Aktau,2163
http://dbpedia.org/resource/Brumbies,Brumbies,2041
http://dbpedia.org/resource/Champagne_Châlons-Reims_Basket,Champagne Châlons-Reims Basket,2198
http://dbpedia.org/resource/Connemara_RFC,Connemara RFC,1999
http://dbpedia.org/resource/Hundested_RK,Hundested RK,1715
http://dbpedia.org/resource/Ottawa_Senators_(CWHL),Ottawa Senators (CWHL),1738
http://dbpedia.org/resource/CB_Granada,CB Granada,2159
http://dbpedia.org/resource/SønderjyskE_Ishockey,SønderjyskE Ishockey,1722
http://dbpedia.org/resource/Curitiba_Rugby_Clube,Curitiba Rugby Clube,2088
http://dbpedia.org/resource/Pro_Recco_(women),Pro Recco (women),1925
http://dbpedia.org/resource/CN_Terrassa,CN Terrassa,1936
http://dbpedia.org/resource/Canberra_Vikings,Canberra Vikings,1934
http://dbpedia.org/resource/Kraków_Tigers,Kraków Tigers,2236
http://dbpedia.org/resource/Canberra_Labor_Club_Strikers,Canberra Labor Club Strikers,1768
http://dbpedia.org/resource/Dakota_College_at_Bottineau_Lumberjacks_men's_ice_hockey,Dakota College at Bottineau Lumberjacks men's ice hockey,1783
http://dbpedia.org/resource/Bracknell_Hornets,Bracknell Hornets,2017
http://dbpedia.org/resource/OKK_Beograd,OKK Beograd,2103
http://dbpedia.org/resource/West_Virginia_Wild,West Virginia Wild,2018
http://dbpedia.org/resource/CSM_Satu_Mare_(basketball),CSM Satu Mare (basketball),2268
http://dbpedia.org/resource/Pallacanestro_Don_Bosco_Livorno,Pallacanestro Don Bosco Livorno,2287
http://dbpedia.org/resource/Bonymaen_RFC,Bonymaen RFC,2346
http://dbpedia.org/resource/Grande_Prairie_Storm,Grande Prairie Storm,2050
http://dbpedia.org/resource/Llandudno_RFC,Llandudno RFC,2035
http://dbpedia.org/resource/Bayamon_Wolfpack,Bayamon Wolfpack,2006
http://dbpedia.org/resource/Abdullah_Gül_Üniversitesi_B.K.,Abdullah Gül Üniversitesi B.K.,2114
http://dbpedia.org/resource/Mount_Gambier_Pioneers,Mount Gambier Pioneers,2256
http://dbpedia.org/resource/Luton_Rugby_Club,Luton Rugby Club,1633
http://dbpedia.org/resource/Old_Halesonians_RFC,Old Halesonians RFC,2328
http://dbpedia.org/resource/Manila_Metrostars,Manila Metrostars,2371
http://dbpedia.org/resource/TTÜ_KK,TTÜ KK,1868
http://dbpedia.org/resource/Asker_Aliens_B.C.,Asker Aliens B.C.,1641
http://dbpedia.org/resource/SD_Crvena_Zvezda,SD Crvena Zvezda,2185
http://dbpedia.org/resource/Glasgow_Southern_RFC,Glasgow Southern RFC,2053
http://dbpedia.org/resource/Djurgårdens_IF_Bandy,Djurgårdens IF Bandy,1967
http://dbpedia.org/resource/Aspatria_RUFC,Aspatria RUFC,2019
http://dbpedia.org/resource/Lichfield_Rugby_Union_Football_Club,Lichfield Rugby Union Football Club,1744
http://dbpedia.org/resource/Brampton_Battalion,Brampton Battalion,2071
http://dbpedia.org/resource/Gifa_Palermo,Gifa Palermo,2037
http://dbpedia.org/resource/Bàsquet_Mallorca,Bàsquet Mallorca,1693
http://dbpedia.org/resource/Fortitudo_Agrigento,Fortitudo Agrigento,2077
http://dbpedia.org/resource/Trickster_Arts,Trickster Arts,1851
http://dbpedia.org/resource/Desterro_Rugby_Clube,Desterro Rugby Clube,2008
http://dbpedia.org/resource/Pilipinas_MX3_Kings,Pilipinas MX3 Kings,2213
http://dbpedia.org/resource/Aix_Maurienne_Savoie_Basket,Aix Maurienne Savoie Basket,1707
http://dbpedia.org/resource/Clube_de_Rugby_de_Arcos_de_Valdevez,Clube de Rugby de Arcos de Valdevez,2001
http://dbpedia.org/resource/Rugby_Calvisano,Rugby Calvisano,2018
http://dbpedia.org/resource/BEEM_Mazandaran_Cultural_and_Sport_Club,BEEM Mazandaran Cultural and Sport Club,1900
http://dbpedia.org/resource/Corpus_Christi_Fury,Corpus Christi Fury,2045
http://dbpedia.org/resource/Rovaniemen_Kiekko,Rovaniemen Kiekko,2215
http://dbpedia.org/resource/North_Dorset_Rugby_Football_Club,North Dorset Rugby Football Club,2081
http://dbpedia.org/resource/Caerphilly_RFC,Caerphilly RFC,2367
http://dbpedia.org/resource/CAUFA_Reims,CAUFA Reims,2094
http://dbpedia.org/resource/Kitsap_Admirals,Kitsap Admirals,2256
http://dbpedia.org/resource/Ansbach_Grizzlies,Ansbach Grizzlies,1852
http://dbpedia.org/resource/Northern_Kentucky_River_Monsters,Northern Kentucky River Monsters,1684
http://dbpedia.org/resource/Häggenås_SK,Häggenås SK,1778
http://dbpedia.org/resource/St._Peters_RFC,St. Peters RFC,1967
http://dbpedia.org/resource/San_Diego_Barracudas,San Diego Barracudas,2259
http://dbpedia.org/resource/P.A.O.K._women's_basketball,P.A.O.K. women's basketball,2025
http://dbpedia.org/resource/Nickerson_Farms,Nickerson Farms,1867
http://dbpedia.org/resource/Reading_Express,Reading Express,2024
http://dbpedia.org/resource/Penrith_Emus_Rugby,Penrith Emus Rugby,1864
http://dbpedia.org/resource/Águilas_de_Piedras_Negras,Águilas de Piedras Negras,2015
http://dbpedia.org/resource/Jonquière_Condors,Jonquière Condors,2152
http://dbpedia.org/resource/Breadtop,Breadtop,1746
http://dbpedia.org/resource/Kansas_Koyotes,Kansas Koyotes,2022
http://dbpedia.org/resource/Astoria_Bydgoszcz,Astoria Bydgoszcz,1539
http://dbpedia.org/resource/Texas_Wild,Texas Wild,2340
http://dbpedia.org/resource/Mount_Pearl_Samurai,Mount Pearl Samurai,2365
http://dbpedia.org/resource/Ulster_Elks,Ulster Elks,2187
http://dbpedia.org/resource/Auckland_Pirates,Auckland Pirates,1644
http://dbpedia.org/resource/Mobile_Revelers,Mobile Revelers,1942
http://dbpedia.org/resource/Salavat_Yulaev_Ufa,Salavat Yulaev Ufa,1918
http://dbpedia.org/resource/Bisons_de_Neuilly-sur-Marne,Bisons de Neuilly-sur-Marne,1965
http://dbpedia.org/resource/Raleigh_Flyers_(AUDL),Raleigh Flyers (AUDL),1702
http://dbpedia.org/resource/Espoo_Rugby_Club,Espoo Rugby Club,2473
http://dbpedia.org/resource/RK_Petrovice,RK Petrovice,1583
http://dbpedia.org/resource/Ovarense_Basquetebol,Ovarense Basquetebol,2126
http://dbpedia.org/resource/Vasas_SC_(fencing),Vasas SC (fencing),2221
http://dbpedia.org/resource/Aarhus_RK,Aarhus RK,2090
http://dbpedia.org/resource/Livadeia_B.C.,Livadeia B.C.,2102
http://dbpedia.org/resource/Qingdao_DoubleStar,Qingdao DoubleStar,1936
http://dbpedia.org/resource/Gowerton_RFC,Gowerton RFC,1990
http://dbpedia.org/resource/Elgin_Racers,Elgin Racers,1943
http://dbpedia.org/resource/Banwen_RFC,Banwen RFC,2030
http://dbpedia.org/resource/San_Francisco_Golden_Gate_RFC,San Francisco Golden Gate RFC,2322
http://dbpedia.org/resource/Dalziel_RFC,Dalziel RFC,2309
http://dbpedia.org/resource/Frederiksberg_RK,Frederiksberg RK,2083
http://dbpedia.org/resource/Mission_City_Outlaws,Mission City Outlaws,1695
http://dbpedia.org/resource/Fern-C,Fern-C,1878
http://dbpedia.org/resource/Heol_y_Cyw_RFC,Heol y Cyw RFC,2042
http://dbpedia.org/resource/D.C._Armor,D.C. Armor,1938
http://dbpedia.org/resource/DRC_Hannover,DRC Hannover,1977
http://dbpedia.org/resource/Bournville_RFC,Bournville RFC,1792
http://dbpedia.org/resource/HC_Ryazan,HC Ryazan,1909
http://dbpedia.org/resource/HC_TPS,HC TPS,1814
http://dbpedia.org/resource/Esbjerg_IK,Esbjerg IK,2378
http://dbpedia.org/resource/Olympic_Nice,Olympic Nice,1731
http://dbpedia.org/resource/Worcester_Wanderers,Worcester Wanderers,1983
http://dbpedia.org/resource/Lausitzer_Füchse,Lausitzer Füchse,1927
http://dbpedia.org/resource/Myponga-Sellicks_Football_Club,Myponga-Sellicks Football Club,1689
http://dbpedia.org/resource/Volturno_SC,Volturno SC,2216
http://dbpedia.org/resource/Islamabad_Rugby_Football_Club,Islamabad Rugby Football Club,2056
http://dbpedia.org/resource/Sunnybank_Rugby,Sunnybank Rugby,1762
http://dbpedia.org/resource/Houston_Wranglers,Houston Wranglers,1817
http://dbpedia.org/resource/Pill_Harriers_RFC,Pill Harriers RFC,1984
http://dbpedia.org/resource/Delhi_Smashers,Delhi Smashers,2264
http://dbpedia.org/resource/Denizli_Basket,Denizli Basket,1972
http://dbpedia.org/resource/Llwynypia_RFC,Llwynypia RFC,1524
http://dbpedia.org/resource/Zhejiang_Lions,Zhejiang Lions,1905
http://dbpedia.org/resource/Charlotte_Rugby_Club,Charlotte Rugby Club,1814
http://dbpedia.org/resource/Barrie_Colts,Barrie Colts,2345
http://dbpedia.org/resource/FC_Barcelona_Rugby,FC Barcelona Rugby,1816
http://dbpedia.org/resource/Renegades_RFC,Renegades RFC,1701
http://dbpedia.org/resource/Peterborough_Lakers_(MSL),Peterborough Lakers (MSL),1854
http://dbpedia.org/resource/Kingston_Canadians,Kingston Canadians,2306
http://dbpedia.org/resource/Hornsby_Rugby_Union_Club,Hornsby Rugby Union Club,1552
http://dbpedia.org/resource/Harlem_Globetrotters,Harlem Globetrotters,1843
http://dbpedia.org/resource/HC_Diavoli_Rossoneri_Milano,HC Diavoli Rossoneri Milano,1864
http://dbpedia.org/resource/Wörthersee_Piraten,Wörthersee Piraten,2188
http://dbpedia.org/resource/BC_Vllaznia,BC Vllaznia,2176
http://dbpedia.org/resource/Vaasan_Sport,Vaasan Sport,2293
http://dbpedia.org/resource/Wednesbury_Rugby_Club,Wednesbury Rugby Club,1642
http://dbpedia.org/resource/BC_Apollo_Amsterdam,BC Apollo Amsterdam,2031
http://dbpedia.org/resource/ŽKK_Kranjska_Gora,ŽKK Kranjska Gora,2059
http://dbpedia.org/resource/Pinkberry,Pinkberry,1907
http://dbpedia.org/resource/Kentucky_Drillers,Kentucky Drillers,1764
http://dbpedia.org/resource/North_Launceston_Football_Club,North Launceston Football Club,2082
http://dbpedia.org/resource/Szentesi_VSC_91-esek_Rögbi_Szakosztály,Szentesi VSC 91-esek Rögbi Szakosztály,1917
http://dbpedia.org/resource/Channel_Football_Club,Channel Football Club,1579
http://dbpedia.org/resource/Boston_Militia,Boston Militia,2198
http://dbpedia.org/resource/Niagara_River_Lions,Niagara River Lions,1539
http://dbpedia.org/resource/Stuttgarter_RC,Stuttgarter RC,1947
http://dbpedia.org/resource/Mahoning_Valley_Thunder,Mahoning Valley Thunder,1679
http://dbpedia.org/resource/Sydney_Rays,Sydney Rays,2339
http://dbpedia.org/resource/Glasgow_Academicals_RFC,Glasgow Academicals RFC,1989
http://dbpedia.org/resource/Giants_Wrocław,Giants Wrocław,2007
http://dbpedia.org/resource/HC_Forward-Morges,HC Forward-Morges,2135
http://dbpedia.org/resource/KFÍ,KFÍ,1968
http://dbpedia.org/resource/Tacoma_Tide_(IBL),Tacoma Tide (IBL),1993
http://dbpedia.org/resource/Bonnyville_Pontiacs,Bonnyville Pontiacs,1721
http://dbpedia.org/resource/Cleve_RFC,Cleve RFC,1652
http://dbpedia.org/resource/Punjab_Marshalls,Punjab Marshalls,2031
http://dbpedia.org/resource/FC_Barcelona_Bàsquet_B,FC Barcelona Bàsquet B,1917
http://dbpedia.org/resource/2011–12_Cornish_Pirates_RFC_season,2011–12 Cornish Pirates RFC season,1623
http://dbpedia.org/resource/APOEL_B.C.,APOEL B.C.,1932
http://dbpedia.org/resource/RAS_Maccabi_Brussels,RAS Maccabi Brussels,2213
http://dbpedia.org/resource/BC_Tsmoki-Minsk,BC Tsmoki-Minsk,2035
http://dbpedia.org/resource/Elements_(League_of_Legends),Elements (League of Legends),2172
http://dbpedia.org/resource/CB_Salamanca,CB Salamanca,2082
http://dbpedia.org/resource/Spokane_Spokes,Spokane Spokes,1744
http://dbpedia.org/resource/Barnstaple_RFC,Barnstaple RFC,1940
http://dbpedia.org/resource/KK_Kvarner,KK Kvarner,2123
http://dbpedia.org/resource/Maccabi_Hod_HaSharon,Maccabi Hod HaSharon,1803
http://dbpedia.org/resource/Sandviken_RC,Sandviken RC,1689
http://dbpedia.org/resource/Västerstrands_AIK,Västerstrands AIK,2000
http://dbpedia.org/resource/Dungannon_RFC,Dungannon RFC,1578
http://dbpedia.org/resource/Canon_Eagles,Canon Eagles,2014
http://dbpedia.org/resource/Melbourne_Rising,Melbourne Rising,1883
http://dbpedia.org/resource/Pays_des_Olonnes_Basket,Pays des Olonnes Basket,1691
http://dbpedia.org/resource/Lawton-Fort_Sill_Cavalry,Lawton-Fort Sill Cavalry,2035
http://dbpedia.org/resource/UP_Pep_Squad,UP Pep Squad,1981
http://dbpedia.org/resource/FPS_(ice_hockey),FPS (ice hockey),1593
http://dbpedia.org/resource/CS_Plebiscito_Padova,CS Plebiscito Padova,1830
http://dbpedia.org/resource/Revierlöwen_Oberhausen,Revierlöwen Oberhausen,1867
http://dbpedia.org/resource/Erie_Freeze,Erie Freeze,2086
http://dbpedia.org/resource/Nea_Kifissia_B.C.,Nea Kifissia B.C.,1934
http://dbpedia.org/resource/Polonia_Warszawa_(basketball),Polonia Warszawa (basketball),1860
http://dbpedia.org/resource/ŽKD_Ježica,ŽKD Ježica,1748
http://dbpedia.org/resource/Toledo_Jeeps,Toledo Jeeps,1709
http://dbpedia.org/resource/Neath_RFC,Neath RFC,2006
http://dbpedia.org/resource/UST_Salinggawi_Dance_Troupe,UST Salinggawi Dance Troupe,1678
http://dbpedia.org/resource/Southport_Rugby_Football_Club,Southport Rugby Football Club,2028
http://dbpedia.org/resource/Philadelphia_Freedoms_(1974),Philadelphia Freedoms (1974),2204
http://dbpedia.org/resource/Glasgow_HSFP,Glasgow HSFP,2213
http://dbpedia.org/resource/North_Delta_Blue_Jays,North Delta Blue Jays,2234
http://dbpedia.org/resource/Paris_Mounties,Paris Mounties,1960
http://dbpedia.org/resource/Västerås_BK30,Västerås BK30,2039
http://dbpedia.org/resource/Frankfurter_Löwen,Frankfurter Löwen,1945
http://dbpedia.org/resource/Utah_Warriors_(indoor_football),Utah Warriors (indoor football),1820
http://dbpedia.org/resource/Audentes/Noortekoondis,Audentes/Noortekoondis,1680
http://dbpedia.org/resource/Moycullen_Basketball_Club,Moycullen Basketball Club,2368
http://dbpedia.org/resource/Camrose_Kodiaks,Camrose Kodiaks,2197
http://dbpedia.org/resource/RK_Geležinis_Vilkas,RK Geležinis Vilkas,1978
http://dbpedia.org/resource/Team_Zagreb,Team Zagreb,1800
http://dbpedia.org/resource/Burnie_Hawks_Football_Club,Burnie Hawks Football Club,1762
http://dbpedia.org/resource/New_South_Wales_Country_Cockatoos,New South Wales Country Cockatoos,1538
http://dbpedia.org/resource/Northeastern_University_Rugby_Club,Northeastern University Rugby Club,1829
http://dbpedia.org/resource/BC_Šilutė,BC Šilutė,2404
http://dbpedia.org/resource/Iowa_Thunder,Iowa Thunder,1687
http://dbpedia.org/resource/Fenerbahçe_Women's_Basketball,Fenerbahçe Women's Basketball,2027
http://dbpedia.org/resource/Sanat_Naft_Abadan_BC,Sanat Naft Abadan BC,0
http://dbpedia.org/resource/Džudo_Klub_Partizan,Džudo Klub Partizan,1966
http://dbpedia.org/resource/Divine_Madness_Running_Club,Divine Madness Running Club,1892
http://dbpedia.org/resource/Steaua_Rangers,Steaua Rangers,1962
http://dbpedia.org/resource/Alsace_de_Bagnolet,Alsace de Bagnolet,2020
http://dbpedia.org/resource/HC_Tambov,HC Tambov,2166
http://dbpedia.org/resource/Albany_Patroons,Albany Patroons,1810
http://dbpedia.org/resource/Penzance_RFC,Penzance RFC,1984
http://dbpedia.org/resource/Monkstown_Football_Club,Monkstown Football Club,1835
http://dbpedia.org/resource/Korihait,Korihait,1569
http://dbpedia.org/resource/Taranaki_Mountainairs,Taranaki Mountainairs,1860
http://dbpedia.org/resource/Glasgow_Hawks_RFC,Glasgow Hawks RFC,2023
http://dbpedia.org/resource/Portland_Fighting_Fillies,Portland Fighting Fillies,2180
http://dbpedia.org/resource/United_Hospitals_Lawn_Tennis_Club,United Hospitals Lawn Tennis Club,1921
http://dbpedia.org/resource/Washington_Caps,Washington Caps,1589
http://dbpedia.org/resource/Otley_R.U.F.C.,Otley R.U.F.C.,1572
http://dbpedia.org/resource/Picadero_JC,Picadero JC,2381
http://dbpedia.org/resource/Hunters_Hill_Rugby_Club,Hunters Hill Rugby Club,1790
http://dbpedia.org/resource/Oxford_Shooting_Stars,Oxford Shooting Stars,2119
http://dbpedia.org/resource/Sheboygan_Red_Skins,Sheboygan Red Skins,2076
http://dbpedia.org/resource/HC_Dinamo_Minsk,HC Dinamo Minsk,1909
http://dbpedia.org/resource/Arkansas_Rampage,Arkansas Rampage,2063
http://dbpedia.org/resource/Alab_ng_Pilipinas,Alab ng Pilipinas,1778
http://dbpedia.org/resource/DSV_78/08_Ricklingen,DSV 78/08 Ricklingen,1827
http://dbpedia.org/resource/Westshore_Wolves,Westshore Wolves,1640
http://dbpedia.org/resource/Fort_Wayne_Fusion,Fort Wayne Fusion,1727
http://dbpedia.org/resource/Huddinge_IK,Huddinge IK,1954
http://dbpedia.org/resource/Montreal_Sasquatch,Montreal Sasquatch,1931
http://dbpedia.org/resource/Argis_Kalamata,Argis Kalamata,2159
http://dbpedia.org/resource/Hockey_Milano_Rossoblu,Hockey Milano Rossoblu,2045
http://dbpedia.org/resource/Ionikos_Nikaias_B.C.,Ionikos Nikaias B.C.,2243
http://dbpedia.org/resource/Coquitlam_Adanacs,Coquitlam Adanacs,1869
http://dbpedia.org/resource/UB_La_Palma,UB La Palma,1707
http://dbpedia.org/resource/Denver_Barbarians_RFC,Denver Barbarians RFC,2297
http://dbpedia.org/resource/FO_Vrilissia,FO Vrilissia,1991
http://dbpedia.org/resource/BBC_Magdeburg,BBC Magdeburg,1959
http://dbpedia.org/resource/KK_Włocławek,KK Włocławek,1902
http://dbpedia.org/resource/Clane_RFC,Clane RFC,1874
http://dbpedia.org/resource/Minnesota_Ripknees,Minnesota Ripknees,2310
http://dbpedia.org/resource/Marion_Football_Club,Marion Football Club,1885
http://dbpedia.org/resource/Gosforth_Rugby_Football_Club,Gosforth Rugby Football Club,2035
http://dbpedia.org/resource/Oberá_Tenis_Club,Oberá Tenis Club,1999
http://dbpedia.org/resource/BC_Neptūnas,BC Neptūnas,1940
http://dbpedia.org/resource/Franca_Basquetebol_Clube,Franca Basquetebol Clube,2041
http://dbpedia.org/resource/Essa_Stallions,Essa Stallions,1827
http://dbpedia.org/resource/HC_Fribourg-Gottéron,HC Fribourg-Gottéron,1977
http://dbpedia.org/resource/RN_Sori,RN Sori,2078
http://dbpedia.org/resource/Les_Canadiennes_de_Montreal,Les Canadiennes de Montreal,1509
http://dbpedia.org/resource/Vestri_(Basketball),Vestri (Basketball),1882
http://dbpedia.org/resource/Français_Volants,Français Volants,2026
http://dbpedia.org/resource/Newbridge_RFC,Newbridge RFC,1576
http://dbpedia.org/resource/Old_Blues_RFC,Old Blues RFC,2078
http://dbpedia.org/resource/Uddingston_RFC,Uddingston RFC,2074
http://dbpedia.org/resource/Venezia_Mestre_Rugby_FC,Venezia Mestre Rugby FC,1791
http://dbpedia.org/resource/RK_Nada_Split,RK Nada Split,2006
http://dbpedia.org/resource/Georgia_Fire,Georgia Fire,1991
http://dbpedia.org/resource/RK_Zagreb_(rugby_union),RK Zagreb (rugby union),2280
http://dbpedia.org/resource/Kansas_City_Spartans_(American_football),Kansas City Spartans (American football),2227
http://dbpedia.org/resource/Campbell_River_Storm,Campbell River Storm,2023
http://dbpedia.org/resource/Ceglédi_RC,Ceglédi RC,2051
http://dbpedia.org/resource/Byblos_Club,Byblos Club,2161
http://dbpedia.org/resource/Pune_Marathas_(tennis),Pune Marathas (tennis),1807
http://dbpedia.org/resource/JYP_Jyväskylä,JYP Jyväskylä,1875
http://dbpedia.org/resource/West_Park_St_Helens,West Park St Helens,1951
http://dbpedia.org/resource/Atenienses_de_Manatí_(basketball),Atenienses de Manatí (basketball),1943
http://dbpedia.org/resource/Mounts_Bay_RFC,Mounts Bay RFC,2148
http://dbpedia.org/resource/St._Louis_Aces,St. Louis Aces,2043
http://dbpedia.org/resource/Northern_Districts_Cricket_Club,Northern Districts Cricket Club,1995
http://dbpedia.org/resource/Granby_Prédateurs_(LNAH),Granby Prédateurs (LNAH),2079
http://dbpedia.org/resource/Denver_Nuggets,Denver Nuggets,1690
http://dbpedia.org/resource/MC_Oran_(basketball),MC Oran (basketball),1991
http://dbpedia.org/resource/HC_ATK_Praha,HC ATK Praha,1974
http://dbpedia.org/resource/Jacksonville_Rugby_Football_Club,Jacksonville Rugby Football Club,1821
http://dbpedia.org/resource/Yokogawa_Musashino_Atlastars,Yokogawa Musashino Atlastars,1938
http://dbpedia.org/resource/EHC_Dortmund,EHC Dortmund,2126
http://dbpedia.org/resource/Rodina_Kirov,Rodina Kirov,1974
http://dbpedia.org/resource/Aris_Thessaloniki,Aris Thessaloniki,1940
http://dbpedia.org/resource/Foolad_Mahan_Isfahan_BC,Foolad Mahan Isfahan BC,1994
http://dbpedia.org/resource/Abbotsford_Flyers,Abbotsford Flyers,2054
http://dbpedia.org/resource/Super_City_Rangers,Super City Rangers,1679
http://dbpedia.org/resource/Thomas_Sabo_Ice_Tigers,Thomas Sabo Ice Tigers,1871
http://dbpedia.org/resource/Victoria_Libertas_Pesaro,Victoria Libertas Pesaro,1849
http://dbpedia.org/resource/Antwerp_Giants,Antwerp Giants,1936
http://dbpedia.org/resource/Pro_Recco_(women),Pro Recco (women),1938
http://dbpedia.org/resource/Yermak_Angarsk,Yermak Angarsk,1645
http://dbpedia.org/resource/BYU_men's_rugby,BYU men's rugby,1859
http://dbpedia.org/resource/HK_Bosna,HK Bosna,2361
http://dbpedia.org/resource/Chow's_Gymnastics_and_Dance_Institute,Chow's Gymnastics and Dance Institute,15
http://dbpedia.org/resource/Abbotsford_Pilots,Abbotsford Pilots,2148
http://dbpedia.org/resource/Ohio_Valley_Greyhounds,Ohio Valley Greyhounds,2343
http://dbpedia.org/resource/Easts_Tigers_Rugby_Union,Easts Tigers Rugby Union,1737
http://dbpedia.org/resource/Pet_Butler,Pet Butler,2179
http://dbpedia.org/resource/Mitchell_Mohawks,Mitchell Mohawks,1584
http://dbpedia.org/resource/Brunei_Barracudas,Brunei Barracudas,1817
http://dbpedia.org/resource/Canberra_Cannons,Canberra Cannons,1972
http://dbpedia.org/resource/Nippon_Paper_Cranes,Nippon Paper Cranes,1548
http://dbpedia.org/resource/CSA_Steaua_București_(rugby),CSA Steaua București (rugby),2265
http://dbpedia.org/resource/Tous_Les_Jours,Tous Les Jours,2149
http://dbpedia.org/resource/KK_Rabotnički,KK Rabotnički,2119
http://dbpedia.org/resource/Portadown_RFC,Portadown RFC,1878
http://dbpedia.org/resource/Christies_Beach_Football_Club,Christies Beach Football Club,2385
http://dbpedia.org/resource/Billings_Outlaws,Billings Outlaws,1877
http://dbpedia.org/resource/Duke_City_Gladiators,Duke City Gladiators,1808
http://dbpedia.org/resource/Greensboro_Cobras,Greensboro Cobras,2056
http://dbpedia.org/resource/Mitsubishi_Dynaboars,Mitsubishi Dynaboars,2013
http://dbpedia.org/resource/BC_Teuta_Durrës,BC Teuta Durrës,1591
http://dbpedia.org/resource/Longford_RFC,Longford RFC,1843
http://dbpedia.org/resource/Blackpool_Panthers,Blackpool Panthers,2242
http://dbpedia.org/resource/București_Wolves,București Wolves,1786
http://dbpedia.org/resource/Okotoks_Oilers,Okotoks Oilers,2087
http://dbpedia.org/resource/Santa_Maria_Golden_Dukes,Santa Maria Golden Dukes,1992
http://dbpedia.org/resource/Pro_Recco,Pro Recco,2227
http://dbpedia.org/resource/Christchurch_Cougars,Christchurch Cougars,1929
http://dbpedia.org/resource/Guerino_Vanoli_Basket,Guerino Vanoli Basket,1677
http://dbpedia.org/resource/Cincinnati_Marlins,Cincinnati Marlins,2052
http://dbpedia.org/resource/Hobart_City_Football_Club,Hobart City Football Club,1732
http://dbpedia.org/resource/Keystone_Assault,Keystone Assault,2388
http://dbpedia.org/resource/Madison_Radicals,Madison Radicals,1695
http://dbpedia.org/resource/Excel_Roof_25ers,Excel Roof 25ers,2138
http://dbpedia.org/resource/Slashers_(slamball_team),Slashers (slamball team),1916
http://dbpedia.org/resource/Ontario_Warriors,Ontario Warriors,1941
http://dbpedia.org/resource/HC_Budivelnyk,HC Budivelnyk,2225
http://dbpedia.org/resource/St._George's_Hospital_Medical_School_RFC,St. George's Hospital Medical School RFC,2063
http://dbpedia.org/resource/BC_Avtodor_Saratov,BC Avtodor Saratov,1633
http://dbpedia.org/resource/Hamilton_Tiger-Cats,Hamilton Tiger-Cats,1994
http://dbpedia.org/resource/BBV_Hagen,BBV Hagen,1757
http://dbpedia.org/resource/Argentino_de_Junín,Argentino de Junín,2057
http://dbpedia.org/resource/Loughor_RFC,Loughor RFC,1497
http://dbpedia.org/resource/Incheon_Shinhan_Bank_S-Birds,Incheon Shinhan Bank S-Birds,1577
http://dbpedia.org/resource/Omaha_Beef,Omaha Beef,1981
http://dbpedia.org/resource/Miyazaki_Shining_Suns,Miyazaki Shining Suns,1975
http://dbpedia.org/resource/Calgary_Stampeders,Calgary Stampeders,1852
http://dbpedia.org/resource/St._Louis_Bombers_Rugby_Football_Club,St. Louis Bombers Rugby Football Club,1715
http://dbpedia.org/resource/A.S._Stella_Azzurra,A.S. Stella Azzurra,1737
http://dbpedia.org/resource/Óquei_Clube_de_Barcelos,Óquei Clube de Barcelos,1817
http://dbpedia.org/resource/Club_Olympique_Creusot_Bourgogne,Club Olympique Creusot Bourgogne,1960
http://dbpedia.org/resource/RK_03_Berlin,RK 03 Berlin,1972
http://dbpedia.org/resource/Spokane_Scorn,Spokane Scorn,2159
http://dbpedia.org/resource/KK_Mornar_Bar,KK Mornar Bar,1726
http://dbpedia.org/resource/Metallurg_Pernik,Metallurg Pernik,1808
http://dbpedia.org/resource/ESB_Villeneuve-d'Ascq,ESB Villeneuve-d'Ascq,2337
http://dbpedia.org/resource/Pittsburgh_Passion,Pittsburgh Passion,2030
http://dbpedia.org/resource/Medicals_RFC,Medicals RFC,1723
http://dbpedia.org/resource/Back_Bay_Rugby_Club,Back Bay Rugby Club,1796
http://dbpedia.org/resource/Wakefield_RFC,Wakefield RFC,1790
http://dbpedia.org/resource/Adana_ASKİ_SK,Adana ASKİ SK,1778
http://dbpedia.org/resource/Adanaspor_Basketbol,Adanaspor Basketbol,1908
http://dbpedia.org/resource/Goulburn_Rugby_Union,Goulburn Rugby Union,1977
http://dbpedia.org/resource/University_of_Illinois_Wheelchair_Basketball,University of Illinois Wheelchair Basketball,2200
http://dbpedia.org/resource/Franken_Knights,Franken Knights,2060
http://dbpedia.org/resource/New_Zealand_Breakers,New Zealand Breakers,1909
http://dbpedia.org/resource/KK_Meridiana,KK Meridiana,1740
http://dbpedia.org/resource/CB_Clavijo,CB Clavijo,1627
http://dbpedia.org/resource/KSV_Ice_Tigers,KSV Ice Tigers,2217
http://dbpedia.org/resource/Philippine_Centennial_Team,Philippine Centennial Team,2025
http://dbpedia.org/resource/Aylesford_Bulls_Ladies,Aylesford Bulls Ladies,1822
http://dbpedia.org/resource/Harrisburg_Stampede,Harrisburg Stampede,2179
http://dbpedia.org/resource/İstanbul_Ottomans,İstanbul Ottomans,1992
http://dbpedia.org/resource/Basket_Barcellona,Basket Barcellona,1749
http://dbpedia.org/resource/Saugeen_Shores_Winterhawks,Saugeen Shores Winterhawks,1829
http://dbpedia.org/resource/Chelmet_Chelyabinsk,Chelmet Chelyabinsk,1556
http://dbpedia.org/resource/Topeka_Mudcats,Topeka Mudcats,1992
http://dbpedia.org/resource/Brussels_Barbarians,Brussels Barbarians,1762
http://dbpedia.org/resource/SC_Langenthal,SC Langenthal,2290
http://dbpedia.org/resource/Florida_Firecats,Florida Firecats,1668
http://dbpedia.org/resource/Augnablik_Kópavogur,Augnablik Kópavogur,2113
http://dbpedia.org/resource/Good_Angels_Košice,Good Angels Košice,2234
http://dbpedia.org/resource/Texas_Lone_Star_Strikers,Texas Lone Star Strikers,2308
http://dbpedia.org/resource/Newlyn_RFC,Newlyn RFC,2241
http://dbpedia.org/resource/Philadelphia_Freedoms,Philadelphia Freedoms,1996
http://dbpedia.org/resource/ALM_Évreux_Basket,ALM Évreux Basket,2005
http://dbpedia.org/resource/Völgy_Lovagjai_Rögbi_SE,Völgy Lovagjai Rögbi SE,1786
http://dbpedia.org/resource/JEI_Learning,JEI Learning,1583
http://dbpedia.org/resource/Abbotsford_RFC,Abbotsford RFC,1997
http://dbpedia.org/resource/Panasonic_Wild_Knights,Panasonic Wild Knights,2257
http://dbpedia.org/resource/Helensvale_Hogs_RUC,Helensvale Hogs RUC,1991
http://dbpedia.org/resource/Clube_Rugby_São_Miguel,Clube Rugby São Miguel,1905
http://dbpedia.org/resource/BC_Beroe,BC Beroe,2218
http://dbpedia.org/resource/BC_Savanoris,BC Savanoris,1653
http://dbpedia.org/resource/Colorado_Chill,Colorado Chill,1601
http://dbpedia.org/resource/Ravenscourt_Park_Football_Club,Ravenscourt Park Football Club,1821
http://dbpedia.org/resource/Roller_Derby_Team_New_Zealand,Roller Derby Team New Zealand,2210
http://dbpedia.org/resource/JL_Bourg-en-Bresse,JL Bourg-en-Bresse,1477
http://dbpedia.org/resource/Georgetown_University_Rugby_Football_Club,Georgetown University Rugby Football Club,2064
http://dbpedia.org/resource/Tri-City_Americans,Tri-City Americans,1725
http://dbpedia.org/resource/Ampelokipoi_B.C.,Ampelokipoi B.C.,1487
http://dbpedia.org/resource/Redcar_Rugby_Union_Football_Club,Redcar Rugby Union Football Club,2326
http://dbpedia.org/resource/London_Knights,London Knights,1542
http://dbpedia.org/resource/YCO_Painters,YCO Painters,2188
http://dbpedia.org/resource/Nuneaton_R.F.C.,Nuneaton R.F.C.,1597
http://dbpedia.org/resource/Politekhnik_Kyiv,Politekhnik Kyiv,1732
http://dbpedia.org/resource/CSM_Baia_Mare_(rugby),CSM Baia Mare (rugby),2272
http://dbpedia.org/resource/Up_Country_Lions,Up Country Lions,2441
http://dbpedia.org/resource/TEV_Miesbach,TEV Miesbach,2381
http://dbpedia.org/resource/Budapesti_Honvéd_SE_(canoeing),Budapesti Honvéd SE (canoeing),1821
http://dbpedia.org/resource/Panathinaikos_A.O.,Panathinaikos A.O.,1991
http://dbpedia.org/resource/Colorado_Crossover,Colorado Crossover,1990
http://dbpedia.org/resource/Red_Barons_Cologne,Red Barons Cologne,1944
http://dbpedia.org/resource/Haywards_Heath_RFC,Haywards Heath RFC,1963
http://dbpedia.org/resource/Broadview_Hawks,Broadview Hawks,2375
http://dbpedia.org/resource/Orrell_R.U.F.C.,Orrell R.U.F.C.,1723
http://dbpedia.org/resource/Chiefs_(rugby_union),Chiefs (rugby union),2088
http://dbpedia.org/resource/CB_Getafe,CB Getafe,1885
http://dbpedia.org/resource/Fort_Wayne_Mad_Ants,Fort Wayne Mad Ants,2313
http://dbpedia.org/resource/Nepean_Knights,Nepean Knights,1588
http://dbpedia.org/resource/Chicago_Bluesmen,Chicago Bluesmen,1928
http://dbpedia.org/resource/East_Tamaki_RFC,East Tamaki RFC,1839
http://dbpedia.org/resource/Cardiff_Lions,Cardiff Lions,2290
http://dbpedia.org/resource/Pays_d'Aix_Basket_13,Pays d'Aix Basket 13,1979
http://dbpedia.org/resource/BC_Pieno_žvaigždės,BC Pieno žvaigždės,2020
http://dbpedia.org/resource/HC_Belgorod,HC Belgorod,2256
http://dbpedia.org/resource/AC_Milanese_DG,AC Milanese DG,2476
http://dbpedia.org/resource/Aberavon_Green_Stars_RFC,Aberavon Green Stars RFC,2337
http://dbpedia.org/resource/BSC_Raiffeisen_Panthers_Fürstenfeld,BSC Raiffeisen Panthers Fürstenfeld,1846
http://dbpedia.org/resource/Kenmore_Australian_Football_Club,Kenmore Australian Football Club,1816
http://dbpedia.org/resource/Detroit_Fury,Detroit Fury,1739
http://dbpedia.org/resource/La_Porchetta,La Porchetta,1950
http://dbpedia.org/resource/PBC_Lokomotiv-Kuban,PBC Lokomotiv-Kuban,2091
http://dbpedia.org/resource/Niigata_Albirex_BB,Niigata Albirex BB,1809
http://dbpedia.org/resource/Cáceres_Ciudad_del_Baloncesto,Cáceres Ciudad del Baloncesto,1877
http://dbpedia.org/resource/ŽKK_Vršac,ŽKK Vršac,2026
http://dbpedia.org/resource/Utah_Jazz,Utah Jazz,2055
http://dbpedia.org/resource/Soproni_KC,Soproni KC,2070
http://dbpedia.org/resource/Dallas_Generals,Dallas Generals,1919
http://dbpedia.org/resource/Aldergrove_Kodiaks,Aldergrove Kodiaks,2092
http://dbpedia.org/resource/RC_Říčany,RC Říčany,2279
http://dbpedia.org/resource/Manitoba_Maple_Leafs,Manitoba Maple Leafs,1881
http://dbpedia.org/resource/Wichita_Wild,Wichita Wild,2321
http://dbpedia.org/resource/CS_Rapid_București_(Hockey),CS Rapid București (Hockey),1965
http://dbpedia.org/resource/RC_Innsbruck,RC Innsbruck,2175
http://dbpedia.org/resource/Freshii,Freshii,1600
http://dbpedia.org/resource/ŽKK_Spartak_Subotica,ŽKK Spartak Subotica,1777
http://dbpedia.org/resource/Burlington_Chiefs,Burlington Chiefs,2132
http://dbpedia.org/resource/South_Africa_President's_XV,South Africa President's XV,2084
http://dbpedia.org/resource/Caen_Basket_Calvados,Caen Basket Calvados,1712
http://dbpedia.org/resource/Belenos_RC,Belenos RC,1965
http://dbpedia.org/resource/Daytona_Beach_ThunderBirds,Daytona Beach ThunderBirds,1967
http://dbpedia.org/resource/Lonsdale_Football_Club,Lonsdale Football Club,2076
http://dbpedia.org/resource/Letchworth_Garden_City_rugby_football_club,Letchworth Garden City rugby football club,1931
http://dbpedia.org/resource/CD_Zamarat,CD Zamarat,1812
http://dbpedia.org/resource/Peterborough_Lakers_Jr._A,Peterborough Lakers Jr. A,1789
http://dbpedia.org/resource/North_Manchester_Rugby_Club,North Manchester Rugby Club,1756
http://dbpedia.org/resource/Rugby_Club_Stade_Phocéen,Rugby Club Stade Phocéen,1703
http://dbpedia.org/resource/Impala_Saracens,Impala Saracens,1993
http://dbpedia.org/resource/Cloud9_(eSports),Cloud9 (eSports),2046
http://dbpedia.org/resource/Richmond_Women,Richmond Women,2086
http://dbpedia.org/resource/Levanga_Hokkaido,Levanga Hokkaido,1776
http://dbpedia.org/resource/Texas_Legends,Texas Legends,2346
http://dbpedia.org/resource/Drummoyne_Devils,Drummoyne Devils,1760
http://dbpedia.org/resource/Darlington_RFC,Darlington RFC,2040
http://dbpedia.org/resource/Chicago_Knights,Chicago Knights,2480
http://dbpedia.org/resource/Connecticut_Coyotes,Connecticut Coyotes,1749
http://dbpedia.org/resource/Twin_City_Ballers,Twin City Ballers,1711
http://dbpedia.org/resource/Kirkcaldy_RFC,Kirkcaldy RFC,1935
http://dbpedia.org/resource/THK_Tver,THK Tver,2142
http://dbpedia.org/resource/Dallas_Texans_(Arena),Dallas Texans (Arena),2130
http://dbpedia.org/resource/Kahnawake_Hunters,Kahnawake Hunters,2043
http://dbpedia.org/resource/Mens_Sana_1871_Basket,Mens Sana 1871 Basket,1624
http://dbpedia.org/resource/Shawinigan_Cataractes,Shawinigan Cataractes,1863
http://dbpedia.org/resource/Gothiques_d'Amiens,Gothiques d'Amiens,1820
http://dbpedia.org/resource/Braga_Rugby,Braga Rugby,1711
http://dbpedia.org/resource/Kalmar_BTK,Kalmar BTK,1820
http://dbpedia.org/resource/MU_Barnhall_RFC,MU Barnhall RFC,2416
http://dbpedia.org/resource/Carolina_Phoenix,Carolina Phoenix,1938
http://dbpedia.org/resource/KK_Olimpija,KK Olimpija,2059
http://dbpedia.org/resource/BC_MIA_Academy,BC MIA Academy,1716
http://dbpedia.org/resource/HC_Sibir_Novosibirsk,HC Sibir Novosibirsk,1808
http://dbpedia.org/resource/HC_Litvínov,HC Litvínov,2194
http://dbpedia.org/resource/Weyburn_Red_Wings,Weyburn Red Wings,1898
http://dbpedia.org/resource/Austin_Sol,Austin Sol,2112
http://dbpedia.org/resource/Gipsies_Football_Club,Gipsies Football Club,18
http://dbpedia.org/resource/Saginaw_Sting,Saginaw Sting,1895
http://dbpedia.org/resource/Gulf_Coast_Flash,Gulf Coast Flash,2076
http://dbpedia.org/resource/RC_Massy,RC Massy,2396
http://dbpedia.org/resource/Loughborough_Students_RUFC,Loughborough Students RUFC,2274
http://dbpedia.org/resource/CP_Mideba,CP Mideba,2004
http://dbpedia.org/resource/East_Texas_Saberkats,East Texas Saberkats,2211
http://dbpedia.org/resource/KK_Napredak_Kruševac,KK Napredak Kruševac,1805
http://dbpedia.org/resource/Houston_E-Z_Riders,Houston E-Z Riders,1859
http://dbpedia.org/resource/CA_Brive,CA Brive,2029
http://dbpedia.org/resource/Cheongju_KB_Stars,Cheongju KB Stars,1992
http://dbpedia.org/resource/KK_Best,KK Best,2129
http://dbpedia.org/resource/Hessle_RUFC,Hessle RUFC,2303
http://dbpedia.org/resource/Scorpions_RFC,Scorpions RFC,1772
http://dbpedia.org/resource/Newtown_RFC,Newtown RFC,1622
http://dbpedia.org/resource/Savannah_Steam,Savannah Steam,1883
http://dbpedia.org/resource/Halifax_Mooseheads,Halifax Mooseheads,1675
http://dbpedia.org/resource/Leicester_Lions_RFC,Leicester Lions RFC,2307
http://dbpedia.org/resource/Ventura_Black_Widows,Ventura Black Widows,1872
http://dbpedia.org/resource/Blackpool_Seagulls,Blackpool Seagulls,2073
http://dbpedia.org/resource/Iowa_Crush,Iowa Crush,1694
http://dbpedia.org/resource/Houston_Ada_Oilers,Houston Ada Oilers,1993
http://dbpedia.org/resource/Baltimore_Shuckers,Baltimore Shuckers,2030
http://dbpedia.org/resource/Toshiba_Brave_Lupus,Toshiba Brave Lupus,1709
http://dbpedia.org/resource/Start_Nizhny_Novgorod,Start Nizhny Novgorod,2058
http://dbpedia.org/resource/Cuxhaven_BasCats,Cuxhaven BasCats,1620
http://dbpedia.org/resource/Selkirk_RFC,Selkirk RFC,2203
http://dbpedia.org/resource/Zpizza,Zpizza,2387
http://dbpedia.org/resource/NRG_eSports,NRG eSports,2089
http://dbpedia.org/resource/Strathcona_Bruins,Strathcona Bruins,2058
http://dbpedia.org/resource/Yamhill_High_Flyers,Yamhill High Flyers,2195
http://dbpedia.org/resource/Lydney_Rugby_Football_Club,Lydney Rugby Football Club,1564
http://dbpedia.org/resource/Vancouver_Island_Rising_Tide,Vancouver Island Rising Tide,1687
http://dbpedia.org/resource/OK_Bosna,OK Bosna,1809
http://dbpedia.org/resource/Jalaa_SC_(men's_basketball),Jalaa SC (men's basketball),1520
http://dbpedia.org/resource/St._Vital_Victorias,St. Vital Victorias,1765
http://dbpedia.org/resource/SU_Agen_Lot-et-Garonne,SU Agen Lot-et-Garonne,2169
http://dbpedia.org/resource/College_Rifles_RFC,College Rifles RFC,1846
http://dbpedia.org/resource/CS_Rapid_București,CS Rapid București,2015
http://dbpedia.org/resource/Langley_Thunder,Langley Thunder,2235
http://dbpedia.org/resource/VK_ŽAK,VK ŽAK,2324
http://dbpedia.org/resource/Cobra_Energy_Drink_Iron_Men,Cobra Energy Drink Iron Men,2194
http://dbpedia.org/resource/KK_Cedevita,KK Cedevita,1860
http://dbpedia.org/resource/Delta_Ice_Hawks,Delta Ice Hawks,1963
http://dbpedia.org/resource/SC_1880_Frankfurt,SC 1880 Frankfurt,2335
