http://dbpedia.org/ontology/WinterSportPlayer,WinterSportPlayer,http://dbpedia.org/ontology/draftYear
http://dbpedia.org/resource/Greg_Redquest,Greg Redquest,1976
http://dbpedia.org/resource/Brandon_Convery,Brandon Convery,1992
http://dbpedia.org/resource/Mark_Smith_(ice_hockey),Mark Smith (ice hockey),1997
http://dbpedia.org/resource/Mike_Commodore,Mike Commodore,1999
http://dbpedia.org/resource/Don_Jackson_(ice_hockey),Don Jackson (ice hockey),1976
http://dbpedia.org/resource/Taylor_Leier,Taylor Leier,2012
http://dbpedia.org/resource/Wayne_Dillon,Wayne Dillon,1975
http://dbpedia.org/resource/Kevin_Lynch_(ice_hockey),Kevin Lynch (ice hockey),2009
http://dbpedia.org/resource/Jaden_Schwartz,Jaden Schwartz,2010
http://dbpedia.org/resource/Steve_Tambellini,Steve Tambellini,1978
http://dbpedia.org/resource/Andre_Hidi,Andre Hidi,1980
http://dbpedia.org/resource/Kirk_Maltby,Kirk Maltby,1992
http://dbpedia.org/resource/Tom_Wilson_(ice_hockey),Tom Wilson (ice hockey),2012
http://dbpedia.org/resource/Sergei_Kharin,Sergei Kharin,1989
http://dbpedia.org/resource/Brett_Bellemore,Brett Bellemore,2007
http://dbpedia.org/resource/Neal_Broten,Neal Broten,1979
http://dbpedia.org/resource/Andrei_Sidyakin,Andrei Sidyakin,1997
"http://dbpedia.org/resource/Jim_Thomson_(ice_hockey,_born_1965)","Jim Thomson (ice hockey, born 1965)",1984
http://dbpedia.org/resource/Patrick_Davis_(ice_hockey),Patrick Davis (ice hockey),2005
http://dbpedia.org/resource/Geoff_Sanderson,Geoff Sanderson,1990
http://dbpedia.org/resource/Justin_Azevedo,Justin Azevedo,2008
http://dbpedia.org/resource/Dennis_O'Brien_(ice_hockey),Dennis O'Brien (ice hockey),1969
http://dbpedia.org/resource/Dillon_Heatherington,Dillon Heatherington,2013
http://dbpedia.org/resource/Johan_Witehall,Johan Witehall,1998
http://dbpedia.org/resource/Blair_Barnes,Blair Barnes,1979
http://dbpedia.org/resource/Justin_Krueger,Justin Krueger,2006
http://dbpedia.org/resource/Ryan_Whitney,Ryan Whitney,2002
http://dbpedia.org/resource/Steve_Rexe,Steve Rexe,1967
http://dbpedia.org/resource/Tom_Kühnhackl,Tom Kühnhackl,2010
http://dbpedia.org/resource/André_Doré,André Doré,1978
http://dbpedia.org/resource/Tim_Armstrong_(ice_hockey),Tim Armstrong (ice hockey),1985
http://dbpedia.org/resource/Esa_Lindell,Esa Lindell,2012
http://dbpedia.org/resource/Blair_Davidson,Blair Davidson,1975
http://dbpedia.org/resource/Robin_Sadler,Robin Sadler,1975
http://dbpedia.org/resource/Sven_Butenschön,Sven Butenschön,1994
http://dbpedia.org/resource/Gerald_Diduck,Gerald Diduck,1983
http://dbpedia.org/resource/Scott_Mayfield,Scott Mayfield,2011
http://dbpedia.org/resource/Bob_Sirois,Bob Sirois,1974
http://dbpedia.org/resource/Paul_Byron,Paul Byron,2007
http://dbpedia.org/resource/Glen_Shirton,Glen Shirton,1963
http://dbpedia.org/resource/Joonas_Lehtivuori,Joonas Lehtivuori,2006
http://dbpedia.org/resource/Don_Edwards_(ice_hockey),Don Edwards (ice hockey),1975
http://dbpedia.org/resource/Will_O'Neill,Will O'Neill,2006
http://dbpedia.org/resource/Troy_Loney,Troy Loney,1982
http://dbpedia.org/resource/Syl_Apps_Jr.,Syl Apps Jr.,1964
http://dbpedia.org/resource/Andrei_Posnov,Andrei Posnov,2001
http://dbpedia.org/resource/Reed_Low,Reed Low,1996
http://dbpedia.org/resource/Jim_Benning,Jim Benning,1981
http://dbpedia.org/resource/Pat_Peake,Pat Peake,1991
http://dbpedia.org/resource/Jyrki_Lumme,Jyrki Lumme,1986
http://dbpedia.org/resource/John_Parco,John Parco,1991
http://dbpedia.org/resource/Jaroslav_Obšut,Jaroslav Obšut,1995
http://dbpedia.org/resource/Tony_DeHart,Tony DeHart,2010
http://dbpedia.org/resource/Garry_Galley,Garry Galley,1983
http://dbpedia.org/resource/Sylvain_Cloutier,Sylvain Cloutier,1992
http://dbpedia.org/resource/Jon_Sim,Jon Sim,1996
http://dbpedia.org/resource/James_Black_(ice_hockey),James Black (ice hockey),1989
http://dbpedia.org/resource/Bryan_Little,Bryan Little,2006
http://dbpedia.org/resource/Björn_Nord,Björn Nord,2000
http://dbpedia.org/resource/Tyson_Jost,Tyson Jost,2016
http://dbpedia.org/resource/Ben_Simon,Ben Simon,1997
http://dbpedia.org/resource/Jim_Rutherford,Jim Rutherford,1969
http://dbpedia.org/resource/Zdeněk_Blatný,Zdeněk Blatný,1999
http://dbpedia.org/resource/Jack_Carlson,Jack Carlson,1974
http://dbpedia.org/resource/Jeff_Norton,Jeff Norton,1984
http://dbpedia.org/resource/Alan_Haworth,Alan Haworth,1979
http://dbpedia.org/resource/Rich_Brennan,Rich Brennan,1991
http://dbpedia.org/resource/Rostislav_Olesz,Rostislav Olesz,2004
http://dbpedia.org/resource/Jeff_Tambellini,Jeff Tambellini,2003
http://dbpedia.org/resource/Dale_Hawerchuk,Dale Hawerchuk,1981
http://dbpedia.org/resource/Peter_Worrell,Peter Worrell,1995
http://dbpedia.org/resource/Dennis_Giannini,Dennis Giannini,1970
http://dbpedia.org/resource/Justin_Martin,Justin Martin,1993
http://dbpedia.org/resource/Chandler_Stephenson,Chandler Stephenson,2012
http://dbpedia.org/resource/Bud_Holloway,Bud Holloway,2006
http://dbpedia.org/resource/Sam_Steel,Sam Steel,2016
http://dbpedia.org/resource/Lennart_Petrell,Lennart Petrell,2004
http://dbpedia.org/resource/Greg_Zanon,Greg Zanon,2000
http://dbpedia.org/resource/Steve_Plouffe,Steve Plouffe,1994
http://dbpedia.org/resource/John_Barrett_(ice_hockey),John Barrett (ice hockey),1978
http://dbpedia.org/resource/Oleg_Petrov,Oleg Petrov,1991
http://dbpedia.org/resource/Ryan_McGill,Ryan McGill,1987
http://dbpedia.org/resource/Tuomo_Ruutu,Tuomo Ruutu,2001
http://dbpedia.org/resource/Darcy_Kuemper,Darcy Kuemper,2009
http://dbpedia.org/resource/Andreas_Lilja,Andreas Lilja,2000
http://dbpedia.org/resource/Jarret_Stoll,Jarret Stoll,2002
http://dbpedia.org/resource/Nate_Thompson,Nate Thompson,2003
http://dbpedia.org/resource/John_Blue_(ice_hockey),John Blue (ice hockey),1986
http://dbpedia.org/resource/Kris_King,Kris King,1984
http://dbpedia.org/resource/Colin_Wilson_(ice_hockey),Colin Wilson (ice hockey),2008
http://dbpedia.org/resource/Michel_Archambault,Michel Archambault,1970
http://dbpedia.org/resource/Barry_Pederson,Barry Pederson,1980
http://dbpedia.org/resource/Derek_Mayer,Derek Mayer,1986
http://dbpedia.org/resource/Joe_Contini,Joe Contini,1977
http://dbpedia.org/resource/Andy_Culligan,Andy Culligan,1965
http://dbpedia.org/resource/Mattias_Modig,Mattias Modig,2007
http://dbpedia.org/resource/Nick_Merkley,Nick Merkley,2015
http://dbpedia.org/resource/Connor_Hellebuyck,Connor Hellebuyck,2012
http://dbpedia.org/resource/Tyler_Larter,Tyler Larter,1987
http://dbpedia.org/resource/Rudy_Poeschek,Rudy Poeschek,1985
http://dbpedia.org/resource/Mikkel_Bødker,Mikkel Bødker,2008
http://dbpedia.org/resource/Mike_Sullivan_(ice_hockey),Mike Sullivan (ice hockey),1987
http://dbpedia.org/resource/Walt_Poddubny,Walt Poddubny,1980
http://dbpedia.org/resource/Mark_Mancari,Mark Mancari,2004
http://dbpedia.org/resource/Konstantin_Glazachev,Konstantin Glazachev,2003
http://dbpedia.org/resource/Luke_Walker_(ice_hockey),Luke Walker (ice hockey),2010
http://dbpedia.org/resource/Mikko_Haapakoski,Mikko Haapakoski,1987
"http://dbpedia.org/resource/Mike_Brown_(ice_hockey,_born_1957)","Mike Brown (ice hockey, born 1957)",1977
http://dbpedia.org/resource/Mikko_Luoma,Mikko Luoma,2002
http://dbpedia.org/resource/Antero_Niittymäki,Antero Niittymäki,1998
http://dbpedia.org/resource/Matt_Carle,Matt Carle,2003
http://dbpedia.org/resource/Zachary_Senyshyn,Zachary Senyshyn,2015
http://dbpedia.org/resource/Igor_Kravchuk,Igor Kravchuk,1991
http://dbpedia.org/resource/Marty_Wilford,Marty Wilford,1995
http://dbpedia.org/resource/Alexander_Hellström,Alexander Hellström,2006
http://dbpedia.org/resource/Christian_Laflamme,Christian Laflamme,1995
http://dbpedia.org/resource/Sanny_Lindström,Sanny Lindström,1999
http://dbpedia.org/resource/Sylvain_Fleury,Sylvain Fleury,1990
http://dbpedia.org/resource/Trevor_Jobe,Trevor Jobe,1987
http://dbpedia.org/resource/Carter_Hart,Carter Hart,2016
http://dbpedia.org/resource/Jay_Wells,Jay Wells,1979
http://dbpedia.org/resource/Tyler_Eckford,Tyler Eckford,2004
http://dbpedia.org/resource/Sebastian_Owuya,Sebastian Owuya,2010
http://dbpedia.org/resource/Petri_Kontiola,Petri Kontiola,2004
http://dbpedia.org/resource/Claude_Giroux,Claude Giroux,2006
http://dbpedia.org/resource/Curtis_McKenzie_(ice_hockey),Curtis McKenzie (ice hockey),2009
http://dbpedia.org/resource/Rick_Chartraw,Rick Chartraw,1974
http://dbpedia.org/resource/Joakim_Nordström,Joakim Nordström,2010
http://dbpedia.org/resource/Garry_Monahan,Garry Monahan,1963
http://dbpedia.org/resource/Mikhail_Chernov,Mikhail Chernov,1997
http://dbpedia.org/resource/Tobias_Stephan,Tobias Stephan,2002
http://dbpedia.org/resource/Jean-Philippe_Levasseur,Jean-Philippe Levasseur,2005
http://dbpedia.org/resource/Josh_Manson,Josh Manson,2011
http://dbpedia.org/resource/Mike_Danton,Mike Danton,2000
http://dbpedia.org/resource/Randy_Ireland,Randy Ireland,1978
http://dbpedia.org/resource/Toni_Dahlman,Toni Dahlman,2001
http://dbpedia.org/resource/Glen_Goodall,Glen Goodall,1988
http://dbpedia.org/resource/Bill_Stewart_(ice_hockey),Bill Stewart (ice hockey),1977
http://dbpedia.org/resource/Steve_Payne_(ice_hockey),Steve Payne (ice hockey),1978
http://dbpedia.org/resource/Shane_Willis,Shane Willis,1997
http://dbpedia.org/resource/Ole_Eskild_Dahlstrøm,Ole Eskild Dahlstrøm,1990
http://dbpedia.org/resource/Brad_Shaw,Brad Shaw,1982
http://dbpedia.org/resource/Wendell_Young,Wendell Young,1981
http://dbpedia.org/resource/Håkan_Loob,Håkan Loob,1980
http://dbpedia.org/resource/Allan_Rourke,Allan Rourke,1998
http://dbpedia.org/resource/Denis_Stasyuk,Denis Stasyuk,2003
http://dbpedia.org/resource/Steve_Quailer,Steve Quailer,2008
http://dbpedia.org/resource/Dave_Lowry,Dave Lowry,1983
http://dbpedia.org/resource/Kris_Hogg,Kris Hogg,2004
http://dbpedia.org/resource/Robin_Figren,Robin Figren,2006
http://dbpedia.org/resource/Russ_Romaniuk,Russ Romaniuk,1988
http://dbpedia.org/resource/Mike_Marson,Mike Marson,1974
http://dbpedia.org/resource/Tapio_Levo,Tapio Levo,1975
http://dbpedia.org/resource/Dmitri_Kulikov_(ice_hockey),Dmitri Kulikov (ice hockey),2009
http://dbpedia.org/resource/Dennis_Ververgaert,Dennis Ververgaert,1973
http://dbpedia.org/resource/Éric_Desjardins,Éric Desjardins,1987
http://dbpedia.org/resource/Petr_Svoboda,Petr Svoboda,1984
http://dbpedia.org/resource/Mathieu_Carle,Mathieu Carle,2006
http://dbpedia.org/resource/John-Michael_Liles,John-Michael Liles,2000
http://dbpedia.org/resource/Brad_Isbister,Brad Isbister,1995
http://dbpedia.org/resource/Sami_Aittokallio,Sami Aittokallio,2010
http://dbpedia.org/resource/Nathan_Perkovich,Nathan Perkovich,2004
http://dbpedia.org/resource/Émile_Poirier,Émile Poirier,2013
http://dbpedia.org/resource/Mike_Mottau,Mike Mottau,1997
http://dbpedia.org/resource/Filip_Berglund,Filip Berglund,2016
http://dbpedia.org/resource/Rick_Smith_(ice_hockey),Rick Smith (ice hockey),1966
http://dbpedia.org/resource/Scott_Scissons,Scott Scissons,1990
http://dbpedia.org/resource/Jay_Rosehill,Jay Rosehill,2003
http://dbpedia.org/resource/Tomáš_Slovák,Tomáš Slovák,2001
http://dbpedia.org/resource/Scott_Walker_(ice_hockey),Scott Walker (ice hockey),1993
http://dbpedia.org/resource/Josh_Holden,Josh Holden,1996
http://dbpedia.org/resource/Mike_Comrie,Mike Comrie,1999
http://dbpedia.org/resource/Martin_Frk,Martin Frk,2012
http://dbpedia.org/resource/Mats_Frøshaug,Mats Frøshaug,2008
http://dbpedia.org/resource/Brett_Hauer,Brett Hauer,1989
http://dbpedia.org/resource/Will_Colbert,Will Colbert,2005
http://dbpedia.org/resource/Tomáš_Škvaridlo,Tomáš Škvaridlo,1999
http://dbpedia.org/resource/Gerard_Gallant,Gerard Gallant,1981
http://dbpedia.org/resource/Tomi_Källarsson,Tomi Källarsson,1997
http://dbpedia.org/resource/Stephen_Wagner,Stephen Wagner,1996
http://dbpedia.org/resource/Ron_Francis,Ron Francis,1981
http://dbpedia.org/resource/Tyler_Wotherspoon,Tyler Wotherspoon,2011
http://dbpedia.org/resource/Pelle_Eklund,Pelle Eklund,1983
http://dbpedia.org/resource/Timo_Pielmeier,Timo Pielmeier,2007
http://dbpedia.org/resource/Teodors_Bļugers,Teodors Bļugers,2012
http://dbpedia.org/resource/Vyacheslav_Buravchikov,Vyacheslav Buravchikov,2005
http://dbpedia.org/resource/Shawn_Kilroy,Shawn Kilroy,1982
http://dbpedia.org/resource/Sören_Johansson,Sören Johansson,1974
http://dbpedia.org/resource/Stephen_Baby,Stephen Baby,1999
"http://dbpedia.org/resource/Sergei_Gimayev_(ice_hockey,_born_1984)","Sergei Gimayev (ice hockey, born 1984)",2002
http://dbpedia.org/resource/Eric_Strobel,Eric Strobel,1978
http://dbpedia.org/resource/Shane_Doan,Shane Doan,1995
http://dbpedia.org/resource/Troy_Crowder,Troy Crowder,1986
http://dbpedia.org/resource/Roman_Kukhtinov,Roman Kukhtinov,2001
http://dbpedia.org/resource/Dominic_Moore,Dominic Moore,2000
http://dbpedia.org/resource/Colin_Stuart_(ice_hockey),Colin Stuart (ice hockey),2001
http://dbpedia.org/resource/Frans_Nielsen,Frans Nielsen,2002
"http://dbpedia.org/resource/Roman_Horák_(ice_hockey,_born_1991)","Roman Horák (ice hockey, born 1991)",2009
http://dbpedia.org/resource/Arseny_Bondarev,Arseny Bondarev,2003
http://dbpedia.org/resource/Dominik_Kubalík,Dominik Kubalík,2013
http://dbpedia.org/resource/Emil_Pettersson,Emil Pettersson,2013
http://dbpedia.org/resource/Alexandre_Bolduc,Alexandre Bolduc,2003
http://dbpedia.org/resource/Steve_McCarthy_(ice_hockey),Steve McCarthy (ice hockey),1999
http://dbpedia.org/resource/Chris_Simon,Chris Simon,1990
http://dbpedia.org/resource/Jim_Vesey,Jim Vesey,1984
http://dbpedia.org/resource/Will_Weber,Will Weber,2007
http://dbpedia.org/resource/Stefan_Chaput,Stefan Chaput,2006
http://dbpedia.org/resource/Patrik_Sundström,Patrik Sundström,1980
http://dbpedia.org/resource/Marko_Kiprusoff,Marko Kiprusoff,1994
http://dbpedia.org/resource/Kevin_Regan,Kevin Regan,2003
http://dbpedia.org/resource/Gerry_O'Flaherty,Gerry O'Flaherty,1970
http://dbpedia.org/resource/Steve_Durbano,Steve Durbano,1971
http://dbpedia.org/resource/Joel_Edmundson,Joel Edmundson,2011
http://dbpedia.org/resource/Todd_Reirden,Todd Reirden,1990
http://dbpedia.org/resource/Bo_Berglund,Bo Berglund,1983
http://dbpedia.org/resource/Denis_Istomin_(ice_hockey),Denis Istomin (ice hockey),2005
http://dbpedia.org/resource/Mike_Rathje,Mike Rathje,1992
http://dbpedia.org/resource/J._T._Compher,J. T. Compher,2013
http://dbpedia.org/resource/Lane_MacDonald,Lane MacDonald,1985
http://dbpedia.org/resource/Ivan_Provorov,Ivan Provorov,2015
http://dbpedia.org/resource/Tanner_Glass,Tanner Glass,2003
http://dbpedia.org/resource/Chris_Beckford-Tseu,Chris Beckford-Tseu,2003
http://dbpedia.org/resource/Neil_Smith_(ice_hockey),Neil Smith (ice hockey),1974
http://dbpedia.org/resource/Kim_Hirschovits,Kim Hirschovits,2002
http://dbpedia.org/resource/Michael_Thelvén,Michael Thelvén,1980
http://dbpedia.org/resource/Bill_Reed,Bill Reed,1974
http://dbpedia.org/resource/Chad_Rau,Chad Rau,2005
http://dbpedia.org/resource/Mathieu_Schneider,Mathieu Schneider,1987
http://dbpedia.org/resource/Andrew_Joudrey,Andrew Joudrey,2003
http://dbpedia.org/resource/Dan_Wood_(ice_hockey),Dan Wood (ice hockey),1981
http://dbpedia.org/resource/Shawn_Burr,Shawn Burr,1984
http://dbpedia.org/resource/Paxton_Schulte,Paxton Schulte,1992
http://dbpedia.org/resource/Bryan_McCabe,Bryan McCabe,1993
"http://dbpedia.org/resource/John_Hughes_(ice_hockey,_born_1954)","John Hughes (ice hockey, born 1954)",1974
http://dbpedia.org/resource/Peter_Folco,Peter Folco,1973
http://dbpedia.org/resource/Craig_Weller,Craig Weller,2000
http://dbpedia.org/resource/John_Brill,John Brill,1989
http://dbpedia.org/resource/Brian_Foster_(ice_hockey),Brian Foster (ice hockey),2005
http://dbpedia.org/resource/Chris_Clark_(ice_hockey),Chris Clark (ice hockey),1994
http://dbpedia.org/resource/Daniel_Corso,Daniel Corso,1996
http://dbpedia.org/resource/Andrew_Berenzweig,Andrew Berenzweig,1996
http://dbpedia.org/resource/Tim_O'Connell,Tim O'Connell,1973
http://dbpedia.org/resource/Jim_Collins_(ice_hockey),Jim Collins (ice hockey),1971
http://dbpedia.org/resource/Chris_Butler_(ice_hockey),Chris Butler (ice hockey),2005
http://dbpedia.org/resource/Jiří_Šlégr,Jiří Šlégr,1990
http://dbpedia.org/resource/Patrick_Kaleta,Patrick Kaleta,2004
http://dbpedia.org/resource/John_Paddock,John Paddock,1974
http://dbpedia.org/resource/Kevin_Dean_(ice_hockey),Kevin Dean (ice hockey),1987
http://dbpedia.org/resource/Matt_Glennon_(ice_hockey),Matt Glennon (ice hockey),1987
http://dbpedia.org/resource/D._J._King,D. J. King,2002
http://dbpedia.org/resource/Alek_Stojanov,Alek Stojanov,1991
"http://dbpedia.org/resource/Brian_Bradley_(ice_hockey,_born_1965)","Brian Bradley (ice hockey, born 1965)",1983
http://dbpedia.org/resource/Patrick_Kane,Patrick Kane,2007
http://dbpedia.org/resource/Ville_Pokka,Ville Pokka,2012
http://dbpedia.org/resource/Dan_Hodgson,Dan Hodgson,1983
http://dbpedia.org/resource/Brian_Mullen,Brian Mullen,1980
http://dbpedia.org/resource/Justin_Kurtz,Justin Kurtz,1995
http://dbpedia.org/resource/Matt_Kennedy_(ice_hockey),Matt Kennedy (ice hockey),2009
http://dbpedia.org/resource/Dean_Kolstad,Dean Kolstad,1986
http://dbpedia.org/resource/Kasperi_Kapanen,Kasperi Kapanen,2014
http://dbpedia.org/resource/Casey_Pierro-Zabotel,Casey Pierro-Zabotel,2007
http://dbpedia.org/resource/Alexei_Glukhov,Alexei Glukhov,2002
http://dbpedia.org/resource/George_Parros,George Parros,1999
http://dbpedia.org/resource/Alexandre_Rouleau,Alexandre Rouleau,2001
http://dbpedia.org/resource/Ondřej_Roman,Ondřej Roman,2007
http://dbpedia.org/resource/Brad_Maxwell,Brad Maxwell,1977
http://dbpedia.org/resource/Alex_Stalock,Alex Stalock,2005
http://dbpedia.org/resource/Mike_Pandolfo,Mike Pandolfo,1998
http://dbpedia.org/resource/Chris_McAlpine,Chris McAlpine,1990
"http://dbpedia.org/resource/Matt_Martin_(ice_hockey,_born_1971)","Matt Martin (ice hockey, born 1971)",1989
http://dbpedia.org/resource/Maxime_Talbot,Maxime Talbot,2002
http://dbpedia.org/resource/Jeremy_Duchesne,Jeremy Duchesne,2005
http://dbpedia.org/resource/Bernie_Nicholls,Bernie Nicholls,1980
http://dbpedia.org/resource/Donald_Audette,Donald Audette,1989
http://dbpedia.org/resource/Stefan_Larsson,Stefan Larsson,1984
http://dbpedia.org/resource/Pete_Peeters,Pete Peeters,1977
http://dbpedia.org/resource/Tomáš_Kudělka,Tomáš Kudělka,2005
http://dbpedia.org/resource/Kristofer_Ottosson,Kristofer Ottosson,2000
http://dbpedia.org/resource/Brad_Boyes,Brad Boyes,2000
http://dbpedia.org/resource/Rick_Vaive,Rick Vaive,1979
http://dbpedia.org/resource/Joe_Cirella,Joe Cirella,1981
http://dbpedia.org/resource/Douglas_Murray_(ice_hockey),Douglas Murray (ice hockey),1999
http://dbpedia.org/resource/Glen_Wesley,Glen Wesley,1987
http://dbpedia.org/resource/Martin_St._Amour,Martin St. Amour,1988
http://dbpedia.org/resource/Erkki_Rajamäki,Erkki Rajamäki,1999
http://dbpedia.org/resource/Jeff_Batters,Jeff Batters,1989
http://dbpedia.org/resource/Mike_Hartman,Mike Hartman,1986
http://dbpedia.org/resource/Glen_Richardson,Glen Richardson,1975
http://dbpedia.org/resource/Mark_Hardy_(ice_hockey),Mark Hardy (ice hockey),1979
http://dbpedia.org/resource/Joey_Tetarenko,Joey Tetarenko,1996
http://dbpedia.org/resource/Nikita_Scherbak,Nikita Scherbak,2014
http://dbpedia.org/resource/Pat_Riggin,Pat Riggin,1979
http://dbpedia.org/resource/Jason_Firth,Jason Firth,1991
http://dbpedia.org/resource/Nikolai_Lemtyugov,Nikolai Lemtyugov,2005
http://dbpedia.org/resource/Ziyat_Paigin,Ziyat Paigin,2015
http://dbpedia.org/resource/Mark_Sorensen,Mark Sorensen,1988
http://dbpedia.org/resource/Jim_Paek,Jim Paek,1985
http://dbpedia.org/resource/Yan_Golubovsky,Yan Golubovsky,1994
http://dbpedia.org/resource/Joël_Perrault,Joël Perrault,2001
http://dbpedia.org/resource/Don_Luce,Don Luce,1966
http://dbpedia.org/resource/Rick_Tabaracci,Rick Tabaracci,1987
http://dbpedia.org/resource/Mike_Stapleton,Mike Stapleton,1984
http://dbpedia.org/resource/Steve_Regier,Steve Regier,2004
http://dbpedia.org/resource/Johannes_Salmonsson,Johannes Salmonsson,2004
http://dbpedia.org/resource/Tomáš_Vincour,Tomáš Vincour,2009
http://dbpedia.org/resource/Dennis_Packard,Dennis Packard,2001
http://dbpedia.org/resource/Robbie_Earl,Robbie Earl,2004
http://dbpedia.org/resource/Jason_Kasdorf,Jason Kasdorf,2011
http://dbpedia.org/resource/Anders_Nilsson_(ice_hockey),Anders Nilsson (ice hockey),2009
http://dbpedia.org/resource/Jimmy_Hayes_(ice_hockey),Jimmy Hayes (ice hockey),2008
http://dbpedia.org/resource/Dave_Goertz,Dave Goertz,1983
http://dbpedia.org/resource/David_Ling,David Ling,1993
http://dbpedia.org/resource/Brooks_Orpik,Brooks Orpik,2000
http://dbpedia.org/resource/Michaël_Bournival,Michaël Bournival,2010
http://dbpedia.org/resource/Patrick_Lalime,Patrick Lalime,1993
http://dbpedia.org/resource/Dmitri_Tertyshny,Dmitri Tertyshny,1995
http://dbpedia.org/resource/Ric_Jackman,Ric Jackman,1996
http://dbpedia.org/resource/Dan_Spring_(ice_hockey),Dan Spring (ice hockey),1971
http://dbpedia.org/resource/Chris_Higgins_(ice_hockey),Chris Higgins (ice hockey),2002
http://dbpedia.org/resource/Garnet_Exelby,Garnet Exelby,1999
http://dbpedia.org/resource/Claude_Vilgrain,Claude Vilgrain,1982
http://dbpedia.org/resource/Warren_Luhning,Warren Luhning,1993
http://dbpedia.org/resource/Nicholas_Baptiste,Nicholas Baptiste,2013
http://dbpedia.org/resource/Stéphane_Richer_(ice_hockey_forward),Stéphane Richer (ice hockey forward),1984
http://dbpedia.org/resource/Róbert_Döme,Róbert Döme,1997
http://dbpedia.org/resource/Shawn_Weller,Shawn Weller,2004
http://dbpedia.org/resource/Ed_Hospodar,Ed Hospodar,1979
http://dbpedia.org/resource/Greg_Fox_(ice_hockey),Greg Fox (ice hockey),1973
http://dbpedia.org/resource/Jozef_Čierny,Jozef Čierny,1992
http://dbpedia.org/resource/Josef_Marha,Josef Marha,1994
http://dbpedia.org/resource/Tommy_Westlund,Tommy Westlund,1998
http://dbpedia.org/resource/Claude_Chartre,Claude Chartre,1969
http://dbpedia.org/resource/Matt_Elich,Matt Elich,1997
http://dbpedia.org/resource/Paul_Larose,Paul Larose,1970
http://dbpedia.org/resource/Brent_Seabrook,Brent Seabrook,2003
http://dbpedia.org/resource/Jack_Taggart,Jack Taggart,1970
http://dbpedia.org/resource/Andrew_Murray_(ice_hockey),Andrew Murray (ice hockey),2001
http://dbpedia.org/resource/Francis_Lessard,Francis Lessard,1997
http://dbpedia.org/resource/Ryan_Craig,Ryan Craig,2002
http://dbpedia.org/resource/Max_Friberg,Max Friberg,2011
http://dbpedia.org/resource/Igor_Karpenko,Igor Karpenko,1995
http://dbpedia.org/resource/Patrick_Boileau,Patrick Boileau,1993
http://dbpedia.org/resource/Jim_Malazdrewicz,Jim Malazdrewicz,1978
http://dbpedia.org/resource/Ian_Cole,Ian Cole,2007
http://dbpedia.org/resource/Joe_Rullier,Joe Rullier,1998
http://dbpedia.org/resource/Carey_Price,Carey Price,2005
http://dbpedia.org/resource/Perry_Anderson_(ice_hockey),Perry Anderson (ice hockey),1980
http://dbpedia.org/resource/Rod_Sarich,Rod Sarich,1999
http://dbpedia.org/resource/Markku_Kyllönen,Markku Kyllönen,1987
http://dbpedia.org/resource/Jens_Karlsson,Jens Karlsson,2001
http://dbpedia.org/resource/Jiří_Kučera,Jiří Kučera,1987
http://dbpedia.org/resource/Jonathan_Quick,Jonathan Quick,2005
http://dbpedia.org/resource/Mika_Hannula,Mika Hannula,2002
http://dbpedia.org/resource/Carl_Grahn,Carl Grahn,2000
http://dbpedia.org/resource/Cedric_Paquette,Cedric Paquette,2012
http://dbpedia.org/resource/Alexander_Khavanov,Alexander Khavanov,1999
http://dbpedia.org/resource/Steve_Shutt,Steve Shutt,1972
http://dbpedia.org/resource/Christopher_Gibson,Christopher Gibson,2011
http://dbpedia.org/resource/Radek_Faksa,Radek Faksa,2012
http://dbpedia.org/resource/Patrick_Traverse,Patrick Traverse,1992
http://dbpedia.org/resource/Chris_Campoli,Chris Campoli,2004
http://dbpedia.org/resource/Petr_Straka,Petr Straka,2010
http://dbpedia.org/resource/Alan_Globensky,Alan Globensky,1971
http://dbpedia.org/resource/Bob_Suter,Bob Suter,1977
http://dbpedia.org/resource/Jeff_Frazee,Jeff Frazee,2005
http://dbpedia.org/resource/Adam_Henrique,Adam Henrique,2008
http://dbpedia.org/resource/Travis_Gawryletz,Travis Gawryletz,2004
http://dbpedia.org/resource/Dean_Chynoweth,Dean Chynoweth,1987
http://dbpedia.org/resource/Trent_Yawney,Trent Yawney,1984
http://dbpedia.org/resource/Marko_Daňo,Marko Daňo,2013
http://dbpedia.org/resource/Ulf_Dahlén,Ulf Dahlén,1985
http://dbpedia.org/resource/Patrick_Wey,Patrick Wey,2009
http://dbpedia.org/resource/Moises_Gutierrez,Moises Gutierrez,2004
http://dbpedia.org/resource/Johan_Davidsson,Johan Davidsson,1994
"http://dbpedia.org/resource/Bob_Murray_(ice_hockey,_born_1954)","Bob Murray (ice hockey, born 1954)",1974
http://dbpedia.org/resource/Chris_Wideman,Chris Wideman,2009
http://dbpedia.org/resource/Jeff_Sebastian,Jeff Sebastian,1991
http://dbpedia.org/resource/Jean-Marc_Lanthier,Jean-Marc Lanthier,1981
http://dbpedia.org/resource/Dmitri_Kvartalnov,Dmitri Kvartalnov,1992
http://dbpedia.org/resource/Mark_Barberio,Mark Barberio,2008
http://dbpedia.org/resource/Jeff_Serowik,Jeff Serowik,1985
http://dbpedia.org/resource/Zemgus_Girgensons,Zemgus Girgensons,2012
http://dbpedia.org/resource/Sam_Reinhart,Sam Reinhart,2014
http://dbpedia.org/resource/Warren_Young,Warren Young,1976
http://dbpedia.org/resource/Dean_Blais,Dean Blais,1971
http://dbpedia.org/resource/Tomáš_Kůrka,Tomáš Kůrka,2000
http://dbpedia.org/resource/Thomas_Hickey_(ice_hockey),Thomas Hickey (ice hockey),2007
http://dbpedia.org/resource/Mark_Stuart_(ice_hockey),Mark Stuart (ice hockey),2003
http://dbpedia.org/resource/James_Sheppard,James Sheppard,2006
http://dbpedia.org/resource/Brian_Curran,Brian Curran,1982
http://dbpedia.org/resource/Clark_Hamilton_(ice_hockey),Clark Hamilton (ice hockey),1975
http://dbpedia.org/resource/Pavel_Kubina,Pavel Kubina,1996
http://dbpedia.org/resource/Frederik_Andersen,Frederik Andersen,2012
http://dbpedia.org/resource/Andrei_Samokhvalov,Andrei Samokhvalov,1995
http://dbpedia.org/resource/Kevin_Smyth,Kevin Smyth,1992
http://dbpedia.org/resource/Richard_Rochefort,Richard Rochefort,1995
http://dbpedia.org/resource/John_Erskine_(ice_hockey),John Erskine (ice hockey),1998
http://dbpedia.org/resource/Mike_Walsh_(ice_hockey),Mike Walsh (ice hockey),2002
http://dbpedia.org/resource/Peter_Loob,Peter Loob,1984
http://dbpedia.org/resource/Moe_Lemay,Moe Lemay,1981
http://dbpedia.org/resource/Ken_Belanger,Ken Belanger,1992
http://dbpedia.org/resource/Yan_Kaminsky,Yan Kaminsky,1991
http://dbpedia.org/resource/Rylan_Kaip,Rylan Kaip,2003
http://dbpedia.org/resource/Ken_Sabourin,Ken Sabourin,1984
http://dbpedia.org/resource/Jon_Gleed,Jon Gleed,2004
http://dbpedia.org/resource/Denis_Ezhov,Denis Ezhov,2003
"http://dbpedia.org/resource/Jim_McKenzie_(ice_hockey,_born_1969)","Jim McKenzie (ice hockey, born 1969)",1989
http://dbpedia.org/resource/Dominik_Hašek,Dominik Hašek,1983
http://dbpedia.org/resource/John_Vanbiesbrouck,John Vanbiesbrouck,1981
http://dbpedia.org/resource/Danick_Paquette,Danick Paquette,2008
http://dbpedia.org/resource/Jakob_Silfverberg,Jakob Silfverberg,2009
http://dbpedia.org/resource/Ricard_Persson,Ricard Persson,1987
http://dbpedia.org/resource/Doug_Nolan,Doug Nolan,1994
http://dbpedia.org/resource/Jean-Philippe_Côté,Jean-Philippe Côté,2000
http://dbpedia.org/resource/Jean-François_Nault,Jean-François Nault,1986
http://dbpedia.org/resource/Greg_Andrusak,Greg Andrusak,1988
http://dbpedia.org/resource/Bill_Nyrop,Bill Nyrop,1972
http://dbpedia.org/resource/Jon_Kalinski,Jon Kalinski,2007
http://dbpedia.org/resource/Ed_Cooper,Ed Cooper,1980
http://dbpedia.org/resource/Bob_Geale,Bob Geale,1980
http://dbpedia.org/resource/Tomáš_Žižka,Tomáš Žižka,1998
http://dbpedia.org/resource/Bruce_Baker_(ice_hockey),Bruce Baker (ice hockey),1976
http://dbpedia.org/resource/Jakub_Šindel,Jakub Šindel,2004
http://dbpedia.org/resource/Christian_Bäckman,Christian Bäckman,1998
http://dbpedia.org/resource/Dennis_Maruk,Dennis Maruk,1975
http://dbpedia.org/resource/Michel_Galarneau,Michel Galarneau,1980
http://dbpedia.org/resource/Braden_Birch,Braden Birch,2008
http://dbpedia.org/resource/Rob_Flick,Rob Flick,2010
http://dbpedia.org/resource/Travis_Zajac,Travis Zajac,2004
http://dbpedia.org/resource/Aki_Berg,Aki Berg,1995
http://dbpedia.org/resource/Dmitri_Vlasenkov,Dmitri Vlasenkov,1996
http://dbpedia.org/resource/Antti_Miettinen,Antti Miettinen,2000
http://dbpedia.org/resource/Larry_Robinson,Larry Robinson,1971
http://dbpedia.org/resource/Tim_Brent,Tim Brent,2004
http://dbpedia.org/resource/Andrew_Cassels,Andrew Cassels,1987
http://dbpedia.org/resource/Davis_Payne,Davis Payne,1989
http://dbpedia.org/resource/Norm_Maracle,Norm Maracle,1993
http://dbpedia.org/resource/Chris_Biotti,Chris Biotti,1985
http://dbpedia.org/resource/Ron_Carter_(ice_hockey),Ron Carter (ice hockey),1978
http://dbpedia.org/resource/Roland_Eriksson,Roland Eriksson,1974
http://dbpedia.org/resource/Luca_Cereda,Luca Cereda,1999
http://dbpedia.org/resource/Jim_Koudys,Jim Koudys,1982
http://dbpedia.org/resource/Antti-Jussi_Niemi,Antti-Jussi Niemi,1996
http://dbpedia.org/resource/Jakob_Chychrun,Jakob Chychrun,2016
http://dbpedia.org/resource/Zane_McIntyre,Zane McIntyre,2010
http://dbpedia.org/resource/Gerd_Truntschka,Gerd Truntschka,1978
http://dbpedia.org/resource/Rick_Lapointe,Rick Lapointe,1975
http://dbpedia.org/resource/Paul_Kariya,Paul Kariya,1993
http://dbpedia.org/resource/Sergei_Zhukov_(ice_hockey),Sergei Zhukov (ice hockey),1995
http://dbpedia.org/resource/Jean-Marc_Routhier,Jean-Marc Routhier,1986
http://dbpedia.org/resource/Steve_Tuttle,Steve Tuttle,1984
http://dbpedia.org/resource/Trevor_Cann,Trevor Cann,2007
http://dbpedia.org/resource/Rob_Zepp,Rob Zepp,2001
http://dbpedia.org/resource/Mário_Bližňák,Mário Bližňák,2005
http://dbpedia.org/resource/Cam_Neely,Cam Neely,1983
http://dbpedia.org/resource/Leif_Rohlin,Leif Rohlin,1988
http://dbpedia.org/resource/Brian_Ogilvie,Brian Ogilvie,1972
http://dbpedia.org/resource/Tore_Vikingstad,Tore Vikingstad,1999
http://dbpedia.org/resource/Matt_Walker_(ice_hockey),Matt Walker (ice hockey),1998
http://dbpedia.org/resource/Clark_Donatelli,Clark Donatelli,1984
http://dbpedia.org/resource/Mikko_Koskinen,Mikko Koskinen,2009
http://dbpedia.org/resource/Marty_Reasoner,Marty Reasoner,1996
http://dbpedia.org/resource/Chris_Doyle_(ice_hockey),Chris Doyle (ice hockey),2008
http://dbpedia.org/resource/Max_McCormick,Max McCormick,2011
http://dbpedia.org/resource/Adam_Ollas_Mattsson,Adam Ollas Mattsson,2014
http://dbpedia.org/resource/Brad_Smith_(ice_hockey),Brad Smith (ice hockey),1978
http://dbpedia.org/resource/Anatoli_Semenov,Anatoli Semenov,1989
http://dbpedia.org/resource/Brad_Tiley,Brad Tiley,1991
http://dbpedia.org/resource/Petr_Průcha,Petr Průcha,2002
http://dbpedia.org/resource/Billy_Smith_(ice_hockey),Billy Smith (ice hockey),1970
http://dbpedia.org/resource/Robert_Lang_(ice_hockey),Robert Lang (ice hockey),1990
http://dbpedia.org/resource/Libor_Procházka,Libor Procházka,1993
http://dbpedia.org/resource/Drew_Fata,Drew Fata,2001
http://dbpedia.org/resource/Bud_Stefanski,Bud Stefanski,1975
http://dbpedia.org/resource/Dan_Focht,Dan Focht,1996
http://dbpedia.org/resource/Jori_Lehterä,Jori Lehterä,2008
http://dbpedia.org/resource/Alexander_Urbom,Alexander Urbom,2009
http://dbpedia.org/resource/Tomáš_Plíhal,Tomáš Plíhal,2001
http://dbpedia.org/resource/Philip_Gogulla,Philip Gogulla,2005
http://dbpedia.org/resource/Colby_Cohen,Colby Cohen,2007
http://dbpedia.org/resource/Steffen_Søberg,Steffen Søberg,2011
http://dbpedia.org/resource/Sebastian_Collberg,Sebastian Collberg,2012
http://dbpedia.org/resource/Jim_Dorey,Jim Dorey,1964
http://dbpedia.org/resource/Kevin_Miehm,Kevin Miehm,1987
http://dbpedia.org/resource/Trent_Klatt,Trent Klatt,1989
http://dbpedia.org/resource/Adrian_Aucoin,Adrian Aucoin,1992
http://dbpedia.org/resource/Anton_Gustafsson,Anton Gustafsson,2008
http://dbpedia.org/resource/Zack_Stortini,Zack Stortini,2003
http://dbpedia.org/resource/Peter_Morris_(ice_hockey),Peter Morris (ice hockey),1975
http://dbpedia.org/resource/Danny_Taylor_(ice_hockey),Danny Taylor (ice hockey),2004
http://dbpedia.org/resource/Denis_Tsygurov,Denis Tsygurov,1993
http://dbpedia.org/resource/Joe_Thornton,Joe Thornton,1997
http://dbpedia.org/resource/Darby_Hendrickson,Darby Hendrickson,1990
http://dbpedia.org/resource/Ramzi_Abid,Ramzi Abid,2000
http://dbpedia.org/resource/Sergei_Ogorodnikov,Sergei Ogorodnikov,2004
http://dbpedia.org/resource/Jamie_Benn,Jamie Benn,2007
http://dbpedia.org/resource/Trevor_Carrick,Trevor Carrick,2012
http://dbpedia.org/resource/Gustav_Nyquist,Gustav Nyquist,2008
http://dbpedia.org/resource/Craig_Ramsay,Craig Ramsay,1971
http://dbpedia.org/resource/James_Reimer_(ice_hockey),James Reimer (ice hockey),2006
http://dbpedia.org/resource/Eddie_Mio,Eddie Mio,1974
http://dbpedia.org/resource/Jonas_Johnson,Jonas Johnson,2002
http://dbpedia.org/resource/Chris_Phillips,Chris Phillips,1996
http://dbpedia.org/resource/Barry_Dean,Barry Dean,1975
http://dbpedia.org/resource/Mike_Ramsey_(ice_hockey),Mike Ramsey (ice hockey),1979
http://dbpedia.org/resource/Jozef_Stümpel,Jozef Stümpel,1991
http://dbpedia.org/resource/Nick_Boynton,Nick Boynton,1999
http://dbpedia.org/resource/Dirk_Graham,Dirk Graham,1979
http://dbpedia.org/resource/Rory_Fitzpatrick,Rory Fitzpatrick,1993
http://dbpedia.org/resource/Dave_Pasin,Dave Pasin,1984
http://dbpedia.org/resource/Mattias_Lindström_(ice_hockey),Mattias Lindström (ice hockey),2009
http://dbpedia.org/resource/Andreas_Sundin,Andreas Sundin,2003
http://dbpedia.org/resource/Francis_Bélanger,Francis Bélanger,1998
http://dbpedia.org/resource/Yuri_Dobryshkin,Yuri Dobryshkin,1999
http://dbpedia.org/resource/Norm_Barnes,Norm Barnes,1973
http://dbpedia.org/resource/Alain_Raymond,Alain Raymond,1983
http://dbpedia.org/resource/Andrei_Nazarov,Andrei Nazarov,1992
http://dbpedia.org/resource/Alexander_Kharlamov,Alexander Kharlamov,1994
http://dbpedia.org/resource/Steve_Tsujiura,Steve Tsujiura,1981
http://dbpedia.org/resource/Peter_Metcalf,Peter Metcalf,1999
http://dbpedia.org/resource/Daniel_Gauthier,Daniel Gauthier,1988
http://dbpedia.org/resource/Pierre_Engvall,Pierre Engvall,2014
http://dbpedia.org/resource/Sven_Helfenstein,Sven Helfenstein,2000
http://dbpedia.org/resource/Stefan_Cherneski,Stefan Cherneski,1997
http://dbpedia.org/resource/Andrew_Brunette,Andrew Brunette,1993
http://dbpedia.org/resource/Darwin_McCutcheon,Darwin McCutcheon,1980
http://dbpedia.org/resource/Mickey_Elick,Mickey Elick,1992
http://dbpedia.org/resource/Heinz_Ehlers,Heinz Ehlers,1984
http://dbpedia.org/resource/Ivan_Nalimov,Ivan Nalimov,2014
http://dbpedia.org/resource/Paul_Brown_(ice_hockey),Paul Brown (ice hockey),2003
http://dbpedia.org/resource/Yves_Courteau,Yves Courteau,1982
http://dbpedia.org/resource/André_Peloffy,André Peloffy,1971
http://dbpedia.org/resource/Wade_Redden,Wade Redden,1995
http://dbpedia.org/resource/Oleg_Kvasha,Oleg Kvasha,1996
http://dbpedia.org/resource/Brandon_Pirri,Brandon Pirri,2009
http://dbpedia.org/resource/Paul_Lawless,Paul Lawless,1982
http://dbpedia.org/resource/Riley_Holzapfel,Riley Holzapfel,2006
http://dbpedia.org/resource/Rich_Pilon,Rich Pilon,1986
http://dbpedia.org/resource/Jean-Michel_Rizk,Jean-Michel Rizk,2004
http://dbpedia.org/resource/Jerry_Byers,Jerry Byers,1972
http://dbpedia.org/resource/Joey_Hishon,Joey Hishon,2010
http://dbpedia.org/resource/Ryan_Mulhern,Ryan Mulhern,1992
http://dbpedia.org/resource/Curt_Giles,Curt Giles,1978
http://dbpedia.org/resource/Peter_Čerešňák,Peter Čerešňák,2011
http://dbpedia.org/resource/Erik_Reitz,Erik Reitz,2000
http://dbpedia.org/resource/Ted_Crowley,Ted Crowley,1988
http://dbpedia.org/resource/Marc_Cavosie,Marc Cavosie,2000
http://dbpedia.org/resource/Al_Secord,Al Secord,1978
http://dbpedia.org/resource/Normand_Lacombe,Normand Lacombe,1983
http://dbpedia.org/resource/Michael_Nylander,Michael Nylander,1991
http://dbpedia.org/resource/Mark_Fitzpatrick,Mark Fitzpatrick,1987
http://dbpedia.org/resource/Jamie_Cooke,Jamie Cooke,1988
http://dbpedia.org/resource/Steve_Alley,Steve Alley,1973
http://dbpedia.org/resource/Anton_Lander,Anton Lander,2009
http://dbpedia.org/resource/Ruslan_Bernikov,Ruslan Bernikov,2000
http://dbpedia.org/resource/Tim_Harrer,Tim Harrer,1977
http://dbpedia.org/resource/Radek_Bonk,Radek Bonk,1994
http://dbpedia.org/resource/Denis_Shvidki,Denis Shvidki,1999
http://dbpedia.org/resource/Al_MacAdam,Al MacAdam,1972
http://dbpedia.org/resource/Tomáš_Kubalík,Tomáš Kubalík,2008
http://dbpedia.org/resource/Marco_Rosa,Marco Rosa,2001
http://dbpedia.org/resource/Rémi_Royer,Rémi Royer,1996
http://dbpedia.org/resource/Maxim_Bets,Maxim Bets,1993
http://dbpedia.org/resource/Chris_Bourque,Chris Bourque,2004
http://dbpedia.org/resource/Quinton_Howden,Quinton Howden,2010
http://dbpedia.org/resource/Jeremy_Williams_(ice_hockey),Jeremy Williams (ice hockey),2003
http://dbpedia.org/resource/Thomas_Rundqvist,Thomas Rundqvist,1983
http://dbpedia.org/resource/Brendan_Witt,Brendan Witt,1993
http://dbpedia.org/resource/Mackenzie_Blackwood,Mackenzie Blackwood,2015
http://dbpedia.org/resource/Jimmy_Howard,Jimmy Howard,2003
http://dbpedia.org/resource/Michael_Garnett,Michael Garnett,2001
http://dbpedia.org/resource/Sergei_Kostitsyn,Sergei Kostitsyn,2005
http://dbpedia.org/resource/David_Perron,David Perron,2007
http://dbpedia.org/resource/François_Leroux,François Leroux,1988
http://dbpedia.org/resource/Nicklas_Grossmann,Nicklas Grossmann,2004
http://dbpedia.org/resource/Justin_Faulk,Justin Faulk,2010
http://dbpedia.org/resource/Duane_Bray,Duane Bray,1974
http://dbpedia.org/resource/Rob_Globke,Rob Globke,2002
http://dbpedia.org/resource/Jeff_Jillson,Jeff Jillson,1999
http://dbpedia.org/resource/Emerson_Etem,Emerson Etem,2010
http://dbpedia.org/resource/Mike_Ribeiro,Mike Ribeiro,1998
http://dbpedia.org/resource/Bob_Blanchet,Bob Blanchet,1974
http://dbpedia.org/resource/Dmitry_Orlov_(ice_hockey),Dmitry Orlov (ice hockey),2009
http://dbpedia.org/resource/Jason_Widmer,Jason Widmer,1992
http://dbpedia.org/resource/Nathan_MacKinnon,Nathan MacKinnon,2013
http://dbpedia.org/resource/Fredrik_Bergvik,Fredrik Bergvik,2013
http://dbpedia.org/resource/Julien_Gauthier,Julien Gauthier,2016
http://dbpedia.org/resource/Ryan_O'Byrne,Ryan O'Byrne,2003
http://dbpedia.org/resource/Kelly_Hrudey,Kelly Hrudey,1980
http://dbpedia.org/resource/Calle_Johansson,Calle Johansson,1985
http://dbpedia.org/resource/Riley_Sheahan,Riley Sheahan,2010
http://dbpedia.org/resource/Warren_Sharples,Warren Sharples,1986
http://dbpedia.org/resource/Nikita_Filatov,Nikita Filatov,2008
http://dbpedia.org/resource/Taylor_Cammarata,Taylor Cammarata,2013
http://dbpedia.org/resource/Matt_Higgins_(ice_hockey),Matt Higgins (ice hockey),1996
http://dbpedia.org/resource/Josef_Vašíček,Josef Vašíček,1998
http://dbpedia.org/resource/Rob_Garner,Rob Garner,1978
http://dbpedia.org/resource/Tom_Chorske,Tom Chorske,1985
http://dbpedia.org/resource/Patric_Hörnqvist,Patric Hörnqvist,2005
http://dbpedia.org/resource/Patric_Blomdahl,Patric Blomdahl,2002
http://dbpedia.org/resource/Stephen_Peat,Stephen Peat,1998
http://dbpedia.org/resource/Jason_Jaspers,Jason Jaspers,1999
http://dbpedia.org/resource/Max_Birbraer,Max Birbraer,2000
http://dbpedia.org/resource/Daniel_Bernhardt_(ice_hockey),Daniel Bernhardt (ice hockey),2015
http://dbpedia.org/resource/Peter_Soberlak,Peter Soberlak,1987
http://dbpedia.org/resource/Andrew_Campbell_(ice_hockey),Andrew Campbell (ice hockey),2008
http://dbpedia.org/resource/Pierre_Guité,Pierre Guité,1972
http://dbpedia.org/resource/Darryl_Sydor,Darryl Sydor,1990
http://dbpedia.org/resource/Cam_Newton_(ice_hockey),Cam Newton (ice hockey),1970
http://dbpedia.org/resource/Nikita_Kucherov,Nikita Kucherov,2011
http://dbpedia.org/resource/Kevin_Hatcher,Kevin Hatcher,1984
http://dbpedia.org/resource/Kyle_Rau,Kyle Rau,2011
http://dbpedia.org/resource/Ralph_Hopiavuori,Ralph Hopiavuori,1971
http://dbpedia.org/resource/Steve_Christoff,Steve Christoff,1978
http://dbpedia.org/resource/Pat_Price_(ice_hockey),Pat Price (ice hockey),1975
http://dbpedia.org/resource/Jean-Marc_Pelletier,Jean-Marc Pelletier,1997
http://dbpedia.org/resource/Don_Cairns,Don Cairns,1975
http://dbpedia.org/resource/Dan_McGillis,Dan McGillis,1992
http://dbpedia.org/resource/Claude_Lemieux,Claude Lemieux,1983
http://dbpedia.org/resource/Jack_Brownschidle,Jack Brownschidle,1975
http://dbpedia.org/resource/Peter_Ihnačák,Peter Ihnačák,1982
http://dbpedia.org/resource/Mike_Kitchen,Mike Kitchen,1976
http://dbpedia.org/resource/Peter_Zezel,Peter Zezel,1983
http://dbpedia.org/resource/Bruce_Boudreau,Bruce Boudreau,1975
http://dbpedia.org/resource/Ryan_Caldwell_(ice_hockey),Ryan Caldwell (ice hockey),2000
http://dbpedia.org/resource/Josh_Bailey,Josh Bailey,2008
http://dbpedia.org/resource/Gary_Doyle,Gary Doyle,1969
http://dbpedia.org/resource/Mike_Krushelnyski,Mike Krushelnyski,1979
http://dbpedia.org/resource/Mike_Richter,Mike Richter,1985
http://dbpedia.org/resource/Jaroslav_Kracík,Jaroslav Kracík,2002
http://dbpedia.org/resource/Tyler_Wright,Tyler Wright,1991
http://dbpedia.org/resource/Patrik_Štefan,Patrik Štefan,1999
http://dbpedia.org/resource/Frank_Blum,Frank Blum,1972
http://dbpedia.org/resource/Erik_Karlsson,Erik Karlsson,2008
http://dbpedia.org/resource/Hudson_Fasching,Hudson Fasching,2013
http://dbpedia.org/resource/Réal_Cloutier,Réal Cloutier,1976
http://dbpedia.org/resource/Ty_Rattie,Ty Rattie,2011
http://dbpedia.org/resource/Teemu_Hartikainen,Teemu Hartikainen,2008
http://dbpedia.org/resource/Krišjānis_Rēdlihs,Krišjānis Rēdlihs,2002
http://dbpedia.org/resource/Rick_Hodgson,Rick Hodgson,1976
http://dbpedia.org/resource/Andrew_Hutchinson,Andrew Hutchinson,1999
http://dbpedia.org/resource/Glenn_Goldup,Glenn Goldup,1973
http://dbpedia.org/resource/Ryan_Kesler,Ryan Kesler,2003
http://dbpedia.org/resource/Rick_St._Croix,Rick St. Croix,1975
http://dbpedia.org/resource/Ryan_VandenBussche,Ryan VandenBussche,1992
http://dbpedia.org/resource/Dean_DeFazio,Dean DeFazio,1981
http://dbpedia.org/resource/Jan_Vopat,Jan Vopat,1992
http://dbpedia.org/resource/Owen_Nolan,Owen Nolan,1990
http://dbpedia.org/resource/Jakob_Forsbacka-Karlsson,Jakob Forsbacka-Karlsson,2015
http://dbpedia.org/resource/Frédérik_Gauthier,Frédérik Gauthier,2013
http://dbpedia.org/resource/Patrick_Eaves,Patrick Eaves,2003
http://dbpedia.org/resource/Jason_Arnott,Jason Arnott,1993
http://dbpedia.org/resource/Dalton_Smith,Dalton Smith,2010
http://dbpedia.org/resource/Dion_Phaneuf,Dion Phaneuf,2003
http://dbpedia.org/resource/Yuri_Khmylev,Yuri Khmylev,1992
http://dbpedia.org/resource/Al_Jensen,Al Jensen,1978
http://dbpedia.org/resource/Brett_Ritchie,Brett Ritchie,2011
http://dbpedia.org/resource/Róbert_Švehla,Róbert Švehla,1992
http://dbpedia.org/resource/Richard_Kromm,Richard Kromm,1982
http://dbpedia.org/resource/Tommi_Kivistö,Tommi Kivistö,2009
http://dbpedia.org/resource/Jaroslav_Pouzar,Jaroslav Pouzar,1982
http://dbpedia.org/resource/Daniel_Brodin,Daniel Brodin,2010
http://dbpedia.org/resource/Darcy_Tucker,Darcy Tucker,1993
http://dbpedia.org/resource/Kimbi_Daniels,Kimbi Daniels,1990
http://dbpedia.org/resource/Dave_Hannan,Dave Hannan,1981
http://dbpedia.org/resource/Garrett_Klotz,Garrett Klotz,2007
http://dbpedia.org/resource/Viacheslav_Fetisov,Viacheslav Fetisov,1983
http://dbpedia.org/resource/Chris_Thorburn,Chris Thorburn,2001
http://dbpedia.org/resource/Alain_Héroux,Alain Héroux,1982
http://dbpedia.org/resource/Martin_Prusek,Martin Prusek,1999
http://dbpedia.org/resource/Jody_Hull,Jody Hull,1987
http://dbpedia.org/resource/Tomáš_Pospíšil_(ice_hockey),Tomáš Pospíšil (ice hockey),2005
http://dbpedia.org/resource/Brian_Bye,Brian Bye,1974
http://dbpedia.org/resource/Herb_Boxer,Herb Boxer,1968
http://dbpedia.org/resource/Rail_Rozakov,Rail Rozakov,1999
http://dbpedia.org/resource/Lukáš_Kašpar,Lukáš Kašpar,2004
http://dbpedia.org/resource/Dwight_Bialowas,Dwight Bialowas,1972
http://dbpedia.org/resource/Jimmie_Ölvestad,Jimmie Ölvestad,1999
http://dbpedia.org/resource/Georgijs_Pujacs,Georgijs Pujacs,1999
http://dbpedia.org/resource/Dorian_Anneck,Dorian Anneck,1994
http://dbpedia.org/resource/Brian_Salcido,Brian Salcido,2005
http://dbpedia.org/resource/Linus_Ullmark,Linus Ullmark,2012
http://dbpedia.org/resource/Vladimír_Vůjtek,Vladimír Vůjtek,1991
http://dbpedia.org/resource/Mike_Richards,Mike Richards,2003
http://dbpedia.org/resource/Brenden_Morrow,Brenden Morrow,1997
http://dbpedia.org/resource/Ben_Clymer,Ben Clymer,1997
http://dbpedia.org/resource/Cam_Fowler,Cam Fowler,2010
http://dbpedia.org/resource/Roman_Hamrlík,Roman Hamrlík,1992
http://dbpedia.org/resource/Carlo_Colaiacovo,Carlo Colaiacovo,2001
http://dbpedia.org/resource/Marcus_Ragnarsson,Marcus Ragnarsson,1992
http://dbpedia.org/resource/Mike_Weber,Mike Weber,2006
http://dbpedia.org/resource/Éric_Bélanger,Éric Bélanger,1996
http://dbpedia.org/resource/Mike_Crombeen,Mike Crombeen,1977
http://dbpedia.org/resource/Jordan_Willis_(ice_hockey),Jordan Willis (ice hockey),1993
http://dbpedia.org/resource/Louis_Sleigher,Louis Sleigher,1978
http://dbpedia.org/resource/Lance_Ward,Lance Ward,1998
http://dbpedia.org/resource/Mark_McNeill,Mark McNeill,2011
http://dbpedia.org/resource/Jim_Nahrgang,Jim Nahrgang,1971
http://dbpedia.org/resource/Willie_Brossart,Willie Brossart,1969
http://dbpedia.org/resource/Ladislav_Benýšek,Ladislav Benýšek,1994
http://dbpedia.org/resource/Eric_Neilson,Eric Neilson,2004
http://dbpedia.org/resource/Rhett_Warrener,Rhett Warrener,1994
http://dbpedia.org/resource/Ľubomír_Sekeráš,Ľubomír Sekeráš,2000
http://dbpedia.org/resource/Yutaka_Fukufuji,Yutaka Fukufuji,2004
http://dbpedia.org/resource/John_Hilworth,John Hilworth,1977
http://dbpedia.org/resource/Grant_Marshall,Grant Marshall,1992
http://dbpedia.org/resource/Aleksandr_Guskov,Aleksandr Guskov,2003
http://dbpedia.org/resource/Brent_Severyn,Brent Severyn,1984
http://dbpedia.org/resource/Jesse_Niinimäki,Jesse Niinimäki,2002
"http://dbpedia.org/resource/Erik_Karlsson_(ice_hockey,_born_1994)","Erik Karlsson (ice hockey, born 1994)",2012
http://dbpedia.org/resource/Patrick_Cehlin,Patrick Cehlin,2010
http://dbpedia.org/resource/Mike_Blunden,Mike Blunden,2005
http://dbpedia.org/resource/Juraj_Gráčik,Juraj Gráčik,2004
http://dbpedia.org/resource/Craig_Muni,Craig Muni,1980
http://dbpedia.org/resource/Clarke_MacArthur,Clarke MacArthur,2003
http://dbpedia.org/resource/Gord_Dineen,Gord Dineen,1981
http://dbpedia.org/resource/Corey_Potter,Corey Potter,2003
http://dbpedia.org/resource/Alex_Chiasson,Alex Chiasson,2009
http://dbpedia.org/resource/Cal_Clutterbuck,Cal Clutterbuck,2006
http://dbpedia.org/resource/Kirill_Koltsov,Kirill Koltsov,2002
http://dbpedia.org/resource/Christian_Berglund,Christian Berglund,1998
http://dbpedia.org/resource/Mark_Osborne_(ice_hockey),Mark Osborne (ice hockey),1980
http://dbpedia.org/resource/Clayton_Stoner,Clayton Stoner,2004
http://dbpedia.org/resource/Marty_Flichel,Marty Flichel,1994
http://dbpedia.org/resource/Julien_Vauclair,Julien Vauclair,1998
http://dbpedia.org/resource/Kris_Fredheim,Kris Fredheim,2005
http://dbpedia.org/resource/Denis_Chervyakov,Denis Chervyakov,1992
http://dbpedia.org/resource/Darryl_Olsen,Darryl Olsen,1985
http://dbpedia.org/resource/Jesse_Puljujärvi,Jesse Puljujärvi,2016
http://dbpedia.org/resource/Tom_Rowe_(ice_hockey),Tom Rowe (ice hockey),1976
http://dbpedia.org/resource/Colin_Fraser_(ice_hockey),Colin Fraser (ice hockey),2003
http://dbpedia.org/resource/Maxime_Ouellet,Maxime Ouellet,1999
http://dbpedia.org/resource/Maxim_Sushinsky,Maxim Sushinsky,2000
http://dbpedia.org/resource/Martin_Hosták,Martin Hosták,1987
http://dbpedia.org/resource/Nathan_Smith_(ice_hockey),Nathan Smith (ice hockey),2000
http://dbpedia.org/resource/Nik_Antropov,Nik Antropov,1998
http://dbpedia.org/resource/Jan_Popiel,Jan Popiel,1964
http://dbpedia.org/resource/Andrew_Peters,Andrew Peters,1998
http://dbpedia.org/resource/Teemu_Pulkkinen,Teemu Pulkkinen,2010
http://dbpedia.org/resource/Darren_Dietz,Darren Dietz,2011
http://dbpedia.org/resource/Lew_Morrison,Lew Morrison,1968
http://dbpedia.org/resource/Alan_Letang,Alan Letang,1993
http://dbpedia.org/resource/Dave_Langevin,Dave Langevin,1974
http://dbpedia.org/resource/Kent_Manderville,Kent Manderville,1989
http://dbpedia.org/resource/Jim_McInally_(ice_hockey),Jim McInally (ice hockey),1968
http://dbpedia.org/resource/Brent_Fedyk,Brent Fedyk,1985
http://dbpedia.org/resource/Dick_Tärnström,Dick Tärnström,1994
http://dbpedia.org/resource/Mark_Bell_(ice_hockey),Mark Bell (ice hockey),1998
http://dbpedia.org/resource/Hannes_Hyvönen,Hannes Hyvönen,1999
http://dbpedia.org/resource/Rick_Middleton,Rick Middleton,1973
http://dbpedia.org/resource/Lars_Eriksson_(ice_hockey),Lars Eriksson (ice hockey),1981
http://dbpedia.org/resource/Jaroslav_Kudrna,Jaroslav Kudrna,1995
http://dbpedia.org/resource/Ryan_Bonni,Ryan Bonni,1997
http://dbpedia.org/resource/Shea_Guthrie,Shea Guthrie,2005
http://dbpedia.org/resource/Jacques_Cossette,Jacques Cossette,1974
http://dbpedia.org/resource/Sébastien_Bordeleau,Sébastien Bordeleau,1993
http://dbpedia.org/resource/Sylvain_Blouin,Sylvain Blouin,1994
http://dbpedia.org/resource/Archie_Henderson,Archie Henderson,1977
http://dbpedia.org/resource/Trent_Hunter,Trent Hunter,1998
http://dbpedia.org/resource/Mike_Hough,Mike Hough,1982
http://dbpedia.org/resource/Mark_Parrish,Mark Parrish,1996
http://dbpedia.org/resource/Dustin_Johner,Dustin Johner,2001
http://dbpedia.org/resource/Brad_Jones_(ice_hockey),Brad Jones (ice hockey),1984
http://dbpedia.org/resource/Jan_Snopek,Jan Snopek,1995
http://dbpedia.org/resource/Mario_Lessard,Mario Lessard,1974
http://dbpedia.org/resource/Tommi_Santala,Tommi Santala,1999
http://dbpedia.org/resource/Jens_Lööke,Jens Lööke,2015
http://dbpedia.org/resource/Dougie_Hamilton,Dougie Hamilton,2011
http://dbpedia.org/resource/Alexander_Tatarinov,Alexander Tatarinov,2000
http://dbpedia.org/resource/John_Gruden,John Gruden,1990
http://dbpedia.org/resource/Dmitri_Afanasenkov,Dmitri Afanasenkov,1998
http://dbpedia.org/resource/Derek_Laxdal,Derek Laxdal,1984
http://dbpedia.org/resource/Bill_Gardner_(ice_hockey),Bill Gardner (ice hockey),1979
http://dbpedia.org/resource/Rob_Brown_(ice_hockey),Rob Brown (ice hockey),1986
http://dbpedia.org/resource/Jari_Viitala,Jari Viitala,1978
http://dbpedia.org/resource/Alex_Grant_(ice_hockey),Alex Grant (ice hockey),2007
http://dbpedia.org/resource/Pat_Elynuik,Pat Elynuik,1986
http://dbpedia.org/resource/Mark_Reeds,Mark Reeds,1979
http://dbpedia.org/resource/Joni_Tuulola,Joni Tuulola,2015
http://dbpedia.org/resource/Paul_Crowley_(ice_hockey),Paul Crowley (ice hockey),1975
http://dbpedia.org/resource/Mike_Fisher_(ice_hockey),Mike Fisher (ice hockey),1998
http://dbpedia.org/resource/Darren_Reid,Darren Reid,2002
http://dbpedia.org/resource/Brett_MacLean,Brett MacLean,2007
http://dbpedia.org/resource/Konrad_Abeltshauser,Konrad Abeltshauser,2010
http://dbpedia.org/resource/Paul_Stastny,Paul Stastny,2005
http://dbpedia.org/resource/Tavis_Hansen,Tavis Hansen,1994
http://dbpedia.org/resource/Nathan_Gerbe,Nathan Gerbe,2005
http://dbpedia.org/resource/Ken_Holland,Ken Holland,1975
http://dbpedia.org/resource/Pierre_Giroux,Pierre Giroux,1975
http://dbpedia.org/resource/Bob_Woods_(ice_hockey),Bob Woods (ice hockey),1988
http://dbpedia.org/resource/Steve_Seguin,Steve Seguin,1982
http://dbpedia.org/resource/Brad_Richards,Brad Richards,1998
http://dbpedia.org/resource/Ryan_Bourque,Ryan Bourque,2009
http://dbpedia.org/resource/D._J._Smith_(ice_hockey),D. J. Smith (ice hockey),1995
http://dbpedia.org/resource/Matt_Hackett,Matt Hackett,2009
http://dbpedia.org/resource/Sean_Day,Sean Day,2016
http://dbpedia.org/resource/Andrej_Podkonický,Andrej Podkonický,1996
http://dbpedia.org/resource/Henri_Ikonen,Henri Ikonen,2013
http://dbpedia.org/resource/Johan_Lindbom,Johan Lindbom,1997
"http://dbpedia.org/resource/Terry_Ryan_(ice_hockey,_born_1977)","Terry Ryan (ice hockey, born 1977)",1995
http://dbpedia.org/resource/Julius_Honka,Julius Honka,2014
http://dbpedia.org/resource/Rob_Zamuner,Rob Zamuner,1987
http://dbpedia.org/resource/Mathieu_Corbeil-Thériault,Mathieu Corbeil-Thériault,2010
http://dbpedia.org/resource/Mike_Vellucci,Mike Vellucci,1984
http://dbpedia.org/resource/Dan_Frawley_(ice_hockey),Dan Frawley (ice hockey),1980
http://dbpedia.org/resource/Joe_Corvo,Joe Corvo,1997
http://dbpedia.org/resource/Nicklas_Jensen,Nicklas Jensen,2011
http://dbpedia.org/resource/William_Karlsson,William Karlsson,2011
http://dbpedia.org/resource/Stephen_Tepper,Stephen Tepper,1987
http://dbpedia.org/resource/Marko_Jantunen,Marko Jantunen,1991
http://dbpedia.org/resource/Jacob_Larsson,Jacob Larsson,2015
http://dbpedia.org/resource/Jay_Leach_(ice_hockey),Jay Leach (ice hockey),1998
http://dbpedia.org/resource/Félix_Potvin,Félix Potvin,1990
http://dbpedia.org/resource/David_Broll,David Broll,2011
http://dbpedia.org/resource/Ralph_Cox,Ralph Cox,1977
http://dbpedia.org/resource/Martin_Škoula,Martin Škoula,1998
http://dbpedia.org/resource/Mark_Stone_(ice_hockey),Mark Stone (ice hockey),2010
http://dbpedia.org/resource/Tony_Feltrin,Tony Feltrin,1980
http://dbpedia.org/resource/Domenic_Pittis,Domenic Pittis,1993
http://dbpedia.org/resource/Flavien_Conne,Flavien Conne,2000
http://dbpedia.org/resource/Jason_Soules,Jason Soules,1989
http://dbpedia.org/resource/Mats_Näslund,Mats Näslund,1979
http://dbpedia.org/resource/Magnus_Kahnberg,Magnus Kahnberg,2000
http://dbpedia.org/resource/Moe_Robinson,Moe Robinson,1977
http://dbpedia.org/resource/Mike_Millar,Mike Millar,1984
http://dbpedia.org/resource/Radek_Smoleňák,Radek Smoleňák,2005
http://dbpedia.org/resource/Václav_Karabáček,Václav Karabáček,2014
http://dbpedia.org/resource/Jason_Herter,Jason Herter,1989
http://dbpedia.org/resource/Alan_Hepple,Alan Hepple,1982
http://dbpedia.org/resource/Jean-Yves_Leroux,Jean-Yves Leroux,1994
http://dbpedia.org/resource/Erik_Černák,Erik Černák,2015
http://dbpedia.org/resource/Stefan_Lundqvist,Stefan Lundqvist,1998
http://dbpedia.org/resource/Sasha_Pokulok,Sasha Pokulok,2005
http://dbpedia.org/resource/Jocelyn_Thibault,Jocelyn Thibault,1993
http://dbpedia.org/resource/Radim_Vrbata,Radim Vrbata,1999
http://dbpedia.org/resource/Jason_Morgan_(ice_hockey),Jason Morgan (ice hockey),1995
http://dbpedia.org/resource/Jiří_Dudáček,Jiří Dudáček,1981
http://dbpedia.org/resource/Josh_Hennessy,Josh Hennessy,2003
http://dbpedia.org/resource/Reilly_Smith,Reilly Smith,2009
http://dbpedia.org/resource/Jimmy_Sharrow,Jimmy Sharrow,2003
http://dbpedia.org/resource/Rob_Murphy_(ice_hockey),Rob Murphy (ice hockey),1987
http://dbpedia.org/resource/Wayne_Merrick,Wayne Merrick,1972
http://dbpedia.org/resource/Dan_Cavanaugh,Dan Cavanaugh,1999
http://dbpedia.org/resource/Leonid_Toropchenko,Leonid Toropchenko,1993
http://dbpedia.org/resource/Vladislav_Namestnikov,Vladislav Namestnikov,2011
http://dbpedia.org/resource/Brendan_Leipsic,Brendan Leipsic,2012
http://dbpedia.org/resource/Jacob_Lagace,Jacob Lagace,2008
http://dbpedia.org/resource/Ed_Gilbert_(ice_hockey),Ed Gilbert (ice hockey),1972
http://dbpedia.org/resource/James_DeMone,James DeMone,2000
http://dbpedia.org/resource/Stuart_Percy,Stuart Percy,2011
http://dbpedia.org/resource/Jonas_Junland,Jonas Junland,2006
http://dbpedia.org/resource/Kelly_Fairchild,Kelly Fairchild,1991
http://dbpedia.org/resource/Dane_Jackson,Dane Jackson,1988
http://dbpedia.org/resource/Victor_Crus_Rydberg,Victor Crus Rydberg,2013
http://dbpedia.org/resource/Henrik_Zetterberg,Henrik Zetterberg,1999
"http://dbpedia.org/resource/Ben_Thomson_(ice_hockey,_born_1993)","Ben Thomson (ice hockey, born 1993)",2012
http://dbpedia.org/resource/Vyacheslav_Kozlov,Vyacheslav Kozlov,1990
http://dbpedia.org/resource/John_LeClair,John LeClair,1987
http://dbpedia.org/resource/Adam_Polášek,Adam Polášek,2010
http://dbpedia.org/resource/Dov_Grumet-Morris,Dov Grumet-Morris,2002
http://dbpedia.org/resource/Moe_Mantha_Jr.,Moe Mantha Jr.,1980
http://dbpedia.org/resource/Chris_Clifford,Chris Clifford,1984
http://dbpedia.org/resource/Dan_LaCouture,Dan LaCouture,1996
http://dbpedia.org/resource/Shay_Stephenson,Shay Stephenson,2003
http://dbpedia.org/resource/Ivan_Khomutov,Ivan Khomutov,2003
http://dbpedia.org/resource/Miika_Elomo,Miika Elomo,1995
http://dbpedia.org/resource/Tom_Nilsson,Tom Nilsson,2011
http://dbpedia.org/resource/Filip_Chlapik,Filip Chlapik,2015
http://dbpedia.org/resource/Brooks_Macek,Brooks Macek,2010
http://dbpedia.org/resource/Lasse_Kukkonen,Lasse Kukkonen,2003
http://dbpedia.org/resource/Tuukka_Rask,Tuukka Rask,2005
http://dbpedia.org/resource/Juuso_Puustinen,Juuso Puustinen,2006
http://dbpedia.org/resource/Miroslav_Hanuljak,Miroslav Hanuljak,2003
http://dbpedia.org/resource/Michael_Grabner,Michael Grabner,2006
http://dbpedia.org/resource/Brian_Hill_(ice_hockey),Brian Hill (ice hockey),1977
http://dbpedia.org/resource/Bengt-Åke_Gustafsson,Bengt-Åke Gustafsson,1978
http://dbpedia.org/resource/Mike_Minard,Mike Minard,1995
http://dbpedia.org/resource/Gord_Williams,Gord Williams,1979
http://dbpedia.org/resource/Blake_Comeau,Blake Comeau,2004
http://dbpedia.org/resource/Viktor_Hübl,Viktor Hübl,2001
http://dbpedia.org/resource/Ilya_Krikunov,Ilya Krikunov,2002
http://dbpedia.org/resource/Brian_Walker_(ice_hockey),Brian Walker (ice hockey),1972
"http://dbpedia.org/resource/Jeff_Brown_(ice_hockey,_born_1966)","Jeff Brown (ice hockey, born 1966)",1984
http://dbpedia.org/resource/Peter_Bartoš,Peter Bartoš,2000
http://dbpedia.org/resource/André_Roy,André Roy,1994
http://dbpedia.org/resource/Brandon_Bochenski,Brandon Bochenski,2001
"http://dbpedia.org/resource/Scott_King_(ice_hockey,_born_1967)","Scott King (ice hockey, born 1967)",1986
http://dbpedia.org/resource/Ryan_Kraft,Ryan Kraft,1995
http://dbpedia.org/resource/Adam_Wilcox_(ice_hockey),Adam Wilcox (ice hockey),2011
http://dbpedia.org/resource/Jay_Mazur,Jay Mazur,1983
"http://dbpedia.org/resource/Ron_Wilson_(ice_hockey,_born_1956)","Ron Wilson (ice hockey, born 1956)",1976
http://dbpedia.org/resource/Dwayne_Hay,Dwayne Hay,1995
http://dbpedia.org/resource/Mikael_Samuelsson,Mikael Samuelsson,1998
http://dbpedia.org/resource/David_Latta_(ice_hockey),David Latta (ice hockey),1985
http://dbpedia.org/resource/Dennis_Abgrall,Dennis Abgrall,1973
http://dbpedia.org/resource/Roland_Cloutier,Roland Cloutier,1977
http://dbpedia.org/resource/Brian_Holzinger,Brian Holzinger,1991
http://dbpedia.org/resource/Ron_Hextall,Ron Hextall,1982
http://dbpedia.org/resource/Tim_Bergland,Tim Bergland,1983
http://dbpedia.org/resource/Nick_Ross_(ice_hockey),Nick Ross (ice hockey),2007
http://dbpedia.org/resource/Jarrett_Deuling,Jarrett Deuling,1992
http://dbpedia.org/resource/Emil_Molin,Emil Molin,2011
http://dbpedia.org/resource/Doug_Lynch_(ice_hockey),Doug Lynch (ice hockey),2001
http://dbpedia.org/resource/Dan_Fascinato,Dan Fascinato,1980
http://dbpedia.org/resource/Blaine_Stoughton,Blaine Stoughton,1973
http://dbpedia.org/resource/Sean_Toomey,Sean Toomey,1983
http://dbpedia.org/resource/Wilf_Paiement,Wilf Paiement,1974
http://dbpedia.org/resource/Dylan_DeMelo,Dylan DeMelo,2011
http://dbpedia.org/resource/Bill_Houlder,Bill Houlder,1985
http://dbpedia.org/resource/Paul_Woods,Paul Woods,1975
http://dbpedia.org/resource/Ron_Sutter,Ron Sutter,1982
